Subject,ML Score,MERCI Score Pos,MERCI Score Neg,Hybrid Score,Prediction,PPV
KPC3_000,0.13,0.0,-0.5,0.0,Non-Toxin,0.0
KPC3_000_0,0.14,0.0,-0.5,0.0,Non-Toxin,0.0
KPC3_000_1,0.055,0.0,-0.5,0.0,Non-Toxin,0.0
KPC3_001,0.095,0.0,-0.5,0.0,Non-Toxin,0.0
KPC3_001_0,0.075,0.0,0.0,0.075,Non-Toxin,0.0
KPC3_001_1,0.36,0.0,-0.5,0.0,Non-Toxin,0.0
KPC3_002,0.5,0.0,0.0,0.5,Toxin,0.497
KPC3_002_0,0.175,0.0,0.0,0.175,Non-Toxin,0.072
KPC3_002_1,0.125,0.0,-0.5,0.0,Non-Toxin,0.0
KPC3_003,0.225,0.0,-0.5,0.0,Non-Toxin,0.0
KPC3_003_0,0.19,0.0,-0.5,0.0,Non-Toxin,0.0
KPC3_003_1,0.245,0.0,-0.5,0.0,Non-Toxin,0.0
KPC3_004,0.21,0.0,0.0,0.21,Non-Toxin,0.118
KPC3_004_0,0.345,0.0,-0.5,0.0,Non-Toxin,0.0
KPC3_004_1,0.235,0.0,-0.5,0.0,Non-Toxin,0.0
KPC3_005,0.16,0.0,-0.5,0.0,Non-Toxin,0.0
KPC3_005_0,0.135,0.0,-0.5,0.0,Non-Toxin,0.0
KPC3_005_1,0.12,0.0,-0.5,0.0,Non-Toxin,0.0
KPC3_006,0.16,0.0,-0.5,0.0,Non-Toxin,0.0
KPC3_006_0,0.19,0.0,-0.5,0.0,Non-Toxin,0.0
KPC3_006_1,0.285,0.0,-0.5,0.0,Non-Toxin,0.0
KPC3_007,0.145,0.0,-0.5,0.0,Non-Toxin,0.0
KPC3_007_0,0.175,0.0,-0.5,0.0,Non-Toxin,0.0
KPC3_007_1,0.145,0.0,-0.5,0.0,Non-Toxin,0.0
KPC3_008,0.125,0.0,-0.5,0.0,Non-Toxin,0.0
KPC3_008_0,0.195,0.0,-0.5,0.0,Non-Toxin,0.0
KPC3_008_1,0.33,0.0,-0.5,0.0,Non-Toxin,0.0
KPC3_009,0.13,0.0,0.0,0.13,Non-Toxin,0.013
KPC3_009_0,0.18,0.0,-0.5,0.0,Non-Toxin,0.0
KPC3_009_1,0.09,0.0,-0.5,0.0,Non-Toxin,0.0
KPC3_010,0.33,0.0,0.0,0.33,Non-Toxin,0.275
KPC3_010_0,0.2,0.0,-0.5,0.0,Non-Toxin,0.0
KPC3_010_1,0.15,0.0,-0.5,0.0,Non-Toxin,0.0
KPC3_011,0.16,0.0,-0.5,0.0,Non-Toxin,0.0
KPC3_011_0,0.1,0.0,-0.5,0.0,Non-Toxin,0.0
KPC3_011_1,0.215,0.0,-0.5,0.0,Non-Toxin,0.0
KPC3_012,0.375,0.0,-0.5,0.0,Non-Toxin,0.0
KPC3_012_0,0.12,0.0,-0.5,0.0,Non-Toxin,0.0
KPC3_012_1,0.2,0.0,-0.5,0.0,Non-Toxin,0.0
KPC3_013,0.52,0.0,-0.5,0.02,Non-Toxin,0.0
KPC3_013_0,0.105,0.0,-0.5,0.0,Non-Toxin,0.0
KPC3_013_1,0.1,0.0,-0.5,0.0,Non-Toxin,0.0
KPC3_014,0.26,0.0,-0.5,0.0,Non-Toxin,0.0
KPC3_014_0,0.185,0.0,-0.5,0.0,Non-Toxin,0.0
KPC3_014_1,0.18,0.0,-0.5,0.0,Non-Toxin,0.0
KPC3_015,0.195,0.0,-0.5,0.0,Non-Toxin,0.0
KPC3_015_0,0.21,0.0,-0.5,0.0,Non-Toxin,0.0
KPC3_015_1,0.075,0.0,-0.5,0.0,Non-Toxin,0.0
KPC3_016,0.26,0.0,-0.5,0.0,Non-Toxin,0.0
KPC3_016_0,0.105,0.0,-0.5,0.0,Non-Toxin,0.0
KPC3_016_1,0.215,0.0,-0.5,0.0,Non-Toxin,0.0
KPC3_017,0.12,0.0,-0.5,0.0,Non-Toxin,0.0
KPC3_017_0,0.365,0.0,-0.5,0.0,Non-Toxin,0.0
KPC3_017_1,0.235,0.0,-0.5,0.0,Non-Toxin,0.0
KPC3_018,0.16,0.0,-0.5,0.0,Non-Toxin,0.0
KPC3_018_0,0.11,0.0,-0.5,0.0,Non-Toxin,0.0
KPC3_018_1,0.145,0.0,-0.5,0.0,Non-Toxin,0.0
KPC3_019,0.12,0.0,-0.5,0.0,Non-Toxin,0.0
KPC3_019_0,0.095,0.0,-0.5,0.0,Non-Toxin,0.0
KPC3_019_1,0.085,0.0,-0.5,0.0,Non-Toxin,0.0
KPC3_020,0.255,0.0,0.0,0.255,Non-Toxin,0.177
KPC3_020_0,0.24,0.0,-0.5,0.0,Non-Toxin,0.0
KPC3_020_1,0.045,0.0,-0.5,0.0,Non-Toxin,0.0
KPC3_021,0.285,0.0,-0.5,0.0,Non-Toxin,0.0
KPC3_021_0,0.16,0.0,-0.5,0.0,Non-Toxin,0.0
KPC3_021_1,0.16,0.0,-0.5,0.0,Non-Toxin,0.0
KPC3_022,0.56,0.0,-0.5,0.06,Non-Toxin,0.0
KPC3_022_0,0.165,0.0,-0.5,0.0,Non-Toxin,0.0
KPC3_022_1,0.155,0.0,-0.5,0.0,Non-Toxin,0.0
KPC3_023,0.335,0.0,-0.5,0.0,Non-Toxin,0.0
KPC3_023_0,0.25,0.0,-0.5,0.0,Non-Toxin,0.0
KPC3_023_1,0.27,0.0,-0.5,0.0,Non-Toxin,0.0
KPC3_024,0.825,0.0,-0.5,0.325,Non-Toxin,0.268
KPC3_024_0,0.17,0.0,-0.5,0.0,Non-Toxin,0.0
KPC3_024_1,0.245,0.0,0.0,0.245,Non-Toxin,0.164
KPC3_025,0.795,0.0,0.0,0.795,Toxin,0.882
KPC3_025_0,0.14,0.0,0.0,0.14,Non-Toxin,0.026
KPC3_025_1,0.165,0.0,-0.5,0.0,Non-Toxin,0.0
KPC3_026,0.375,0.0,-0.5,0.0,Non-Toxin,0.0
KPC3_026_0,0.15,0.0,-0.5,0.0,Non-Toxin,0.0
KPC3_026_1,0.15,0.0,-0.5,0.0,Non-Toxin,0.0
KPC3_027,0.135,0.0,-0.5,0.0,Non-Toxin,0.0
KPC3_027_0,0.175,0.0,-0.5,0.0,Non-Toxin,0.0
KPC3_027_1,0.22,0.0,-0.5,0.0,Non-Toxin,0.0
KPC3_028,0.29,0.0,-0.5,0.0,Non-Toxin,0.0
KPC3_028_0,0.17,0.0,-0.5,0.0,Non-Toxin,0.0
KPC3_028_1,0.125,0.0,0.0,0.125,Non-Toxin,0.007
KPC3_029,0.555,0.0,-0.5,0.055,Non-Toxin,0.0
KPC3_029_0,0.155,0.0,-0.5,0.0,Non-Toxin,0.0
KPC3_029_1,0.155,0.0,0.0,0.155,Non-Toxin,0.046
KPC3_030,0.08,0.0,-0.5,0.0,Non-Toxin,0.0
KPC3_030_0,0.19,0.0,-0.5,0.0,Non-Toxin,0.0
KPC3_030_1,0.275,0.0,-0.5,0.0,Non-Toxin,0.0
KPC3_031,0.07,0.0,-0.5,0.0,Non-Toxin,0.0
KPC3_031_0,0.135,0.0,-0.5,0.0,Non-Toxin,0.0
KPC3_031_1,0.14,0.0,-0.5,0.0,Non-Toxin,0.0
KPC3_032,0.055,0.0,-0.5,0.0,Non-Toxin,0.0
KPC3_032_0,0.105,0.0,-0.5,0.0,Non-Toxin,0.0
KPC3_032_1,0.115,0.0,-0.5,0.0,Non-Toxin,0.0
KPC3_033,0.29,0.0,-0.5,0.0,Non-Toxin,0.0
KPC3_033_0,0.27,0.0,-0.5,0.0,Non-Toxin,0.0
KPC3_033_1,0.105,0.0,-0.5,0.0,Non-Toxin,0.0
KPC3_034,0.325,0.5,-0.5,0.325,Non-Toxin,0.268
KPC3_034_0,0.235,0.0,-0.5,0.0,Non-Toxin,0.0
KPC3_034_1,0.195,0.0,-0.5,0.0,Non-Toxin,0.0
KPC3_035,0.13,0.0,-0.5,0.0,Non-Toxin,0.0
KPC3_035_0,0.33,0.0,-0.5,0.0,Non-Toxin,0.0
KPC3_035_1,0.16,0.0,-0.5,0.0,Non-Toxin,0.0
KPC3_036,0.14,0.0,-0.5,0.0,Non-Toxin,0.0
KPC3_036_0,0.185,0.0,-0.5,0.0,Non-Toxin,0.0
KPC3_036_1,0.24,0.0,-0.5,0.0,Non-Toxin,0.0
KPC3_037,0.645,0.0,-0.5,0.145,Non-Toxin,0.033
KPC3_037_0,0.075,0.0,-0.5,0.0,Non-Toxin,0.0
KPC3_037_1,0.085,0.0,0.0,0.085,Non-Toxin,0.0
KPC3_038,0.19,0.0,0.0,0.19,Non-Toxin,0.092
KPC3_038_0,0.165,0.0,-0.5,0.0,Non-Toxin,0.0
KPC3_038_1,0.14,0.0,-0.5,0.0,Non-Toxin,0.0
KPC3_039,0.125,0.0,-0.5,0.0,Non-Toxin,0.0
KPC3_039_0,0.165,0.0,-0.5,0.0,Non-Toxin,0.0
KPC3_039_1,0.21,0.0,-0.5,0.0,Non-Toxin,0.0
KPC3_040,0.57,0.0,-0.5,0.07,Non-Toxin,0.0
KPC3_040_0,0.075,0.0,-0.5,0.0,Non-Toxin,0.0
KPC3_040_1,0.105,0.0,-0.5,0.0,Non-Toxin,0.0
KPC3_041,0.305,0.0,-0.5,0.0,Non-Toxin,0.0
KPC3_041_0,0.2,0.0,-0.5,0.0,Non-Toxin,0.0
KPC3_041_1,0.18,0.0,-0.5,0.0,Non-Toxin,0.0
KPC3_042,0.2,0.0,-0.5,0.0,Non-Toxin,0.0
KPC3_042_0,0.145,0.0,-0.5,0.0,Non-Toxin,0.0
KPC3_042_1,0.19,0.0,-0.5,0.0,Non-Toxin,0.0
KPC3_043,0.095,0.0,-0.5,0.0,Non-Toxin,0.0
KPC3_043_0,0.105,0.0,-0.5,0.0,Non-Toxin,0.0
KPC3_043_1,0.055,0.0,-0.5,0.0,Non-Toxin,0.0
KPC3_044,0.23,0.0,-0.5,0.0,Non-Toxin,0.0
KPC3_044_0,0.155,0.0,-0.5,0.0,Non-Toxin,0.0
KPC3_044_1,0.155,0.0,-0.5,0.0,Non-Toxin,0.0
KPC3_045,0.11,0.0,-0.5,0.0,Non-Toxin,0.0
KPC3_045_0,0.14,0.0,-0.5,0.0,Non-Toxin,0.0
KPC3_045_1,0.205,0.0,-0.5,0.0,Non-Toxin,0.0
KPC3_046,0.11,0.0,-0.5,0.0,Non-Toxin,0.0
KPC3_046_0,0.15,0.0,-0.5,0.0,Non-Toxin,0.0
KPC3_046_1,0.115,0.0,-0.5,0.0,Non-Toxin,0.0
KPC3_047,0.325,0.0,-0.5,0.0,Non-Toxin,0.0
KPC3_047_0,0.09,0.0,-0.5,0.0,Non-Toxin,0.0
KPC3_047_1,0.065,0.0,-0.5,0.0,Non-Toxin,0.0
KPC3_048,0.555,0.5,-0.5,0.555,Toxin,0.569
KPC3_048_0,0.105,0.0,-0.5,0.0,Non-Toxin,0.0
KPC3_048_1,0.16,0.0,-0.5,0.0,Non-Toxin,0.0
KPC3_049,0.395,0.0,-0.5,0.0,Non-Toxin,0.0
KPC3_049_0,0.145,0.0,-0.5,0.0,Non-Toxin,0.0
KPC3_049_1,0.115,0.0,-0.5,0.0,Non-Toxin,0.0
KPC3_050,0.18,0.0,-0.5,0.0,Non-Toxin,0.0
KPC3_050_0,0.175,0.0,-0.5,0.0,Non-Toxin,0.0
KPC3_050_1,0.225,0.0,-0.5,0.0,Non-Toxin,0.0
KPC3_051,0.375,0.0,-0.5,0.0,Non-Toxin,0.0
KPC3_051_0,0.15,0.0,-0.5,0.0,Non-Toxin,0.0
KPC3_051_1,0.1,0.0,-0.5,0.0,Non-Toxin,0.0
KPC3_052,0.24,0.0,-0.5,0.0,Non-Toxin,0.0
KPC3_052_0,0.485,0.0,-0.5,0.0,Non-Toxin,0.0
KPC3_052_1,0.36,0.0,-0.5,0.0,Non-Toxin,0.0
KPC3_053,0.185,0.0,-0.5,0.0,Non-Toxin,0.0
KPC3_053_0,0.225,0.0,-0.5,0.0,Non-Toxin,0.0
KPC3_053_1,0.355,0.0,-0.5,0.0,Non-Toxin,0.0
KPC3_054,0.065,0.0,-0.5,0.0,Non-Toxin,0.0
KPC3_054_0,0.105,0.0,-0.5,0.0,Non-Toxin,0.0
KPC3_054_1,0.08,0.0,-0.5,0.0,Non-Toxin,0.0
KPC3_055,0.65,0.0,-0.5,0.15,Non-Toxin,0.039
KPC3_055_0,0.08,0.0,-0.5,0.0,Non-Toxin,0.0
KPC3_055_1,0.11,0.0,-0.5,0.0,Non-Toxin,0.0
KPC3_056,0.54,0.0,-0.5,0.04,Non-Toxin,0.0
KPC3_056_0,0.175,0.0,-0.5,0.0,Non-Toxin,0.0
KPC3_056_1,0.085,0.0,-0.5,0.0,Non-Toxin,0.0
KPC3_057,0.67,0.0,-0.5,0.17,Non-Toxin,0.066
KPC3_057_0,0.13,0.0,-0.5,0.0,Non-Toxin,0.0
KPC3_057_1,0.175,0.0,-0.5,0.0,Non-Toxin,0.0
KPC3_058,0.43,0.0,-0.5,0.0,Non-Toxin,0.0
KPC3_058_0,0.085,0.0,-0.5,0.0,Non-Toxin,0.0
KPC3_058_1,0.14,0.0,-0.5,0.0,Non-Toxin,0.0
KPC3_059,0.155,0.0,-0.5,0.0,Non-Toxin,0.0
KPC3_059_0,0.195,0.0,-0.5,0.0,Non-Toxin,0.0
KPC3_059_1,0.195,0.0,-0.5,0.0,Non-Toxin,0.0
KPC3_060,0.265,0.0,-0.5,0.0,Non-Toxin,0.0
KPC3_060_0,0.21,0.0,-0.5,0.0,Non-Toxin,0.0
KPC3_060_1,0.195,0.0,-0.5,0.0,Non-Toxin,0.0
KPC3_061,0.605,0.0,-0.5,0.105,Non-Toxin,0.0
KPC3_061_0,0.07,0.0,-0.5,0.0,Non-Toxin,0.0
KPC3_061_1,0.08,0.0,-0.5,0.0,Non-Toxin,0.0
KPC3_062,0.27,0.0,-0.5,0.0,Non-Toxin,0.0
KPC3_062_0,0.18,0.0,-0.5,0.0,Non-Toxin,0.0
KPC3_062_1,0.265,0.0,-0.5,0.0,Non-Toxin,0.0
KPC3_063,0.475,0.5,-0.5,0.475,Toxin,0.464
KPC3_063_0,0.165,0.0,-0.5,0.0,Non-Toxin,0.0
KPC3_063_1,0.15,0.0,-0.5,0.0,Non-Toxin,0.0
KPC3_064,0.305,0.0,-0.5,0.0,Non-Toxin,0.0
KPC3_064_0,0.125,0.0,-0.5,0.0,Non-Toxin,0.0
KPC3_064_1,0.135,0.0,-0.5,0.0,Non-Toxin,0.0
KPC3_065,0.125,0.0,-0.5,0.0,Non-Toxin,0.0
KPC3_065_0,0.125,0.0,-0.5,0.0,Non-Toxin,0.0
KPC3_065_1,0.09,0.0,-0.5,0.0,Non-Toxin,0.0
KPC3_066,0.405,0.0,-0.5,0.0,Non-Toxin,0.0
KPC3_066_0,0.13,0.0,-0.5,0.0,Non-Toxin,0.0
KPC3_066_1,0.14,0.0,0.0,0.14,Non-Toxin,0.026
KPC3_067,0.515,0.0,-0.5,0.015,Non-Toxin,0.0
KPC3_067_0,0.175,0.0,-0.5,0.0,Non-Toxin,0.0
KPC3_067_1,0.185,0.0,-0.5,0.0,Non-Toxin,0.0
KPC3_068,0.135,0.0,-0.5,0.0,Non-Toxin,0.0
KPC3_068_0,0.385,0.0,-0.5,0.0,Non-Toxin,0.0
KPC3_068_1,0.385,0.0,-0.5,0.0,Non-Toxin,0.0
KPC3_069,0.32,0.0,-0.5,0.0,Non-Toxin,0.0
KPC3_069_0,0.15,0.0,-0.5,0.0,Non-Toxin,0.0
KPC3_069_1,0.11,0.0,0.0,0.11,Non-Toxin,0.0
KPC3_070,0.175,0.0,-0.5,0.0,Non-Toxin,0.0
KPC3_070_0,0.315,0.0,0.0,0.315,Non-Toxin,0.255
KPC3_070_1,0.305,0.0,-0.5,0.0,Non-Toxin,0.0
KPC3_071,0.135,0.0,-0.5,0.0,Non-Toxin,0.0
KPC3_071_0,0.14,0.0,-0.5,0.0,Non-Toxin,0.0
KPC3_071_1,0.135,0.0,-0.5,0.0,Non-Toxin,0.0
KPC3_072,0.105,0.0,-0.5,0.0,Non-Toxin,0.0
KPC3_072_0,0.105,0.0,-0.5,0.0,Non-Toxin,0.0
KPC3_072_1,0.145,0.0,-0.5,0.0,Non-Toxin,0.0
KPC3_073,0.285,0.0,0.0,0.285,Non-Toxin,0.216
KPC3_073_0,0.155,0.0,0.0,0.155,Non-Toxin,0.046
KPC3_073_1,0.125,0.0,0.0,0.125,Non-Toxin,0.007
KPC3_074,0.42,0.0,-0.5,0.0,Non-Toxin,0.0
KPC3_074_0,0.165,0.0,0.0,0.165,Non-Toxin,0.059
KPC3_074_1,0.14,0.0,-0.5,0.0,Non-Toxin,0.0
KPC3_075,0.135,0.0,-0.5,0.0,Non-Toxin,0.0
KPC3_075_0,0.1,0.0,-0.5,0.0,Non-Toxin,0.0
KPC3_075_1,0.265,0.0,0.0,0.265,Non-Toxin,0.19
KPC3_076,0.055,0.0,-0.5,0.0,Non-Toxin,0.0
KPC3_076_0,0.2,0.0,-0.5,0.0,Non-Toxin,0.0
KPC3_076_1,0.195,0.0,-0.5,0.0,Non-Toxin,0.0
KPC3_077,0.225,0.0,0.0,0.225,Non-Toxin,0.137
KPC3_077_0,0.245,0.0,-0.5,0.0,Non-Toxin,0.0
KPC3_077_1,0.225,0.0,-0.5,0.0,Non-Toxin,0.0
KPC3_078,0.43,0.0,-0.5,0.0,Non-Toxin,0.0
KPC3_078_0,0.16,0.0,0.0,0.16,Non-Toxin,0.053
KPC3_078_1,0.16,0.0,-0.5,0.0,Non-Toxin,0.0
KPC3_079,0.24,0.0,-0.5,0.0,Non-Toxin,0.0
KPC3_079_0,0.19,0.0,-0.5,0.0,Non-Toxin,0.0
KPC3_079_1,0.215,0.0,0.0,0.215,Non-Toxin,0.124
KPC3_080,0.17,0.0,-0.5,0.0,Non-Toxin,0.0
KPC3_080_0,0.425,0.0,0.0,0.425,Toxin,0.399
KPC3_080_1,0.225,0.0,0.0,0.225,Non-Toxin,0.137
KPC3_081,0.11,0.0,-0.5,0.0,Non-Toxin,0.0
KPC3_081_0,0.09,0.0,0.0,0.09,Non-Toxin,0.0
KPC3_081_1,0.09,0.0,0.0,0.09,Non-Toxin,0.0
KPC3_082,0.21,0.0,0.0,0.21,Non-Toxin,0.118
KPC3_082_0,0.32,0.0,0.0,0.32,Non-Toxin,0.262
KPC3_082_1,0.26,0.0,-0.5,0.0,Non-Toxin,0.0
KPC3_083,0.215,0.0,-0.5,0.0,Non-Toxin,0.0
KPC3_083_0,0.38,0.0,-0.5,0.0,Non-Toxin,0.0
KPC3_083_1,0.315,0.0,-0.5,0.0,Non-Toxin,0.0
KPC3_084,0.09,0.0,0.0,0.09,Non-Toxin,0.0
KPC3_084_0,0.215,0.0,-0.5,0.0,Non-Toxin,0.0
KPC3_084_1,0.22,0.0,-0.5,0.0,Non-Toxin,0.0
KPC3_085,0.065,0.0,-0.5,0.0,Non-Toxin,0.0
KPC3_085_0,0.15,0.0,-0.5,0.0,Non-Toxin,0.0
KPC3_085_1,0.135,0.0,-0.5,0.0,Non-Toxin,0.0
KPC3_086,0.57,0.0,0.0,0.57,Toxin,0.588
KPC3_086_0,0.215,0.0,0.0,0.215,Non-Toxin,0.124
KPC3_086_1,0.07,0.0,-0.5,0.0,Non-Toxin,0.0
KPC3_087,0.07,0.0,0.0,0.07,Non-Toxin,0.0
KPC3_087_0,0.17,0.0,-0.5,0.0,Non-Toxin,0.0
KPC3_087_1,0.25,0.0,0.0,0.25,Non-Toxin,0.17
KPC3_088,0.28,0.0,-0.5,0.0,Non-Toxin,0.0
KPC3_088_0,0.165,0.0,-0.5,0.0,Non-Toxin,0.0
KPC3_088_1,0.135,0.0,-0.5,0.0,Non-Toxin,0.0
KPC3_089,0.615,0.0,-0.5,0.115,Non-Toxin,0.0
KPC3_089_0,0.185,0.0,-0.5,0.0,Non-Toxin,0.0
KPC3_089_1,0.335,0.0,-0.5,0.0,Non-Toxin,0.0
KPC3_090,0.2,0.0,-0.5,0.0,Non-Toxin,0.0
KPC3_090_0,0.405,0.0,0.0,0.405,Toxin,0.373
KPC3_090_1,0.14,0.0,-0.5,0.0,Non-Toxin,0.0
KPC3_091,0.1,0.0,0.0,0.1,Non-Toxin,0.0
KPC3_091_0,0.1,0.0,-0.5,0.0,Non-Toxin,0.0
KPC3_091_1,0.05,0.0,0.0,0.05,Non-Toxin,0.0
KPC3_092,0.24,0.0,-0.5,0.0,Non-Toxin,0.0
KPC3_092_0,0.325,0.0,0.0,0.325,Non-Toxin,0.268
KPC3_092_1,0.315,0.0,0.0,0.315,Non-Toxin,0.255
KPC3_093,0.135,0.0,0.0,0.135,Non-Toxin,0.02
KPC3_093_0,0.05,0.0,0.0,0.05,Non-Toxin,0.0
KPC3_093_1,0.125,0.0,-0.5,0.0,Non-Toxin,0.0
KPC3_094,0.17,0.0,0.0,0.17,Non-Toxin,0.066
KPC3_094_0,0.14,0.0,0.0,0.14,Non-Toxin,0.026
KPC3_094_1,0.15,0.0,0.0,0.15,Non-Toxin,0.039
KPC3_095,0.49,0.0,0.0,0.49,Toxin,0.484
KPC3_095_0,0.09,0.0,0.0,0.09,Non-Toxin,0.0
KPC3_095_1,0.16,0.0,0.0,0.16,Non-Toxin,0.053
KPC3_096,0.49,0.0,0.0,0.49,Toxin,0.484
KPC3_096_0,0.23,0.0,0.0,0.23,Non-Toxin,0.144
KPC3_096_1,0.31,0.0,0.0,0.31,Non-Toxin,0.249
KPC3_097,0.045,0.0,-0.5,0.0,Non-Toxin,0.0
KPC3_097_0,0.16,0.0,0.0,0.16,Non-Toxin,0.053
KPC3_097_1,0.17,0.0,0.0,0.17,Non-Toxin,0.066
KPC3_098,0.1,0.0,0.0,0.1,Non-Toxin,0.0
KPC3_098_0,0.04,0.0,0.0,0.04,Non-Toxin,0.0
KPC3_098_1,0.095,0.0,-0.5,0.0,Non-Toxin,0.0
KPC3_099,0.175,0.0,-0.5,0.0,Non-Toxin,0.0
KPC3_099_0,0.11,0.0,-0.5,0.0,Non-Toxin,0.0
KPC3_099_1,0.08,0.0,-0.5,0.0,Non-Toxin,0.0
KPC3_100,0.62,0.0,-0.5,0.12,Non-Toxin,0.0
KPC3_100_0,0.15,0.0,-0.5,0.0,Non-Toxin,0.0
KPC3_100_1,0.175,0.0,0.0,0.175,Non-Toxin,0.072
KPC3_101,0.125,0.0,-0.5,0.0,Non-Toxin,0.0
KPC3_101_0,0.1,0.0,-0.5,0.0,Non-Toxin,0.0
KPC3_101_1,0.095,0.0,-0.5,0.0,Non-Toxin,0.0
KPC3_102,0.215,0.0,-0.5,0.0,Non-Toxin,0.0
KPC3_102_0,0.135,0.0,-0.5,0.0,Non-Toxin,0.0
KPC3_102_1,0.21,0.0,-0.5,0.0,Non-Toxin,0.0
KPC3_103,0.535,0.0,-0.5,0.035,Non-Toxin,0.0
KPC3_103_0,0.15,0.0,0.0,0.15,Non-Toxin,0.039
KPC3_103_1,0.16,0.0,-0.5,0.0,Non-Toxin,0.0
KPC3_104,0.195,0.0,-0.5,0.0,Non-Toxin,0.0
KPC3_104_0,0.13,0.0,-0.5,0.0,Non-Toxin,0.0
KPC3_104_1,0.12,0.0,-0.5,0.0,Non-Toxin,0.0
KPC3_105,0.345,0.0,-0.5,0.0,Non-Toxin,0.0
KPC3_105_0,0.165,0.0,-0.5,0.0,Non-Toxin,0.0
KPC3_105_1,0.185,0.0,-0.5,0.0,Non-Toxin,0.0
KPC3_106,0.21,0.0,-0.5,0.0,Non-Toxin,0.0
KPC3_106_0,0.12,0.0,-0.5,0.0,Non-Toxin,0.0
KPC3_106_1,0.08,0.0,-0.5,0.0,Non-Toxin,0.0
KPC3_107,0.235,0.0,-0.5,0.0,Non-Toxin,0.0
KPC3_107_0,0.09,0.0,-0.5,0.0,Non-Toxin,0.0
KPC3_107_1,0.18,0.0,-0.5,0.0,Non-Toxin,0.0
KPC3_108,0.16,0.0,0.0,0.16,Non-Toxin,0.053
KPC3_108_0,0.165,0.0,-0.5,0.0,Non-Toxin,0.0
KPC3_108_1,0.245,0.0,-0.5,0.0,Non-Toxin,0.0
KPC3_109,0.11,0.0,0.0,0.11,Non-Toxin,0.0
KPC3_109_0,0.14,0.0,0.0,0.14,Non-Toxin,0.026
KPC3_109_1,0.26,0.0,-0.5,0.0,Non-Toxin,0.0
KPC3_110,0.385,0.0,-0.5,0.0,Non-Toxin,0.0
KPC3_110_0,0.06,0.0,-0.5,0.0,Non-Toxin,0.0
KPC3_110_1,0.085,0.0,-0.5,0.0,Non-Toxin,0.0
KPC3_111,0.205,0.0,0.0,0.205,Non-Toxin,0.111
KPC3_111_0,0.09,0.0,0.0,0.09,Non-Toxin,0.0
KPC3_111_1,0.09,0.0,-0.5,0.0,Non-Toxin,0.0
KPC3_112,0.07,0.0,-0.5,0.0,Non-Toxin,0.0
KPC3_112_0,0.125,0.0,-0.5,0.0,Non-Toxin,0.0
KPC3_112_1,0.255,0.0,0.0,0.255,Non-Toxin,0.177
KPC3_113,0.26,0.0,-0.5,0.0,Non-Toxin,0.0
KPC3_113_0,0.15,0.0,-0.5,0.0,Non-Toxin,0.0
KPC3_113_1,0.115,0.0,-0.5,0.0,Non-Toxin,0.0
KPC3_114,0.275,0.0,-0.5,0.0,Non-Toxin,0.0
KPC3_114_0,0.095,0.0,-0.5,0.0,Non-Toxin,0.0
KPC3_114_1,0.14,0.0,-0.5,0.0,Non-Toxin,0.0
KPC3_115,0.33,0.0,-0.5,0.0,Non-Toxin,0.0
KPC3_115_0,0.175,0.0,-0.5,0.0,Non-Toxin,0.0
KPC3_115_1,0.115,0.0,-0.5,0.0,Non-Toxin,0.0
KPC3_116,0.23,0.0,-0.5,0.0,Non-Toxin,0.0
KPC3_116_0,0.125,0.0,-0.5,0.0,Non-Toxin,0.0
KPC3_116_1,0.12,0.0,0.0,0.12,Non-Toxin,0.0
KPC3_117,0.415,0.5,-0.5,0.415,Toxin,0.386
KPC3_117_0,0.155,0.0,0.0,0.155,Non-Toxin,0.046
KPC3_117_1,0.14,0.0,-0.5,0.0,Non-Toxin,0.0
KPC3_118,0.355,0.0,-0.5,0.0,Non-Toxin,0.0
KPC3_118_0,0.11,0.0,-0.5,0.0,Non-Toxin,0.0
KPC3_118_1,0.12,0.0,-0.5,0.0,Non-Toxin,0.0
KPC3_119,0.085,0.0,-0.5,0.0,Non-Toxin,0.0
KPC3_119_0,0.115,0.0,-0.5,0.0,Non-Toxin,0.0
KPC3_119_1,0.13,0.0,-0.5,0.0,Non-Toxin,0.0
KPC3_120,0.31,0.0,-0.5,0.0,Non-Toxin,0.0
KPC3_120_0,0.14,0.0,-0.5,0.0,Non-Toxin,0.0
KPC3_120_1,0.125,0.0,0.0,0.125,Non-Toxin,0.007
KPC3_121,0.265,0.0,-0.5,0.0,Non-Toxin,0.0
KPC3_121_0,0.335,0.0,0.0,0.335,Non-Toxin,0.281
KPC3_121_1,0.265,0.0,-0.5,0.0,Non-Toxin,0.0
KPC3_122,0.1,0.0,-0.5,0.0,Non-Toxin,0.0
KPC3_122_0,0.245,0.0,-0.5,0.0,Non-Toxin,0.0
KPC3_122_1,0.16,0.0,-0.5,0.0,Non-Toxin,0.0
KPC3_123,0.23,0.0,0.0,0.23,Non-Toxin,0.144
KPC3_123_0,0.15,0.0,-0.5,0.0,Non-Toxin,0.0
KPC3_123_1,0.11,0.0,-0.5,0.0,Non-Toxin,0.0
KPC3_124,0.13,0.0,-0.5,0.0,Non-Toxin,0.0
KPC3_124_0,0.44,0.0,-0.5,0.0,Non-Toxin,0.0
KPC3_124_1,0.22,0.0,-0.5,0.0,Non-Toxin,0.0
KPC3_125,0.215,0.0,-0.5,0.0,Non-Toxin,0.0
KPC3_125_0,0.1,0.0,-0.5,0.0,Non-Toxin,0.0
KPC3_125_1,0.065,0.0,-0.5,0.0,Non-Toxin,0.0
KPC3_126,0.21,0.0,-0.5,0.0,Non-Toxin,0.0
KPC3_126_0,0.23,0.0,-0.5,0.0,Non-Toxin,0.0
KPC3_126_1,0.21,0.0,-0.5,0.0,Non-Toxin,0.0
KPC3_127,0.745,0.0,-0.5,0.245,Non-Toxin,0.164
KPC3_127_0,0.145,0.0,-0.5,0.0,Non-Toxin,0.0
KPC3_127_1,0.175,0.0,-0.5,0.0,Non-Toxin,0.0
KPC3_128,0.28,0.0,-0.5,0.0,Non-Toxin,0.0
KPC3_128_0,0.14,0.0,-0.5,0.0,Non-Toxin,0.0
KPC3_128_1,0.125,0.0,0.0,0.125,Non-Toxin,0.007
KPC3_129,0.16,0.0,-0.5,0.0,Non-Toxin,0.0
KPC3_129_0,0.12,0.0,-0.5,0.0,Non-Toxin,0.0
KPC3_129_1,0.17,0.0,-0.5,0.0,Non-Toxin,0.0
KPC3_130,0.185,0.0,0.0,0.185,Non-Toxin,0.085
KPC3_130_0,0.065,0.0,-0.5,0.0,Non-Toxin,0.0
KPC3_130_1,0.13,0.0,0.0,0.13,Non-Toxin,0.013
KPC3_131,0.18,0.0,-0.5,0.0,Non-Toxin,0.0
KPC3_131_0,0.23,0.0,-0.5,0.0,Non-Toxin,0.0
KPC3_131_1,0.205,0.0,-0.5,0.0,Non-Toxin,0.0
KPC3_132,0.195,0.0,-0.5,0.0,Non-Toxin,0.0
KPC3_132_0,0.125,0.0,-0.5,0.0,Non-Toxin,0.0
KPC3_132_1,0.075,0.0,0.0,0.075,Non-Toxin,0.0
KPC3_133,0.105,0.0,0.0,0.105,Non-Toxin,0.0
KPC3_133_0,0.145,0.0,0.0,0.145,Non-Toxin,0.033
KPC3_133_1,0.185,0.0,-0.5,0.0,Non-Toxin,0.0
KPC3_134,0.15,0.0,0.0,0.15,Non-Toxin,0.039
KPC3_134_0,0.205,0.0,-0.5,0.0,Non-Toxin,0.0
KPC3_134_1,0.155,0.0,-0.5,0.0,Non-Toxin,0.0
KPC3_135,0.085,0.0,-0.5,0.0,Non-Toxin,0.0
KPC3_135_0,0.15,0.0,-0.5,0.0,Non-Toxin,0.0
KPC3_135_1,0.31,0.0,-0.5,0.0,Non-Toxin,0.0
KPC3_136,0.135,0.0,0.0,0.135,Non-Toxin,0.02
KPC3_136_0,0.115,0.0,0.0,0.115,Non-Toxin,0.0
KPC3_136_1,0.08,0.0,0.0,0.08,Non-Toxin,0.0
KPC3_137,0.175,0.0,-0.5,0.0,Non-Toxin,0.0
KPC3_137_0,0.19,0.0,0.0,0.19,Non-Toxin,0.092
KPC3_137_1,0.325,0.0,-0.5,0.0,Non-Toxin,0.0
KPC3_138,0.125,0.0,-0.5,0.0,Non-Toxin,0.0
KPC3_138_0,0.22,0.0,-0.5,0.0,Non-Toxin,0.0
KPC3_138_1,0.19,0.0,-0.5,0.0,Non-Toxin,0.0
KPC3_139,0.075,0.0,-0.5,0.0,Non-Toxin,0.0
KPC3_139_0,0.31,0.0,-0.5,0.0,Non-Toxin,0.0
KPC3_139_1,0.28,0.0,-0.5,0.0,Non-Toxin,0.0
KPC3_140,0.28,0.0,-0.5,0.0,Non-Toxin,0.0
KPC3_140_0,0.115,0.0,-0.5,0.0,Non-Toxin,0.0
KPC3_140_1,0.18,0.0,-0.5,0.0,Non-Toxin,0.0
KPC3_141,0.19,0.0,-0.5,0.0,Non-Toxin,0.0
KPC3_141_0,0.215,0.0,-0.5,0.0,Non-Toxin,0.0
KPC3_141_1,0.095,0.0,-0.5,0.0,Non-Toxin,0.0
KPC3_142,0.325,0.0,-0.5,0.0,Non-Toxin,0.0
KPC3_142_0,0.235,0.0,-0.5,0.0,Non-Toxin,0.0
KPC3_142_1,0.16,0.0,-0.5,0.0,Non-Toxin,0.0
KPC3_143,0.415,0.0,-0.5,0.0,Non-Toxin,0.0
KPC3_143_0,0.245,0.0,-0.5,0.0,Non-Toxin,0.0
KPC3_143_1,0.18,0.0,-0.5,0.0,Non-Toxin,0.0
KPC3_144,0.335,0.0,-0.5,0.0,Non-Toxin,0.0
KPC3_144_0,0.18,0.0,-0.5,0.0,Non-Toxin,0.0
KPC3_144_1,0.185,0.0,-0.5,0.0,Non-Toxin,0.0
KPC3_145,0.255,0.0,-0.5,0.0,Non-Toxin,0.0
KPC3_145_0,0.115,0.0,-0.5,0.0,Non-Toxin,0.0
KPC3_145_1,0.115,0.0,-0.5,0.0,Non-Toxin,0.0
KPC3_146,0.1,0.0,-0.5,0.0,Non-Toxin,0.0
KPC3_146_0,0.135,0.0,-0.5,0.0,Non-Toxin,0.0
KPC3_146_1,0.215,0.0,-0.5,0.0,Non-Toxin,0.0
KPC3_147,0.49,0.0,-0.5,0.0,Non-Toxin,0.0
KPC3_147_0,0.13,0.0,-0.5,0.0,Non-Toxin,0.0
KPC3_147_1,0.15,0.0,-0.5,0.0,Non-Toxin,0.0
KPC3_148,0.21,0.0,-0.5,0.0,Non-Toxin,0.0
KPC3_148_0,0.13,0.0,-0.5,0.0,Non-Toxin,0.0
KPC3_148_1,0.155,0.0,-0.5,0.0,Non-Toxin,0.0
KPC3_149,0.195,0.0,0.0,0.195,Non-Toxin,0.098
KPC3_149_0,0.13,0.0,-0.5,0.0,Non-Toxin,0.0
KPC3_149_1,0.085,0.0,0.0,0.085,Non-Toxin,0.0
KPC3_150,0.31,0.0,-0.5,0.0,Non-Toxin,0.0
KPC3_150_0,0.115,0.0,-0.5,0.0,Non-Toxin,0.0
KPC3_150_1,0.14,0.0,-0.5,0.0,Non-Toxin,0.0
KPC3_151,0.15,0.0,-0.5,0.0,Non-Toxin,0.0
KPC3_151_0,0.135,0.0,-0.5,0.0,Non-Toxin,0.0
KPC3_151_1,0.175,0.0,-0.5,0.0,Non-Toxin,0.0
KPC3_152,0.165,0.0,-0.5,0.0,Non-Toxin,0.0
KPC3_152_0,0.26,0.0,-0.5,0.0,Non-Toxin,0.0
KPC3_152_1,0.24,0.0,0.0,0.24,Non-Toxin,0.157
KPC3_153,0.31,0.0,-0.5,0.0,Non-Toxin,0.0
KPC3_153_0,0.105,0.0,-0.5,0.0,Non-Toxin,0.0
KPC3_153_1,0.15,0.0,-0.5,0.0,Non-Toxin,0.0
KPC3_154,0.58,0.0,-0.5,0.08,Non-Toxin,0.0
KPC3_154_0,0.185,0.0,-0.5,0.0,Non-Toxin,0.0
KPC3_154_1,0.12,0.0,0.0,0.12,Non-Toxin,0.0
KPC3_155,0.165,0.0,-0.5,0.0,Non-Toxin,0.0
KPC3_155_0,0.11,0.0,-0.5,0.0,Non-Toxin,0.0
KPC3_155_1,0.08,0.0,-0.5,0.0,Non-Toxin,0.0
KPC3_156,0.14,0.0,-0.5,0.0,Non-Toxin,0.0
KPC3_156_0,0.07,0.0,-0.5,0.0,Non-Toxin,0.0
KPC3_156_1,0.095,0.0,-0.5,0.0,Non-Toxin,0.0
KPC3_157,0.205,0.0,-0.5,0.0,Non-Toxin,0.0
KPC3_157_0,0.195,0.0,-0.5,0.0,Non-Toxin,0.0
KPC3_157_1,0.185,0.0,-0.5,0.0,Non-Toxin,0.0
KPC3_158,0.215,0.0,-0.5,0.0,Non-Toxin,0.0
KPC3_158_0,0.18,0.0,-0.5,0.0,Non-Toxin,0.0
KPC3_158_1,0.12,0.0,-0.5,0.0,Non-Toxin,0.0
KPC3_159,0.11,0.0,-0.5,0.0,Non-Toxin,0.0
KPC3_159_0,0.165,0.0,-0.5,0.0,Non-Toxin,0.0
KPC3_159_1,0.185,0.0,-0.5,0.0,Non-Toxin,0.0
KPC3_160,0.185,0.0,0.0,0.185,Non-Toxin,0.085
KPC3_160_0,0.145,0.0,-0.5,0.0,Non-Toxin,0.0
KPC3_160_1,0.095,0.0,-0.5,0.0,Non-Toxin,0.0
KPC3_161,0.14,0.0,-0.5,0.0,Non-Toxin,0.0
KPC3_161_0,0.185,0.0,-0.5,0.0,Non-Toxin,0.0
KPC3_161_1,0.235,0.0,-0.5,0.0,Non-Toxin,0.0
KPC3_162,0.135,0.0,-0.5,0.0,Non-Toxin,0.0
KPC3_162_0,0.16,0.0,-0.5,0.0,Non-Toxin,0.0
KPC3_162_1,0.135,0.0,-0.5,0.0,Non-Toxin,0.0
KPC3_163,0.315,0.0,-0.5,0.0,Non-Toxin,0.0
KPC3_163_0,0.075,0.0,-0.5,0.0,Non-Toxin,0.0
KPC3_163_1,0.085,0.0,-0.5,0.0,Non-Toxin,0.0
KPC3_164,0.13,0.0,-0.5,0.0,Non-Toxin,0.0
KPC3_164_0,0.175,0.0,-0.5,0.0,Non-Toxin,0.0
KPC3_164_1,0.27,0.0,-0.5,0.0,Non-Toxin,0.0
KPC3_165,0.175,0.0,-0.5,0.0,Non-Toxin,0.0
KPC3_165_0,0.33,0.0,-0.5,0.0,Non-Toxin,0.0
KPC3_165_1,0.245,0.0,-0.5,0.0,Non-Toxin,0.0
KPC3_166,0.105,0.0,-0.5,0.0,Non-Toxin,0.0
KPC3_166_0,0.075,0.0,-0.5,0.0,Non-Toxin,0.0
KPC3_166_1,0.11,0.0,0.0,0.11,Non-Toxin,0.0
KPC3_167,0.475,0.0,-0.5,0.0,Non-Toxin,0.0
KPC3_167_0,0.13,0.0,0.0,0.13,Non-Toxin,0.013
KPC3_167_1,0.135,0.0,-0.5,0.0,Non-Toxin,0.0
KPC3_168,0.08,0.0,-0.5,0.0,Non-Toxin,0.0
KPC3_168_0,0.11,0.0,-0.5,0.0,Non-Toxin,0.0
KPC3_168_1,0.15,0.0,-0.5,0.0,Non-Toxin,0.0
KPC3_169,0.155,0.0,-0.5,0.0,Non-Toxin,0.0
KPC3_169_0,0.19,0.0,-0.5,0.0,Non-Toxin,0.0
KPC3_169_1,0.135,0.0,-0.5,0.0,Non-Toxin,0.0
KPC3_170,0.43,0.0,-0.5,0.0,Non-Toxin,0.0
KPC3_170_0,0.125,0.0,-0.5,0.0,Non-Toxin,0.0
KPC3_170_1,0.19,0.0,-0.5,0.0,Non-Toxin,0.0
KPC3_171,0.1,0.0,-0.5,0.0,Non-Toxin,0.0
KPC3_171_0,0.065,0.0,-0.5,0.0,Non-Toxin,0.0
KPC3_171_1,0.125,0.0,0.0,0.125,Non-Toxin,0.007
KPC3_172,0.155,0.0,-0.5,0.0,Non-Toxin,0.0
KPC3_172_0,0.145,0.0,-0.5,0.0,Non-Toxin,0.0
KPC3_172_1,0.195,0.0,-0.5,0.0,Non-Toxin,0.0
KPC3_173,0.205,0.0,0.0,0.205,Non-Toxin,0.111
KPC3_173_0,0.17,0.0,-0.5,0.0,Non-Toxin,0.0
KPC3_173_1,0.115,0.0,-0.5,0.0,Non-Toxin,0.0
KPC3_174,0.095,0.0,-0.5,0.0,Non-Toxin,0.0
KPC3_174_0,0.205,0.0,-0.5,0.0,Non-Toxin,0.0
KPC3_174_1,0.135,0.0,0.0,0.135,Non-Toxin,0.02
KPC3_175,0.53,0.0,0.0,0.53,Toxin,0.536
KPC3_175_0,0.11,0.0,-0.5,0.0,Non-Toxin,0.0
KPC3_175_1,0.135,0.0,0.0,0.135,Non-Toxin,0.02
KPC3_176,0.1,0.0,-0.5,0.0,Non-Toxin,0.0
KPC3_176_0,0.245,0.0,-0.5,0.0,Non-Toxin,0.0
KPC3_176_1,0.22,0.0,-0.5,0.0,Non-Toxin,0.0
KPC3_177,0.435,0.0,-0.5,0.0,Non-Toxin,0.0
KPC3_177_0,0.16,0.0,-0.5,0.0,Non-Toxin,0.0
KPC3_177_1,0.15,0.0,-0.5,0.0,Non-Toxin,0.0
KPC3_178,0.135,0.0,0.0,0.135,Non-Toxin,0.02
KPC3_178_0,0.14,0.0,-0.5,0.0,Non-Toxin,0.0
KPC3_178_1,0.12,0.0,-0.5,0.0,Non-Toxin,0.0
KPC3_179,0.125,0.0,-0.5,0.0,Non-Toxin,0.0
KPC3_179_0,0.115,0.0,-0.5,0.0,Non-Toxin,0.0
KPC3_179_1,0.07,0.0,-0.5,0.0,Non-Toxin,0.0
KPC3_180,0.74,0.0,-0.5,0.24,Non-Toxin,0.157
KPC3_180_0,0.15,0.0,-0.5,0.0,Non-Toxin,0.0
KPC3_180_1,0.06,0.0,-0.5,0.0,Non-Toxin,0.0
KPC3_181,0.34,0.0,-0.5,0.0,Non-Toxin,0.0
KPC3_181_0,0.14,0.0,-0.5,0.0,Non-Toxin,0.0
KPC3_181_1,0.105,0.0,-0.5,0.0,Non-Toxin,0.0
KPC3_182,0.31,0.0,-0.5,0.0,Non-Toxin,0.0
KPC3_182_0,0.14,0.0,-0.5,0.0,Non-Toxin,0.0
KPC3_182_1,0.085,0.0,-0.5,0.0,Non-Toxin,0.0
KPC3_183,0.26,0.0,-0.5,0.0,Non-Toxin,0.0
KPC3_183_0,0.155,0.0,-0.5,0.0,Non-Toxin,0.0
KPC3_183_1,0.27,0.0,-0.5,0.0,Non-Toxin,0.0
KPC3_184,0.125,0.0,-0.5,0.0,Non-Toxin,0.0
KPC3_184_0,0.115,0.0,-0.5,0.0,Non-Toxin,0.0
KPC3_184_1,0.115,0.0,-0.5,0.0,Non-Toxin,0.0
KPC3_185,0.395,0.0,-0.5,0.0,Non-Toxin,0.0
KPC3_185_0,0.23,0.0,-0.5,0.0,Non-Toxin,0.0
KPC3_185_1,0.195,0.0,-0.5,0.0,Non-Toxin,0.0
KPC3_186,0.235,0.0,-0.5,0.0,Non-Toxin,0.0
KPC3_186_0,0.15,0.0,-0.5,0.0,Non-Toxin,0.0
KPC3_186_1,0.155,0.0,-0.5,0.0,Non-Toxin,0.0
KPC3_187,0.295,0.0,-0.5,0.0,Non-Toxin,0.0
KPC3_187_0,0.175,0.0,-0.5,0.0,Non-Toxin,0.0
KPC3_187_1,0.25,0.0,-0.5,0.0,Non-Toxin,0.0
KPC3_188,0.305,0.0,-0.5,0.0,Non-Toxin,0.0
KPC3_188_0,0.175,0.0,-0.5,0.0,Non-Toxin,0.0
KPC3_188_1,0.305,0.0,-0.5,0.0,Non-Toxin,0.0
KPC3_189,0.275,0.0,-0.5,0.0,Non-Toxin,0.0
KPC3_189_0,0.175,0.0,-0.5,0.0,Non-Toxin,0.0
KPC3_189_1,0.19,0.0,-0.5,0.0,Non-Toxin,0.0
KPC3_190,0.355,0.0,-0.5,0.0,Non-Toxin,0.0
KPC3_190_0,0.335,0.0,-0.5,0.0,Non-Toxin,0.0
KPC3_190_1,0.37,0.0,-0.5,0.0,Non-Toxin,0.0
KPC3_191,0.27,0.0,-0.5,0.0,Non-Toxin,0.0
KPC3_191_0,0.28,0.0,-0.5,0.0,Non-Toxin,0.0
KPC3_191_1,0.305,0.0,-0.5,0.0,Non-Toxin,0.0
KPC3_192,0.11,0.0,-0.5,0.0,Non-Toxin,0.0
KPC3_192_0,0.15,0.0,-0.5,0.0,Non-Toxin,0.0
KPC3_192_1,0.135,0.0,0.0,0.135,Non-Toxin,0.02
KPC3_193,0.245,0.0,-0.5,0.0,Non-Toxin,0.0
KPC3_193_0,0.145,0.0,-0.5,0.0,Non-Toxin,0.0
KPC3_193_1,0.21,0.0,-0.5,0.0,Non-Toxin,0.0
KPC3_194,0.085,0.0,-0.5,0.0,Non-Toxin,0.0
KPC3_194_0,0.18,0.0,-0.5,0.0,Non-Toxin,0.0
KPC3_194_1,0.145,0.0,-0.5,0.0,Non-Toxin,0.0
KPC3_195,0.14,0.0,-0.5,0.0,Non-Toxin,0.0
KPC3_195_0,0.12,0.0,-0.5,0.0,Non-Toxin,0.0
KPC3_195_1,0.18,0.0,-0.5,0.0,Non-Toxin,0.0
KPC3_196,0.09,0.0,-0.5,0.0,Non-Toxin,0.0
KPC3_196_0,0.08,0.0,0.0,0.08,Non-Toxin,0.0
KPC3_196_1,0.085,0.0,-0.5,0.0,Non-Toxin,0.0
KPC3_197,0.4,0.0,-0.5,0.0,Non-Toxin,0.0
KPC3_197_0,0.175,0.0,-0.5,0.0,Non-Toxin,0.0
KPC3_197_1,0.19,0.0,-0.5,0.0,Non-Toxin,0.0
KPC3_198,0.32,0.0,-0.5,0.0,Non-Toxin,0.0
KPC3_198_0,0.36,0.0,0.0,0.36,Non-Toxin,0.314
KPC3_198_1,0.36,0.0,-0.5,0.0,Non-Toxin,0.0
KPC3_199,0.18,0.0,-0.5,0.0,Non-Toxin,0.0
KPC3_199_0,0.245,0.0,-0.5,0.0,Non-Toxin,0.0
KPC3_199_1,0.12,0.0,-0.5,0.0,Non-Toxin,0.0
KPC3_200,0.445,0.0,-0.5,0.0,Non-Toxin,0.0
KPC3_200_0,0.135,0.0,-0.5,0.0,Non-Toxin,0.0
KPC3_200_1,0.125,0.0,-0.5,0.0,Non-Toxin,0.0
KPC3_201,0.4,0.0,-0.5,0.0,Non-Toxin,0.0
KPC3_201_0,0.12,0.0,-0.5,0.0,Non-Toxin,0.0
KPC3_201_1,0.145,0.0,-0.5,0.0,Non-Toxin,0.0
KPC3_202,0.13,0.0,-0.5,0.0,Non-Toxin,0.0
KPC3_202_0,0.15,0.0,-0.5,0.0,Non-Toxin,0.0
KPC3_202_1,0.14,0.0,-0.5,0.0,Non-Toxin,0.0
KPC3_203,0.225,0.0,0.0,0.225,Non-Toxin,0.137
KPC3_203_0,0.105,0.0,-0.5,0.0,Non-Toxin,0.0
KPC3_203_1,0.1,0.0,0.0,0.1,Non-Toxin,0.0
KPC3_204,0.185,0.0,-0.5,0.0,Non-Toxin,0.0
KPC3_204_0,0.14,0.0,-0.5,0.0,Non-Toxin,0.0
KPC3_204_1,0.105,0.0,-0.5,0.0,Non-Toxin,0.0
KPC3_205,0.16,0.0,-0.5,0.0,Non-Toxin,0.0
KPC3_205_0,0.18,0.0,-0.5,0.0,Non-Toxin,0.0
KPC3_205_1,0.13,0.0,-0.5,0.0,Non-Toxin,0.0
KPC3_206,0.51,0.0,-0.5,0.01,Non-Toxin,0.0
KPC3_206_0,0.13,0.0,-0.5,0.0,Non-Toxin,0.0
KPC3_206_1,0.265,0.0,-0.5,0.0,Non-Toxin,0.0
KPC3_207,0.06,0.0,-0.5,0.0,Non-Toxin,0.0
KPC3_207_0,0.175,0.0,-0.5,0.0,Non-Toxin,0.0
KPC3_207_1,0.14,0.0,0.0,0.14,Non-Toxin,0.026
KPC3_208,0.685,0.0,0.0,0.685,Toxin,0.739
KPC3_208_0,0.19,0.0,0.0,0.19,Non-Toxin,0.092
KPC3_208_1,0.11,0.0,-0.5,0.0,Non-Toxin,0.0
KPC3_209,0.255,0.0,-0.5,0.0,Non-Toxin,0.0
KPC3_209_0,0.15,0.0,-0.5,0.0,Non-Toxin,0.0
KPC3_209_1,0.135,0.0,-0.5,0.0,Non-Toxin,0.0
KPC3_210,0.475,0.0,0.0,0.475,Toxin,0.464
KPC3_210_0,0.095,0.0,-0.5,0.0,Non-Toxin,0.0
KPC3_210_1,0.095,0.0,-0.5,0.0,Non-Toxin,0.0
KPC3_211,0.245,0.0,0.0,0.245,Non-Toxin,0.164
KPC3_211_0,0.125,0.0,-0.5,0.0,Non-Toxin,0.0
KPC3_211_1,0.25,0.0,-0.5,0.0,Non-Toxin,0.0
KPC3_212,0.1,0.0,-0.5,0.0,Non-Toxin,0.0
KPC3_212_0,0.175,0.0,-0.5,0.0,Non-Toxin,0.0
KPC3_212_1,0.075,0.0,-0.5,0.0,Non-Toxin,0.0
KPC3_213,0.415,0.0,-0.5,0.0,Non-Toxin,0.0
KPC3_213_0,0.2,0.0,-0.5,0.0,Non-Toxin,0.0
KPC3_213_1,0.09,0.0,-0.5,0.0,Non-Toxin,0.0
KPC3_214,0.345,0.0,0.0,0.345,Non-Toxin,0.294
KPC3_214_0,0.115,0.0,-0.5,0.0,Non-Toxin,0.0
KPC3_214_1,0.12,0.0,-0.5,0.0,Non-Toxin,0.0
KPC3_215,0.395,0.0,-0.5,0.0,Non-Toxin,0.0
KPC3_215_0,0.15,0.0,-0.5,0.0,Non-Toxin,0.0
KPC3_215_1,0.17,0.0,-0.5,0.0,Non-Toxin,0.0
KPC3_216,0.245,0.0,-0.5,0.0,Non-Toxin,0.0
KPC3_216_0,0.095,0.0,0.0,0.095,Non-Toxin,0.0
KPC3_216_1,0.12,0.0,-0.5,0.0,Non-Toxin,0.0
KPC3_217,0.1,0.0,-0.5,0.0,Non-Toxin,0.0
KPC3_217_0,0.25,0.0,0.0,0.25,Non-Toxin,0.17
KPC3_217_1,0.305,0.0,-0.5,0.0,Non-Toxin,0.0
KPC3_218,0.16,0.0,-0.5,0.0,Non-Toxin,0.0
KPC3_218_0,0.115,0.0,-0.5,0.0,Non-Toxin,0.0
KPC3_218_1,0.13,0.5,-0.5,0.13,Non-Toxin,0.013
KPC3_219,0.125,0.0,-0.5,0.0,Non-Toxin,0.0
KPC3_219_0,0.17,0.5,-0.5,0.17,Non-Toxin,0.066
KPC3_219_1,0.115,0.0,-0.5,0.0,Non-Toxin,0.0
KPC3_220,0.15,0.0,-0.5,0.0,Non-Toxin,0.0
KPC3_220_0,0.055,0.0,-0.5,0.0,Non-Toxin,0.0
KPC3_220_1,0.085,0.0,-0.5,0.0,Non-Toxin,0.0
KPC3_221,0.41,0.0,-0.5,0.0,Non-Toxin,0.0
KPC3_221_0,0.135,0.0,-0.5,0.0,Non-Toxin,0.0
KPC3_221_1,0.105,0.0,-0.5,0.0,Non-Toxin,0.0
KPC3_222,0.125,0.0,-0.5,0.0,Non-Toxin,0.0
KPC3_222_0,0.09,0.0,-0.5,0.0,Non-Toxin,0.0
KPC3_222_1,0.07,0.0,-0.5,0.0,Non-Toxin,0.0
KPC3_223,0.22,0.0,-0.5,0.0,Non-Toxin,0.0
KPC3_223_0,0.195,0.0,-0.5,0.0,Non-Toxin,0.0
KPC3_223_1,0.195,0.0,-0.5,0.0,Non-Toxin,0.0
KPC3_224,0.64,0.0,0.0,0.64,Toxin,0.68
KPC3_224_0,0.125,0.0,-0.5,0.0,Non-Toxin,0.0
KPC3_224_1,0.11,0.0,-0.5,0.0,Non-Toxin,0.0
KPC3_225,0.39,0.0,-0.5,0.0,Non-Toxin,0.0
KPC3_225_0,0.11,0.0,-0.5,0.0,Non-Toxin,0.0
KPC3_225_1,0.085,0.0,0.0,0.085,Non-Toxin,0.0
KPC3_226,0.155,0.0,-0.5,0.0,Non-Toxin,0.0
KPC3_226_0,0.125,0.0,-0.5,0.0,Non-Toxin,0.0
KPC3_226_1,0.075,0.0,-0.5,0.0,Non-Toxin,0.0
KPC3_227,0.405,0.0,-0.5,0.0,Non-Toxin,0.0
KPC3_227_0,0.16,0.0,-0.5,0.0,Non-Toxin,0.0
KPC3_227_1,0.115,0.0,-0.5,0.0,Non-Toxin,0.0
KPC3_228,0.26,0.0,-0.5,0.0,Non-Toxin,0.0
KPC3_228_0,0.105,0.0,-0.5,0.0,Non-Toxin,0.0
KPC3_228_1,0.06,0.0,-0.5,0.0,Non-Toxin,0.0
KPC3_229,0.16,0.0,-0.5,0.0,Non-Toxin,0.0
KPC3_229_0,0.135,0.0,-0.5,0.0,Non-Toxin,0.0
KPC3_229_1,0.085,0.0,-0.5,0.0,Non-Toxin,0.0
KPC3_230,0.315,0.0,-0.5,0.0,Non-Toxin,0.0
KPC3_230_0,0.175,0.0,0.0,0.175,Non-Toxin,0.072
KPC3_230_1,0.29,0.0,-0.5,0.0,Non-Toxin,0.0
KPC3_231,0.375,0.0,-0.5,0.0,Non-Toxin,0.0
KPC3_231_0,0.075,0.0,0.0,0.075,Non-Toxin,0.0
KPC3_231_1,0.145,0.0,-0.5,0.0,Non-Toxin,0.0
KPC3_232,0.16,0.0,-0.5,0.0,Non-Toxin,0.0
KPC3_232_0,0.165,0.0,-0.5,0.0,Non-Toxin,0.0
KPC3_232_1,0.14,0.0,-0.5,0.0,Non-Toxin,0.0
KPC3_233,0.365,0.0,-0.5,0.0,Non-Toxin,0.0
KPC3_233_0,0.11,0.0,-0.5,0.0,Non-Toxin,0.0
KPC3_233_1,0.09,0.0,-0.5,0.0,Non-Toxin,0.0
KPC3_234,0.315,0.0,-0.5,0.0,Non-Toxin,0.0
KPC3_234_0,0.115,0.0,-0.5,0.0,Non-Toxin,0.0
KPC3_234_1,0.24,0.0,-0.5,0.0,Non-Toxin,0.0
KPC3_235,0.125,0.0,-0.5,0.0,Non-Toxin,0.0
KPC3_235_0,0.1,0.0,-0.5,0.0,Non-Toxin,0.0
KPC3_235_1,0.155,0.0,-0.5,0.0,Non-Toxin,0.0
KPC3_236,0.4,0.0,-0.5,0.0,Non-Toxin,0.0
KPC3_236_0,0.13,0.0,0.0,0.13,Non-Toxin,0.013
KPC3_236_1,0.105,0.0,0.0,0.105,Non-Toxin,0.0
KPC3_237,0.4,0.0,-0.5,0.0,Non-Toxin,0.0
KPC3_237_0,0.065,0.0,-0.5,0.0,Non-Toxin,0.0
KPC3_237_1,0.11,0.0,-0.5,0.0,Non-Toxin,0.0
KPC3_238,0.235,0.0,-0.5,0.0,Non-Toxin,0.0
KPC3_238_0,0.08,0.0,-0.5,0.0,Non-Toxin,0.0
KPC3_238_1,0.07,0.0,-0.5,0.0,Non-Toxin,0.0
KPC3_239,0.26,0.0,-0.5,0.0,Non-Toxin,0.0
KPC3_239_0,0.13,0.0,-0.5,0.0,Non-Toxin,0.0
KPC3_239_1,0.145,0.0,-0.5,0.0,Non-Toxin,0.0
KPC3_240,0.165,0.0,-0.5,0.0,Non-Toxin,0.0
KPC3_240_0,0.075,0.0,-0.5,0.0,Non-Toxin,0.0
KPC3_240_1,0.13,0.0,-0.5,0.0,Non-Toxin,0.0
KPC3_241,0.32,0.0,-0.5,0.0,Non-Toxin,0.0
KPC3_241_0,0.08,0.0,-0.5,0.0,Non-Toxin,0.0
KPC3_241_1,0.075,0.0,-0.5,0.0,Non-Toxin,0.0
KPC3_242,0.165,0.0,-0.5,0.0,Non-Toxin,0.0
KPC3_242_0,0.215,0.0,-0.5,0.0,Non-Toxin,0.0
KPC3_242_1,0.265,0.0,-0.5,0.0,Non-Toxin,0.0
KPC3_243,0.2,0.0,0.0,0.2,Non-Toxin,0.105
KPC3_243_0,0.255,0.0,-0.5,0.0,Non-Toxin,0.0
KPC3_243_1,0.195,0.0,-0.5,0.0,Non-Toxin,0.0
KPC3_244,0.29,0.0,-0.5,0.0,Non-Toxin,0.0
KPC3_244_0,0.225,0.0,-0.5,0.0,Non-Toxin,0.0
KPC3_244_1,0.12,0.0,-0.5,0.0,Non-Toxin,0.0
KPC3_245,0.63,0.0,-0.5,0.13,Non-Toxin,0.013
KPC3_245_0,0.36,0.0,0.0,0.36,Non-Toxin,0.314
KPC3_245_1,0.215,0.0,-0.5,0.0,Non-Toxin,0.0
KPC3_246,0.145,0.0,0.0,0.145,Non-Toxin,0.033
KPC3_246_0,0.2,0.0,-0.5,0.0,Non-Toxin,0.0
KPC3_246_1,0.14,0.0,-0.5,0.0,Non-Toxin,0.0
KPC3_247,0.31,0.0,-0.5,0.0,Non-Toxin,0.0
KPC3_247_0,0.105,0.0,-0.5,0.0,Non-Toxin,0.0
KPC3_247_1,0.13,0.0,0.0,0.13,Non-Toxin,0.013
KPC3_248,0.37,0.0,-0.5,0.0,Non-Toxin,0.0
KPC3_248_0,0.095,0.0,-0.5,0.0,Non-Toxin,0.0
KPC3_248_1,0.035,0.0,0.0,0.035,Non-Toxin,0.0
KPC3_249,0.17,0.0,-0.5,0.0,Non-Toxin,0.0
KPC3_249_0,0.08,0.0,0.0,0.08,Non-Toxin,0.0
KPC3_249_1,0.12,0.0,-0.5,0.0,Non-Toxin,0.0
KPC3_250,0.545,0.0,-0.5,0.045,Non-Toxin,0.0
KPC3_250_0,0.125,0.0,-0.5,0.0,Non-Toxin,0.0
KPC3_250_1,0.125,0.0,-0.5,0.0,Non-Toxin,0.0
KPC3_251,0.1,0.0,-0.5,0.0,Non-Toxin,0.0
KPC3_251_0,0.075,0.0,-0.5,0.0,Non-Toxin,0.0
KPC3_251_1,0.095,0.0,-0.5,0.0,Non-Toxin,0.0
KPC3_252,0.285,0.0,-0.5,0.0,Non-Toxin,0.0
KPC3_252_0,0.08,0.0,-0.5,0.0,Non-Toxin,0.0
KPC3_252_1,0.15,0.0,-0.5,0.0,Non-Toxin,0.0
KPC3_253,0.14,0.0,-0.5,0.0,Non-Toxin,0.0
KPC3_253_0,0.19,0.0,-0.5,0.0,Non-Toxin,0.0
KPC3_253_1,0.165,0.0,-0.5,0.0,Non-Toxin,0.0
KPC3_254,0.46,0.0,-0.5,0.0,Non-Toxin,0.0
KPC3_254_0,0.305,0.0,-0.5,0.0,Non-Toxin,0.0
KPC3_254_1,0.29,0.0,-0.5,0.0,Non-Toxin,0.0
KPC3_255,0.235,0.0,-0.5,0.0,Non-Toxin,0.0
KPC3_255_0,0.18,0.0,-0.5,0.0,Non-Toxin,0.0
KPC3_255_1,0.08,0.0,-0.5,0.0,Non-Toxin,0.0
KPC3_256,0.58,0.0,-0.5,0.08,Non-Toxin,0.0
KPC3_256_0,0.13,0.0,-0.5,0.0,Non-Toxin,0.0
KPC3_256_1,0.11,0.0,-0.5,0.0,Non-Toxin,0.0
KPC3_257,0.22,0.0,-0.5,0.0,Non-Toxin,0.0
KPC3_257_0,0.175,0.0,-0.5,0.0,Non-Toxin,0.0
KPC3_257_1,0.1,0.0,-0.5,0.0,Non-Toxin,0.0
KPC3_258,0.25,0.0,-0.5,0.0,Non-Toxin,0.0
KPC3_258_0,0.13,0.0,-0.5,0.0,Non-Toxin,0.0
KPC3_258_1,0.115,0.0,-0.5,0.0,Non-Toxin,0.0
KPC3_259,0.425,0.0,-0.5,0.0,Non-Toxin,0.0
KPC3_259_0,0.14,0.0,-0.5,0.0,Non-Toxin,0.0
KPC3_259_1,0.145,0.0,0.0,0.145,Non-Toxin,0.033
KPC3_260,0.2,0.0,-0.5,0.0,Non-Toxin,0.0
KPC3_260_0,0.16,0.0,0.0,0.16,Non-Toxin,0.053
KPC3_260_1,0.19,0.0,-0.5,0.0,Non-Toxin,0.0
KPC3_261,0.495,0.0,-0.5,0.0,Non-Toxin,0.0
KPC3_261_0,0.115,0.0,-0.5,0.0,Non-Toxin,0.0
KPC3_261_1,0.155,0.0,0.0,0.155,Non-Toxin,0.046
KPC3_262,0.21,0.0,-0.5,0.0,Non-Toxin,0.0
KPC3_262_0,0.175,0.0,0.0,0.175,Non-Toxin,0.072
KPC3_262_1,0.09,0.0,-0.5,0.0,Non-Toxin,0.0
KPC3_263,0.345,0.0,0.0,0.345,Non-Toxin,0.294
KPC3_263_0,0.175,0.0,-0.5,0.0,Non-Toxin,0.0
KPC3_263_1,0.205,0.0,-0.5,0.0,Non-Toxin,0.0
KPC3_264,0.1,0.0,-0.5,0.0,Non-Toxin,0.0
KPC3_264_0,0.09,0.0,-0.5,0.0,Non-Toxin,0.0
KPC3_264_1,0.12,0.0,-0.5,0.0,Non-Toxin,0.0
KPC3_265,0.22,0.0,-0.5,0.0,Non-Toxin,0.0
KPC3_265_0,0.13,0.0,-0.5,0.0,Non-Toxin,0.0
KPC3_265_1,0.1,0.0,-0.5,0.0,Non-Toxin,0.0
KPC3_266,0.26,0.0,-0.5,0.0,Non-Toxin,0.0
KPC3_266_0,0.045,0.0,0.0,0.045,Non-Toxin,0.0
KPC3_266_1,0.095,0.0,-0.5,0.0,Non-Toxin,0.0
KPC3_267,0.195,0.0,-0.5,0.0,Non-Toxin,0.0
KPC3_267_0,0.24,0.0,-0.5,0.0,Non-Toxin,0.0
KPC3_267_1,0.235,0.0,-0.5,0.0,Non-Toxin,0.0
KPC3_268,0.255,0.0,-0.5,0.0,Non-Toxin,0.0
KPC3_268_0,0.13,0.0,-0.5,0.0,Non-Toxin,0.0
KPC3_268_1,0.175,0.0,-0.5,0.0,Non-Toxin,0.0
KPC3_269,0.16,0.0,-0.5,0.0,Non-Toxin,0.0
KPC3_269_0,0.16,0.0,-0.5,0.0,Non-Toxin,0.0
KPC3_269_1,0.15,0.0,-0.5,0.0,Non-Toxin,0.0
KPC3_270,0.19,0.0,-0.5,0.0,Non-Toxin,0.0
KPC3_270_0,0.165,0.0,-0.5,0.0,Non-Toxin,0.0
KPC3_270_1,0.085,0.0,-0.5,0.0,Non-Toxin,0.0
KPC3_271,0.325,0.0,-0.5,0.0,Non-Toxin,0.0
KPC3_271_0,0.2,0.0,-0.5,0.0,Non-Toxin,0.0
KPC3_271_1,0.12,0.0,0.0,0.12,Non-Toxin,0.0
KPC3_272,0.37,0.0,0.0,0.37,Non-Toxin,0.327
KPC3_272_0,0.195,0.0,-0.5,0.0,Non-Toxin,0.0
KPC3_272_1,0.19,0.0,-0.5,0.0,Non-Toxin,0.0
KPC3_273,0.38,0.0,0.0,0.38,Non-Toxin,0.34
KPC3_273_0,0.21,0.0,-0.5,0.0,Non-Toxin,0.0
KPC3_273_1,0.22,0.0,-0.5,0.0,Non-Toxin,0.0
KPC3_274,0.185,0.0,-0.5,0.0,Non-Toxin,0.0
KPC3_274_0,0.1,0.0,-0.5,0.0,Non-Toxin,0.0
KPC3_274_1,0.125,0.0,-0.5,0.0,Non-Toxin,0.0
KPC3_275,0.42,0.0,-0.5,0.0,Non-Toxin,0.0
KPC3_275_0,0.245,0.0,-0.5,0.0,Non-Toxin,0.0
KPC3_275_1,0.175,0.0,-0.5,0.0,Non-Toxin,0.0
KPC3_276,0.125,0.0,-0.5,0.0,Non-Toxin,0.0
KPC3_276_0,0.165,0.0,-0.5,0.0,Non-Toxin,0.0
KPC3_276_1,0.245,0.0,-0.5,0.0,Non-Toxin,0.0
KPC3_277,0.255,0.0,-0.5,0.0,Non-Toxin,0.0
KPC3_277_0,0.15,0.0,-0.5,0.0,Non-Toxin,0.0
KPC3_277_1,0.155,0.0,0.0,0.155,Non-Toxin,0.046
KPC3_278,0.435,0.0,-0.5,0.0,Non-Toxin,0.0
KPC3_278_0,0.115,0.0,-0.5,0.0,Non-Toxin,0.0
KPC3_278_1,0.1,0.0,-0.5,0.0,Non-Toxin,0.0
KPC3_279,0.24,0.0,-0.5,0.0,Non-Toxin,0.0
KPC3_279_0,0.265,0.0,-0.5,0.0,Non-Toxin,0.0
KPC3_279_1,0.255,0.0,0.0,0.255,Non-Toxin,0.177
KPC3_280,0.235,0.0,-0.5,0.0,Non-Toxin,0.0
KPC3_280_0,0.275,0.0,0.0,0.275,Non-Toxin,0.203
KPC3_280_1,0.205,0.0,-0.5,0.0,Non-Toxin,0.0
KPC3_281,0.285,0.0,-0.5,0.0,Non-Toxin,0.0
KPC3_281_0,0.075,0.0,-0.5,0.0,Non-Toxin,0.0
KPC3_281_1,0.09,0.0,-0.5,0.0,Non-Toxin,0.0
KPC3_282,0.17,0.0,-0.5,0.0,Non-Toxin,0.0
KPC3_282_0,0.195,0.0,-0.5,0.0,Non-Toxin,0.0
KPC3_282_1,0.175,0.0,-0.5,0.0,Non-Toxin,0.0
KPC3_283,0.605,0.0,0.0,0.605,Toxin,0.634
KPC3_283_0,0.235,0.0,-0.5,0.0,Non-Toxin,0.0
KPC3_283_1,0.235,0.0,-0.5,0.0,Non-Toxin,0.0
KPC3_284,0.06,0.0,-0.5,0.0,Non-Toxin,0.0
KPC3_284_0,0.165,0.0,0.0,0.165,Non-Toxin,0.059
KPC3_284_1,0.255,0.0,-0.5,0.0,Non-Toxin,0.0
KPC3_285,0.23,0.0,-0.5,0.0,Non-Toxin,0.0
KPC3_285_0,0.345,0.0,-0.5,0.0,Non-Toxin,0.0
KPC3_285_1,0.395,0.0,-0.5,0.0,Non-Toxin,0.0
KPC3_286,0.21,0.0,0.0,0.21,Non-Toxin,0.118
KPC3_286_0,0.145,0.0,0.0,0.145,Non-Toxin,0.033
KPC3_286_1,0.17,0.0,-0.5,0.0,Non-Toxin,0.0
KPC3_287,0.555,0.0,0.0,0.555,Toxin,0.569
KPC3_287_0,0.36,0.0,-0.5,0.0,Non-Toxin,0.0
KPC3_287_1,0.28,0.0,-0.5,0.0,Non-Toxin,0.0
KPC3_288,0.135,0.0,0.0,0.135,Non-Toxin,0.02
KPC3_288_0,0.155,0.0,-0.5,0.0,Non-Toxin,0.0
KPC3_288_1,0.21,0.0,-0.5,0.0,Non-Toxin,0.0
KPC3_289,0.075,0.0,-0.5,0.0,Non-Toxin,0.0
KPC3_289_0,0.215,0.0,-0.5,0.0,Non-Toxin,0.0
KPC3_289_1,0.1,0.0,-0.5,0.0,Non-Toxin,0.0
KPC3_290,0.245,0.0,-0.5,0.0,Non-Toxin,0.0
KPC3_290_0,0.13,0.0,-0.5,0.0,Non-Toxin,0.0
KPC3_290_1,0.14,0.0,-0.5,0.0,Non-Toxin,0.0
KPC3_291,0.355,0.0,-0.5,0.0,Non-Toxin,0.0
KPC3_291_0,0.16,0.0,-0.5,0.0,Non-Toxin,0.0
KPC3_291_1,0.14,0.0,-0.5,0.0,Non-Toxin,0.0
KPC3_292,0.575,0.0,-0.5,0.075,Non-Toxin,0.0
KPC3_292_0,0.185,0.0,-0.5,0.0,Non-Toxin,0.0
KPC3_292_1,0.135,0.0,-0.5,0.0,Non-Toxin,0.0
KPC3_293,0.12,0.0,-0.5,0.0,Non-Toxin,0.0
KPC3_293_0,0.14,0.0,-0.5,0.0,Non-Toxin,0.0
KPC3_293_1,0.11,0.0,-0.5,0.0,Non-Toxin,0.0
KPC3_294,0.495,0.0,-0.5,0.0,Non-Toxin,0.0
KPC3_294_0,0.11,0.0,-0.5,0.0,Non-Toxin,0.0
KPC3_294_1,0.18,0.0,-0.5,0.0,Non-Toxin,0.0
KPC3_295,0.155,0.0,-0.5,0.0,Non-Toxin,0.0
KPC3_295_0,0.12,0.0,-0.5,0.0,Non-Toxin,0.0
KPC3_295_1,0.1,0.0,-0.5,0.0,Non-Toxin,0.0
KPC3_296,0.55,0.0,-0.5,0.05,Non-Toxin,0.0
KPC3_296_0,0.17,0.0,-0.5,0.0,Non-Toxin,0.0
KPC3_296_1,0.125,0.0,-0.5,0.0,Non-Toxin,0.0
KPC3_297,0.77,0.0,-0.5,0.27,Non-Toxin,0.196
KPC3_297_0,0.105,0.0,-0.5,0.0,Non-Toxin,0.0
KPC3_297_1,0.09,0.0,-0.5,0.0,Non-Toxin,0.0
KPC3_298,0.215,0.0,-0.5,0.0,Non-Toxin,0.0
KPC3_298_0,0.13,0.0,-0.5,0.0,Non-Toxin,0.0
KPC3_298_1,0.17,0.0,-0.5,0.0,Non-Toxin,0.0
KPC3_299,0.545,0.0,-0.5,0.045,Non-Toxin,0.0
KPC3_299_0,0.13,0.0,-0.5,0.0,Non-Toxin,0.0
KPC3_299_1,0.14,0.0,-0.5,0.0,Non-Toxin,0.0
KPC3_300,0.115,0.0,-0.5,0.0,Non-Toxin,0.0
KPC3_300_0,0.135,0.0,0.0,0.135,Non-Toxin,0.02
KPC3_300_1,0.095,0.0,-0.5,0.0,Non-Toxin,0.0
KPC3_301,0.225,0.0,-0.5,0.0,Non-Toxin,0.0
KPC3_301_0,0.125,0.0,-0.5,0.0,Non-Toxin,0.0
KPC3_301_1,0.11,0.0,-0.5,0.0,Non-Toxin,0.0
KPC3_302,0.12,0.0,-0.5,0.0,Non-Toxin,0.0
KPC3_302_0,0.065,0.0,-0.5,0.0,Non-Toxin,0.0
KPC3_302_1,0.16,0.0,-0.5,0.0,Non-Toxin,0.0
KPC3_303,0.24,0.0,-0.5,0.0,Non-Toxin,0.0
KPC3_303_0,0.075,0.0,-0.5,0.0,Non-Toxin,0.0
KPC3_303_1,0.11,0.0,0.0,0.11,Non-Toxin,0.0
KPC3_304,0.525,0.0,-0.5,0.025,Non-Toxin,0.0
KPC3_304_0,0.17,0.0,-0.5,0.0,Non-Toxin,0.0
KPC3_304_1,0.15,0.0,-0.5,0.0,Non-Toxin,0.0
KPC3_305,0.17,0.0,-0.5,0.0,Non-Toxin,0.0
KPC3_305_0,0.08,0.0,0.0,0.08,Non-Toxin,0.0
KPC3_305_1,0.135,0.0,-0.5,0.0,Non-Toxin,0.0
KPC3_306,0.9,0.0,-0.5,0.4,Toxin,0.366
KPC3_306_0,0.095,0.0,-0.5,0.0,Non-Toxin,0.0
KPC3_306_1,0.125,0.0,-0.5,0.0,Non-Toxin,0.0
KPC3_307,0.09,0.0,-0.5,0.0,Non-Toxin,0.0
KPC3_307_0,0.3,0.0,-0.5,0.0,Non-Toxin,0.0
KPC3_307_1,0.13,0.0,-0.5,0.0,Non-Toxin,0.0
KPC3_308,0.115,0.0,-0.5,0.0,Non-Toxin,0.0
KPC3_308_0,0.28,0.0,-0.5,0.0,Non-Toxin,0.0
KPC3_308_1,0.255,0.0,-0.5,0.0,Non-Toxin,0.0
KPC3_309,0.58,0.0,-0.5,0.08,Non-Toxin,0.0
KPC3_309_0,0.155,0.0,-0.5,0.0,Non-Toxin,0.0
KPC3_309_1,0.155,0.0,-0.5,0.0,Non-Toxin,0.0
KPC3_310,0.155,0.0,-0.5,0.0,Non-Toxin,0.0
KPC3_310_0,0.255,0.0,-0.5,0.0,Non-Toxin,0.0
KPC3_310_1,0.26,0.0,-0.5,0.0,Non-Toxin,0.0
KPC3_311,0.525,0.0,-0.5,0.025,Non-Toxin,0.0
KPC3_311_0,0.175,0.0,-0.5,0.0,Non-Toxin,0.0
KPC3_311_1,0.195,0.0,-0.5,0.0,Non-Toxin,0.0
KPC3_312,0.33,0.0,-0.5,0.0,Non-Toxin,0.0
KPC3_312_0,0.21,0.0,-0.5,0.0,Non-Toxin,0.0
KPC3_312_1,0.195,0.0,-0.5,0.0,Non-Toxin,0.0
KPC3_313,0.25,0.0,-0.5,0.0,Non-Toxin,0.0
KPC3_313_0,0.195,0.0,-0.5,0.0,Non-Toxin,0.0
KPC3_313_1,0.155,0.0,-0.5,0.0,Non-Toxin,0.0
KPC3_314,0.55,0.0,-0.5,0.05,Non-Toxin,0.0
KPC3_314_0,0.22,0.0,-0.5,0.0,Non-Toxin,0.0
KPC3_314_1,0.2,0.0,-0.5,0.0,Non-Toxin,0.0
KPC3_315,0.485,0.5,-0.5,0.485,Toxin,0.477
KPC3_315_0,0.21,0.0,-0.5,0.0,Non-Toxin,0.0
KPC3_315_1,0.13,0.0,-0.5,0.0,Non-Toxin,0.0
KPC3_316,0.51,0.0,-0.5,0.01,Non-Toxin,0.0
KPC3_316_0,0.13,0.0,-0.5,0.0,Non-Toxin,0.0
KPC3_316_1,0.13,0.0,-0.5,0.0,Non-Toxin,0.0
KPC3_317,0.155,0.0,-0.5,0.0,Non-Toxin,0.0
KPC3_317_0,0.14,0.0,-0.5,0.0,Non-Toxin,0.0
KPC3_317_1,0.125,0.0,-0.5,0.0,Non-Toxin,0.0
KPC3_318,0.635,0.0,-0.5,0.135,Non-Toxin,0.02
KPC3_318_0,0.135,0.0,-0.5,0.0,Non-Toxin,0.0
KPC3_318_1,0.17,0.0,-0.5,0.0,Non-Toxin,0.0
KPC3_319,0.315,0.5,-0.5,0.315,Non-Toxin,0.255
KPC3_319_0,0.085,0.0,-0.5,0.0,Non-Toxin,0.0
KPC3_319_1,0.125,0.0,-0.5,0.0,Non-Toxin,0.0
KPC3_320,0.27,0.0,-0.5,0.0,Non-Toxin,0.0
KPC3_320_0,0.255,0.0,-0.5,0.0,Non-Toxin,0.0
KPC3_320_1,0.14,0.0,-0.5,0.0,Non-Toxin,0.0
KPC3_321,0.085,0.0,-0.5,0.0,Non-Toxin,0.0
KPC3_321_0,0.17,0.0,-0.5,0.0,Non-Toxin,0.0
KPC3_321_1,0.095,0.0,-0.5,0.0,Non-Toxin,0.0
KPC3_322,0.115,0.0,-0.5,0.0,Non-Toxin,0.0
KPC3_322_0,0.115,0.0,-0.5,0.0,Non-Toxin,0.0
KPC3_322_1,0.18,0.0,-0.5,0.0,Non-Toxin,0.0
KPC3_323,0.185,0.0,0.0,0.185,Non-Toxin,0.085
KPC3_323_0,0.11,0.0,-0.5,0.0,Non-Toxin,0.0
KPC3_323_1,0.095,0.0,-0.5,0.0,Non-Toxin,0.0
KPC3_324,0.355,0.0,0.0,0.355,Non-Toxin,0.307
KPC3_324_0,0.16,0.0,-0.5,0.0,Non-Toxin,0.0
KPC3_324_1,0.16,0.0,-0.5,0.0,Non-Toxin,0.0
KPC3_325,0.14,0.0,-0.5,0.0,Non-Toxin,0.0
KPC3_325_0,0.16,0.0,-0.5,0.0,Non-Toxin,0.0
KPC3_325_1,0.105,0.0,-0.5,0.0,Non-Toxin,0.0
KPC3_326,0.105,0.0,-0.5,0.0,Non-Toxin,0.0
KPC3_326_0,0.125,0.0,-0.5,0.0,Non-Toxin,0.0
KPC3_326_1,0.1,0.0,-0.5,0.0,Non-Toxin,0.0
KPC3_327,0.365,0.0,-0.5,0.0,Non-Toxin,0.0
KPC3_327_0,0.165,0.0,-0.5,0.0,Non-Toxin,0.0
KPC3_327_1,0.07,0.0,-0.5,0.0,Non-Toxin,0.0
KPC3_328,0.245,0.0,-0.5,0.0,Non-Toxin,0.0
KPC3_328_0,0.185,0.0,-0.5,0.0,Non-Toxin,0.0
KPC3_328_1,0.18,0.0,-0.5,0.0,Non-Toxin,0.0
KPC3_329,0.12,0.0,-0.5,0.0,Non-Toxin,0.0
KPC3_329_0,0.08,0.0,-0.5,0.0,Non-Toxin,0.0
KPC3_329_1,0.165,0.0,-0.5,0.0,Non-Toxin,0.0
KPC3_330,0.135,0.0,-0.5,0.0,Non-Toxin,0.0
KPC3_330_0,0.12,0.0,0.0,0.12,Non-Toxin,0.0
KPC3_330_1,0.16,0.0,-0.5,0.0,Non-Toxin,0.0
KPC3_331,0.185,0.0,-0.5,0.0,Non-Toxin,0.0
KPC3_331_0,0.195,0.0,-0.5,0.0,Non-Toxin,0.0
KPC3_331_1,0.16,0.0,-0.5,0.0,Non-Toxin,0.0
KPC3_332,0.345,0.0,-0.5,0.0,Non-Toxin,0.0
KPC3_332_0,0.12,0.0,-0.5,0.0,Non-Toxin,0.0
KPC3_332_1,0.105,0.0,-0.5,0.0,Non-Toxin,0.0
KPC3_333,0.315,0.0,-0.5,0.0,Non-Toxin,0.0
KPC3_333_0,0.13,0.0,-0.5,0.0,Non-Toxin,0.0
KPC3_333_1,0.135,0.0,-0.5,0.0,Non-Toxin,0.0
KPC3_334,0.385,0.0,-0.5,0.0,Non-Toxin,0.0
KPC3_334_0,0.34,0.0,-0.5,0.0,Non-Toxin,0.0
KPC3_334_1,0.255,0.0,-0.5,0.0,Non-Toxin,0.0
KPC3_335,0.615,0.0,-0.5,0.115,Non-Toxin,0.0
KPC3_335_0,0.115,0.0,-0.5,0.0,Non-Toxin,0.0
KPC3_335_1,0.23,0.0,-0.5,0.0,Non-Toxin,0.0
KPC3_336,0.14,0.0,-0.5,0.0,Non-Toxin,0.0
KPC3_336_0,0.16,0.0,-0.5,0.0,Non-Toxin,0.0
KPC3_336_1,0.15,0.0,-0.5,0.0,Non-Toxin,0.0
KPC3_337,0.1,0.0,-0.5,0.0,Non-Toxin,0.0
KPC3_337_0,0.115,0.0,-0.5,0.0,Non-Toxin,0.0
KPC3_337_1,0.1,0.0,-0.5,0.0,Non-Toxin,0.0
KPC3_338,0.315,0.0,-0.5,0.0,Non-Toxin,0.0
KPC3_338_0,0.155,0.0,-0.5,0.0,Non-Toxin,0.0
KPC3_338_1,0.15,0.0,-0.5,0.0,Non-Toxin,0.0
KPC3_339,0.16,0.0,-0.5,0.0,Non-Toxin,0.0
KPC3_339_0,0.1,0.0,-0.5,0.0,Non-Toxin,0.0
KPC3_339_1,0.095,0.0,0.0,0.095,Non-Toxin,0.0
KPC3_340,0.32,0.0,0.0,0.32,Non-Toxin,0.262
KPC3_340_0,0.37,0.0,-0.5,0.0,Non-Toxin,0.0
KPC3_340_1,0.29,0.0,-0.5,0.0,Non-Toxin,0.0
KPC3_341,0.155,0.0,-0.5,0.0,Non-Toxin,0.0
KPC3_341_0,0.56,0.0,-0.5,0.06,Non-Toxin,0.0
KPC3_341_1,0.315,0.0,-0.5,0.0,Non-Toxin,0.0
KPC3_342,0.435,0.0,0.0,0.435,Toxin,0.412
KPC3_342_0,0.255,0.0,-0.5,0.0,Non-Toxin,0.0
KPC3_342_1,0.165,0.0,-0.5,0.0,Non-Toxin,0.0
KPC3_343,0.085,0.0,0.0,0.085,Non-Toxin,0.0
KPC3_343_0,0.42,0.0,-0.5,0.0,Non-Toxin,0.0
KPC3_343_1,0.12,0.0,0.0,0.12,Non-Toxin,0.0
KPC3_344,0.125,0.0,-0.5,0.0,Non-Toxin,0.0
KPC3_344_0,0.27,0.0,-0.5,0.0,Non-Toxin,0.0
KPC3_344_1,0.145,0.0,0.0,0.145,Non-Toxin,0.033
KPC3_345,0.22,0.0,0.0,0.22,Non-Toxin,0.131
KPC3_345_0,0.21,0.0,0.0,0.21,Non-Toxin,0.118
KPC3_345_1,0.085,0.0,0.0,0.085,Non-Toxin,0.0
KPC3_346,0.47,0.0,-0.5,0.0,Non-Toxin,0.0
KPC3_346_0,0.4,0.0,0.0,0.4,Toxin,0.366
KPC3_346_1,0.43,0.0,0.0,0.43,Toxin,0.405
KPC3_347,0.23,0.0,-0.5,0.0,Non-Toxin,0.0
KPC3_347_0,0.09,0.0,-0.5,0.0,Non-Toxin,0.0
KPC3_347_1,0.09,0.0,-0.5,0.0,Non-Toxin,0.0
KPC3_348,0.235,0.0,0.0,0.235,Non-Toxin,0.151
KPC3_348_0,0.115,0.0,-0.5,0.0,Non-Toxin,0.0
KPC3_348_1,0.05,0.0,-0.5,0.0,Non-Toxin,0.0
KPC3_349,0.4,0.0,0.0,0.4,Toxin,0.366
KPC3_349_0,0.115,0.0,-0.5,0.0,Non-Toxin,0.0
KPC3_349_1,0.095,0.0,-0.5,0.0,Non-Toxin,0.0
KPC3_350,0.265,0.0,-0.5,0.0,Non-Toxin,0.0
KPC3_350_0,0.145,0.0,-0.5,0.0,Non-Toxin,0.0
KPC3_350_1,0.145,0.0,-0.5,0.0,Non-Toxin,0.0
KPC3_351,0.32,0.0,-0.5,0.0,Non-Toxin,0.0
KPC3_351_0,0.085,0.0,-0.5,0.0,Non-Toxin,0.0
KPC3_351_1,0.125,0.0,-0.5,0.0,Non-Toxin,0.0
KPC3_352,0.11,0.0,-0.5,0.0,Non-Toxin,0.0
KPC3_352_0,0.28,0.0,-0.5,0.0,Non-Toxin,0.0
KPC3_352_1,0.215,0.0,0.0,0.215,Non-Toxin,0.124
KPC3_353,0.295,0.0,-0.5,0.0,Non-Toxin,0.0
KPC3_353_0,0.13,0.0,-0.5,0.0,Non-Toxin,0.0
KPC3_353_1,0.195,0.0,-0.5,0.0,Non-Toxin,0.0
KPC3_354,0.405,0.0,-0.5,0.0,Non-Toxin,0.0
KPC3_354_0,0.305,0.0,-0.5,0.0,Non-Toxin,0.0
KPC3_354_1,0.255,0.0,-0.5,0.0,Non-Toxin,0.0
KPC3_355,0.55,0.0,-0.5,0.05,Non-Toxin,0.0
KPC3_355_0,0.135,0.0,-0.5,0.0,Non-Toxin,0.0
KPC3_355_1,0.1,0.0,-0.5,0.0,Non-Toxin,0.0
KPC3_356,0.185,0.0,-0.5,0.0,Non-Toxin,0.0
KPC3_356_0,0.105,0.0,-0.5,0.0,Non-Toxin,0.0
KPC3_356_1,0.215,0.0,-0.5,0.0,Non-Toxin,0.0
KPC3_357,0.155,0.0,-0.5,0.0,Non-Toxin,0.0
KPC3_357_0,0.115,0.0,-0.5,0.0,Non-Toxin,0.0
KPC3_357_1,0.13,0.0,-0.5,0.0,Non-Toxin,0.0
KPC3_358,0.24,0.0,-0.5,0.0,Non-Toxin,0.0
KPC3_358_0,0.16,0.0,-0.5,0.0,Non-Toxin,0.0
KPC3_358_1,0.3,0.0,-0.5,0.0,Non-Toxin,0.0
KPC3_359,0.21,0.0,-0.5,0.0,Non-Toxin,0.0
KPC3_359_0,0.22,0.0,-0.5,0.0,Non-Toxin,0.0
KPC3_359_1,0.255,0.0,-0.5,0.0,Non-Toxin,0.0
KPC3_360,0.38,0.0,-0.5,0.0,Non-Toxin,0.0
KPC3_360_0,0.12,0.0,-0.5,0.0,Non-Toxin,0.0
KPC3_360_1,0.175,0.0,-0.5,0.0,Non-Toxin,0.0
KPC3_361,0.14,0.0,-0.5,0.0,Non-Toxin,0.0
KPC3_361_0,0.215,0.0,-0.5,0.0,Non-Toxin,0.0
KPC3_361_1,0.14,0.0,-0.5,0.0,Non-Toxin,0.0
KPC3_362,0.34,0.0,-0.5,0.0,Non-Toxin,0.0
KPC3_362_0,0.265,0.0,-0.5,0.0,Non-Toxin,0.0
KPC3_362_1,0.33,0.0,-0.5,0.0,Non-Toxin,0.0
KPC3_363,0.45,0.0,-0.5,0.0,Non-Toxin,0.0
KPC3_363_0,0.125,0.0,-0.5,0.0,Non-Toxin,0.0
KPC3_363_1,0.19,0.0,-0.5,0.0,Non-Toxin,0.0
KPC3_364,0.235,0.0,0.0,0.235,Non-Toxin,0.151
KPC3_364_0,0.14,0.0,-0.5,0.0,Non-Toxin,0.0
KPC3_364_1,0.125,0.0,-0.5,0.0,Non-Toxin,0.0
KPC3_365,0.67,0.0,-0.5,0.17,Non-Toxin,0.066
KPC3_365_0,0.28,0.0,-0.5,0.0,Non-Toxin,0.0
KPC3_365_1,0.455,0.0,-0.5,0.0,Non-Toxin,0.0
KPC3_366,0.07,0.0,-0.5,0.0,Non-Toxin,0.0
KPC3_366_0,0.17,0.0,-0.5,0.0,Non-Toxin,0.0
KPC3_366_1,0.22,0.0,-0.5,0.0,Non-Toxin,0.0
KPC3_367,0.285,0.0,-0.5,0.0,Non-Toxin,0.0
KPC3_367_0,0.09,0.0,-0.5,0.0,Non-Toxin,0.0
KPC3_367_1,0.095,0.0,-0.5,0.0,Non-Toxin,0.0
KPC3_368,0.265,0.0,0.0,0.265,Non-Toxin,0.19
KPC3_368_0,0.17,0.0,-0.5,0.0,Non-Toxin,0.0
KPC3_368_1,0.13,0.0,-0.5,0.0,Non-Toxin,0.0
KPC3_369,0.145,0.0,-0.5,0.0,Non-Toxin,0.0
KPC3_369_0,0.18,0.0,0.0,0.18,Non-Toxin,0.079
KPC3_369_1,0.225,0.0,-0.5,0.0,Non-Toxin,0.0
KPC3_370,0.23,0.0,-0.5,0.0,Non-Toxin,0.0
KPC3_370_0,0.11,0.0,-0.5,0.0,Non-Toxin,0.0
KPC3_370_1,0.09,0.0,-0.5,0.0,Non-Toxin,0.0
KPC3_371,0.74,0.0,-0.5,0.24,Non-Toxin,0.157
KPC3_371_0,0.19,0.0,-0.5,0.0,Non-Toxin,0.0
KPC3_371_1,0.105,0.0,-0.5,0.0,Non-Toxin,0.0
KPC3_372,0.195,0.0,-0.5,0.0,Non-Toxin,0.0
KPC3_372_0,0.22,0.0,-0.5,0.0,Non-Toxin,0.0
KPC3_372_1,0.16,0.0,-0.5,0.0,Non-Toxin,0.0
KPC3_373,0.225,0.0,-0.5,0.0,Non-Toxin,0.0
KPC3_373_0,0.14,0.0,-0.5,0.0,Non-Toxin,0.0
KPC3_373_1,0.135,0.0,-0.5,0.0,Non-Toxin,0.0
KPC3_374,0.235,0.0,-0.5,0.0,Non-Toxin,0.0
KPC3_374_0,0.29,0.0,-0.5,0.0,Non-Toxin,0.0
KPC3_374_1,0.18,0.0,-0.5,0.0,Non-Toxin,0.0
KPC3_375,0.28,0.0,-0.5,0.0,Non-Toxin,0.0
KPC3_375_0,0.125,0.0,-0.5,0.0,Non-Toxin,0.0
KPC3_375_1,0.24,0.0,-0.5,0.0,Non-Toxin,0.0
KPC3_376,0.22,0.0,-0.5,0.0,Non-Toxin,0.0
KPC3_376_0,0.13,0.0,-0.5,0.0,Non-Toxin,0.0
KPC3_376_1,0.175,0.0,-0.5,0.0,Non-Toxin,0.0
KPC3_377,0.265,0.0,-0.5,0.0,Non-Toxin,0.0
KPC3_377_0,0.11,0.0,-0.5,0.0,Non-Toxin,0.0
KPC3_377_1,0.12,0.0,-0.5,0.0,Non-Toxin,0.0
KPC3_378,0.465,0.0,-0.5,0.0,Non-Toxin,0.0
KPC3_378_0,0.195,0.0,0.0,0.195,Non-Toxin,0.098
KPC3_378_1,0.165,0.0,-0.5,0.0,Non-Toxin,0.0
KPC3_379,0.27,0.0,-0.5,0.0,Non-Toxin,0.0
KPC3_379_0,0.105,0.0,-0.5,0.0,Non-Toxin,0.0
KPC3_379_1,0.26,0.0,-0.5,0.0,Non-Toxin,0.0
KPC3_380,0.26,0.0,0.0,0.26,Non-Toxin,0.183
KPC3_380_0,0.295,0.0,-0.5,0.0,Non-Toxin,0.0
KPC3_380_1,0.27,0.0,-0.5,0.0,Non-Toxin,0.0
KPC3_381,0.12,0.0,-0.5,0.0,Non-Toxin,0.0
KPC3_381_0,0.135,0.0,-0.5,0.0,Non-Toxin,0.0
KPC3_381_1,0.115,0.0,-0.5,0.0,Non-Toxin,0.0
KPC3_382,0.22,0.0,-0.5,0.0,Non-Toxin,0.0
KPC3_382_0,0.11,0.0,0.0,0.11,Non-Toxin,0.0
KPC3_382_1,0.165,0.0,0.0,0.165,Non-Toxin,0.059
KPC3_383,0.11,0.0,-0.5,0.0,Non-Toxin,0.0
KPC3_383_0,0.115,0.0,0.0,0.115,Non-Toxin,0.0
KPC3_383_1,0.205,0.0,-0.5,0.0,Non-Toxin,0.0
KPC3_384,0.11,0.0,0.0,0.11,Non-Toxin,0.0
KPC3_384_0,0.175,0.0,-0.5,0.0,Non-Toxin,0.0
KPC3_384_1,0.22,0.0,-0.5,0.0,Non-Toxin,0.0
KPC3_385,0.155,0.0,-0.5,0.0,Non-Toxin,0.0
KPC3_385_0,0.235,0.0,-0.5,0.0,Non-Toxin,0.0
KPC3_385_1,0.335,0.0,-0.5,0.0,Non-Toxin,0.0
KPC3_386,0.305,0.0,-0.5,0.0,Non-Toxin,0.0
KPC3_386_0,0.16,0.0,-0.5,0.0,Non-Toxin,0.0
KPC3_386_1,0.11,0.0,0.0,0.11,Non-Toxin,0.0
KPC3_387,0.06,0.5,-0.5,0.06,Non-Toxin,0.0
KPC3_387_0,0.17,0.0,0.0,0.17,Non-Toxin,0.066
KPC3_387_1,0.175,0.0,-0.5,0.0,Non-Toxin,0.0
KPC3_388,0.345,0.0,-0.5,0.0,Non-Toxin,0.0
KPC3_388_0,0.215,0.0,0.0,0.215,Non-Toxin,0.124
KPC3_388_1,0.095,0.0,-0.5,0.0,Non-Toxin,0.0
KPC3_389,0.145,0.0,0.0,0.145,Non-Toxin,0.033
KPC3_389_0,0.165,0.0,-0.5,0.0,Non-Toxin,0.0
KPC3_389_1,0.09,0.0,-0.5,0.0,Non-Toxin,0.0
KPC3_390,0.17,0.0,-0.5,0.0,Non-Toxin,0.0
KPC3_390_0,0.21,0.0,-0.5,0.0,Non-Toxin,0.0
KPC3_390_1,0.09,0.0,-0.5,0.0,Non-Toxin,0.0
KPC3_391,0.11,0.0,-0.5,0.0,Non-Toxin,0.0
KPC3_391_0,0.145,0.0,-0.5,0.0,Non-Toxin,0.0
KPC3_391_1,0.155,0.0,-0.5,0.0,Non-Toxin,0.0
KPC3_392,0.09,0.0,-0.5,0.0,Non-Toxin,0.0
KPC3_392_0,0.235,0.0,-0.5,0.0,Non-Toxin,0.0
KPC3_392_1,0.22,0.0,-0.5,0.0,Non-Toxin,0.0
KPC3_393,0.195,0.0,0.0,0.195,Non-Toxin,0.098
KPC3_393_0,0.305,0.0,-0.5,0.0,Non-Toxin,0.0
KPC3_393_1,0.33,0.0,-0.5,0.0,Non-Toxin,0.0
KPC3_394,0.45,0.0,0.0,0.45,Toxin,0.432
KPC3_394_0,0.16,0.0,-0.5,0.0,Non-Toxin,0.0
KPC3_394_1,0.105,0.0,-0.5,0.0,Non-Toxin,0.0
KPC3_395,0.855,0.0,-0.5,0.355,Non-Toxin,0.307
KPC3_395_0,0.15,0.0,-0.5,0.0,Non-Toxin,0.0
KPC3_395_1,0.085,0.0,-0.5,0.0,Non-Toxin,0.0
KPC3_396,0.14,0.0,0.0,0.14,Non-Toxin,0.026
KPC3_396_0,0.12,0.0,-0.5,0.0,Non-Toxin,0.0
KPC3_396_1,0.095,0.0,-0.5,0.0,Non-Toxin,0.0
KPC3_397,0.37,0.0,0.0,0.37,Non-Toxin,0.327
KPC3_397_0,0.175,0.0,-0.5,0.0,Non-Toxin,0.0
KPC3_397_1,0.21,0.0,-0.5,0.0,Non-Toxin,0.0
KPC3_398,0.115,0.0,0.0,0.115,Non-Toxin,0.0
KPC3_398_0,0.085,0.0,-0.5,0.0,Non-Toxin,0.0
KPC3_398_1,0.19,0.0,-0.5,0.0,Non-Toxin,0.0
KPC3_399,0.145,0.0,-0.5,0.0,Non-Toxin,0.0
KPC3_399_0,0.08,0.0,-0.5,0.0,Non-Toxin,0.0
KPC3_399_1,0.235,0.0,-0.5,0.0,Non-Toxin,0.0
KPC3_400,0.08,0.0,-0.5,0.0,Non-Toxin,0.0
KPC3_400_0,0.07,0.0,-0.5,0.0,Non-Toxin,0.0
KPC3_400_1,0.06,0.0,-0.5,0.0,Non-Toxin,0.0
KPC3_401,0.205,0.0,-0.5,0.0,Non-Toxin,0.0
KPC3_401_0,0.14,0.0,-0.5,0.0,Non-Toxin,0.0
KPC3_401_1,0.085,0.0,-0.5,0.0,Non-Toxin,0.0
KPC3_402,0.325,0.0,-0.5,0.0,Non-Toxin,0.0
KPC3_402_0,0.12,0.0,-0.5,0.0,Non-Toxin,0.0
KPC3_402_1,0.1,0.0,-0.5,0.0,Non-Toxin,0.0
KPC3_403,0.335,0.0,-0.5,0.0,Non-Toxin,0.0
KPC3_403_0,0.2,0.0,-0.5,0.0,Non-Toxin,0.0
KPC3_403_1,0.135,0.0,-0.5,0.0,Non-Toxin,0.0
KPC3_404,0.365,0.0,-0.5,0.0,Non-Toxin,0.0
KPC3_404_0,0.18,0.0,-0.5,0.0,Non-Toxin,0.0
KPC3_404_1,0.175,0.0,-0.5,0.0,Non-Toxin,0.0
KPC3_405,0.325,0.0,-0.5,0.0,Non-Toxin,0.0
KPC3_405_0,0.16,0.0,-0.5,0.0,Non-Toxin,0.0
KPC3_405_1,0.255,0.0,-0.5,0.0,Non-Toxin,0.0
KPC3_406,0.145,0.0,-0.5,0.0,Non-Toxin,0.0
KPC3_406_0,0.23,0.0,-0.5,0.0,Non-Toxin,0.0
KPC3_406_1,0.295,0.0,-0.5,0.0,Non-Toxin,0.0
KPC3_407,0.315,0.0,-0.5,0.0,Non-Toxin,0.0
KPC3_407_0,0.095,0.0,0.0,0.095,Non-Toxin,0.0
KPC3_407_1,0.165,0.0,-0.5,0.0,Non-Toxin,0.0
KPC3_408,0.24,0.0,-0.5,0.0,Non-Toxin,0.0
KPC3_408_0,0.235,0.0,-0.5,0.0,Non-Toxin,0.0
KPC3_408_1,0.07,0.0,-0.5,0.0,Non-Toxin,0.0
KPC3_409,0.19,0.0,-0.5,0.0,Non-Toxin,0.0
KPC3_409_0,0.135,0.0,-0.5,0.0,Non-Toxin,0.0
KPC3_409_1,0.08,0.0,-0.5,0.0,Non-Toxin,0.0
KPC3_410,0.335,0.0,-0.5,0.0,Non-Toxin,0.0
KPC3_410_0,0.115,0.0,-0.5,0.0,Non-Toxin,0.0
KPC3_410_1,0.12,0.0,0.0,0.12,Non-Toxin,0.0
KPC3_411,0.085,0.0,-0.5,0.0,Non-Toxin,0.0
KPC3_411_0,0.155,0.0,0.0,0.155,Non-Toxin,0.046
KPC3_411_1,0.15,0.0,-0.5,0.0,Non-Toxin,0.0
KPC3_412,0.075,0.0,-0.5,0.0,Non-Toxin,0.0
KPC3_412_0,0.24,0.0,-0.5,0.0,Non-Toxin,0.0
KPC3_412_1,0.125,0.0,-0.5,0.0,Non-Toxin,0.0
KPC3_413,0.38,0.0,-0.5,0.0,Non-Toxin,0.0
KPC3_413_0,0.16,0.0,0.0,0.16,Non-Toxin,0.053
KPC3_413_1,0.065,0.0,-0.5,0.0,Non-Toxin,0.0
KPC3_414,0.355,0.0,-0.5,0.0,Non-Toxin,0.0
KPC3_414_0,0.135,0.0,-0.5,0.0,Non-Toxin,0.0
KPC3_414_1,0.295,0.0,-0.5,0.0,Non-Toxin,0.0
KPC3_415,0.575,0.0,-0.5,0.075,Non-Toxin,0.0
KPC3_415_0,0.16,0.0,-0.5,0.0,Non-Toxin,0.0
KPC3_415_1,0.115,0.0,-0.5,0.0,Non-Toxin,0.0
KPC3_416,0.28,0.0,-0.5,0.0,Non-Toxin,0.0
KPC3_416_0,0.13,0.0,-0.5,0.0,Non-Toxin,0.0
KPC3_416_1,0.125,0.0,-0.5,0.0,Non-Toxin,0.0
KPC3_417,0.345,0.0,-0.5,0.0,Non-Toxin,0.0
KPC3_417_0,0.135,0.0,-0.5,0.0,Non-Toxin,0.0
KPC3_417_1,0.125,0.0,-0.5,0.0,Non-Toxin,0.0
KPC3_418,0.28,0.0,-0.5,0.0,Non-Toxin,0.0
KPC3_418_0,0.335,0.0,-0.5,0.0,Non-Toxin,0.0
KPC3_418_1,0.12,0.0,-0.5,0.0,Non-Toxin,0.0
KPC3_419,0.115,0.0,-0.5,0.0,Non-Toxin,0.0
KPC3_419_0,0.21,0.0,-0.5,0.0,Non-Toxin,0.0
KPC3_419_1,0.105,0.0,-0.5,0.0,Non-Toxin,0.0
KPC3_420,0.12,0.0,-0.5,0.0,Non-Toxin,0.0
KPC3_420_0,0.195,0.0,-0.5,0.0,Non-Toxin,0.0
KPC3_420_1,0.09,0.0,-0.5,0.0,Non-Toxin,0.0
KPC3_421,0.285,0.0,-0.5,0.0,Non-Toxin,0.0
KPC3_421_0,0.145,0.0,-0.5,0.0,Non-Toxin,0.0
KPC3_421_1,0.24,0.0,-0.5,0.0,Non-Toxin,0.0
KPC3_422,0.18,0.0,-0.5,0.0,Non-Toxin,0.0
KPC3_422_0,0.175,0.0,-0.5,0.0,Non-Toxin,0.0
KPC3_422_1,0.2,0.0,-0.5,0.0,Non-Toxin,0.0
KPC3_423,0.48,0.0,-0.5,0.0,Non-Toxin,0.0
KPC3_423_0,0.17,0.0,-0.5,0.0,Non-Toxin,0.0
KPC3_423_1,0.115,0.0,-0.5,0.0,Non-Toxin,0.0
KPC3_424,0.28,0.0,-0.5,0.0,Non-Toxin,0.0
KPC3_424_0,0.065,0.0,-0.5,0.0,Non-Toxin,0.0
KPC3_424_1,0.145,0.0,0.0,0.145,Non-Toxin,0.033
KPC3_425,0.19,0.0,-0.5,0.0,Non-Toxin,0.0
KPC3_425_0,0.145,0.0,0.0,0.145,Non-Toxin,0.033
KPC3_425_1,0.21,0.0,-0.5,0.0,Non-Toxin,0.0
KPC3_426,0.135,0.0,-0.5,0.0,Non-Toxin,0.0
KPC3_426_0,0.2,0.0,0.0,0.2,Non-Toxin,0.105
KPC3_426_1,0.195,0.0,-0.5,0.0,Non-Toxin,0.0
KPC3_427,0.26,0.0,-0.5,0.0,Non-Toxin,0.0
KPC3_427_0,0.095,0.0,-0.5,0.0,Non-Toxin,0.0
KPC3_427_1,0.11,0.0,-0.5,0.0,Non-Toxin,0.0
KPC3_428,0.175,0.0,-0.5,0.0,Non-Toxin,0.0
KPC3_428_0,0.125,0.0,-0.5,0.0,Non-Toxin,0.0
KPC3_428_1,0.125,0.0,0.0,0.125,Non-Toxin,0.007
KPC3_429,0.115,0.0,-0.5,0.0,Non-Toxin,0.0
KPC3_429_0,0.235,0.0,-0.5,0.0,Non-Toxin,0.0
KPC3_429_1,0.24,0.0,-0.5,0.0,Non-Toxin,0.0
KPC3_430,0.125,0.0,-0.5,0.0,Non-Toxin,0.0
KPC3_430_0,0.15,0.0,-0.5,0.0,Non-Toxin,0.0
KPC3_430_1,0.165,0.0,-0.5,0.0,Non-Toxin,0.0
KPC3_431,0.13,0.0,-0.5,0.0,Non-Toxin,0.0
KPC3_431_0,0.235,0.0,-0.5,0.0,Non-Toxin,0.0
KPC3_431_1,0.115,0.0,0.0,0.115,Non-Toxin,0.0
KPC3_432,0.36,0.0,0.0,0.36,Non-Toxin,0.314
KPC3_432_0,0.18,0.0,-0.5,0.0,Non-Toxin,0.0
KPC3_432_1,0.16,0.0,0.0,0.16,Non-Toxin,0.053
KPC3_433,0.57,0.0,-0.5,0.07,Non-Toxin,0.0
KPC3_433_0,0.19,0.0,0.0,0.19,Non-Toxin,0.092
KPC3_433_1,0.285,0.0,-0.5,0.0,Non-Toxin,0.0
KPC3_434,0.125,0.0,0.0,0.125,Non-Toxin,0.007
KPC3_434_0,0.21,0.0,0.0,0.21,Non-Toxin,0.118
KPC3_434_1,0.16,0.0,-0.5,0.0,Non-Toxin,0.0
KPC3_435,0.435,0.0,-0.5,0.0,Non-Toxin,0.0
KPC3_435_0,0.185,0.0,-0.5,0.0,Non-Toxin,0.0
KPC3_435_1,0.175,0.0,-0.5,0.0,Non-Toxin,0.0
KPC3_436,0.285,0.0,-0.5,0.0,Non-Toxin,0.0
KPC3_436_0,0.32,0.0,-0.5,0.0,Non-Toxin,0.0
KPC3_436_1,0.15,0.0,-0.5,0.0,Non-Toxin,0.0
KPC3_437,0.86,0.0,0.0,0.86,Toxin,0.967
KPC3_437_0,0.17,0.0,-0.5,0.0,Non-Toxin,0.0
KPC3_437_1,0.225,0.0,-0.5,0.0,Non-Toxin,0.0
KPC3_438,0.11,0.0,-0.5,0.0,Non-Toxin,0.0
KPC3_438_0,0.135,0.0,-0.5,0.0,Non-Toxin,0.0
KPC3_438_1,0.125,0.0,-0.5,0.0,Non-Toxin,0.0
KPC3_439,0.16,0.0,-0.5,0.0,Non-Toxin,0.0
KPC3_439_0,0.17,0.0,-0.5,0.0,Non-Toxin,0.0
KPC3_439_1,0.215,0.0,0.0,0.215,Non-Toxin,0.124
KPC3_440,0.2,0.0,-0.5,0.0,Non-Toxin,0.0
KPC3_440_0,0.2,0.0,0.0,0.2,Non-Toxin,0.105
KPC3_440_1,0.16,0.0,0.0,0.16,Non-Toxin,0.053
KPC3_441,0.94,0.5,-0.5,0.94,Toxin,1.0
KPC3_441_0,0.105,0.0,-0.5,0.0,Non-Toxin,0.0
KPC3_441_1,0.195,0.0,-0.5,0.0,Non-Toxin,0.0
KPC3_442,0.77,0.0,-0.5,0.27,Non-Toxin,0.196
KPC3_442_0,0.065,0.0,-0.5,0.0,Non-Toxin,0.0
KPC3_442_1,0.095,0.0,-0.5,0.0,Non-Toxin,0.0
KPC3_443,0.095,0.0,-0.5,0.0,Non-Toxin,0.0
KPC3_443_0,0.135,0.0,-0.5,0.0,Non-Toxin,0.0
KPC3_443_1,0.15,0.0,-0.5,0.0,Non-Toxin,0.0
KPC3_444,0.375,0.0,-0.5,0.0,Non-Toxin,0.0
KPC3_444_0,0.105,0.0,-0.5,0.0,Non-Toxin,0.0
KPC3_444_1,0.13,0.0,-0.5,0.0,Non-Toxin,0.0
KPC3_445,0.715,0.0,-0.5,0.215,Non-Toxin,0.124
KPC3_445_0,0.155,0.0,-0.5,0.0,Non-Toxin,0.0
KPC3_445_1,0.09,0.0,-0.5,0.0,Non-Toxin,0.0
KPC3_446,0.29,0.0,0.0,0.29,Non-Toxin,0.222
KPC3_446_0,0.26,0.0,-0.5,0.0,Non-Toxin,0.0
KPC3_446_1,0.295,0.0,-0.5,0.0,Non-Toxin,0.0
KPC3_447,0.4,0.0,-0.5,0.0,Non-Toxin,0.0
KPC3_447_0,0.07,0.0,-0.5,0.0,Non-Toxin,0.0
KPC3_447_1,0.145,0.0,-0.5,0.0,Non-Toxin,0.0
KPC3_448,0.365,0.0,-0.5,0.0,Non-Toxin,0.0
KPC3_448_0,0.09,0.0,-0.5,0.0,Non-Toxin,0.0
KPC3_448_1,0.215,0.0,-0.5,0.0,Non-Toxin,0.0
KPC3_449,0.625,0.0,-0.5,0.125,Non-Toxin,0.007
KPC3_449_0,0.1,0.0,-0.5,0.0,Non-Toxin,0.0
KPC3_449_1,0.1,0.0,-0.5,0.0,Non-Toxin,0.0
KPC3_450,0.41,0.0,-0.5,0.0,Non-Toxin,0.0
KPC3_450_0,0.11,0.0,-0.5,0.0,Non-Toxin,0.0
KPC3_450_1,0.135,0.0,-0.5,0.0,Non-Toxin,0.0
KPC3_451,0.08,0.0,-0.5,0.0,Non-Toxin,0.0
KPC3_451_0,0.115,0.0,-0.5,0.0,Non-Toxin,0.0
KPC3_451_1,0.08,0.0,-0.5,0.0,Non-Toxin,0.0
KPC3_452,0.235,0.5,-0.5,0.235,Non-Toxin,0.151
KPC3_452_0,0.155,0.0,-0.5,0.0,Non-Toxin,0.0
KPC3_452_1,0.275,0.0,-0.5,0.0,Non-Toxin,0.0
KPC3_453,0.48,0.0,-0.5,0.0,Non-Toxin,0.0
KPC3_453_0,0.12,0.0,-0.5,0.0,Non-Toxin,0.0
KPC3_453_1,0.13,0.0,-0.5,0.0,Non-Toxin,0.0
KPC3_454,0.165,0.0,0.0,0.165,Non-Toxin,0.059
KPC3_454_0,0.085,0.0,-0.5,0.0,Non-Toxin,0.0
KPC3_454_1,0.105,0.0,-0.5,0.0,Non-Toxin,0.0
KPC3_455,0.105,0.0,-0.5,0.0,Non-Toxin,0.0
KPC3_455_0,0.215,0.0,-0.5,0.0,Non-Toxin,0.0
KPC3_455_1,0.12,0.0,-0.5,0.0,Non-Toxin,0.0
KPC3_456,0.12,0.0,-0.5,0.0,Non-Toxin,0.0
KPC3_456_0,0.14,0.0,-0.5,0.0,Non-Toxin,0.0
KPC3_456_1,0.26,0.0,-0.5,0.0,Non-Toxin,0.0
KPC3_457,0.075,0.0,-0.5,0.0,Non-Toxin,0.0
KPC3_457_0,0.19,0.0,-0.5,0.0,Non-Toxin,0.0
KPC3_457_1,0.15,0.0,-0.5,0.0,Non-Toxin,0.0
KPC3_458,0.395,0.0,-0.5,0.0,Non-Toxin,0.0
KPC3_458_0,0.14,0.0,0.0,0.14,Non-Toxin,0.026
KPC3_458_1,0.025,0.0,-0.5,0.0,Non-Toxin,0.0
KPC3_459,0.505,0.0,-0.5,0.005,Non-Toxin,0.0
KPC3_459_0,0.145,0.0,-0.5,0.0,Non-Toxin,0.0
KPC3_459_1,0.18,0.0,-0.5,0.0,Non-Toxin,0.0
KPC3_460,0.165,0.0,0.0,0.165,Non-Toxin,0.059
KPC3_460_0,0.13,0.0,0.0,0.13,Non-Toxin,0.013
KPC3_460_1,0.165,0.0,-0.5,0.0,Non-Toxin,0.0
KPC3_461,0.185,0.0,-0.5,0.0,Non-Toxin,0.0
KPC3_461_0,0.145,0.0,-0.5,0.0,Non-Toxin,0.0
KPC3_461_1,0.255,0.0,-0.5,0.0,Non-Toxin,0.0
KPC3_462,0.305,0.0,-0.5,0.0,Non-Toxin,0.0
KPC3_462_0,0.155,0.0,-0.5,0.0,Non-Toxin,0.0
KPC3_462_1,0.175,0.0,-0.5,0.0,Non-Toxin,0.0
KPC3_463,0.41,0.0,-0.5,0.0,Non-Toxin,0.0
KPC3_463_0,0.06,0.0,0.0,0.06,Non-Toxin,0.0
KPC3_463_1,0.13,0.0,-0.5,0.0,Non-Toxin,0.0
KPC3_464,0.13,0.0,-0.5,0.0,Non-Toxin,0.0
KPC3_464_0,0.17,0.0,-0.5,0.0,Non-Toxin,0.0
KPC3_464_1,0.2,0.0,-0.5,0.0,Non-Toxin,0.0
KPC3_465,0.365,0.0,-0.5,0.0,Non-Toxin,0.0
KPC3_465_0,0.2,0.0,-0.5,0.0,Non-Toxin,0.0
KPC3_465_1,0.225,0.0,-0.5,0.0,Non-Toxin,0.0
KPC3_466,0.19,0.0,-0.5,0.0,Non-Toxin,0.0
KPC3_466_0,0.13,0.0,-0.5,0.0,Non-Toxin,0.0
KPC3_466_1,0.13,0.0,0.0,0.13,Non-Toxin,0.013
KPC3_467,0.16,0.0,-0.5,0.0,Non-Toxin,0.0
KPC3_467_0,0.175,0.0,0.0,0.175,Non-Toxin,0.072
KPC3_467_1,0.14,0.0,-0.5,0.0,Non-Toxin,0.0
KPC3_468,0.625,0.0,0.0,0.625,Toxin,0.66
KPC3_468_0,0.33,0.0,0.0,0.33,Non-Toxin,0.275
KPC3_468_1,0.345,0.0,0.0,0.345,Non-Toxin,0.294
KPC3_469,0.07,0.0,0.0,0.07,Non-Toxin,0.0
KPC3_469_0,0.23,0.0,0.0,0.23,Non-Toxin,0.144
KPC3_469_1,0.415,0.0,-0.5,0.0,Non-Toxin,0.0
KPC3_470,0.255,0.0,0.0,0.255,Non-Toxin,0.177
KPC3_470_0,0.185,0.0,0.0,0.185,Non-Toxin,0.085
KPC3_470_1,0.285,0.0,-0.5,0.0,Non-Toxin,0.0
KPC3_471,0.255,0.0,-0.5,0.0,Non-Toxin,0.0
KPC3_471_0,0.195,0.0,-0.5,0.0,Non-Toxin,0.0
KPC3_471_1,0.17,0.0,-0.5,0.0,Non-Toxin,0.0
KPC3_472,0.125,0.0,-0.5,0.0,Non-Toxin,0.0
KPC3_472_0,0.33,0.0,0.0,0.33,Non-Toxin,0.275
KPC3_472_1,0.345,0.0,-0.5,0.0,Non-Toxin,0.0
KPC3_473,0.285,0.0,-0.5,0.0,Non-Toxin,0.0
KPC3_473_0,0.17,0.0,-0.5,0.0,Non-Toxin,0.0
KPC3_473_1,0.16,0.0,0.0,0.16,Non-Toxin,0.053
KPC3_474,0.495,0.0,-0.5,0.0,Non-Toxin,0.0
KPC3_474_0,0.205,0.0,0.0,0.205,Non-Toxin,0.111
KPC3_474_1,0.145,0.0,-0.5,0.0,Non-Toxin,0.0
KPC3_475,0.13,0.0,-0.5,0.0,Non-Toxin,0.0
KPC3_475_0,0.15,0.0,-0.5,0.0,Non-Toxin,0.0
KPC3_475_1,0.18,0.0,-0.5,0.0,Non-Toxin,0.0
KPC3_476,0.255,0.0,0.0,0.255,Non-Toxin,0.177
KPC3_476_0,0.105,0.0,-0.5,0.0,Non-Toxin,0.0
KPC3_476_1,0.085,0.0,-0.5,0.0,Non-Toxin,0.0
KPC3_477,0.155,0.0,-0.5,0.0,Non-Toxin,0.0
KPC3_477_0,0.11,0.0,-0.5,0.0,Non-Toxin,0.0
KPC3_477_1,0.145,0.0,-0.5,0.0,Non-Toxin,0.0
KPC3_478,0.38,0.0,-0.5,0.0,Non-Toxin,0.0
KPC3_478_0,0.305,0.0,0.0,0.305,Non-Toxin,0.242
KPC3_478_1,0.305,0.0,-0.5,0.0,Non-Toxin,0.0
KPC3_479,0.38,0.0,-0.5,0.0,Non-Toxin,0.0
KPC3_479_0,0.15,0.0,-0.5,0.0,Non-Toxin,0.0
KPC3_479_1,0.18,0.0,-0.5,0.0,Non-Toxin,0.0
KPC3_480,0.225,0.0,-0.5,0.0,Non-Toxin,0.0
KPC3_480_0,0.125,0.0,-0.5,0.0,Non-Toxin,0.0
KPC3_480_1,0.135,0.0,-0.5,0.0,Non-Toxin,0.0
KPC3_481,0.205,0.0,-0.5,0.0,Non-Toxin,0.0
KPC3_481_0,0.105,0.0,-0.5,0.0,Non-Toxin,0.0
KPC3_481_1,0.125,0.0,-0.5,0.0,Non-Toxin,0.0
KPC3_482,0.29,0.0,-0.5,0.0,Non-Toxin,0.0
KPC3_482_0,0.145,0.0,-0.5,0.0,Non-Toxin,0.0
KPC3_482_1,0.12,0.0,-0.5,0.0,Non-Toxin,0.0
KPC3_483,0.255,0.0,-0.5,0.0,Non-Toxin,0.0
KPC3_483_0,0.095,0.0,-0.5,0.0,Non-Toxin,0.0
KPC3_483_1,0.075,0.0,-0.5,0.0,Non-Toxin,0.0
KPC3_484,0.35,0.0,0.0,0.35,Non-Toxin,0.301
KPC3_484_0,0.16,0.0,-0.5,0.0,Non-Toxin,0.0
KPC3_484_1,0.17,0.0,-0.5,0.0,Non-Toxin,0.0
KPC3_485,0.785,0.0,-0.5,0.285,Non-Toxin,0.216
KPC3_485_0,0.14,0.0,-0.5,0.0,Non-Toxin,0.0
KPC3_485_1,0.13,0.0,-0.5,0.0,Non-Toxin,0.0
KPC3_486,0.095,0.0,-0.5,0.0,Non-Toxin,0.0
KPC3_486_0,0.1,0.0,-0.5,0.0,Non-Toxin,0.0
KPC3_486_1,0.165,0.0,-0.5,0.0,Non-Toxin,0.0
KPC3_487,0.185,0.0,-0.5,0.0,Non-Toxin,0.0
KPC3_487_0,0.305,0.0,-0.5,0.0,Non-Toxin,0.0
KPC3_487_1,0.275,0.0,-0.5,0.0,Non-Toxin,0.0
KPC3_488,0.335,0.0,-0.5,0.0,Non-Toxin,0.0
KPC3_488_0,0.105,0.0,-0.5,0.0,Non-Toxin,0.0
KPC3_488_1,0.175,0.0,-0.5,0.0,Non-Toxin,0.0
KPC3_489,0.545,0.0,-0.5,0.045,Non-Toxin,0.0
KPC3_489_0,0.095,0.0,-0.5,0.0,Non-Toxin,0.0
KPC3_489_1,0.155,0.0,-0.5,0.0,Non-Toxin,0.0
KPC3_490,0.07,0.0,0.0,0.07,Non-Toxin,0.0
KPC3_490_0,0.16,0.0,-0.5,0.0,Non-Toxin,0.0
KPC3_490_1,0.15,0.0,-0.5,0.0,Non-Toxin,0.0
KPC3_491,0.74,0.0,-0.5,0.24,Non-Toxin,0.157
KPC3_491_0,0.175,0.0,-0.5,0.0,Non-Toxin,0.0
KPC3_491_1,0.16,0.0,0.0,0.16,Non-Toxin,0.053
KPC3_492,0.205,0.0,0.0,0.205,Non-Toxin,0.111
KPC3_492_0,0.175,0.0,-0.5,0.0,Non-Toxin,0.0
KPC3_492_1,0.21,0.0,-0.5,0.0,Non-Toxin,0.0
KPC3_493,0.075,0.0,0.0,0.075,Non-Toxin,0.0
KPC3_493_0,0.16,0.0,-0.5,0.0,Non-Toxin,0.0
KPC3_493_1,0.17,0.0,0.0,0.17,Non-Toxin,0.066
KPC3_494,0.465,0.0,-0.5,0.0,Non-Toxin,0.0
KPC3_494_0,0.185,0.0,0.0,0.185,Non-Toxin,0.085
KPC3_494_1,0.22,0.0,-0.5,0.0,Non-Toxin,0.0
KPC3_495,0.1,0.0,-0.5,0.0,Non-Toxin,0.0
KPC3_495_0,0.25,0.0,0.0,0.25,Non-Toxin,0.17
KPC3_495_1,0.165,0.0,0.0,0.165,Non-Toxin,0.059
KPC3_496,0.11,0.0,0.0,0.11,Non-Toxin,0.0
KPC3_496_0,0.09,0.0,-0.5,0.0,Non-Toxin,0.0
KPC3_496_1,0.165,0.0,-0.5,0.0,Non-Toxin,0.0
KPC3_497,0.25,0.0,-0.5,0.0,Non-Toxin,0.0
KPC3_497_0,0.165,0.0,-0.5,0.0,Non-Toxin,0.0
KPC3_497_1,0.17,0.0,-0.5,0.0,Non-Toxin,0.0
KPC3_498,0.12,0.0,-0.5,0.0,Non-Toxin,0.0
KPC3_498_0,0.095,0.0,-0.5,0.0,Non-Toxin,0.0
KPC3_498_1,0.495,0.0,-0.5,0.0,Non-Toxin,0.0
KPC3_499,0.19,0.0,0.0,0.19,Non-Toxin,0.092
KPC3_499_0,0.2,0.0,-0.5,0.0,Non-Toxin,0.0
KPC3_499_1,0.115,0.0,-0.5,0.0,Non-Toxin,0.0
KPC3_500,0.31,0.0,-0.5,0.0,Non-Toxin,0.0
KPC3_500_0,0.145,0.0,-0.5,0.0,Non-Toxin,0.0
KPC3_500_1,0.075,0.0,-0.5,0.0,Non-Toxin,0.0
KPC3_501,0.535,0.0,-0.5,0.035,Non-Toxin,0.0
KPC3_501_0,0.11,0.0,-0.5,0.0,Non-Toxin,0.0
KPC3_501_1,0.165,0.0,-0.5,0.0,Non-Toxin,0.0
KPC3_502,0.315,0.0,-0.5,0.0,Non-Toxin,0.0
KPC3_502_0,0.145,0.0,-0.5,0.0,Non-Toxin,0.0
KPC3_502_1,0.17,0.0,0.0,0.17,Non-Toxin,0.066
KPC3_503,0.13,0.0,-0.5,0.0,Non-Toxin,0.0
KPC3_503_0,0.16,0.0,-0.5,0.0,Non-Toxin,0.0
KPC3_503_1,0.115,0.0,-0.5,0.0,Non-Toxin,0.0
KPC3_504,0.115,0.0,-0.5,0.0,Non-Toxin,0.0
KPC3_504_0,0.155,0.0,-0.5,0.0,Non-Toxin,0.0
KPC3_504_1,0.175,0.0,-0.5,0.0,Non-Toxin,0.0
KPC3_505,0.38,0.0,-0.5,0.0,Non-Toxin,0.0
KPC3_505_0,0.19,0.0,-0.5,0.0,Non-Toxin,0.0
KPC3_505_1,0.155,0.0,-0.5,0.0,Non-Toxin,0.0
KPC3_506,0.32,0.0,-0.5,0.0,Non-Toxin,0.0
KPC3_506_0,0.26,0.0,-0.5,0.0,Non-Toxin,0.0
KPC3_506_1,0.22,0.0,-0.5,0.0,Non-Toxin,0.0
KPC3_507,0.16,0.0,0.0,0.16,Non-Toxin,0.053
KPC3_507_0,0.14,0.0,-0.5,0.0,Non-Toxin,0.0
KPC3_507_1,0.105,0.0,-0.5,0.0,Non-Toxin,0.0
KPC3_508,0.23,0.0,-0.5,0.0,Non-Toxin,0.0
KPC3_508_0,0.19,0.0,-0.5,0.0,Non-Toxin,0.0
KPC3_508_1,0.225,0.0,-0.5,0.0,Non-Toxin,0.0
KPC3_509,0.18,0.0,-0.5,0.0,Non-Toxin,0.0
KPC3_509_0,0.23,0.0,-0.5,0.0,Non-Toxin,0.0
KPC3_509_1,0.305,0.0,-0.5,0.0,Non-Toxin,0.0
KPC3_510,0.25,0.0,-0.5,0.0,Non-Toxin,0.0
KPC3_510_0,0.105,0.0,-0.5,0.0,Non-Toxin,0.0
KPC3_510_1,0.11,0.0,-0.5,0.0,Non-Toxin,0.0
KPC3_511,0.15,0.0,0.0,0.15,Non-Toxin,0.039
KPC3_511_0,0.21,0.0,-0.5,0.0,Non-Toxin,0.0
KPC3_511_1,0.18,0.0,-0.5,0.0,Non-Toxin,0.0
KPC3_512,0.245,0.0,-0.5,0.0,Non-Toxin,0.0
KPC3_512_0,0.18,0.0,0.0,0.18,Non-Toxin,0.079
KPC3_512_1,0.235,0.0,-0.5,0.0,Non-Toxin,0.0
KPC3_513,0.08,0.0,-0.5,0.0,Non-Toxin,0.0
KPC3_513_0,0.27,0.0,-0.5,0.0,Non-Toxin,0.0
KPC3_513_1,0.265,0.0,-0.5,0.0,Non-Toxin,0.0
KPC3_514,0.275,0.0,-0.5,0.0,Non-Toxin,0.0
KPC3_514_0,0.135,0.0,-0.5,0.0,Non-Toxin,0.0
KPC3_514_1,0.195,0.0,-0.5,0.0,Non-Toxin,0.0
KPC3_515,0.18,0.0,-0.5,0.0,Non-Toxin,0.0
KPC3_515_0,0.125,0.0,0.0,0.125,Non-Toxin,0.007
KPC3_515_1,0.185,0.0,-0.5,0.0,Non-Toxin,0.0
KPC3_516,0.15,0.0,-0.5,0.0,Non-Toxin,0.0
KPC3_516_0,0.145,0.0,-0.5,0.0,Non-Toxin,0.0
KPC3_516_1,0.115,0.0,0.0,0.115,Non-Toxin,0.0
KPC3_517,0.2,0.0,-0.5,0.0,Non-Toxin,0.0
KPC3_517_0,0.08,0.0,0.0,0.08,Non-Toxin,0.0
KPC3_517_1,0.12,0.0,0.0,0.12,Non-Toxin,0.0
KPC3_518,0.45,0.0,-0.5,0.0,Non-Toxin,0.0
KPC3_518_0,0.135,0.0,-0.5,0.0,Non-Toxin,0.0
KPC3_518_1,0.1,0.0,-0.5,0.0,Non-Toxin,0.0
KPC3_519,0.36,0.0,-0.5,0.0,Non-Toxin,0.0
KPC3_519_0,0.14,0.0,0.0,0.14,Non-Toxin,0.026
KPC3_519_1,0.205,0.0,-0.5,0.0,Non-Toxin,0.0
KPC3_520,0.09,0.0,-0.5,0.0,Non-Toxin,0.0
KPC3_520_0,0.14,0.0,-0.5,0.0,Non-Toxin,0.0
KPC3_520_1,0.145,0.0,-0.5,0.0,Non-Toxin,0.0
KPC3_521,0.255,0.0,-0.5,0.0,Non-Toxin,0.0
KPC3_521_0,0.08,0.0,-0.5,0.0,Non-Toxin,0.0
KPC3_521_1,0.105,0.0,-0.5,0.0,Non-Toxin,0.0
KPC3_522,0.365,0.0,-0.5,0.0,Non-Toxin,0.0
KPC3_522_0,0.09,0.0,-0.5,0.0,Non-Toxin,0.0
KPC3_522_1,0.11,0.0,-0.5,0.0,Non-Toxin,0.0
KPC3_523,0.135,0.0,-0.5,0.0,Non-Toxin,0.0
KPC3_523_0,0.185,0.0,-0.5,0.0,Non-Toxin,0.0
KPC3_523_1,0.085,0.0,-0.5,0.0,Non-Toxin,0.0
KPC3_524,0.255,0.0,-0.5,0.0,Non-Toxin,0.0
KPC3_524_0,0.195,0.0,-0.5,0.0,Non-Toxin,0.0
KPC3_524_1,0.215,0.0,-0.5,0.0,Non-Toxin,0.0
KPC3_525,0.29,0.0,-0.5,0.0,Non-Toxin,0.0
KPC3_525_0,0.155,0.0,-0.5,0.0,Non-Toxin,0.0
KPC3_525_1,0.2,0.0,-0.5,0.0,Non-Toxin,0.0
KPC3_526,0.075,0.0,-0.5,0.0,Non-Toxin,0.0
KPC3_526_0,0.07,0.0,-0.5,0.0,Non-Toxin,0.0
KPC3_526_1,0.06,0.0,-0.5,0.0,Non-Toxin,0.0
KPC3_527,0.275,0.0,-0.5,0.0,Non-Toxin,0.0
KPC3_527_0,0.105,0.0,0.0,0.105,Non-Toxin,0.0
KPC3_527_1,0.315,0.0,-0.5,0.0,Non-Toxin,0.0
KPC3_528,0.355,0.0,-0.5,0.0,Non-Toxin,0.0
KPC3_528_0,0.11,0.0,-0.5,0.0,Non-Toxin,0.0
KPC3_528_1,0.075,0.0,-0.5,0.0,Non-Toxin,0.0
KPC3_529,0.175,0.0,-0.5,0.0,Non-Toxin,0.0
KPC3_529_0,0.13,0.0,-0.5,0.0,Non-Toxin,0.0
KPC3_529_1,0.24,0.0,-0.5,0.0,Non-Toxin,0.0
KPC3_530,0.2,0.0,-0.5,0.0,Non-Toxin,0.0
KPC3_530_0,0.295,0.0,-0.5,0.0,Non-Toxin,0.0
KPC3_530_1,0.26,0.0,-0.5,0.0,Non-Toxin,0.0
KPC3_531,0.335,0.0,0.0,0.335,Non-Toxin,0.281
KPC3_531_0,0.215,0.0,-0.5,0.0,Non-Toxin,0.0
KPC3_531_1,0.205,0.0,-0.5,0.0,Non-Toxin,0.0
KPC3_532,0.265,0.0,-0.5,0.0,Non-Toxin,0.0
KPC3_532_0,0.13,0.0,-0.5,0.0,Non-Toxin,0.0
KPC3_532_1,0.155,0.0,-0.5,0.0,Non-Toxin,0.0
KPC3_533,0.175,0.0,-0.5,0.0,Non-Toxin,0.0
KPC3_533_0,0.15,0.0,-0.5,0.0,Non-Toxin,0.0
KPC3_533_1,0.205,0.0,-0.5,0.0,Non-Toxin,0.0
KPC3_534,0.22,0.0,-0.5,0.0,Non-Toxin,0.0
KPC3_534_0,0.26,0.0,-0.5,0.0,Non-Toxin,0.0
KPC3_534_1,0.205,0.0,-0.5,0.0,Non-Toxin,0.0
KPC3_535,0.465,0.0,-0.5,0.0,Non-Toxin,0.0
KPC3_535_0,0.04,0.0,-0.5,0.0,Non-Toxin,0.0
KPC3_535_1,0.1,0.0,-0.5,0.0,Non-Toxin,0.0
KPC3_536,0.375,0.0,-0.5,0.0,Non-Toxin,0.0
KPC3_536_0,0.1,0.0,-0.5,0.0,Non-Toxin,0.0
KPC3_536_1,0.225,0.0,-0.5,0.0,Non-Toxin,0.0
KPC3_537,0.135,0.0,-0.5,0.0,Non-Toxin,0.0
KPC3_537_0,0.165,0.0,-0.5,0.0,Non-Toxin,0.0
KPC3_537_1,0.29,0.0,-0.5,0.0,Non-Toxin,0.0
KPC3_538,0.475,0.0,0.0,0.475,Toxin,0.464
KPC3_538_0,0.155,0.0,-0.5,0.0,Non-Toxin,0.0
KPC3_538_1,0.105,0.0,-0.5,0.0,Non-Toxin,0.0
KPC3_539,0.115,0.0,-0.5,0.0,Non-Toxin,0.0
KPC3_539_0,0.135,0.0,-0.5,0.0,Non-Toxin,0.0
KPC3_539_1,0.155,0.0,-0.5,0.0,Non-Toxin,0.0
KPC3_540,0.14,0.0,-0.5,0.0,Non-Toxin,0.0
KPC3_540_0,0.22,0.0,-0.5,0.0,Non-Toxin,0.0
KPC3_540_1,0.34,0.0,-0.5,0.0,Non-Toxin,0.0
KPC3_541,0.095,0.0,-0.5,0.0,Non-Toxin,0.0
KPC3_541_0,0.13,0.0,-0.5,0.0,Non-Toxin,0.0
KPC3_541_1,0.15,0.0,-0.5,0.0,Non-Toxin,0.0
KPC3_542,0.12,0.0,-0.5,0.0,Non-Toxin,0.0
KPC3_542_0,0.155,0.0,-0.5,0.0,Non-Toxin,0.0
KPC3_542_1,0.12,0.0,0.0,0.12,Non-Toxin,0.0
KPC3_543,0.495,0.0,0.0,0.495,Toxin,0.49
KPC3_543_0,0.205,0.0,0.0,0.205,Non-Toxin,0.111
KPC3_543_1,0.115,0.0,-0.5,0.0,Non-Toxin,0.0
KPC3_544,0.12,0.0,-0.5,0.0,Non-Toxin,0.0
KPC3_544_0,0.155,0.0,-0.5,0.0,Non-Toxin,0.0
KPC3_544_1,0.215,0.0,-0.5,0.0,Non-Toxin,0.0
KPC3_545,0.09,0.0,0.0,0.09,Non-Toxin,0.0
KPC3_545_0,0.135,0.0,-0.5,0.0,Non-Toxin,0.0
KPC3_545_1,0.165,0.0,-0.5,0.0,Non-Toxin,0.0
KPC3_546,0.405,0.0,0.0,0.405,Toxin,0.373
KPC3_546_0,0.21,0.0,-0.5,0.0,Non-Toxin,0.0
KPC3_546_1,0.125,0.0,0.0,0.125,Non-Toxin,0.007
KPC3_547,0.21,0.0,-0.5,0.0,Non-Toxin,0.0
KPC3_547_0,0.305,0.0,0.0,0.305,Non-Toxin,0.242
KPC3_547_1,0.27,0.0,0.0,0.27,Non-Toxin,0.196
KPC3_548,0.245,0.0,0.0,0.245,Non-Toxin,0.164
KPC3_548_0,0.17,0.0,0.0,0.17,Non-Toxin,0.066
KPC3_548_1,0.205,0.0,0.0,0.205,Non-Toxin,0.111
KPC3_549,0.12,0.0,0.0,0.12,Non-Toxin,0.0
KPC3_549_0,0.16,0.0,0.0,0.16,Non-Toxin,0.053
KPC3_549_1,0.155,0.0,-0.5,0.0,Non-Toxin,0.0
KPC3_550,0.09,0.0,0.0,0.09,Non-Toxin,0.0
KPC3_550_0,0.325,0.0,-0.5,0.0,Non-Toxin,0.0
KPC3_550_1,0.345,0.0,0.0,0.345,Non-Toxin,0.294
KPC3_551,0.235,0.0,-0.5,0.0,Non-Toxin,0.0
KPC3_551_0,0.135,0.0,-0.5,0.0,Non-Toxin,0.0
KPC3_551_1,0.125,0.0,-0.5,0.0,Non-Toxin,0.0
KPC3_552,0.145,0.0,-0.5,0.0,Non-Toxin,0.0
KPC3_552_0,0.105,0.0,-0.5,0.0,Non-Toxin,0.0
KPC3_552_1,0.14,0.0,-0.5,0.0,Non-Toxin,0.0
KPC3_553,0.135,0.0,-0.5,0.0,Non-Toxin,0.0
KPC3_553_0,0.23,0.0,0.0,0.23,Non-Toxin,0.144
KPC3_553_1,0.285,0.0,-0.5,0.0,Non-Toxin,0.0
KPC3_554,0.515,0.0,-0.5,0.015,Non-Toxin,0.0
KPC3_554_0,0.21,0.0,-0.5,0.0,Non-Toxin,0.0
KPC3_554_1,0.265,0.0,0.0,0.265,Non-Toxin,0.19
KPC3_555,0.825,0.0,-0.5,0.325,Non-Toxin,0.268
KPC3_555_0,0.15,0.0,0.0,0.15,Non-Toxin,0.039
KPC3_555_1,0.2,0.0,0.0,0.2,Non-Toxin,0.105
KPC3_556,0.135,0.0,0.0,0.135,Non-Toxin,0.02
KPC3_556_0,0.155,0.0,0.0,0.155,Non-Toxin,0.046
KPC3_556_1,0.155,0.0,0.0,0.155,Non-Toxin,0.046
KPC3_557,0.17,0.0,-0.5,0.0,Non-Toxin,0.0
KPC3_557_0,0.225,0.0,0.0,0.225,Non-Toxin,0.137
KPC3_557_1,0.195,0.0,-0.5,0.0,Non-Toxin,0.0
KPC3_558,0.495,0.0,-0.5,0.0,Non-Toxin,0.0
KPC3_558_0,0.17,0.0,-0.5,0.0,Non-Toxin,0.0
KPC3_558_1,0.185,0.0,-0.5,0.0,Non-Toxin,0.0
KPC3_559,0.22,0.0,-0.5,0.0,Non-Toxin,0.0
KPC3_559_0,0.09,0.0,-0.5,0.0,Non-Toxin,0.0
KPC3_559_1,0.065,0.0,-0.5,0.0,Non-Toxin,0.0
KPC3_560,0.34,0.0,-0.5,0.0,Non-Toxin,0.0
KPC3_560_0,0.12,0.0,-0.5,0.0,Non-Toxin,0.0
KPC3_560_1,0.115,0.0,-0.5,0.0,Non-Toxin,0.0
KPC3_561,0.12,0.0,-0.5,0.0,Non-Toxin,0.0
KPC3_561_0,0.075,0.0,-0.5,0.0,Non-Toxin,0.0
KPC3_561_1,0.14,0.0,-0.5,0.0,Non-Toxin,0.0
KPC3_562,0.36,0.0,-0.5,0.0,Non-Toxin,0.0
KPC3_562_0,0.255,0.0,-0.5,0.0,Non-Toxin,0.0
KPC3_562_1,0.305,0.0,-0.5,0.0,Non-Toxin,0.0
KPC3_563,0.12,0.0,-0.5,0.0,Non-Toxin,0.0
KPC3_563_0,0.24,0.0,-0.5,0.0,Non-Toxin,0.0
KPC3_563_1,0.135,0.0,-0.5,0.0,Non-Toxin,0.0
KPC3_564,0.14,0.0,0.0,0.14,Non-Toxin,0.026
KPC3_564_0,0.095,0.0,-0.5,0.0,Non-Toxin,0.0
KPC3_564_1,0.12,0.0,-0.5,0.0,Non-Toxin,0.0
KPC3_565,0.15,0.0,-0.5,0.0,Non-Toxin,0.0
KPC3_565_0,0.23,0.0,-0.5,0.0,Non-Toxin,0.0
KPC3_565_1,0.185,0.0,-0.5,0.0,Non-Toxin,0.0
KPC3_566,0.365,0.0,0.0,0.365,Non-Toxin,0.32
KPC3_566_0,0.23,0.0,-0.5,0.0,Non-Toxin,0.0
KPC3_566_1,0.33,0.0,0.0,0.33,Non-Toxin,0.275
KPC3_567,0.235,0.0,0.0,0.235,Non-Toxin,0.151
KPC3_567_0,0.205,0.0,0.0,0.205,Non-Toxin,0.111
KPC3_567_1,0.21,0.0,0.0,0.21,Non-Toxin,0.118
KPC3_568,0.2,0.0,-0.5,0.0,Non-Toxin,0.0
KPC3_568_0,0.275,0.0,0.0,0.275,Non-Toxin,0.203
KPC3_568_1,0.15,0.0,0.0,0.15,Non-Toxin,0.039
KPC3_569,0.16,0.0,-0.5,0.0,Non-Toxin,0.0
KPC3_569_0,0.165,0.0,-0.5,0.0,Non-Toxin,0.0
KPC3_569_1,0.2,0.0,-0.5,0.0,Non-Toxin,0.0
KPC3_570,0.1,0.0,-0.5,0.0,Non-Toxin,0.0
KPC3_570_0,0.16,0.0,-0.5,0.0,Non-Toxin,0.0
KPC3_570_1,0.195,0.0,0.0,0.195,Non-Toxin,0.098
KPC3_571,0.26,0.0,-0.5,0.0,Non-Toxin,0.0
KPC3_571_0,0.335,0.0,0.0,0.335,Non-Toxin,0.281
KPC3_571_1,0.255,0.0,-0.5,0.0,Non-Toxin,0.0
KPC3_572,0.145,0.0,-0.5,0.0,Non-Toxin,0.0
KPC3_572_0,0.205,0.0,-0.5,0.0,Non-Toxin,0.0
KPC3_572_1,0.12,0.0,0.0,0.12,Non-Toxin,0.0
KPC3_573,0.13,0.0,-0.5,0.0,Non-Toxin,0.0
KPC3_573_0,0.13,0.0,-0.5,0.0,Non-Toxin,0.0
KPC3_573_1,0.26,0.0,0.0,0.26,Non-Toxin,0.183
KPC3_574,0.335,0.0,-0.5,0.0,Non-Toxin,0.0
KPC3_574_0,0.12,0.0,0.0,0.12,Non-Toxin,0.0
KPC3_574_1,0.295,0.0,-0.5,0.0,Non-Toxin,0.0
KPC3_575,0.55,0.0,0.0,0.55,Toxin,0.562
KPC3_575_0,0.235,0.0,-0.5,0.0,Non-Toxin,0.0
KPC3_575_1,0.16,0.0,-0.5,0.0,Non-Toxin,0.0
KPC3_576,0.12,0.0,0.0,0.12,Non-Toxin,0.0
KPC3_576_0,0.125,0.0,0.0,0.125,Non-Toxin,0.007
KPC3_576_1,0.12,0.0,-0.5,0.0,Non-Toxin,0.0
KPC3_577,0.135,0.0,0.0,0.135,Non-Toxin,0.02
KPC3_577_0,0.11,0.0,-0.5,0.0,Non-Toxin,0.0
KPC3_577_1,0.14,0.0,0.0,0.14,Non-Toxin,0.026
KPC3_578,0.265,0.0,-0.5,0.0,Non-Toxin,0.0
KPC3_578_0,0.245,0.0,-0.5,0.0,Non-Toxin,0.0
KPC3_578_1,0.35,0.0,-0.5,0.0,Non-Toxin,0.0
KPC3_579,0.345,0.0,-0.5,0.0,Non-Toxin,0.0
KPC3_579_0,0.12,0.0,-0.5,0.0,Non-Toxin,0.0
KPC3_579_1,0.155,0.0,-0.5,0.0,Non-Toxin,0.0
KPC3_580,0.195,0.0,-0.5,0.0,Non-Toxin,0.0
KPC3_580_0,0.15,0.0,-0.5,0.0,Non-Toxin,0.0
KPC3_580_1,0.195,0.0,-0.5,0.0,Non-Toxin,0.0
KPC3_581,0.115,0.0,-0.5,0.0,Non-Toxin,0.0
KPC3_581_0,0.175,0.0,-0.5,0.0,Non-Toxin,0.0
KPC3_581_1,0.125,0.0,0.0,0.125,Non-Toxin,0.007
KPC3_582,0.395,0.0,-0.5,0.0,Non-Toxin,0.0
KPC3_582_0,0.12,0.0,-0.5,0.0,Non-Toxin,0.0
KPC3_582_1,0.115,0.0,-0.5,0.0,Non-Toxin,0.0
KPC3_583,0.105,0.0,0.0,0.105,Non-Toxin,0.0
KPC3_583_0,0.05,0.0,-0.5,0.0,Non-Toxin,0.0
KPC3_583_1,0.11,0.0,-0.5,0.0,Non-Toxin,0.0
KPC3_584,0.2,0.0,-0.5,0.0,Non-Toxin,0.0
KPC3_584_0,0.125,0.0,-0.5,0.0,Non-Toxin,0.0
KPC3_584_1,0.125,0.0,-0.5,0.0,Non-Toxin,0.0
KPC3_585,0.14,0.0,-0.5,0.0,Non-Toxin,0.0
KPC3_585_0,0.095,0.0,-0.5,0.0,Non-Toxin,0.0
KPC3_585_1,0.14,0.0,-0.5,0.0,Non-Toxin,0.0
KPC3_586,0.305,0.0,-0.5,0.0,Non-Toxin,0.0
KPC3_586_0,0.205,0.0,-0.5,0.0,Non-Toxin,0.0
KPC3_586_1,0.115,0.0,-0.5,0.0,Non-Toxin,0.0
KPC3_587,0.185,0.0,-0.5,0.0,Non-Toxin,0.0
KPC3_587_0,0.135,0.0,-0.5,0.0,Non-Toxin,0.0
KPC3_587_1,0.095,0.0,-0.5,0.0,Non-Toxin,0.0
KPC3_588,0.36,0.0,-0.5,0.0,Non-Toxin,0.0
KPC3_588_0,0.12,0.0,-0.5,0.0,Non-Toxin,0.0
KPC3_588_1,0.14,0.0,-0.5,0.0,Non-Toxin,0.0
KPC3_589,0.33,0.0,-0.5,0.0,Non-Toxin,0.0
KPC3_589_0,0.215,0.0,0.0,0.215,Non-Toxin,0.124
KPC3_589_1,0.095,0.0,-0.5,0.0,Non-Toxin,0.0
KPC3_590,0.64,0.0,-0.5,0.14,Non-Toxin,0.026
KPC3_590_0,0.15,0.0,-0.5,0.0,Non-Toxin,0.0
KPC3_590_1,0.125,0.0,-0.5,0.0,Non-Toxin,0.0
KPC3_591,0.15,0.0,-0.5,0.0,Non-Toxin,0.0
KPC3_591_0,0.135,0.0,-0.5,0.0,Non-Toxin,0.0
KPC3_591_1,0.115,0.0,-0.5,0.0,Non-Toxin,0.0
KPC3_592,0.125,0.0,-0.5,0.0,Non-Toxin,0.0
KPC3_592_0,0.24,0.0,-0.5,0.0,Non-Toxin,0.0
KPC3_592_1,0.22,0.0,-0.5,0.0,Non-Toxin,0.0
KPC3_593,0.345,0.0,-0.5,0.0,Non-Toxin,0.0
KPC3_593_0,0.11,0.0,-0.5,0.0,Non-Toxin,0.0
KPC3_593_1,0.065,0.0,-0.5,0.0,Non-Toxin,0.0
KPC3_594,0.58,0.0,-0.5,0.08,Non-Toxin,0.0
KPC3_594_0,0.265,0.0,-0.5,0.0,Non-Toxin,0.0
KPC3_594_1,0.18,0.0,-0.5,0.0,Non-Toxin,0.0
KPC3_595,0.095,0.0,-0.5,0.0,Non-Toxin,0.0
KPC3_595_0,0.17,0.0,-0.5,0.0,Non-Toxin,0.0
KPC3_595_1,0.18,0.0,-0.5,0.0,Non-Toxin,0.0
KPC3_596,0.51,0.0,-0.5,0.01,Non-Toxin,0.0
KPC3_596_0,0.25,0.0,-0.5,0.0,Non-Toxin,0.0
KPC3_596_1,0.345,0.0,-0.5,0.0,Non-Toxin,0.0
KPC3_597,0.08,0.0,-0.5,0.0,Non-Toxin,0.0
KPC3_597_0,0.145,0.0,-0.5,0.0,Non-Toxin,0.0
KPC3_597_1,0.16,0.0,-0.5,0.0,Non-Toxin,0.0
KPC3_598,0.66,0.0,-0.5,0.16,Non-Toxin,0.053
KPC3_598_0,0.12,0.0,-0.5,0.0,Non-Toxin,0.0
KPC3_598_1,0.13,0.0,0.0,0.13,Non-Toxin,0.013
KPC3_599,0.135,0.0,-0.5,0.0,Non-Toxin,0.0
KPC3_599_0,0.17,0.0,-0.5,0.0,Non-Toxin,0.0
KPC3_599_1,0.17,0.0,-0.5,0.0,Non-Toxin,0.0
KPC3_600,0.25,0.0,0.0,0.25,Non-Toxin,0.17
KPC3_600_0,0.13,0.0,0.0,0.13,Non-Toxin,0.013
KPC3_600_1,0.155,0.0,-0.5,0.0,Non-Toxin,0.0
KPC3_601,0.16,0.0,-0.5,0.0,Non-Toxin,0.0
KPC3_601_0,0.315,0.0,-0.5,0.0,Non-Toxin,0.0
KPC3_601_1,0.3,0.0,-0.5,0.0,Non-Toxin,0.0
KPC3_602,0.715,0.0,-0.5,0.215,Non-Toxin,0.124
KPC3_602_0,0.145,0.0,-0.5,0.0,Non-Toxin,0.0
KPC3_602_1,0.07,0.0,-0.5,0.0,Non-Toxin,0.0
KPC3_603,0.065,0.5,-0.5,0.065,Non-Toxin,0.0
KPC3_603_0,0.2,0.0,-0.5,0.0,Non-Toxin,0.0
KPC3_603_1,0.205,0.0,-0.5,0.0,Non-Toxin,0.0
KPC3_604,0.165,0.0,0.0,0.165,Non-Toxin,0.059
KPC3_604_0,0.1,0.0,-0.5,0.0,Non-Toxin,0.0
KPC3_604_1,0.055,0.0,-0.5,0.0,Non-Toxin,0.0
KPC3_605,0.485,0.0,-0.5,0.0,Non-Toxin,0.0
KPC3_605_0,0.145,0.0,0.0,0.145,Non-Toxin,0.033
KPC3_605_1,0.19,0.0,-0.5,0.0,Non-Toxin,0.0
KPC3_606,0.365,0.0,-0.5,0.0,Non-Toxin,0.0
KPC3_606_0,0.14,0.0,-0.5,0.0,Non-Toxin,0.0
KPC3_606_1,0.2,0.0,-0.5,0.0,Non-Toxin,0.0
KPC3_607,0.15,0.0,0.0,0.15,Non-Toxin,0.039
KPC3_607_0,0.135,0.0,-0.5,0.0,Non-Toxin,0.0
KPC3_607_1,0.2,0.0,-0.5,0.0,Non-Toxin,0.0
KPC3_608,0.205,0.0,-0.5,0.0,Non-Toxin,0.0
KPC3_608_0,0.275,0.0,-0.5,0.0,Non-Toxin,0.0
KPC3_608_1,0.285,0.0,-0.5,0.0,Non-Toxin,0.0
KPC3_609,0.125,0.0,-0.5,0.0,Non-Toxin,0.0
KPC3_609_0,0.115,0.0,-0.5,0.0,Non-Toxin,0.0
KPC3_609_1,0.135,0.0,-0.5,0.0,Non-Toxin,0.0
KPC3_610,0.115,0.0,-0.5,0.0,Non-Toxin,0.0
KPC3_610_0,0.17,0.0,-0.5,0.0,Non-Toxin,0.0
KPC3_610_1,0.205,0.0,-0.5,0.0,Non-Toxin,0.0
KPC3_611,0.185,0.0,-0.5,0.0,Non-Toxin,0.0
KPC3_611_0,0.26,0.0,-0.5,0.0,Non-Toxin,0.0
KPC3_611_1,0.215,0.0,-0.5,0.0,Non-Toxin,0.0
KPC3_612,0.325,0.0,-0.5,0.0,Non-Toxin,0.0
KPC3_612_0,0.27,0.0,-0.5,0.0,Non-Toxin,0.0
KPC3_612_1,0.165,0.0,-0.5,0.0,Non-Toxin,0.0
KPC3_613,0.145,0.0,-0.5,0.0,Non-Toxin,0.0
KPC3_613_0,0.105,0.0,-0.5,0.0,Non-Toxin,0.0
KPC3_613_1,0.16,0.0,-0.5,0.0,Non-Toxin,0.0
KPC3_614,0.085,0.0,-0.5,0.0,Non-Toxin,0.0
KPC3_614_0,0.165,0.0,-0.5,0.0,Non-Toxin,0.0
KPC3_614_1,0.145,0.0,-0.5,0.0,Non-Toxin,0.0
KPC3_615,0.18,0.0,-0.5,0.0,Non-Toxin,0.0
KPC3_615_0,0.195,0.0,-0.5,0.0,Non-Toxin,0.0
KPC3_615_1,0.155,0.0,-0.5,0.0,Non-Toxin,0.0
KPC3_616,0.185,0.0,-0.5,0.0,Non-Toxin,0.0
KPC3_616_0,0.135,0.0,0.0,0.135,Non-Toxin,0.02
KPC3_616_1,0.09,0.0,-0.5,0.0,Non-Toxin,0.0
KPC3_617,0.135,0.0,-0.5,0.0,Non-Toxin,0.0
KPC3_617_0,0.055,0.0,-0.5,0.0,Non-Toxin,0.0
KPC3_617_1,0.085,0.0,-0.5,0.0,Non-Toxin,0.0
KPC3_618,0.11,0.0,-0.5,0.0,Non-Toxin,0.0
KPC3_618_0,0.175,0.0,-0.5,0.0,Non-Toxin,0.0
KPC3_618_1,0.13,0.0,-0.5,0.0,Non-Toxin,0.0
KPC3_619,0.165,0.0,-0.5,0.0,Non-Toxin,0.0
KPC3_619_0,0.11,0.0,-0.5,0.0,Non-Toxin,0.0
KPC3_619_1,0.085,0.0,0.0,0.085,Non-Toxin,0.0
KPC3_620,0.1,0.0,-0.5,0.0,Non-Toxin,0.0
KPC3_620_0,0.17,0.0,0.0,0.17,Non-Toxin,0.066
KPC3_620_1,0.17,0.0,0.0,0.17,Non-Toxin,0.066
KPC3_621,0.185,0.0,-0.5,0.0,Non-Toxin,0.0
KPC3_621_0,0.17,0.0,-0.5,0.0,Non-Toxin,0.0
KPC3_621_1,0.115,0.0,-0.5,0.0,Non-Toxin,0.0
KPC3_622,0.16,0.0,-0.5,0.0,Non-Toxin,0.0
KPC3_622_0,0.125,0.0,-0.5,0.0,Non-Toxin,0.0
KPC3_622_1,0.16,0.0,-0.5,0.0,Non-Toxin,0.0
KPC3_623,0.445,0.0,-0.5,0.0,Non-Toxin,0.0
KPC3_623_0,0.245,0.0,-0.5,0.0,Non-Toxin,0.0
KPC3_623_1,0.115,0.0,-0.5,0.0,Non-Toxin,0.0
KPC3_624,0.35,0.0,-0.5,0.0,Non-Toxin,0.0
KPC3_624_0,0.11,0.0,-0.5,0.0,Non-Toxin,0.0
KPC3_624_1,0.15,0.0,0.0,0.15,Non-Toxin,0.039
KPC3_625,0.22,0.0,-0.5,0.0,Non-Toxin,0.0
KPC3_625_0,0.115,0.0,-0.5,0.0,Non-Toxin,0.0
KPC3_625_1,0.13,0.0,-0.5,0.0,Non-Toxin,0.0
KPC3_626,0.145,0.0,-0.5,0.0,Non-Toxin,0.0
KPC3_626_0,0.23,0.0,-0.5,0.0,Non-Toxin,0.0
KPC3_626_1,0.155,0.0,-0.5,0.0,Non-Toxin,0.0
KPC3_627,0.245,0.0,-0.5,0.0,Non-Toxin,0.0
KPC3_627_0,0.08,0.0,-0.5,0.0,Non-Toxin,0.0
KPC3_627_1,0.14,0.0,-0.5,0.0,Non-Toxin,0.0
KPC3_628,0.535,0.0,0.0,0.535,Toxin,0.543
KPC3_628_0,0.125,0.0,-0.5,0.0,Non-Toxin,0.0
KPC3_628_1,0.195,0.0,-0.5,0.0,Non-Toxin,0.0
KPC3_629,0.08,0.0,-0.5,0.0,Non-Toxin,0.0
KPC3_629_0,0.22,0.0,-0.5,0.0,Non-Toxin,0.0
KPC3_629_1,0.13,0.0,-0.5,0.0,Non-Toxin,0.0
KPC3_630,0.265,0.0,-0.5,0.0,Non-Toxin,0.0
KPC3_630_0,0.115,0.0,-0.5,0.0,Non-Toxin,0.0
KPC3_630_1,0.175,0.0,-0.5,0.0,Non-Toxin,0.0
KPC3_631,0.1,0.0,-0.5,0.0,Non-Toxin,0.0
KPC3_631_0,0.12,0.0,-0.5,0.0,Non-Toxin,0.0
KPC3_631_1,0.15,0.0,-0.5,0.0,Non-Toxin,0.0
KPC3_632,0.46,0.0,-0.5,0.0,Non-Toxin,0.0
KPC3_632_0,0.175,0.0,-0.5,0.0,Non-Toxin,0.0
KPC3_632_1,0.145,0.0,-0.5,0.0,Non-Toxin,0.0
KPC3_633,0.07,0.0,0.0,0.07,Non-Toxin,0.0
KPC3_633_0,0.08,0.0,-0.5,0.0,Non-Toxin,0.0
KPC3_633_1,0.1,0.0,-0.5,0.0,Non-Toxin,0.0
KPC3_634,0.48,0.0,-0.5,0.0,Non-Toxin,0.0
KPC3_634_0,0.16,0.0,-0.5,0.0,Non-Toxin,0.0
KPC3_634_1,0.115,0.0,-0.5,0.0,Non-Toxin,0.0
KPC3_635,0.355,0.0,-0.5,0.0,Non-Toxin,0.0
KPC3_635_0,0.2,0.0,-0.5,0.0,Non-Toxin,0.0
KPC3_635_1,0.13,0.0,-0.5,0.0,Non-Toxin,0.0
KPC3_636,0.295,0.0,-0.5,0.0,Non-Toxin,0.0
KPC3_636_0,0.24,0.0,-0.5,0.0,Non-Toxin,0.0
KPC3_636_1,0.115,0.0,-0.5,0.0,Non-Toxin,0.0
KPC3_637,0.275,0.0,-0.5,0.0,Non-Toxin,0.0
KPC3_637_0,0.175,0.0,-0.5,0.0,Non-Toxin,0.0
KPC3_637_1,0.11,0.0,-0.5,0.0,Non-Toxin,0.0
KPC3_638,0.48,0.0,0.0,0.48,Toxin,0.471
KPC3_638_0,0.11,0.0,-0.5,0.0,Non-Toxin,0.0
KPC3_638_1,0.245,0.0,-0.5,0.0,Non-Toxin,0.0
KPC3_639,0.145,0.0,-0.5,0.0,Non-Toxin,0.0
KPC3_639_0,0.275,0.0,-0.5,0.0,Non-Toxin,0.0
KPC3_639_1,0.29,0.0,-0.5,0.0,Non-Toxin,0.0
KPC3_640,0.415,0.0,-0.5,0.0,Non-Toxin,0.0
KPC3_640_0,0.32,0.0,-0.5,0.0,Non-Toxin,0.0
KPC3_640_1,0.405,0.0,-0.5,0.0,Non-Toxin,0.0
KPC3_641,0.45,0.0,-0.5,0.0,Non-Toxin,0.0
KPC3_641_0,0.225,0.0,-0.5,0.0,Non-Toxin,0.0
KPC3_641_1,0.18,0.0,-0.5,0.0,Non-Toxin,0.0
KPC3_642,0.125,0.0,0.0,0.125,Non-Toxin,0.007
KPC3_642_0,0.08,0.0,-0.5,0.0,Non-Toxin,0.0
KPC3_642_1,0.18,0.0,0.0,0.18,Non-Toxin,0.079
KPC3_643,0.575,0.0,-0.5,0.075,Non-Toxin,0.0
KPC3_643_0,0.19,0.0,0.0,0.19,Non-Toxin,0.092
KPC3_643_1,0.315,0.0,-0.5,0.0,Non-Toxin,0.0
KPC3_644,0.32,0.0,-0.5,0.0,Non-Toxin,0.0
KPC3_644_0,0.2,0.0,-0.5,0.0,Non-Toxin,0.0
KPC3_644_1,0.165,0.0,0.0,0.165,Non-Toxin,0.059
KPC3_645,0.44,0.0,-0.5,0.0,Non-Toxin,0.0
KPC3_645_0,0.21,0.0,-0.5,0.0,Non-Toxin,0.0
KPC3_645_1,0.19,0.0,-0.5,0.0,Non-Toxin,0.0
KPC3_646,0.315,0.0,-0.5,0.0,Non-Toxin,0.0
KPC3_646_0,0.21,0.0,-0.5,0.0,Non-Toxin,0.0
KPC3_646_1,0.275,0.0,-0.5,0.0,Non-Toxin,0.0
KPC3_647,0.47,0.0,-0.5,0.0,Non-Toxin,0.0
KPC3_647_0,0.165,0.0,-0.5,0.0,Non-Toxin,0.0
KPC3_647_1,0.205,0.0,0.0,0.205,Non-Toxin,0.111
KPC3_648,0.08,0.0,-0.5,0.0,Non-Toxin,0.0
KPC3_648_0,0.155,0.0,-0.5,0.0,Non-Toxin,0.0
KPC3_648_1,0.25,0.0,-0.5,0.0,Non-Toxin,0.0
KPC3_649,0.115,0.0,-0.5,0.0,Non-Toxin,0.0
KPC3_649_0,0.215,0.0,-0.5,0.0,Non-Toxin,0.0
KPC3_649_1,0.205,0.0,-0.5,0.0,Non-Toxin,0.0
KPC3_650,0.07,0.0,-0.5,0.0,Non-Toxin,0.0
KPC3_650_0,0.155,0.0,-0.5,0.0,Non-Toxin,0.0
KPC3_650_1,0.135,0.0,-0.5,0.0,Non-Toxin,0.0
KPC3_651,0.045,0.0,-0.5,0.0,Non-Toxin,0.0
KPC3_651_0,0.12,0.0,-0.5,0.0,Non-Toxin,0.0
KPC3_651_1,0.09,0.0,-0.5,0.0,Non-Toxin,0.0
KPC3_652,0.36,0.0,-0.5,0.0,Non-Toxin,0.0
KPC3_652_0,0.09,0.0,-0.5,0.0,Non-Toxin,0.0
KPC3_652_1,0.09,0.0,-0.5,0.0,Non-Toxin,0.0
KPC3_653,0.325,0.0,-0.5,0.0,Non-Toxin,0.0
KPC3_653_0,0.195,0.0,-0.5,0.0,Non-Toxin,0.0
KPC3_653_1,0.32,0.0,-0.5,0.0,Non-Toxin,0.0
KPC3_654,0.47,0.0,-0.5,0.0,Non-Toxin,0.0
KPC3_654_0,0.215,0.0,-0.5,0.0,Non-Toxin,0.0
KPC3_654_1,0.23,0.0,-0.5,0.0,Non-Toxin,0.0
KPC3_655,0.11,0.0,-0.5,0.0,Non-Toxin,0.0
KPC3_655_0,0.285,0.0,0.0,0.285,Non-Toxin,0.216
KPC3_655_1,0.25,0.0,-0.5,0.0,Non-Toxin,0.0
KPC3_656,0.08,0.0,-0.5,0.0,Non-Toxin,0.0
KPC3_656_0,0.115,0.0,0.0,0.115,Non-Toxin,0.0
KPC3_656_1,0.185,0.0,-0.5,0.0,Non-Toxin,0.0
KPC3_657,0.165,0.0,-0.5,0.0,Non-Toxin,0.0
KPC3_657_0,0.13,0.0,-0.5,0.0,Non-Toxin,0.0
KPC3_657_1,0.275,0.0,-0.5,0.0,Non-Toxin,0.0
KPC3_658,0.705,0.0,-0.5,0.205,Non-Toxin,0.111
KPC3_658_0,0.055,0.0,-0.5,0.0,Non-Toxin,0.0
KPC3_658_1,0.125,0.0,-0.5,0.0,Non-Toxin,0.0
KPC3_659,0.15,0.0,-0.5,0.0,Non-Toxin,0.0
KPC3_659_0,0.085,0.0,0.0,0.085,Non-Toxin,0.0
KPC3_659_1,0.16,0.0,-0.5,0.0,Non-Toxin,0.0
KPC3_660,0.1,0.0,-0.5,0.0,Non-Toxin,0.0
KPC3_660_0,0.075,0.0,-0.5,0.0,Non-Toxin,0.0
KPC3_660_1,0.09,0.0,-0.5,0.0,Non-Toxin,0.0
KPC3_661,0.16,0.0,-0.5,0.0,Non-Toxin,0.0
KPC3_661_0,0.295,0.0,-0.5,0.0,Non-Toxin,0.0
KPC3_661_1,0.12,0.0,0.0,0.12,Non-Toxin,0.0
KPC3_662,0.09,0.0,-0.5,0.0,Non-Toxin,0.0
KPC3_662_0,0.445,0.0,0.0,0.445,Toxin,0.425
KPC3_662_1,0.195,0.0,-0.5,0.0,Non-Toxin,0.0
KPC3_663,0.39,0.0,0.0,0.39,Toxin,0.353
KPC3_663_0,0.175,0.0,-0.5,0.0,Non-Toxin,0.0
KPC3_663_1,0.205,0.0,-0.5,0.0,Non-Toxin,0.0
KPC3_664,0.235,0.0,-0.5,0.0,Non-Toxin,0.0
KPC3_664_0,0.15,0.0,0.0,0.15,Non-Toxin,0.039
KPC3_664_1,0.21,0.0,-0.5,0.0,Non-Toxin,0.0
KPC3_665,0.345,0.0,-0.5,0.0,Non-Toxin,0.0
KPC3_665_0,0.135,0.0,-0.5,0.0,Non-Toxin,0.0
KPC3_665_1,0.15,0.0,-0.5,0.0,Non-Toxin,0.0
KPC3_666,0.1,0.0,-0.5,0.0,Non-Toxin,0.0
KPC3_666_0,0.195,0.0,-0.5,0.0,Non-Toxin,0.0
KPC3_666_1,0.28,0.0,-0.5,0.0,Non-Toxin,0.0
KPC3_667,0.105,0.5,-0.5,0.105,Non-Toxin,0.0
KPC3_667_0,0.26,0.0,-0.5,0.0,Non-Toxin,0.0
KPC3_667_1,0.15,0.0,-0.5,0.0,Non-Toxin,0.0
KPC3_668,0.165,0.0,-0.5,0.0,Non-Toxin,0.0
KPC3_668_0,0.1,0.0,-0.5,0.0,Non-Toxin,0.0
KPC3_668_1,0.255,0.0,-0.5,0.0,Non-Toxin,0.0
KPC3_669,0.575,0.0,-0.5,0.075,Non-Toxin,0.0
KPC3_669_0,0.165,0.0,-0.5,0.0,Non-Toxin,0.0
KPC3_669_1,0.085,0.0,-0.5,0.0,Non-Toxin,0.0
KPC3_670,0.125,0.0,-0.5,0.0,Non-Toxin,0.0
KPC3_670_0,0.145,0.0,-0.5,0.0,Non-Toxin,0.0
KPC3_670_1,0.11,0.0,-0.5,0.0,Non-Toxin,0.0
KPC3_671,0.19,0.0,-0.5,0.0,Non-Toxin,0.0
KPC3_671_0,0.155,0.0,-0.5,0.0,Non-Toxin,0.0
KPC3_671_1,0.225,0.0,-0.5,0.0,Non-Toxin,0.0
KPC3_672,0.09,0.0,-0.5,0.0,Non-Toxin,0.0
KPC3_672_0,0.09,0.0,-0.5,0.0,Non-Toxin,0.0
KPC3_672_1,0.15,0.0,-0.5,0.0,Non-Toxin,0.0
KPC3_673,0.2,0.0,-0.5,0.0,Non-Toxin,0.0
KPC3_673_0,0.27,0.0,-0.5,0.0,Non-Toxin,0.0
KPC3_673_1,0.175,0.0,-0.5,0.0,Non-Toxin,0.0
KPC3_674,0.235,0.0,0.0,0.235,Non-Toxin,0.151
KPC3_674_0,0.1,0.0,-0.5,0.0,Non-Toxin,0.0
KPC3_674_1,0.14,0.0,-0.5,0.0,Non-Toxin,0.0
KPC3_675,0.105,0.5,-0.5,0.105,Non-Toxin,0.0
KPC3_675_0,0.145,0.0,-0.5,0.0,Non-Toxin,0.0
KPC3_675_1,0.145,0.0,-0.5,0.0,Non-Toxin,0.0
KPC3_676,0.665,0.0,-0.5,0.165,Non-Toxin,0.059
KPC3_676_0,0.15,0.0,-0.5,0.0,Non-Toxin,0.0
KPC3_676_1,0.28,0.0,0.0,0.28,Non-Toxin,0.209
KPC3_677,0.135,0.0,-0.5,0.0,Non-Toxin,0.0
KPC3_677_0,0.12,0.0,0.0,0.12,Non-Toxin,0.0
KPC3_677_1,0.115,0.0,-0.5,0.0,Non-Toxin,0.0
KPC3_678,0.265,0.0,0.0,0.265,Non-Toxin,0.19
KPC3_678_0,0.14,0.0,-0.5,0.0,Non-Toxin,0.0
KPC3_678_1,0.13,0.0,-0.5,0.0,Non-Toxin,0.0
KPC3_679,0.4,0.0,-0.5,0.0,Non-Toxin,0.0
KPC3_679_0,0.11,0.0,-0.5,0.0,Non-Toxin,0.0
KPC3_679_1,0.175,0.0,-0.5,0.0,Non-Toxin,0.0
KPC3_680,0.12,0.0,-0.5,0.0,Non-Toxin,0.0
KPC3_680_0,0.105,0.0,-0.5,0.0,Non-Toxin,0.0
KPC3_680_1,0.17,0.0,0.0,0.17,Non-Toxin,0.066
KPC3_681,0.125,0.0,-0.5,0.0,Non-Toxin,0.0
KPC3_681_0,0.13,0.0,0.0,0.13,Non-Toxin,0.013
KPC3_681_1,0.14,0.0,0.0,0.14,Non-Toxin,0.026
KPC3_682,0.435,0.0,-0.5,0.0,Non-Toxin,0.0
KPC3_682_0,0.11,0.0,-0.5,0.0,Non-Toxin,0.0
KPC3_682_1,0.12,0.0,-0.5,0.0,Non-Toxin,0.0
KPC3_683,0.205,0.0,0.0,0.205,Non-Toxin,0.111
KPC3_683_0,0.21,0.0,-0.5,0.0,Non-Toxin,0.0
KPC3_683_1,0.115,0.0,-0.5,0.0,Non-Toxin,0.0
KPC3_684,0.435,0.0,-0.5,0.0,Non-Toxin,0.0
KPC3_684_0,0.22,0.0,-0.5,0.0,Non-Toxin,0.0
KPC3_684_1,0.21,0.0,0.0,0.21,Non-Toxin,0.118
KPC3_685,0.225,0.0,-0.5,0.0,Non-Toxin,0.0
KPC3_685_0,0.115,0.0,-0.5,0.0,Non-Toxin,0.0
KPC3_685_1,0.175,0.0,-0.5,0.0,Non-Toxin,0.0
KPC3_686,0.32,0.0,-0.5,0.0,Non-Toxin,0.0
KPC3_686_0,0.195,0.0,-0.5,0.0,Non-Toxin,0.0
KPC3_686_1,0.145,0.0,-0.5,0.0,Non-Toxin,0.0
KPC3_687,0.115,0.0,-0.5,0.0,Non-Toxin,0.0
KPC3_687_0,0.35,0.0,0.0,0.35,Non-Toxin,0.301
KPC3_687_1,0.095,0.0,-0.5,0.0,Non-Toxin,0.0
KPC3_688,0.43,0.0,-0.5,0.0,Non-Toxin,0.0
KPC3_688_0,0.13,0.0,0.0,0.13,Non-Toxin,0.013
KPC3_688_1,0.12,0.0,0.0,0.12,Non-Toxin,0.0
KPC3_689,0.3,0.0,0.0,0.3,Non-Toxin,0.235
KPC3_689_0,0.15,0.0,-0.5,0.0,Non-Toxin,0.0
KPC3_689_1,0.12,0.0,-0.5,0.0,Non-Toxin,0.0
KPC3_690,0.08,0.0,0.0,0.08,Non-Toxin,0.0
KPC3_690_0,0.16,0.0,-0.5,0.0,Non-Toxin,0.0
KPC3_690_1,0.105,0.0,-0.5,0.0,Non-Toxin,0.0
KPC3_691,0.705,0.0,0.0,0.705,Toxin,0.765
KPC3_691_0,0.31,0.0,-0.5,0.0,Non-Toxin,0.0
KPC3_691_1,0.365,0.0,0.0,0.365,Non-Toxin,0.32
KPC3_692,0.215,0.0,0.0,0.215,Non-Toxin,0.124
KPC3_692_0,0.085,0.0,0.0,0.085,Non-Toxin,0.0
KPC3_692_1,0.195,0.0,-0.5,0.0,Non-Toxin,0.0
KPC3_693,0.215,0.0,0.0,0.215,Non-Toxin,0.124
KPC3_693_0,0.24,0.0,-0.5,0.0,Non-Toxin,0.0
KPC3_693_1,0.195,0.0,-0.5,0.0,Non-Toxin,0.0
KPC3_694,0.19,0.0,-0.5,0.0,Non-Toxin,0.0
KPC3_694_0,0.085,0.0,-0.5,0.0,Non-Toxin,0.0
KPC3_694_1,0.075,0.0,-0.5,0.0,Non-Toxin,0.0
KPC3_695,0.195,0.0,-0.5,0.0,Non-Toxin,0.0
KPC3_695_0,0.175,0.0,0.0,0.175,Non-Toxin,0.072
KPC3_695_1,0.175,0.0,-0.5,0.0,Non-Toxin,0.0
KPC3_696,0.135,0.0,-0.5,0.0,Non-Toxin,0.0
KPC3_696_0,0.2,0.0,-0.5,0.0,Non-Toxin,0.0
KPC3_696_1,0.215,0.0,-0.5,0.0,Non-Toxin,0.0
KPC3_697,0.45,0.0,-0.5,0.0,Non-Toxin,0.0
KPC3_697_0,0.31,0.0,-0.5,0.0,Non-Toxin,0.0
KPC3_697_1,0.22,0.0,0.0,0.22,Non-Toxin,0.131
KPC3_698,0.255,0.0,-0.5,0.0,Non-Toxin,0.0
KPC3_698_0,0.165,0.0,-0.5,0.0,Non-Toxin,0.0
KPC3_698_1,0.3,0.0,-0.5,0.0,Non-Toxin,0.0
KPC3_699,0.13,0.0,-0.5,0.0,Non-Toxin,0.0
KPC3_699_0,0.305,0.0,-0.5,0.0,Non-Toxin,0.0
KPC3_699_1,0.16,0.0,-0.5,0.0,Non-Toxin,0.0
KPC3_700,0.205,0.0,0.0,0.205,Non-Toxin,0.111
KPC3_700_0,0.18,0.0,-0.5,0.0,Non-Toxin,0.0
KPC3_700_1,0.12,0.0,-0.5,0.0,Non-Toxin,0.0
KPC3_701,0.175,0.0,-0.5,0.0,Non-Toxin,0.0
KPC3_701_0,0.14,0.0,0.0,0.14,Non-Toxin,0.026
KPC3_701_1,0.225,0.0,-0.5,0.0,Non-Toxin,0.0
KPC3_702,0.135,0.0,-0.5,0.0,Non-Toxin,0.0
KPC3_702_0,0.165,0.0,0.0,0.165,Non-Toxin,0.059
KPC3_702_1,0.17,0.0,-0.5,0.0,Non-Toxin,0.0
KPC3_703,0.44,0.0,-0.5,0.0,Non-Toxin,0.0
KPC3_703_0,0.195,0.0,-0.5,0.0,Non-Toxin,0.0
KPC3_703_1,0.245,0.0,0.0,0.245,Non-Toxin,0.164
KPC3_704,0.135,0.0,-0.5,0.0,Non-Toxin,0.0
KPC3_704_0,0.08,0.0,-0.5,0.0,Non-Toxin,0.0
KPC3_704_1,0.175,0.0,-0.5,0.0,Non-Toxin,0.0
KPC3_705,0.17,0.0,-0.5,0.0,Non-Toxin,0.0
KPC3_705_0,0.15,0.0,-0.5,0.0,Non-Toxin,0.0
KPC3_705_1,0.11,0.0,-0.5,0.0,Non-Toxin,0.0
KPC3_706,0.07,0.0,0.0,0.07,Non-Toxin,0.0
KPC3_706_0,0.125,0.0,-0.5,0.0,Non-Toxin,0.0
KPC3_706_1,0.145,0.0,-0.5,0.0,Non-Toxin,0.0
KPC3_707,0.605,0.0,0.0,0.605,Toxin,0.634
KPC3_707_0,0.17,0.0,-0.5,0.0,Non-Toxin,0.0
KPC3_707_1,0.1,0.0,0.0,0.1,Non-Toxin,0.0
KPC3_708,0.1,0.0,-0.5,0.0,Non-Toxin,0.0
KPC3_708_0,0.325,0.0,0.0,0.325,Non-Toxin,0.268
KPC3_708_1,0.21,0.0,-0.5,0.0,Non-Toxin,0.0
KPC3_709,0.3,0.0,-0.5,0.0,Non-Toxin,0.0
KPC3_709_0,0.11,0.0,-0.5,0.0,Non-Toxin,0.0
KPC3_709_1,0.205,0.0,-0.5,0.0,Non-Toxin,0.0
KPC3_710,0.135,0.0,-0.5,0.0,Non-Toxin,0.0
KPC3_710_0,0.155,0.0,-0.5,0.0,Non-Toxin,0.0
KPC3_710_1,0.14,0.0,0.0,0.14,Non-Toxin,0.026
KPC3_711,0.31,0.0,-0.5,0.0,Non-Toxin,0.0
KPC3_711_0,0.08,0.0,-0.5,0.0,Non-Toxin,0.0
KPC3_711_1,0.075,0.0,-0.5,0.0,Non-Toxin,0.0
KPC3_712,0.05,0.0,-0.5,0.0,Non-Toxin,0.0
KPC3_712_0,0.13,0.0,-0.5,0.0,Non-Toxin,0.0
KPC3_712_1,0.095,0.0,-0.5,0.0,Non-Toxin,0.0
KPC3_713,0.515,0.0,-0.5,0.015,Non-Toxin,0.0
KPC3_713_0,0.075,0.0,-0.5,0.0,Non-Toxin,0.0
KPC3_713_1,0.125,0.0,-0.5,0.0,Non-Toxin,0.0
KPC3_714,0.325,0.0,-0.5,0.0,Non-Toxin,0.0
KPC3_714_0,0.13,0.0,-0.5,0.0,Non-Toxin,0.0
KPC3_714_1,0.09,0.0,0.0,0.09,Non-Toxin,0.0
KPC3_715,0.3,0.0,-0.5,0.0,Non-Toxin,0.0
KPC3_715_0,0.105,0.0,-0.5,0.0,Non-Toxin,0.0
KPC3_715_1,0.12,0.0,-0.5,0.0,Non-Toxin,0.0
KPC3_716,0.12,0.0,-0.5,0.0,Non-Toxin,0.0
KPC3_716_0,0.16,0.0,-0.5,0.0,Non-Toxin,0.0
KPC3_716_1,0.125,0.0,-0.5,0.0,Non-Toxin,0.0
KPC3_717,0.47,0.0,-0.5,0.0,Non-Toxin,0.0
KPC3_717_0,0.105,0.0,-0.5,0.0,Non-Toxin,0.0
KPC3_717_1,0.12,0.0,-0.5,0.0,Non-Toxin,0.0
KPC3_718,0.19,0.0,-0.5,0.0,Non-Toxin,0.0
KPC3_718_0,0.11,0.0,-0.5,0.0,Non-Toxin,0.0
KPC3_718_1,0.165,0.0,-0.5,0.0,Non-Toxin,0.0
KPC3_719,0.145,0.0,-0.5,0.0,Non-Toxin,0.0
KPC3_719_0,0.125,0.0,-0.5,0.0,Non-Toxin,0.0
KPC3_719_1,0.105,0.0,-0.5,0.0,Non-Toxin,0.0
KPC3_720,0.06,0.0,-0.5,0.0,Non-Toxin,0.0
KPC3_720_0,0.12,0.0,-0.5,0.0,Non-Toxin,0.0
KPC3_720_1,0.105,0.0,-0.5,0.0,Non-Toxin,0.0
KPC3_721,0.52,0.0,-0.5,0.02,Non-Toxin,0.0
KPC3_721_0,0.155,0.0,0.0,0.155,Non-Toxin,0.046
KPC3_721_1,0.2,0.0,-0.5,0.0,Non-Toxin,0.0
KPC3_722,0.225,0.0,-0.5,0.0,Non-Toxin,0.0
KPC3_722_0,0.12,0.0,-0.5,0.0,Non-Toxin,0.0
KPC3_722_1,0.155,0.0,-0.5,0.0,Non-Toxin,0.0
KPC3_723,0.295,0.0,-0.5,0.0,Non-Toxin,0.0
KPC3_723_0,0.175,0.0,-0.5,0.0,Non-Toxin,0.0
KPC3_723_1,0.16,0.0,-0.5,0.0,Non-Toxin,0.0
KPC3_724,0.39,0.0,-0.5,0.0,Non-Toxin,0.0
KPC3_724_0,0.12,0.0,-0.5,0.0,Non-Toxin,0.0
KPC3_724_1,0.125,0.0,-0.5,0.0,Non-Toxin,0.0
KPC3_725,0.13,0.0,-0.5,0.0,Non-Toxin,0.0
KPC3_725_0,0.175,0.0,-0.5,0.0,Non-Toxin,0.0
KPC3_725_1,0.2,0.0,-0.5,0.0,Non-Toxin,0.0
KPC3_726,0.15,0.0,-0.5,0.0,Non-Toxin,0.0
KPC3_726_0,0.145,0.0,-0.5,0.0,Non-Toxin,0.0
KPC3_726_1,0.085,0.0,-0.5,0.0,Non-Toxin,0.0
KPC3_727,0.37,0.0,-0.5,0.0,Non-Toxin,0.0
KPC3_727_0,0.05,0.0,-0.5,0.0,Non-Toxin,0.0
KPC3_727_1,0.075,0.0,-0.5,0.0,Non-Toxin,0.0
KPC3_728,0.545,0.0,-0.5,0.045,Non-Toxin,0.0
KPC3_728_0,0.11,0.0,-0.5,0.0,Non-Toxin,0.0
KPC3_728_1,0.115,0.0,-0.5,0.0,Non-Toxin,0.0
KPC3_729,0.24,0.0,-0.5,0.0,Non-Toxin,0.0
KPC3_729_0,0.115,0.0,-0.5,0.0,Non-Toxin,0.0
KPC3_729_1,0.1,0.0,-0.5,0.0,Non-Toxin,0.0
KPC3_730,0.115,0.0,-0.5,0.0,Non-Toxin,0.0
KPC3_730_0,0.09,0.0,-0.5,0.0,Non-Toxin,0.0
KPC3_730_1,0.185,0.0,-0.5,0.0,Non-Toxin,0.0
KPC3_731,0.48,0.0,0.0,0.48,Toxin,0.471
KPC3_731_0,0.21,0.0,-0.5,0.0,Non-Toxin,0.0
KPC3_731_1,0.2,0.0,-0.5,0.0,Non-Toxin,0.0
KPC3_732,0.715,0.0,0.0,0.715,Toxin,0.778
KPC3_732_0,0.14,0.0,-0.5,0.0,Non-Toxin,0.0
KPC3_732_1,0.085,0.0,-0.5,0.0,Non-Toxin,0.0
KPC3_733,0.53,0.0,-0.5,0.03,Non-Toxin,0.0
KPC3_733_0,0.075,0.0,-0.5,0.0,Non-Toxin,0.0
KPC3_733_1,0.15,0.0,-0.5,0.0,Non-Toxin,0.0
KPC3_734,0.61,0.0,-0.5,0.11,Non-Toxin,0.0
KPC3_734_0,0.085,0.0,-0.5,0.0,Non-Toxin,0.0
KPC3_734_1,0.125,0.0,0.0,0.125,Non-Toxin,0.007
KPC3_735,0.43,0.0,-0.5,0.0,Non-Toxin,0.0
KPC3_735_0,0.19,0.0,-0.5,0.0,Non-Toxin,0.0
KPC3_735_1,0.075,0.0,-0.5,0.0,Non-Toxin,0.0
KPC3_736,0.24,0.0,0.0,0.24,Non-Toxin,0.157
KPC3_736_0,0.3,0.0,-0.5,0.0,Non-Toxin,0.0
KPC3_736_1,0.27,0.0,-0.5,0.0,Non-Toxin,0.0
KPC3_737,0.125,0.5,-0.5,0.125,Non-Toxin,0.007
KPC3_737_0,0.17,0.0,-0.5,0.0,Non-Toxin,0.0
KPC3_737_1,0.12,0.0,-0.5,0.0,Non-Toxin,0.0
KPC3_738,0.26,0.0,-0.5,0.0,Non-Toxin,0.0
KPC3_738_0,0.315,0.0,-0.5,0.0,Non-Toxin,0.0
KPC3_738_1,0.17,0.0,-0.5,0.0,Non-Toxin,0.0
KPC3_739,0.815,0.0,-0.5,0.315,Non-Toxin,0.255
KPC3_739_0,0.18,0.0,-0.5,0.0,Non-Toxin,0.0
KPC3_739_1,0.185,0.0,-0.5,0.0,Non-Toxin,0.0
KPC3_740,0.545,0.0,-0.5,0.045,Non-Toxin,0.0
KPC3_740_0,0.2,0.0,-0.5,0.0,Non-Toxin,0.0
KPC3_740_1,0.13,0.0,-0.5,0.0,Non-Toxin,0.0
KPC3_741,0.5,0.0,-0.5,0.0,Non-Toxin,0.0
KPC3_741_0,0.145,0.0,-0.5,0.0,Non-Toxin,0.0
KPC3_741_1,0.09,0.0,-0.5,0.0,Non-Toxin,0.0
KPC3_742,0.335,0.0,-0.5,0.0,Non-Toxin,0.0
KPC3_742_0,0.145,0.0,-0.5,0.0,Non-Toxin,0.0
KPC3_742_1,0.075,0.0,-0.5,0.0,Non-Toxin,0.0
KPC3_743,0.27,0.0,-0.5,0.0,Non-Toxin,0.0
KPC3_743_0,0.24,0.0,-0.5,0.0,Non-Toxin,0.0
KPC3_743_1,0.305,0.0,-0.5,0.0,Non-Toxin,0.0
KPC3_744,0.45,0.0,-0.5,0.0,Non-Toxin,0.0
KPC3_744_0,0.14,0.0,-0.5,0.0,Non-Toxin,0.0
KPC3_744_1,0.185,0.0,-0.5,0.0,Non-Toxin,0.0
KPC3_745,0.315,0.0,-0.5,0.0,Non-Toxin,0.0
KPC3_745_0,0.345,0.0,-0.5,0.0,Non-Toxin,0.0
KPC3_745_1,0.265,0.0,-0.5,0.0,Non-Toxin,0.0
KPC3_746,0.45,0.0,-0.5,0.0,Non-Toxin,0.0
KPC3_746_0,0.21,0.0,-0.5,0.0,Non-Toxin,0.0
KPC3_746_1,0.125,0.0,-0.5,0.0,Non-Toxin,0.0
KPC3_747,0.15,0.0,-0.5,0.0,Non-Toxin,0.0
KPC3_747_0,0.2,0.0,-0.5,0.0,Non-Toxin,0.0
KPC3_747_1,0.255,0.0,-0.5,0.0,Non-Toxin,0.0
KPC3_748,0.365,0.0,-0.5,0.0,Non-Toxin,0.0
KPC3_748_0,0.17,0.0,-0.5,0.0,Non-Toxin,0.0
KPC3_748_1,0.145,0.0,-0.5,0.0,Non-Toxin,0.0
KPC3_749,0.12,0.0,-0.5,0.0,Non-Toxin,0.0
KPC3_749_0,0.115,0.0,0.0,0.115,Non-Toxin,0.0
KPC3_749_1,0.105,0.0,0.0,0.105,Non-Toxin,0.0
KPC3_750,0.065,0.0,-0.5,0.0,Non-Toxin,0.0
KPC3_750_0,0.245,0.0,0.0,0.245,Non-Toxin,0.164
KPC3_750_1,0.4,0.0,-0.5,0.0,Non-Toxin,0.0
KPC3_751,0.165,0.0,0.0,0.165,Non-Toxin,0.059
KPC3_751_0,0.155,0.0,-0.5,0.0,Non-Toxin,0.0
KPC3_751_1,0.105,0.0,0.0,0.105,Non-Toxin,0.0
KPC3_752,0.335,0.0,0.0,0.335,Non-Toxin,0.281
KPC3_752_0,0.155,0.0,0.0,0.155,Non-Toxin,0.046
KPC3_752_1,0.135,0.0,0.0,0.135,Non-Toxin,0.02
KPC3_753,0.14,0.0,-0.5,0.0,Non-Toxin,0.0
KPC3_753_0,0.16,0.0,0.0,0.16,Non-Toxin,0.053
KPC3_753_1,0.165,0.0,-0.5,0.0,Non-Toxin,0.0
KPC3_754,0.19,0.0,-0.5,0.0,Non-Toxin,0.0
KPC3_754_0,0.445,0.0,-0.5,0.0,Non-Toxin,0.0
KPC3_754_1,0.305,0.0,-0.5,0.0,Non-Toxin,0.0
KPC3_755,0.055,0.0,0.0,0.055,Non-Toxin,0.0
KPC3_755_0,0.115,0.0,0.0,0.115,Non-Toxin,0.0
KPC3_755_1,0.095,0.0,-0.5,0.0,Non-Toxin,0.0
KPC3_756,0.1,0.0,-0.5,0.0,Non-Toxin,0.0
KPC3_756_0,0.12,0.0,-0.5,0.0,Non-Toxin,0.0
KPC3_756_1,0.12,0.0,0.0,0.12,Non-Toxin,0.0
KPC3_757,0.45,0.0,0.0,0.45,Toxin,0.432
KPC3_757_0,0.125,0.0,0.0,0.125,Non-Toxin,0.007
KPC3_757_1,0.145,0.0,0.0,0.145,Non-Toxin,0.033
KPC3_758,0.155,0.0,0.0,0.155,Non-Toxin,0.046
KPC3_758_0,0.165,0.0,-0.5,0.0,Non-Toxin,0.0
KPC3_758_1,0.165,0.0,0.0,0.165,Non-Toxin,0.059
KPC3_759,0.045,0.0,0.0,0.045,Non-Toxin,0.0
KPC3_759_0,0.14,0.0,-0.5,0.0,Non-Toxin,0.0
KPC3_759_1,0.105,0.0,-0.5,0.0,Non-Toxin,0.0
KPC3_760,0.17,0.0,-0.5,0.0,Non-Toxin,0.0
KPC3_760_0,0.24,0.0,-0.5,0.0,Non-Toxin,0.0
KPC3_760_1,0.25,0.0,-0.5,0.0,Non-Toxin,0.0
KPC3_761,0.285,0.0,-0.5,0.0,Non-Toxin,0.0
KPC3_761_0,0.3,0.0,-0.5,0.0,Non-Toxin,0.0
KPC3_761_1,0.38,0.0,0.0,0.38,Non-Toxin,0.34
KPC3_762,0.455,0.0,-0.5,0.0,Non-Toxin,0.0
KPC3_762_0,0.32,0.0,0.0,0.32,Non-Toxin,0.262
KPC3_762_1,0.185,0.0,-0.5,0.0,Non-Toxin,0.0
KPC3_763,0.075,0.0,-0.5,0.0,Non-Toxin,0.0
KPC3_763_0,0.23,0.0,-0.5,0.0,Non-Toxin,0.0
KPC3_763_1,0.17,0.0,0.0,0.17,Non-Toxin,0.066
KPC3_764,0.305,0.0,0.0,0.305,Non-Toxin,0.242
KPC3_764_0,0.175,0.0,-0.5,0.0,Non-Toxin,0.0
KPC3_764_1,0.49,0.0,0.0,0.49,Toxin,0.484
KPC3_765,0.39,0.0,-0.5,0.0,Non-Toxin,0.0
KPC3_765_0,0.175,0.0,0.0,0.175,Non-Toxin,0.072
KPC3_765_1,0.105,0.0,-0.5,0.0,Non-Toxin,0.0
KPC3_766,0.305,0.0,-0.5,0.0,Non-Toxin,0.0
KPC3_766_0,0.265,0.0,-0.5,0.0,Non-Toxin,0.0
KPC3_766_1,0.295,0.0,-0.5,0.0,Non-Toxin,0.0
KPC3_767,0.205,0.0,0.0,0.205,Non-Toxin,0.111
KPC3_767_0,0.135,0.0,-0.5,0.0,Non-Toxin,0.0
KPC3_767_1,0.385,0.0,-0.5,0.0,Non-Toxin,0.0
KPC3_768,0.185,0.0,0.0,0.185,Non-Toxin,0.085
KPC3_768_0,0.175,0.0,-0.5,0.0,Non-Toxin,0.0
KPC3_768_1,0.415,0.0,-0.5,0.0,Non-Toxin,0.0
KPC3_769,0.235,0.0,-0.5,0.0,Non-Toxin,0.0
KPC3_769_0,0.14,0.0,-0.5,0.0,Non-Toxin,0.0
KPC3_769_1,0.125,0.0,-0.5,0.0,Non-Toxin,0.0
KPC3_770,0.13,0.0,-0.5,0.0,Non-Toxin,0.0
KPC3_770_0,0.095,0.0,-0.5,0.0,Non-Toxin,0.0
KPC3_770_1,0.085,0.0,-0.5,0.0,Non-Toxin,0.0
KPC3_771,0.705,0.0,-0.5,0.205,Non-Toxin,0.111
KPC3_771_0,0.165,0.0,-0.5,0.0,Non-Toxin,0.0
KPC3_771_1,0.19,0.0,-0.5,0.0,Non-Toxin,0.0
KPC3_772,0.085,0.0,-0.5,0.0,Non-Toxin,0.0
KPC3_772_0,0.15,0.0,-0.5,0.0,Non-Toxin,0.0
KPC3_772_1,0.15,0.0,-0.5,0.0,Non-Toxin,0.0
KPC3_773,0.28,0.0,-0.5,0.0,Non-Toxin,0.0
KPC3_773_0,0.285,0.0,-0.5,0.0,Non-Toxin,0.0
KPC3_773_1,0.155,0.0,-0.5,0.0,Non-Toxin,0.0
KPC3_774,0.465,0.0,-0.5,0.0,Non-Toxin,0.0
KPC3_774_0,0.5,0.0,-0.5,0.0,Non-Toxin,0.0
KPC3_774_1,0.275,0.0,-0.5,0.0,Non-Toxin,0.0
KPC3_775,0.08,0.0,-0.5,0.0,Non-Toxin,0.0
KPC3_775_0,0.13,0.0,-0.5,0.0,Non-Toxin,0.0
KPC3_775_1,0.16,0.0,-0.5,0.0,Non-Toxin,0.0
KPC3_776,0.35,0.0,-0.5,0.0,Non-Toxin,0.0
KPC3_776_0,0.105,0.0,-0.5,0.0,Non-Toxin,0.0
KPC3_776_1,0.225,0.0,-0.5,0.0,Non-Toxin,0.0
KPC3_777,0.305,0.0,-0.5,0.0,Non-Toxin,0.0
KPC3_777_0,0.13,0.0,-0.5,0.0,Non-Toxin,0.0
KPC3_777_1,0.115,0.0,0.0,0.115,Non-Toxin,0.0
KPC3_778,0.28,0.0,-0.5,0.0,Non-Toxin,0.0
KPC3_778_0,0.085,0.0,-0.5,0.0,Non-Toxin,0.0
KPC3_778_1,0.13,0.0,-0.5,0.0,Non-Toxin,0.0
KPC3_779,0.055,0.0,-0.5,0.0,Non-Toxin,0.0
KPC3_779_0,0.12,0.0,-0.5,0.0,Non-Toxin,0.0
KPC3_779_1,0.095,0.0,0.0,0.095,Non-Toxin,0.0
KPC3_780,0.26,0.0,-0.5,0.0,Non-Toxin,0.0
KPC3_780_0,0.075,0.0,0.0,0.075,Non-Toxin,0.0
KPC3_780_1,0.075,0.0,-0.5,0.0,Non-Toxin,0.0
KPC3_781,0.14,0.0,0.0,0.14,Non-Toxin,0.026
KPC3_781_0,0.15,0.0,-0.5,0.0,Non-Toxin,0.0
KPC3_781_1,0.2,0.0,-0.5,0.0,Non-Toxin,0.0
KPC3_782,0.125,0.0,-0.5,0.0,Non-Toxin,0.0
KPC3_782_0,0.155,0.0,0.0,0.155,Non-Toxin,0.046
KPC3_782_1,0.18,0.0,0.0,0.18,Non-Toxin,0.079
KPC3_783,0.715,0.0,0.0,0.715,Toxin,0.778
KPC3_783_0,0.13,0.0,0.0,0.13,Non-Toxin,0.013
KPC3_783_1,0.21,0.0,0.0,0.21,Non-Toxin,0.118
KPC3_784,0.23,0.0,-0.5,0.0,Non-Toxin,0.0
KPC3_784_0,0.165,0.0,-0.5,0.0,Non-Toxin,0.0
KPC3_784_1,0.13,0.0,0.0,0.13,Non-Toxin,0.013
KPC3_785,0.22,0.0,0.0,0.22,Non-Toxin,0.131
KPC3_785_0,0.325,0.0,-0.5,0.0,Non-Toxin,0.0
KPC3_785_1,0.36,0.0,0.0,0.36,Non-Toxin,0.314
KPC3_786,0.19,0.0,0.0,0.19,Non-Toxin,0.092
KPC3_786_0,0.47,0.0,0.0,0.47,Toxin,0.458
KPC3_786_1,0.18,0.0,0.0,0.18,Non-Toxin,0.079
KPC3_787,0.125,0.0,0.0,0.125,Non-Toxin,0.007
KPC3_787_0,0.28,0.0,-0.5,0.0,Non-Toxin,0.0
KPC3_787_1,0.16,0.0,0.0,0.16,Non-Toxin,0.053
KPC3_788,0.325,0.0,-0.5,0.0,Non-Toxin,0.0
KPC3_788_0,0.17,0.0,0.0,0.17,Non-Toxin,0.066
KPC3_788_1,0.165,0.0,-0.5,0.0,Non-Toxin,0.0
KPC3_789,0.155,0.0,0.0,0.155,Non-Toxin,0.046
KPC3_789_0,0.135,0.0,-0.5,0.0,Non-Toxin,0.0
KPC3_789_1,0.13,0.0,-0.5,0.0,Non-Toxin,0.0
KPC3_790,0.29,0.0,-0.5,0.0,Non-Toxin,0.0
KPC3_790_0,0.14,0.0,-0.5,0.0,Non-Toxin,0.0
KPC3_790_1,0.325,0.0,-0.5,0.0,Non-Toxin,0.0
KPC3_791,0.36,0.0,0.0,0.36,Non-Toxin,0.314
KPC3_791_0,0.125,0.0,-0.5,0.0,Non-Toxin,0.0
KPC3_791_1,0.235,0.0,-0.5,0.0,Non-Toxin,0.0
KPC3_792,0.405,0.0,0.0,0.405,Toxin,0.373
KPC3_792_0,0.31,0.0,-0.5,0.0,Non-Toxin,0.0
KPC3_792_1,0.16,0.0,-0.5,0.0,Non-Toxin,0.0
KPC3_793,0.14,0.0,0.0,0.14,Non-Toxin,0.026
KPC3_793_0,0.235,0.0,-0.5,0.0,Non-Toxin,0.0
KPC3_793_1,0.14,0.0,-0.5,0.0,Non-Toxin,0.0
KPC3_794,0.185,0.0,-0.5,0.0,Non-Toxin,0.0
KPC3_794_0,0.23,0.0,0.0,0.23,Non-Toxin,0.144
KPC3_794_1,0.1,0.0,-0.5,0.0,Non-Toxin,0.0
KPC3_795,0.29,0.0,-0.5,0.0,Non-Toxin,0.0
KPC3_795_0,0.26,0.0,-0.5,0.0,Non-Toxin,0.0
KPC3_795_1,0.225,0.0,-0.5,0.0,Non-Toxin,0.0
KPC3_796,0.29,0.0,0.0,0.29,Non-Toxin,0.222
KPC3_796_0,0.165,0.0,-0.5,0.0,Non-Toxin,0.0
KPC3_796_1,0.13,0.0,-0.5,0.0,Non-Toxin,0.0
KPC3_797,0.415,0.0,-0.5,0.0,Non-Toxin,0.0
KPC3_797_0,0.15,0.0,-0.5,0.0,Non-Toxin,0.0
KPC3_797_1,0.125,0.0,-0.5,0.0,Non-Toxin,0.0
KPC3_798,0.6,0.0,-0.5,0.1,Non-Toxin,0.0
KPC3_798_0,0.255,0.0,-0.5,0.0,Non-Toxin,0.0
KPC3_798_1,0.13,0.0,-0.5,0.0,Non-Toxin,0.0
KPC3_799,0.415,0.0,-0.5,0.0,Non-Toxin,0.0
KPC3_799_0,0.28,0.0,-0.5,0.0,Non-Toxin,0.0
KPC3_799_1,0.25,0.0,-0.5,0.0,Non-Toxin,0.0
KPC3_800,0.455,0.0,-0.5,0.0,Non-Toxin,0.0
KPC3_800_0,0.175,0.0,-0.5,0.0,Non-Toxin,0.0
KPC3_800_1,0.085,0.0,-0.5,0.0,Non-Toxin,0.0
KPC3_801,0.255,0.0,-0.5,0.0,Non-Toxin,0.0
KPC3_801_0,0.16,0.0,-0.5,0.0,Non-Toxin,0.0
KPC3_801_1,0.165,0.0,-0.5,0.0,Non-Toxin,0.0
KPC3_802,0.25,0.0,-0.5,0.0,Non-Toxin,0.0
KPC3_802_0,0.045,0.0,-0.5,0.0,Non-Toxin,0.0
KPC3_802_1,0.135,0.0,-0.5,0.0,Non-Toxin,0.0
KPC3_803,0.44,0.0,-0.5,0.0,Non-Toxin,0.0
KPC3_803_0,0.1,0.0,-0.5,0.0,Non-Toxin,0.0
KPC3_803_1,0.06,0.0,-0.5,0.0,Non-Toxin,0.0
KPC3_804,0.14,0.0,-0.5,0.0,Non-Toxin,0.0
KPC3_804_0,0.12,0.0,-0.5,0.0,Non-Toxin,0.0
KPC3_804_1,0.205,0.0,-0.5,0.0,Non-Toxin,0.0
KPC3_805,0.175,0.0,-0.5,0.0,Non-Toxin,0.0
KPC3_805_0,0.08,0.0,-0.5,0.0,Non-Toxin,0.0
KPC3_805_1,0.215,0.0,-0.5,0.0,Non-Toxin,0.0
KPC3_806,0.44,0.0,-0.5,0.0,Non-Toxin,0.0
KPC3_806_0,0.205,0.0,-0.5,0.0,Non-Toxin,0.0
KPC3_806_1,0.135,0.0,-0.5,0.0,Non-Toxin,0.0
KPC3_807,0.295,0.0,-0.5,0.0,Non-Toxin,0.0
KPC3_807_0,0.265,0.0,-0.5,0.0,Non-Toxin,0.0
KPC3_807_1,0.17,0.0,-0.5,0.0,Non-Toxin,0.0
KPC3_808,0.27,0.0,-0.5,0.0,Non-Toxin,0.0
KPC3_808_0,0.165,0.0,-0.5,0.0,Non-Toxin,0.0
KPC3_808_1,0.125,0.0,0.0,0.125,Non-Toxin,0.007
KPC3_809,0.535,0.0,-0.5,0.035,Non-Toxin,0.0
KPC3_809_0,0.145,0.0,-0.5,0.0,Non-Toxin,0.0
KPC3_809_1,0.105,0.0,-0.5,0.0,Non-Toxin,0.0
KPC3_810,0.1,0.0,-0.5,0.0,Non-Toxin,0.0
KPC3_810_0,0.275,0.0,-0.5,0.0,Non-Toxin,0.0
KPC3_810_1,0.11,0.0,-0.5,0.0,Non-Toxin,0.0
KPC3_811,0.365,0.0,-0.5,0.0,Non-Toxin,0.0
KPC3_811_0,0.095,0.0,-0.5,0.0,Non-Toxin,0.0
KPC3_811_1,0.21,0.0,-0.5,0.0,Non-Toxin,0.0
KPC3_812,0.335,0.0,-0.5,0.0,Non-Toxin,0.0
KPC3_812_0,0.395,0.0,-0.5,0.0,Non-Toxin,0.0
KPC3_812_1,0.26,0.0,0.0,0.26,Non-Toxin,0.183
KPC3_813,0.155,0.0,0.0,0.155,Non-Toxin,0.046
KPC3_813_0,0.105,0.0,0.0,0.105,Non-Toxin,0.0
KPC3_813_1,0.11,0.0,-0.5,0.0,Non-Toxin,0.0
KPC3_814,0.04,0.0,-0.5,0.0,Non-Toxin,0.0
KPC3_814_0,0.075,0.0,-0.5,0.0,Non-Toxin,0.0
KPC3_814_1,0.065,0.0,0.0,0.065,Non-Toxin,0.0
KPC3_815,0.405,0.5,0.0,0.905,Toxin,1.0
KPC3_815_0,0.255,0.0,0.0,0.255,Non-Toxin,0.177
KPC3_815_1,0.115,0.0,-0.5,0.0,Non-Toxin,0.0
KPC3_816,0.14,0.0,-0.5,0.0,Non-Toxin,0.0
KPC3_816_0,0.195,0.0,-0.5,0.0,Non-Toxin,0.0
KPC3_816_1,0.21,0.0,0.0,0.21,Non-Toxin,0.118
KPC3_817,0.635,0.0,-0.5,0.135,Non-Toxin,0.02
KPC3_817_0,0.105,0.0,-0.5,0.0,Non-Toxin,0.0
KPC3_817_1,0.14,0.0,-0.5,0.0,Non-Toxin,0.0
KPC3_818,0.145,0.0,-0.5,0.0,Non-Toxin,0.0
KPC3_818_0,0.275,0.0,-0.5,0.0,Non-Toxin,0.0
KPC3_818_1,0.51,0.0,-0.5,0.01,Non-Toxin,0.0
KPC3_819,0.205,0.0,-0.5,0.0,Non-Toxin,0.0
KPC3_819_0,0.095,0.0,-0.5,0.0,Non-Toxin,0.0
KPC3_819_1,0.27,0.0,-0.5,0.0,Non-Toxin,0.0
KPC3_820,0.345,0.0,-0.5,0.0,Non-Toxin,0.0
KPC3_820_0,0.14,0.0,-0.5,0.0,Non-Toxin,0.0
KPC3_820_1,0.24,0.0,0.0,0.24,Non-Toxin,0.157
KPC3_821,0.145,0.0,-0.5,0.0,Non-Toxin,0.0
KPC3_821_0,0.325,0.0,-0.5,0.0,Non-Toxin,0.0
KPC3_821_1,0.21,0.0,-0.5,0.0,Non-Toxin,0.0
KPC3_822,0.275,0.0,0.0,0.275,Non-Toxin,0.203
KPC3_822_0,0.11,0.0,-0.5,0.0,Non-Toxin,0.0
KPC3_822_1,0.075,0.0,-0.5,0.0,Non-Toxin,0.0
KPC3_823,0.585,0.0,0.0,0.585,Toxin,0.608
KPC3_823_0,0.21,0.0,-0.5,0.0,Non-Toxin,0.0
KPC3_823_1,0.2,0.0,-0.5,0.0,Non-Toxin,0.0
KPC3_824,0.345,0.0,-0.5,0.0,Non-Toxin,0.0
KPC3_824_0,0.075,0.0,-0.5,0.0,Non-Toxin,0.0
KPC3_824_1,0.09,0.0,-0.5,0.0,Non-Toxin,0.0
KPC3_825,0.785,0.0,-0.5,0.285,Non-Toxin,0.216
KPC3_825_0,0.145,0.0,-0.5,0.0,Non-Toxin,0.0
KPC3_825_1,0.13,0.0,-0.5,0.0,Non-Toxin,0.0
KPC3_826,0.24,0.0,-0.5,0.0,Non-Toxin,0.0
KPC3_826_0,0.175,0.0,-0.5,0.0,Non-Toxin,0.0
KPC3_826_1,0.15,0.0,-0.5,0.0,Non-Toxin,0.0
KPC3_827,0.185,0.0,-0.5,0.0,Non-Toxin,0.0
KPC3_827_0,0.14,0.0,0.0,0.14,Non-Toxin,0.026
KPC3_827_1,0.13,0.0,-0.5,0.0,Non-Toxin,0.0
KPC3_828,0.33,0.0,-0.5,0.0,Non-Toxin,0.0
KPC3_828_0,0.105,0.0,-0.5,0.0,Non-Toxin,0.0
KPC3_828_1,0.135,0.0,-0.5,0.0,Non-Toxin,0.0
KPC3_829,0.365,0.0,-0.5,0.0,Non-Toxin,0.0
KPC3_829_0,0.145,0.0,-0.5,0.0,Non-Toxin,0.0
KPC3_829_1,0.135,0.0,-0.5,0.0,Non-Toxin,0.0
KPC3_830,0.385,0.0,-0.5,0.0,Non-Toxin,0.0
KPC3_830_0,0.205,0.0,-0.5,0.0,Non-Toxin,0.0
KPC3_830_1,0.07,0.0,-0.5,0.0,Non-Toxin,0.0
KPC3_831,0.69,0.0,-0.5,0.19,Non-Toxin,0.092
KPC3_831_0,0.12,0.0,-0.5,0.0,Non-Toxin,0.0
KPC3_831_1,0.19,0.0,0.0,0.19,Non-Toxin,0.092
KPC3_832,0.115,0.0,-0.5,0.0,Non-Toxin,0.0
KPC3_832_0,0.26,0.0,-0.5,0.0,Non-Toxin,0.0
KPC3_832_1,0.2,0.0,-0.5,0.0,Non-Toxin,0.0
KPC3_833,0.355,0.0,-0.5,0.0,Non-Toxin,0.0
KPC3_833_0,0.175,0.0,-0.5,0.0,Non-Toxin,0.0
KPC3_833_1,0.165,0.0,-0.5,0.0,Non-Toxin,0.0
KPC3_834,0.4,0.0,-0.5,0.0,Non-Toxin,0.0
KPC3_834_0,0.09,0.0,-0.5,0.0,Non-Toxin,0.0
KPC3_834_1,0.08,0.0,-0.5,0.0,Non-Toxin,0.0
KPC3_835,0.225,0.0,-0.5,0.0,Non-Toxin,0.0
KPC3_835_0,0.19,0.0,-0.5,0.0,Non-Toxin,0.0
KPC3_835_1,0.125,0.0,-0.5,0.0,Non-Toxin,0.0
KPC3_836,0.14,0.0,-0.5,0.0,Non-Toxin,0.0
KPC3_836_0,0.16,0.0,-0.5,0.0,Non-Toxin,0.0
KPC3_836_1,0.185,0.0,-0.5,0.0,Non-Toxin,0.0
KPC3_837,0.095,0.0,0.0,0.095,Non-Toxin,0.0
KPC3_837_0,0.355,0.0,-0.5,0.0,Non-Toxin,0.0
KPC3_837_1,0.31,0.0,-0.5,0.0,Non-Toxin,0.0
KPC3_838,0.58,0.0,-0.5,0.08,Non-Toxin,0.0
KPC3_838_0,0.195,0.0,-0.5,0.0,Non-Toxin,0.0
KPC3_838_1,0.145,0.0,0.0,0.145,Non-Toxin,0.033
KPC3_839,0.09,0.0,-0.5,0.0,Non-Toxin,0.0
KPC3_839_0,0.19,0.0,0.0,0.19,Non-Toxin,0.092
KPC3_839_1,0.125,0.0,0.0,0.125,Non-Toxin,0.007
KPC3_840,0.095,0.0,-0.5,0.0,Non-Toxin,0.0
KPC3_840_0,0.265,0.0,-0.5,0.0,Non-Toxin,0.0
KPC3_840_1,0.15,0.0,-0.5,0.0,Non-Toxin,0.0
KPC3_841,0.115,0.0,0.0,0.115,Non-Toxin,0.0
KPC3_841_0,0.15,0.0,-0.5,0.0,Non-Toxin,0.0
KPC3_841_1,0.115,0.0,0.0,0.115,Non-Toxin,0.0
KPC3_842,0.09,0.0,-0.5,0.0,Non-Toxin,0.0
KPC3_842_0,0.26,0.0,0.0,0.26,Non-Toxin,0.183
KPC3_842_1,0.205,0.0,-0.5,0.0,Non-Toxin,0.0
KPC3_843,0.3,0.0,-0.5,0.0,Non-Toxin,0.0
KPC3_843_0,0.12,0.0,-0.5,0.0,Non-Toxin,0.0
KPC3_843_1,0.105,0.0,-0.5,0.0,Non-Toxin,0.0
KPC3_844,0.185,0.0,0.0,0.185,Non-Toxin,0.085
KPC3_844_0,0.395,0.0,-0.5,0.0,Non-Toxin,0.0
KPC3_844_1,0.36,0.0,-0.5,0.0,Non-Toxin,0.0
KPC3_845,0.38,0.0,-0.5,0.0,Non-Toxin,0.0
KPC3_845_0,0.165,0.0,-0.5,0.0,Non-Toxin,0.0
KPC3_845_1,0.095,0.0,-0.5,0.0,Non-Toxin,0.0
KPC3_846,0.515,0.0,0.0,0.515,Toxin,0.517
KPC3_846_0,0.14,0.0,-0.5,0.0,Non-Toxin,0.0
KPC3_846_1,0.185,0.0,-0.5,0.0,Non-Toxin,0.0
KPC3_847,0.15,0.0,-0.5,0.0,Non-Toxin,0.0
KPC3_847_0,0.055,0.0,-0.5,0.0,Non-Toxin,0.0
KPC3_847_1,0.105,0.0,-0.5,0.0,Non-Toxin,0.0
KPC3_848,0.075,0.0,0.0,0.075,Non-Toxin,0.0
KPC3_848_0,0.18,0.0,-0.5,0.0,Non-Toxin,0.0
KPC3_848_1,0.185,0.0,-0.5,0.0,Non-Toxin,0.0
KPC3_849,0.17,0.0,0.0,0.17,Non-Toxin,0.066
KPC3_849_0,0.215,0.0,-0.5,0.0,Non-Toxin,0.0
KPC3_849_1,0.185,0.0,0.0,0.185,Non-Toxin,0.085
KPC3_850,0.37,0.0,0.0,0.37,Non-Toxin,0.327
KPC3_850_0,0.115,0.0,-0.5,0.0,Non-Toxin,0.0
KPC3_850_1,0.1,0.0,0.0,0.1,Non-Toxin,0.0
KPC3_851,0.765,0.0,-0.5,0.265,Non-Toxin,0.19
KPC3_851_0,0.205,0.0,0.0,0.205,Non-Toxin,0.111
KPC3_851_1,0.095,0.0,-0.5,0.0,Non-Toxin,0.0
KPC3_852,0.225,0.0,-0.5,0.0,Non-Toxin,0.0
KPC3_852_0,0.215,0.0,-0.5,0.0,Non-Toxin,0.0
KPC3_852_1,0.105,0.0,-0.5,0.0,Non-Toxin,0.0
KPC3_853,0.55,0.0,-0.5,0.05,Non-Toxin,0.0
KPC3_853_0,0.095,0.0,-0.5,0.0,Non-Toxin,0.0
KPC3_853_1,0.235,0.0,-0.5,0.0,Non-Toxin,0.0
KPC3_854,0.1,0.0,-0.5,0.0,Non-Toxin,0.0
KPC3_854_0,0.2,0.0,-0.5,0.0,Non-Toxin,0.0
KPC3_855,0.36,0.0,-0.5,0.0,Non-Toxin,0.0
KPC3_855_0,0.07,0.0,0.0,0.07,Non-Toxin,0.0
KPC3_856,0.14,0.0,-0.5,0.0,Non-Toxin,0.0
KPC3_856_0,0.15,0.0,-0.5,0.0,Non-Toxin,0.0
KPC3_857,0.075,0.0,-0.5,0.0,Non-Toxin,0.0
KPC3_857_0,0.34,0.0,-0.5,0.0,Non-Toxin,0.0
KPC3_858,0.255,0.0,0.0,0.255,Non-Toxin,0.177
KPC3_858_0,0.145,0.0,-0.5,0.0,Non-Toxin,0.0
KPC3_859,0.34,0.0,0.0,0.34,Non-Toxin,0.288
KPC3_859_0,0.125,0.0,0.0,0.125,Non-Toxin,0.007
KPC3_860,0.165,0.0,0.0,0.165,Non-Toxin,0.059
KPC3_860_0,0.205,0.0,-0.5,0.0,Non-Toxin,0.0
KPC3_861,0.145,0.0,0.0,0.145,Non-Toxin,0.033
KPC3_861_0,0.235,0.0,-0.5,0.0,Non-Toxin,0.0
KPC3_862,0.54,0.0,-0.5,0.04,Non-Toxin,0.0
KPC3_862_0,0.16,0.0,-0.5,0.0,Non-Toxin,0.0
KPC3_863,0.18,0.0,0.0,0.18,Non-Toxin,0.079
KPC3_863_0,0.05,0.0,-0.5,0.0,Non-Toxin,0.0
KPC3_864,0.245,0.0,-0.5,0.0,Non-Toxin,0.0
KPC3_864_0,0.16,0.0,0.0,0.16,Non-Toxin,0.053
KPC3_865,0.11,0.0,-0.5,0.0,Non-Toxin,0.0
KPC3_865_0,0.065,0.0,0.0,0.065,Non-Toxin,0.0
KPC3_866,0.475,0.0,0.0,0.475,Toxin,0.464
KPC3_866_0,0.145,0.0,-0.5,0.0,Non-Toxin,0.0
KPC3_867,0.275,0.0,0.0,0.275,Non-Toxin,0.203
KPC3_867_0,0.175,0.0,-0.5,0.0,Non-Toxin,0.0
KPC3_868,0.11,0.0,-0.5,0.0,Non-Toxin,0.0
KPC3_868_0,0.225,0.0,-0.5,0.0,Non-Toxin,0.0
KPC3_869,0.09,0.0,-0.5,0.0,Non-Toxin,0.0
KPC3_869_0,0.05,0.0,-0.5,0.0,Non-Toxin,0.0
KPC3_870,0.4,0.0,-0.5,0.0,Non-Toxin,0.0
KPC3_870_0,0.22,0.0,-0.5,0.0,Non-Toxin,0.0
KPC3_871,0.37,0.0,-0.5,0.0,Non-Toxin,0.0
KPC3_871_0,0.17,0.0,-0.5,0.0,Non-Toxin,0.0
KPC3_872,0.245,0.0,-0.5,0.0,Non-Toxin,0.0
KPC3_872_0,0.165,0.0,-0.5,0.0,Non-Toxin,0.0
KPC3_873,0.495,0.0,0.0,0.495,Toxin,0.49
KPC3_873_0,0.165,0.0,-0.5,0.0,Non-Toxin,0.0
KPC3_874,0.255,0.0,-0.5,0.0,Non-Toxin,0.0
KPC3_874_0,0.145,0.0,-0.5,0.0,Non-Toxin,0.0
KPC3_875,0.335,0.0,-0.5,0.0,Non-Toxin,0.0
KPC3_875_0,0.05,0.0,-0.5,0.0,Non-Toxin,0.0
KPC3_876,0.335,0.0,0.0,0.335,Non-Toxin,0.281
KPC3_876_0,0.13,0.0,0.0,0.13,Non-Toxin,0.013
KPC3_877,0.09,0.0,-0.5,0.0,Non-Toxin,0.0
KPC3_877_0,0.11,0.0,-0.5,0.0,Non-Toxin,0.0
KPC3_878,0.245,0.0,-0.5,0.0,Non-Toxin,0.0
KPC3_878_0,0.175,0.0,-0.5,0.0,Non-Toxin,0.0
KPC3_879,0.1,0.0,-0.5,0.0,Non-Toxin,0.0
KPC3_879_0,0.315,0.0,-0.5,0.0,Non-Toxin,0.0
KPC3_880,0.12,0.0,-0.5,0.0,Non-Toxin,0.0
KPC3_880_0,0.175,0.0,-0.5,0.0,Non-Toxin,0.0
KPC3_881,0.11,0.0,-0.5,0.0,Non-Toxin,0.0
KPC3_881_0,0.145,0.0,-0.5,0.0,Non-Toxin,0.0
KPC3_882,0.065,0.0,-0.5,0.0,Non-Toxin,0.0
KPC3_882_0,0.135,0.0,-0.5,0.0,Non-Toxin,0.0
KPC3_883,0.1,0.0,-0.5,0.0,Non-Toxin,0.0
KPC3_883_0,0.09,0.0,-0.5,0.0,Non-Toxin,0.0
KPC3_884,0.48,0.0,-0.5,0.0,Non-Toxin,0.0
KPC3_884_0,0.12,0.0,-0.5,0.0,Non-Toxin,0.0
KPC3_885,0.19,0.0,-0.5,0.0,Non-Toxin,0.0
KPC3_885_0,0.13,0.0,-0.5,0.0,Non-Toxin,0.0
KPC3_886,0.18,0.0,0.0,0.18,Non-Toxin,0.079
KPC3_886_0,0.185,0.0,-0.5,0.0,Non-Toxin,0.0
KPC3_887,0.1,0.0,-0.5,0.0,Non-Toxin,0.0
KPC3_887_0,0.06,0.0,0.0,0.06,Non-Toxin,0.0
KPC3_888,0.19,0.0,0.0,0.19,Non-Toxin,0.092
KPC3_888_0,0.16,0.0,-0.5,0.0,Non-Toxin,0.0
KPC3_889,0.355,0.0,-0.5,0.0,Non-Toxin,0.0
KPC3_889_0,0.16,0.0,-0.5,0.0,Non-Toxin,0.0
KPC3_890,0.51,0.0,-0.5,0.01,Non-Toxin,0.0
KPC3_890_0,0.195,0.0,-0.5,0.0,Non-Toxin,0.0
KPC3_891,0.445,0.0,0.0,0.445,Toxin,0.425
KPC3_891_0,0.31,0.0,-0.5,0.0,Non-Toxin,0.0
KPC3_892,0.17,0.0,-0.5,0.0,Non-Toxin,0.0
KPC3_892_0,0.125,0.0,-0.5,0.0,Non-Toxin,0.0
KPC3_893,0.095,0.0,-0.5,0.0,Non-Toxin,0.0
KPC3_893_0,0.065,0.0,-0.5,0.0,Non-Toxin,0.0
KPC3_894,0.16,0.0,-0.5,0.0,Non-Toxin,0.0
KPC3_894_0,0.13,0.0,-0.5,0.0,Non-Toxin,0.0
KPC3_895,0.075,0.0,-0.5,0.0,Non-Toxin,0.0
KPC3_895_0,0.115,0.0,-0.5,0.0,Non-Toxin,0.0
KPC3_896,0.33,0.0,-0.5,0.0,Non-Toxin,0.0
KPC3_896_0,0.21,0.0,-0.5,0.0,Non-Toxin,0.0
KPC3_897,0.315,0.0,-0.5,0.0,Non-Toxin,0.0
KPC3_897_0,0.125,0.0,-0.5,0.0,Non-Toxin,0.0
KPC3_898,0.375,0.0,-0.5,0.0,Non-Toxin,0.0
KPC3_898_0,0.145,0.0,-0.5,0.0,Non-Toxin,0.0
KPC3_899,0.12,0.0,-0.5,0.0,Non-Toxin,0.0
KPC3_899_0,0.2,0.0,-0.5,0.0,Non-Toxin,0.0
KPC3_900,0.34,0.0,-0.5,0.0,Non-Toxin,0.0
KPC3_900_0,0.155,0.0,-0.5,0.0,Non-Toxin,0.0
KPC3_901,0.345,0.0,-0.5,0.0,Non-Toxin,0.0
KPC3_901_0,0.2,0.0,-0.5,0.0,Non-Toxin,0.0
KPC3_902,0.3,0.0,-0.5,0.0,Non-Toxin,0.0
KPC3_902_0,0.3,0.0,-0.5,0.0,Non-Toxin,0.0
KPC3_903,0.37,0.0,-0.5,0.0,Non-Toxin,0.0
KPC3_903_0,0.135,0.0,-0.5,0.0,Non-Toxin,0.0
KPC3_904,0.085,0.0,-0.5,0.0,Non-Toxin,0.0
KPC3_904_0,0.08,0.0,-0.5,0.0,Non-Toxin,0.0
KPC3_905,0.645,0.0,-0.5,0.145,Non-Toxin,0.033
KPC3_905_0,0.1,0.0,-0.5,0.0,Non-Toxin,0.0
KPC3_906,0.265,0.0,-0.5,0.0,Non-Toxin,0.0
KPC3_906_0,0.105,0.0,-0.5,0.0,Non-Toxin,0.0
KPC3_907,0.24,0.0,-0.5,0.0,Non-Toxin,0.0
KPC3_907_0,0.185,0.0,-0.5,0.0,Non-Toxin,0.0
KPC3_908,0.265,0.0,-0.5,0.0,Non-Toxin,0.0
KPC3_908_0,0.17,0.0,0.0,0.17,Non-Toxin,0.066
KPC3_909,0.785,0.0,-0.5,0.285,Non-Toxin,0.216
KPC3_909_0,0.105,0.0,0.0,0.105,Non-Toxin,0.0
KPC3_910,0.17,0.0,0.0,0.17,Non-Toxin,0.066
KPC3_910_0,0.15,0.0,0.0,0.15,Non-Toxin,0.039
KPC3_911,0.09,0.0,-0.5,0.0,Non-Toxin,0.0
KPC3_911_0,0.36,0.0,0.0,0.36,Non-Toxin,0.314
KPC3_912,0.445,0.0,0.0,0.445,Toxin,0.425
KPC3_912_0,0.115,0.0,-0.5,0.0,Non-Toxin,0.0
KPC3_913,0.165,0.0,0.0,0.165,Non-Toxin,0.059
KPC3_913_0,0.21,0.0,-0.5,0.0,Non-Toxin,0.0
KPC3_914,0.105,0.0,0.0,0.105,Non-Toxin,0.0
KPC3_914_0,0.115,0.0,-0.5,0.0,Non-Toxin,0.0
KPC3_915,0.615,0.0,-0.5,0.115,Non-Toxin,0.0
KPC3_915_0,0.245,0.0,-0.5,0.0,Non-Toxin,0.0
KPC3_916,0.115,0.0,-0.5,0.0,Non-Toxin,0.0
KPC3_916_0,0.135,0.0,0.0,0.135,Non-Toxin,0.02
KPC3_917,0.185,0.0,-0.5,0.0,Non-Toxin,0.0
KPC3_917_0,0.175,0.0,0.0,0.175,Non-Toxin,0.072
KPC3_918,0.115,0.0,-0.5,0.0,Non-Toxin,0.0
KPC3_918_0,0.135,0.0,-0.5,0.0,Non-Toxin,0.0
KPC3_919,0.165,0.0,-0.5,0.0,Non-Toxin,0.0
KPC3_919_0,0.29,0.0,-0.5,0.0,Non-Toxin,0.0
KPC3_920,0.125,0.0,-0.5,0.0,Non-Toxin,0.0
KPC3_920_0,0.27,0.0,-0.5,0.0,Non-Toxin,0.0
KPC3_921,0.15,0.0,-0.5,0.0,Non-Toxin,0.0
KPC3_921_0,0.095,0.0,-0.5,0.0,Non-Toxin,0.0
KPC3_922,0.185,0.0,-0.5,0.0,Non-Toxin,0.0
KPC3_922_0,0.165,0.0,0.0,0.165,Non-Toxin,0.059
KPC3_923,0.17,0.0,-0.5,0.0,Non-Toxin,0.0
KPC3_923_0,0.11,0.0,-0.5,0.0,Non-Toxin,0.0
KPC3_924,0.59,0.0,-0.5,0.09,Non-Toxin,0.0
KPC3_924_0,0.165,0.0,-0.5,0.0,Non-Toxin,0.0
KPC3_925,0.155,0.0,-0.5,0.0,Non-Toxin,0.0
KPC3_925_0,0.175,0.0,0.0,0.175,Non-Toxin,0.072
KPC3_926,0.23,0.0,-0.5,0.0,Non-Toxin,0.0
KPC3_926_0,0.18,0.0,0.0,0.18,Non-Toxin,0.079
KPC3_927,0.145,0.0,-0.5,0.0,Non-Toxin,0.0
KPC3_927_0,0.155,0.0,-0.5,0.0,Non-Toxin,0.0
KPC3_928,0.125,0.0,0.0,0.125,Non-Toxin,0.007
KPC3_928_0,0.095,0.0,-0.5,0.0,Non-Toxin,0.0
KPC3_929,0.16,0.0,0.0,0.16,Non-Toxin,0.053
KPC3_929_0,0.1,0.0,-0.5,0.0,Non-Toxin,0.0
KPC3_930,0.32,0.0,-0.5,0.0,Non-Toxin,0.0
KPC3_930_0,0.235,0.0,0.0,0.235,Non-Toxin,0.151
KPC3_931,0.37,0.0,0.0,0.37,Non-Toxin,0.327
KPC3_931_0,0.075,0.0,-0.5,0.0,Non-Toxin,0.0
KPC3_932,0.33,0.0,-0.5,0.0,Non-Toxin,0.0
KPC3_932_0,0.18,0.0,0.0,0.18,Non-Toxin,0.079
KPC3_933,0.72,0.0,-0.5,0.22,Non-Toxin,0.131
KPC3_933_0,0.295,0.0,-0.5,0.0,Non-Toxin,0.0
KPC3_934,0.38,0.0,-0.5,0.0,Non-Toxin,0.0
KPC3_934_0,0.145,0.0,0.0,0.145,Non-Toxin,0.033
KPC3_935,0.11,0.0,-0.5,0.0,Non-Toxin,0.0
KPC3_935_0,0.14,0.0,-0.5,0.0,Non-Toxin,0.0
KPC3_936,0.15,0.0,-0.5,0.0,Non-Toxin,0.0
KPC3_936_0,0.2,0.0,0.0,0.2,Non-Toxin,0.105
KPC3_937,0.445,0.0,0.0,0.445,Toxin,0.425
KPC3_937_0,0.1,0.0,-0.5,0.0,Non-Toxin,0.0
KPC3_938,0.38,0.0,-0.5,0.0,Non-Toxin,0.0
KPC3_938_0,0.33,0.0,-0.5,0.0,Non-Toxin,0.0
KPC3_939,0.52,0.0,0.0,0.52,Toxin,0.523
KPC3_939_0,0.08,0.0,-0.5,0.0,Non-Toxin,0.0
KPC3_940,0.265,0.0,-0.5,0.0,Non-Toxin,0.0
KPC3_940_0,0.07,0.0,-0.5,0.0,Non-Toxin,0.0
KPC3_941,0.1,0.0,-0.5,0.0,Non-Toxin,0.0
KPC3_941_0,0.195,0.0,-0.5,0.0,Non-Toxin,0.0
KPC3_942,0.39,0.0,-0.5,0.0,Non-Toxin,0.0
KPC3_942_0,0.12,0.0,-0.5,0.0,Non-Toxin,0.0
KPC3_943,0.13,0.0,0.0,0.13,Non-Toxin,0.013
KPC3_943_0,0.135,0.0,-0.5,0.0,Non-Toxin,0.0
KPC3_944,0.175,0.0,0.0,0.175,Non-Toxin,0.072
KPC3_944_0,0.175,0.0,-0.5,0.0,Non-Toxin,0.0
KPC3_945,0.375,0.0,-0.5,0.0,Non-Toxin,0.0
KPC3_945_0,0.075,0.0,-0.5,0.0,Non-Toxin,0.0
KPC3_946,0.145,0.5,-0.5,0.145,Non-Toxin,0.033
KPC3_946_0,0.105,0.0,-0.5,0.0,Non-Toxin,0.0
KPC3_947,0.32,0.0,-0.5,0.0,Non-Toxin,0.0
KPC3_947_0,0.15,0.0,-0.5,0.0,Non-Toxin,0.0
KPC3_948,0.5,0.5,-0.5,0.5,Toxin,0.497
KPC3_948_0,0.09,0.0,-0.5,0.0,Non-Toxin,0.0
KPC3_949,0.095,0.0,-0.5,0.0,Non-Toxin,0.0
KPC3_949_0,0.175,0.0,-0.5,0.0,Non-Toxin,0.0
KPC3_950,0.685,0.0,-0.5,0.185,Non-Toxin,0.085
KPC3_950_0,0.1,0.0,-0.5,0.0,Non-Toxin,0.0
KPC3_951,0.145,0.0,-0.5,0.0,Non-Toxin,0.0
KPC3_951_0,0.085,0.0,-0.5,0.0,Non-Toxin,0.0
KPC3_952,0.39,0.0,-0.5,0.0,Non-Toxin,0.0
KPC3_952_0,0.11,0.0,-0.5,0.0,Non-Toxin,0.0
KPC3_953,0.105,0.0,-0.5,0.0,Non-Toxin,0.0
KPC3_953_0,0.145,0.0,-0.5,0.0,Non-Toxin,0.0
KPC3_954,0.085,0.0,-0.5,0.0,Non-Toxin,0.0
KPC3_954_0,0.16,0.0,-0.5,0.0,Non-Toxin,0.0
KPC3_955,0.625,0.0,-0.5,0.125,Non-Toxin,0.007
KPC3_955_0,0.215,0.0,-0.5,0.0,Non-Toxin,0.0
KPC3_956,0.645,0.0,-0.5,0.145,Non-Toxin,0.033
KPC3_956_0,0.11,0.0,-0.5,0.0,Non-Toxin,0.0
KPC3_957,0.205,0.0,-0.5,0.0,Non-Toxin,0.0
KPC3_957_0,0.24,0.0,-0.5,0.0,Non-Toxin,0.0
KPC3_958,0.175,0.0,-0.5,0.0,Non-Toxin,0.0
KPC3_958_0,0.14,0.0,-0.5,0.0,Non-Toxin,0.0
KPC3_959,0.55,0.0,-0.5,0.05,Non-Toxin,0.0
KPC3_959_0,0.08,0.0,-0.5,0.0,Non-Toxin,0.0
KPC3_960,0.68,0.0,-0.5,0.18,Non-Toxin,0.079
KPC3_960_0,0.045,0.0,-0.5,0.0,Non-Toxin,0.0
KPC3_961,0.3,0.0,-0.5,0.0,Non-Toxin,0.0
KPC3_961_0,0.115,0.0,-0.5,0.0,Non-Toxin,0.0
KPC3_962,0.265,0.0,-0.5,0.0,Non-Toxin,0.0
KPC3_962_0,0.145,0.0,-0.5,0.0,Non-Toxin,0.0
KPC3_963,0.1,0.0,-0.5,0.0,Non-Toxin,0.0
KPC3_963_0,0.21,0.0,-0.5,0.0,Non-Toxin,0.0
KPC3_964,0.135,0.0,-0.5,0.0,Non-Toxin,0.0
KPC3_964_0,0.135,0.0,-0.5,0.0,Non-Toxin,0.0
KPC3_965,0.125,0.0,0.0,0.125,Non-Toxin,0.007
KPC3_965_0,0.09,0.0,-0.5,0.0,Non-Toxin,0.0
KPC3_966,0.085,0.0,-0.5,0.0,Non-Toxin,0.0
KPC3_966_0,0.135,0.0,-0.5,0.0,Non-Toxin,0.0
KPC3_967,0.15,0.0,-0.5,0.0,Non-Toxin,0.0
KPC3_967_0,0.185,0.0,-0.5,0.0,Non-Toxin,0.0
KPC3_968,0.145,0.0,0.0,0.145,Non-Toxin,0.033
KPC3_968_0,0.125,0.0,-0.5,0.0,Non-Toxin,0.0
KPC3_969,0.125,0.0,-0.5,0.0,Non-Toxin,0.0
KPC3_969_0,0.165,0.0,-0.5,0.0,Non-Toxin,0.0
KPC3_970,0.135,0.0,-0.5,0.0,Non-Toxin,0.0
KPC3_970_0,0.115,0.0,-0.5,0.0,Non-Toxin,0.0
KPC3_971,0.3,0.0,0.0,0.3,Non-Toxin,0.235
KPC3_971_0,0.06,0.0,-0.5,0.0,Non-Toxin,0.0
KPC3_972,0.135,0.0,-0.5,0.0,Non-Toxin,0.0
KPC3_972_0,0.225,0.0,-0.5,0.0,Non-Toxin,0.0
KPC3_973,0.345,0.0,-0.5,0.0,Non-Toxin,0.0
KPC3_973_0,0.155,0.0,-0.5,0.0,Non-Toxin,0.0
KPC3_974,0.2,0.0,-0.5,0.0,Non-Toxin,0.0
KPC3_974_0,0.16,0.0,-0.5,0.0,Non-Toxin,0.0
KPC3_975,0.41,0.0,-0.5,0.0,Non-Toxin,0.0
KPC3_975_0,0.115,0.0,-0.5,0.0,Non-Toxin,0.0
KPC3_976,0.265,0.0,-0.5,0.0,Non-Toxin,0.0
KPC3_976_0,0.16,0.0,-0.5,0.0,Non-Toxin,0.0
KPC3_977,0.465,0.0,-0.5,0.0,Non-Toxin,0.0
KPC3_977_0,0.175,0.0,-0.5,0.0,Non-Toxin,0.0
KPC3_978,0.345,0.0,-0.5,0.0,Non-Toxin,0.0
KPC3_978_0,0.07,0.0,-0.5,0.0,Non-Toxin,0.0
KPC3_979,0.38,0.0,-0.5,0.0,Non-Toxin,0.0
KPC3_979_0,0.205,0.0,-0.5,0.0,Non-Toxin,0.0
KPC3_980,0.125,0.0,0.0,0.125,Non-Toxin,0.007
KPC3_980_0,0.225,0.0,-0.5,0.0,Non-Toxin,0.0
KPC3_981,0.745,0.0,-0.5,0.245,Non-Toxin,0.164
KPC3_981_0,0.21,0.0,-0.5,0.0,Non-Toxin,0.0
KPC3_982,0.185,0.0,-0.5,0.0,Non-Toxin,0.0
KPC3_982_0,0.16,0.0,-0.5,0.0,Non-Toxin,0.0
KPC3_983,0.22,0.0,0.0,0.22,Non-Toxin,0.131
KPC3_983_0,0.1,0.0,-0.5,0.0,Non-Toxin,0.0
KPC3_984,0.455,0.0,-0.5,0.0,Non-Toxin,0.0
KPC3_984_0,0.25,0.0,-0.5,0.0,Non-Toxin,0.0
KPC3_985,0.185,0.0,-0.5,0.0,Non-Toxin,0.0
KPC3_985_0,0.165,0.0,-0.5,0.0,Non-Toxin,0.0
KPC3_986,0.155,0.0,-0.5,0.0,Non-Toxin,0.0
KPC3_986_0,0.135,0.0,-0.5,0.0,Non-Toxin,0.0
KPC3_987,0.27,0.0,0.0,0.27,Non-Toxin,0.196
KPC3_987_0,0.18,0.0,-0.5,0.0,Non-Toxin,0.0
KPC3_988,0.155,0.0,0.0,0.155,Non-Toxin,0.046
KPC3_988_0,0.26,0.0,0.0,0.26,Non-Toxin,0.183
KPC3_989,0.37,0.0,-0.5,0.0,Non-Toxin,0.0
KPC3_989_0,0.165,0.0,-0.5,0.0,Non-Toxin,0.0
KPC3_990,0.115,0.0,-0.5,0.0,Non-Toxin,0.0
KPC3_990_0,0.25,0.0,-0.5,0.0,Non-Toxin,0.0
KPC3_991,0.125,0.0,-0.5,0.0,Non-Toxin,0.0
KPC3_991_0,0.205,0.0,-0.5,0.0,Non-Toxin,0.0
KPC3_992,0.555,0.0,0.0,0.555,Toxin,0.569
KPC3_992_0,0.28,0.0,0.0,0.28,Non-Toxin,0.209
KPC3_993,0.365,0.0,-0.5,0.0,Non-Toxin,0.0
KPC3_993_0,0.315,0.0,-0.5,0.0,Non-Toxin,0.0
KPC3_994,0.155,0.0,0.0,0.155,Non-Toxin,0.046
KPC3_994_0,0.2,0.0,-0.5,0.0,Non-Toxin,0.0
KPC3_995,0.13,0.0,-0.5,0.0,Non-Toxin,0.0
KPC3_995_0,0.24,0.0,-0.5,0.0,Non-Toxin,0.0
KPC3_996,0.15,0.0,-0.5,0.0,Non-Toxin,0.0
KPC3_996_0,0.155,0.0,-0.5,0.0,Non-Toxin,0.0
KPC3_997,0.135,0.0,-0.5,0.0,Non-Toxin,0.0
KPC3_997_0,0.17,0.0,0.0,0.17,Non-Toxin,0.066
KPC3_998,0.11,0.0,-0.5,0.0,Non-Toxin,0.0
KPC3_998_0,0.285,0.0,0.0,0.285,Non-Toxin,0.216
KPC3_999,0.405,0.0,-0.5,0.0,Non-Toxin,0.0
KPC3_999_0,0.175,0.0,0.0,0.175,Non-Toxin,0.072
config_KPC3_000,0.255,0.0,-0.5,0.0,Non-Toxin,0.0
config_KPC3_000_2,0.395,0.0,0.0,0.395,Toxin,0.36
config_KPC3_001,0.165,0.0,-0.5,0.0,Non-Toxin,0.0
config_KPC3_002,0.31,0.0,-0.5,0.0,Non-Toxin,0.0
config_KPC3_002_2,0.385,0.0,-0.5,0.0,Non-Toxin,0.0
config_KPC3_003,0.11,0.0,-0.5,0.0,Non-Toxin,0.0
config_KPC3_004,0.3,0.0,-0.5,0.0,Non-Toxin,0.0
config_KPC3_004_2,0.195,0.0,-0.5,0.0,Non-Toxin,0.0
config_KPC3_005,0.225,0.0,-0.5,0.0,Non-Toxin,0.0
config_KPC3_006,0.105,0.0,-0.5,0.0,Non-Toxin,0.0
config_KPC3_006_2,0.185,0.0,-0.5,0.0,Non-Toxin,0.0
config_KPC3_007,0.28,0.0,-0.5,0.0,Non-Toxin,0.0
config_KPC3_008,0.195,0.0,-0.5,0.0,Non-Toxin,0.0
config_KPC3_008_2,0.14,0.0,-0.5,0.0,Non-Toxin,0.0
config_KPC3_009,0.29,0.0,-0.5,0.0,Non-Toxin,0.0
config_KPC3_020,0.12,0.0,-0.5,0.0,Non-Toxin,0.0
config_KPC3_020_2,0.115,0.0,-0.5,0.0,Non-Toxin,0.0
config_KPC3_021,0.19,0.0,-0.5,0.0,Non-Toxin,0.0
config_KPC3_022,0.185,0.0,-0.5,0.0,Non-Toxin,0.0
config_KPC3_022_2,0.08,0.0,0.0,0.08,Non-Toxin,0.0
config_KPC3_023,0.08,0.0,-0.5,0.0,Non-Toxin,0.0
config_KPC3_024,0.12,0.0,-0.5,0.0,Non-Toxin,0.0
config_KPC3_024_2,0.155,0.0,0.0,0.155,Non-Toxin,0.046
config_KPC3_025,0.14,0.0,-0.5,0.0,Non-Toxin,0.0
config_KPC3_026,0.15,0.0,-0.5,0.0,Non-Toxin,0.0
config_KPC3_026_2,0.08,0.0,-0.5,0.0,Non-Toxin,0.0
config_KPC3_027,0.18,0.0,-0.5,0.0,Non-Toxin,0.0
config_KPC3_028,0.285,0.0,0.0,0.285,Non-Toxin,0.216
config_KPC3_028_2,0.34,0.0,0.0,0.34,Non-Toxin,0.288
config_KPC3_029,0.23,0.0,0.0,0.23,Non-Toxin,0.144
config_KPC3_040,0.19,0.0,-0.5,0.0,Non-Toxin,0.0
config_KPC3_040_2,0.215,0.0,-0.5,0.0,Non-Toxin,0.0
config_KPC3_041,0.605,0.0,-0.5,0.105,Non-Toxin,0.0
config_KPC3_042,0.355,0.0,-0.5,0.0,Non-Toxin,0.0
config_KPC3_042_2,0.325,0.0,0.0,0.325,Non-Toxin,0.268
config_KPC3_043,0.09,0.0,-0.5,0.0,Non-Toxin,0.0
config_KPC3_044,0.275,0.0,-0.5,0.0,Non-Toxin,0.0
config_KPC3_044_2,0.285,0.0,-0.5,0.0,Non-Toxin,0.0
config_KPC3_045,0.235,0.0,-0.5,0.0,Non-Toxin,0.0
config_KPC3_046,0.095,0.0,-0.5,0.0,Non-Toxin,0.0
config_KPC3_046_2,0.18,0.0,-0.5,0.0,Non-Toxin,0.0
config_KPC3_047,0.29,0.0,-0.5,0.0,Non-Toxin,0.0
config_KPC3_048,0.1,0.0,-0.5,0.0,Non-Toxin,0.0
config_KPC3_048_2,0.275,0.0,-0.5,0.0,Non-Toxin,0.0
config_KPC3_049,0.115,0.0,-0.5,0.0,Non-Toxin,0.0
config_KPC3_060,0.225,0.0,-0.5,0.0,Non-Toxin,0.0
config_KPC3_060_2,0.11,0.0,0.0,0.11,Non-Toxin,0.0
config_KPC3_061,0.425,0.0,-0.5,0.0,Non-Toxin,0.0
config_KPC3_062,0.31,0.0,-0.5,0.0,Non-Toxin,0.0
config_KPC3_062_2,0.27,0.0,-0.5,0.0,Non-Toxin,0.0
config_KPC3_063,0.245,0.0,-0.5,0.0,Non-Toxin,0.0
config_KPC3_064,0.13,0.0,-0.5,0.0,Non-Toxin,0.0
config_KPC3_064_2,0.14,0.0,-0.5,0.0,Non-Toxin,0.0
config_KPC3_065,0.16,0.0,-0.5,0.0,Non-Toxin,0.0
config_KPC3_066,0.17,0.0,-0.5,0.0,Non-Toxin,0.0
config_KPC3_066_2,0.105,0.0,-0.5,0.0,Non-Toxin,0.0
config_KPC3_067,0.26,0.0,-0.5,0.0,Non-Toxin,0.0
config_KPC3_068,0.2,0.0,0.0,0.2,Non-Toxin,0.105
config_KPC3_068_2,0.155,0.0,-0.5,0.0,Non-Toxin,0.0
config_KPC3_069,0.06,0.0,-0.5,0.0,Non-Toxin,0.0
config_KPC3_080,0.09,0.0,-0.5,0.0,Non-Toxin,0.0
config_KPC3_080_2,0.105,0.0,-0.5,0.0,Non-Toxin,0.0
config_KPC3_081,0.205,0.0,-0.5,0.0,Non-Toxin,0.0
config_KPC3_082,0.18,0.0,0.0,0.18,Non-Toxin,0.079
config_KPC3_082_2,0.26,0.0,-0.5,0.0,Non-Toxin,0.0
config_KPC3_083,0.125,0.0,0.0,0.125,Non-Toxin,0.007
config_KPC3_084,0.08,0.0,-0.5,0.0,Non-Toxin,0.0
config_KPC3_084_2,0.15,0.0,-0.5,0.0,Non-Toxin,0.0
config_KPC3_085,0.16,0.0,-0.5,0.0,Non-Toxin,0.0
config_KPC3_086,0.265,0.0,-0.5,0.0,Non-Toxin,0.0
config_KPC3_086_2,0.155,0.0,-0.5,0.0,Non-Toxin,0.0
config_KPC3_087,0.135,0.0,-0.5,0.0,Non-Toxin,0.0
config_KPC3_088,0.075,0.0,0.0,0.075,Non-Toxin,0.0
config_KPC3_088_2,0.11,0.0,-0.5,0.0,Non-Toxin,0.0
config_KPC3_089,0.315,0.0,-0.5,0.0,Non-Toxin,0.0
config_KPC3_100,0.135,0.0,-0.5,0.0,Non-Toxin,0.0
config_KPC3_100_2,0.325,0.0,0.0,0.325,Non-Toxin,0.268
config_KPC3_101,0.375,0.0,-0.5,0.0,Non-Toxin,0.0
config_KPC3_102,0.17,0.0,-0.5,0.0,Non-Toxin,0.0
config_KPC3_102_2,0.16,0.0,0.0,0.16,Non-Toxin,0.053
config_KPC3_103,0.105,0.0,-0.5,0.0,Non-Toxin,0.0
config_KPC3_104,0.295,0.0,-0.5,0.0,Non-Toxin,0.0
config_KPC3_104_2,0.285,0.0,-0.5,0.0,Non-Toxin,0.0
config_KPC3_105,0.115,0.0,-0.5,0.0,Non-Toxin,0.0
config_KPC3_106,0.195,0.0,0.0,0.195,Non-Toxin,0.098
config_KPC3_106_2,0.355,0.0,-0.5,0.0,Non-Toxin,0.0
config_KPC3_107,0.13,0.0,0.0,0.13,Non-Toxin,0.013
config_KPC3_108,0.205,0.0,-0.5,0.0,Non-Toxin,0.0
config_KPC3_108_2,0.135,0.0,0.0,0.135,Non-Toxin,0.02
config_KPC3_109,0.245,0.0,-0.5,0.0,Non-Toxin,0.0
config_KPC3_120,0.145,0.0,-0.5,0.0,Non-Toxin,0.0
config_KPC3_120_2,0.125,0.0,-0.5,0.0,Non-Toxin,0.0
config_KPC3_121,0.115,0.0,0.0,0.115,Non-Toxin,0.0
config_KPC3_122,0.105,0.0,-0.5,0.0,Non-Toxin,0.0
config_KPC3_122_2,0.1,0.0,-0.5,0.0,Non-Toxin,0.0
config_KPC3_123,0.12,0.0,-0.5,0.0,Non-Toxin,0.0
config_KPC3_124,0.155,0.0,-0.5,0.0,Non-Toxin,0.0
config_KPC3_124_2,0.09,0.0,-0.5,0.0,Non-Toxin,0.0
config_KPC3_125,0.145,0.0,-0.5,0.0,Non-Toxin,0.0
config_KPC3_126,0.215,0.0,-0.5,0.0,Non-Toxin,0.0
config_KPC3_126_2,0.235,0.0,-0.5,0.0,Non-Toxin,0.0
config_KPC3_127,0.09,0.0,-0.5,0.0,Non-Toxin,0.0
config_KPC3_128,0.12,0.0,-0.5,0.0,Non-Toxin,0.0
config_KPC3_128_2,0.14,0.0,-0.5,0.0,Non-Toxin,0.0
config_KPC3_129,0.12,0.0,-0.5,0.0,Non-Toxin,0.0
config_KPC3_140,0.135,0.0,-0.5,0.0,Non-Toxin,0.0
config_KPC3_140_2,0.15,0.0,-0.5,0.0,Non-Toxin,0.0
config_KPC3_141,0.18,0.0,-0.5,0.0,Non-Toxin,0.0
config_KPC3_142,0.195,0.0,-0.5,0.0,Non-Toxin,0.0
config_KPC3_142_2,0.16,0.0,-0.5,0.0,Non-Toxin,0.0
config_KPC3_143,0.07,0.0,-0.5,0.0,Non-Toxin,0.0
config_KPC3_144,0.14,0.0,-0.5,0.0,Non-Toxin,0.0
config_KPC3_144_2,0.19,0.0,0.0,0.19,Non-Toxin,0.092
config_KPC3_145,0.155,0.0,-0.5,0.0,Non-Toxin,0.0
config_KPC3_146,0.11,0.0,-0.5,0.0,Non-Toxin,0.0
config_KPC3_146_2,0.145,0.0,0.0,0.145,Non-Toxin,0.033
config_KPC3_147,0.145,0.0,-0.5,0.0,Non-Toxin,0.0
config_KPC3_148,0.135,0.0,0.0,0.135,Non-Toxin,0.02
config_KPC3_148_2,0.16,0.0,0.0,0.16,Non-Toxin,0.053
config_KPC3_149,0.18,0.0,-0.5,0.0,Non-Toxin,0.0
config_KPC3_160,0.15,0.0,-0.5,0.0,Non-Toxin,0.0
config_KPC3_160_2,0.34,0.0,0.0,0.34,Non-Toxin,0.288
config_KPC3_161,0.46,0.0,0.0,0.46,Toxin,0.445
config_KPC3_162,0.31,0.0,0.0,0.31,Non-Toxin,0.249
config_KPC3_162_2,0.32,0.0,0.0,0.32,Non-Toxin,0.262
config_KPC3_163,0.17,0.0,0.0,0.17,Non-Toxin,0.066
config_KPC3_164,0.35,0.0,0.0,0.35,Non-Toxin,0.301
config_KPC3_164_2,0.315,0.0,0.0,0.315,Non-Toxin,0.255
config_KPC3_165,0.46,0.0,0.0,0.46,Toxin,0.445
config_KPC3_166,0.33,0.0,0.0,0.33,Non-Toxin,0.275
config_KPC3_166_2,0.215,0.0,-0.5,0.0,Non-Toxin,0.0
config_KPC3_167,0.365,0.0,-0.5,0.0,Non-Toxin,0.0
config_KPC3_168,0.26,0.0,-0.5,0.0,Non-Toxin,0.0
config_KPC3_168_2,0.305,0.0,-0.5,0.0,Non-Toxin,0.0
config_KPC3_169,0.425,0.0,-0.5,0.0,Non-Toxin,0.0
config_KPC3_180,0.285,0.0,-0.5,0.0,Non-Toxin,0.0
config_KPC3_180_2,0.33,0.0,-0.5,0.0,Non-Toxin,0.0
config_KPC3_181,0.14,0.0,-0.5,0.0,Non-Toxin,0.0
config_KPC3_182,0.22,0.0,-0.5,0.0,Non-Toxin,0.0
config_KPC3_182_2,0.17,0.0,-0.5,0.0,Non-Toxin,0.0
config_KPC3_183,0.4,0.0,-0.5,0.0,Non-Toxin,0.0
config_KPC3_184,0.25,0.0,-0.5,0.0,Non-Toxin,0.0
config_KPC3_184_2,0.2,0.0,-0.5,0.0,Non-Toxin,0.0
config_KPC3_185,0.16,0.0,-0.5,0.0,Non-Toxin,0.0
config_KPC3_186,0.35,0.0,-0.5,0.0,Non-Toxin,0.0
config_KPC3_186_2,0.245,0.0,-0.5,0.0,Non-Toxin,0.0
config_KPC3_187,0.335,0.0,-0.5,0.0,Non-Toxin,0.0
config_KPC3_188,0.21,0.0,-0.5,0.0,Non-Toxin,0.0
config_KPC3_188_2,0.135,0.0,0.0,0.135,Non-Toxin,0.02
config_KPC3_189,0.135,0.0,0.0,0.135,Non-Toxin,0.02
config_KPC3_200,0.1,0.0,-0.5,0.0,Non-Toxin,0.0
config_KPC3_200_2,0.095,0.0,0.0,0.095,Non-Toxin,0.0
config_KPC3_201,0.11,0.0,0.0,0.11,Non-Toxin,0.0
config_KPC3_202,0.13,0.0,-0.5,0.0,Non-Toxin,0.0
config_KPC3_202_2,0.105,0.0,0.0,0.105,Non-Toxin,0.0
config_KPC3_203,0.315,0.0,-0.5,0.0,Non-Toxin,0.0
config_KPC3_204,0.215,0.0,-0.5,0.0,Non-Toxin,0.0
config_KPC3_204_2,0.095,0.0,0.0,0.095,Non-Toxin,0.0
config_KPC3_205,0.135,0.0,0.0,0.135,Non-Toxin,0.02
config_KPC3_206,0.295,0.0,0.0,0.295,Non-Toxin,0.229
config_KPC3_206_2,0.22,0.0,0.0,0.22,Non-Toxin,0.131
config_KPC3_207,0.34,0.0,-0.5,0.0,Non-Toxin,0.0
config_KPC3_208,0.41,0.0,-0.5,0.0,Non-Toxin,0.0
config_KPC3_208_2,0.275,0.0,0.0,0.275,Non-Toxin,0.203
config_KPC3_209,0.395,0.0,0.0,0.395,Toxin,0.36
config_KPC3_220,0.115,0.0,0.0,0.115,Non-Toxin,0.0
config_KPC3_220_2,0.06,0.0,0.0,0.06,Non-Toxin,0.0
config_KPC3_221,0.14,0.0,0.0,0.14,Non-Toxin,0.026
config_KPC3_222,0.355,0.0,-0.5,0.0,Non-Toxin,0.0
config_KPC3_222_2,0.18,0.0,0.0,0.18,Non-Toxin,0.079
config_KPC3_223,0.235,0.0,-0.5,0.0,Non-Toxin,0.0
config_KPC3_224,0.345,0.0,-0.5,0.0,Non-Toxin,0.0
config_KPC3_224_2,0.5,0.0,-0.5,0.0,Non-Toxin,0.0
config_KPC3_225,0.185,0.0,0.0,0.185,Non-Toxin,0.085
config_KPC3_226,0.17,0.0,0.0,0.17,Non-Toxin,0.066
config_KPC3_226_2,0.15,0.0,-0.5,0.0,Non-Toxin,0.0
config_KPC3_227,0.15,0.0,-0.5,0.0,Non-Toxin,0.0
config_KPC3_228,0.62,0.0,-0.5,0.12,Non-Toxin,0.0
config_KPC3_228_2,0.235,0.0,-0.5,0.0,Non-Toxin,0.0
config_KPC3_229,0.215,0.0,-0.5,0.0,Non-Toxin,0.0
config_KPC3_240,0.1,0.0,-0.5,0.0,Non-Toxin,0.0
config_KPC3_240_2,0.13,0.0,-0.5,0.0,Non-Toxin,0.0
config_KPC3_241,0.085,0.0,-0.5,0.0,Non-Toxin,0.0
config_KPC3_242,0.175,0.0,-0.5,0.0,Non-Toxin,0.0
config_KPC3_242_2,0.125,0.0,0.0,0.125,Non-Toxin,0.007
config_KPC3_243,0.115,0.0,-0.5,0.0,Non-Toxin,0.0
config_KPC3_244,0.18,0.0,-0.5,0.0,Non-Toxin,0.0
config_KPC3_244_2,0.13,0.0,-0.5,0.0,Non-Toxin,0.0
config_KPC3_245,0.18,0.0,-0.5,0.0,Non-Toxin,0.0
config_KPC3_246,0.145,0.0,-0.5,0.0,Non-Toxin,0.0
config_KPC3_246_2,0.28,0.0,-0.5,0.0,Non-Toxin,0.0
config_KPC3_247,0.085,0.0,-0.5,0.0,Non-Toxin,0.0
config_KPC3_248,0.205,0.0,-0.5,0.0,Non-Toxin,0.0
config_KPC3_248_2,0.245,0.0,0.0,0.245,Non-Toxin,0.164
config_KPC3_249,0.235,0.0,-0.5,0.0,Non-Toxin,0.0
config_KPC3_260,0.095,0.0,-0.5,0.0,Non-Toxin,0.0
config_KPC3_260_2,0.2,0.0,0.0,0.2,Non-Toxin,0.105
config_KPC3_261,0.09,0.0,-0.5,0.0,Non-Toxin,0.0
config_KPC3_262,0.16,0.0,-0.5,0.0,Non-Toxin,0.0
config_KPC3_262_2,0.075,0.0,0.0,0.075,Non-Toxin,0.0
config_KPC3_263,0.11,0.0,-0.5,0.0,Non-Toxin,0.0
config_KPC3_264,0.395,0.0,-0.5,0.0,Non-Toxin,0.0
config_KPC3_264_2,0.21,0.0,-0.5,0.0,Non-Toxin,0.0
config_KPC3_265,0.205,0.0,-0.5,0.0,Non-Toxin,0.0
config_KPC3_266,0.235,0.0,-0.5,0.0,Non-Toxin,0.0
config_KPC3_266_2,0.245,0.0,-0.5,0.0,Non-Toxin,0.0
config_KPC3_267,0.245,0.0,-0.5,0.0,Non-Toxin,0.0
config_KPC3_268,0.295,0.0,-0.5,0.0,Non-Toxin,0.0
config_KPC3_268_2,0.155,0.0,-0.5,0.0,Non-Toxin,0.0
config_KPC3_269,0.21,0.0,-0.5,0.0,Non-Toxin,0.0
config_KPC3_280,0.15,0.0,-0.5,0.0,Non-Toxin,0.0
config_KPC3_280_2,0.15,0.0,-0.5,0.0,Non-Toxin,0.0
config_KPC3_281,0.3,0.0,-0.5,0.0,Non-Toxin,0.0
config_KPC3_282,0.285,0.0,-0.5,0.0,Non-Toxin,0.0
config_KPC3_282_2,0.185,0.0,-0.5,0.0,Non-Toxin,0.0
config_KPC3_283,0.07,0.0,-0.5,0.0,Non-Toxin,0.0
config_KPC3_284,0.17,0.0,-0.5,0.0,Non-Toxin,0.0
config_KPC3_284_2,0.12,0.0,0.0,0.12,Non-Toxin,0.0
config_KPC3_285,0.205,0.0,0.0,0.205,Non-Toxin,0.111
config_KPC3_286,0.16,0.0,-0.5,0.0,Non-Toxin,0.0
config_KPC3_286_2,0.25,0.0,0.0,0.25,Non-Toxin,0.17
config_KPC3_287,0.135,0.0,-0.5,0.0,Non-Toxin,0.0
config_KPC3_288,0.27,0.0,-0.5,0.0,Non-Toxin,0.0
config_KPC3_288_2,0.225,0.0,-0.5,0.0,Non-Toxin,0.0
config_KPC3_289,0.195,0.0,0.0,0.195,Non-Toxin,0.098
config_KPC3_300,0.175,0.0,-0.5,0.0,Non-Toxin,0.0
config_KPC3_300_2,0.185,0.0,-0.5,0.0,Non-Toxin,0.0
config_KPC3_301,0.215,0.0,-0.5,0.0,Non-Toxin,0.0
config_KPC3_302,0.13,0.0,-0.5,0.0,Non-Toxin,0.0
config_KPC3_302_2,0.18,0.0,-0.5,0.0,Non-Toxin,0.0
config_KPC3_303,0.085,0.0,-0.5,0.0,Non-Toxin,0.0
config_KPC3_304,0.21,0.0,-0.5,0.0,Non-Toxin,0.0
config_KPC3_304_2,0.08,0.0,-0.5,0.0,Non-Toxin,0.0
config_KPC3_305,0.385,0.0,-0.5,0.0,Non-Toxin,0.0
config_KPC3_306,0.21,0.0,-0.5,0.0,Non-Toxin,0.0
config_KPC3_306_2,0.235,0.0,-0.5,0.0,Non-Toxin,0.0
config_KPC3_307,0.105,0.0,-0.5,0.0,Non-Toxin,0.0
config_KPC3_308,0.11,0.0,-0.5,0.0,Non-Toxin,0.0
config_KPC3_308_2,0.145,0.0,-0.5,0.0,Non-Toxin,0.0
config_KPC3_309,0.17,0.0,-0.5,0.0,Non-Toxin,0.0
config_KPC3_320,0.225,0.0,-0.5,0.0,Non-Toxin,0.0
config_KPC3_320_2,0.21,0.0,-0.5,0.0,Non-Toxin,0.0
config_KPC3_321,0.12,0.0,-0.5,0.0,Non-Toxin,0.0
config_KPC3_322,0.11,0.0,0.0,0.11,Non-Toxin,0.0
config_KPC3_322_2,0.165,0.0,-0.5,0.0,Non-Toxin,0.0
config_KPC3_323,0.15,0.0,-0.5,0.0,Non-Toxin,0.0
config_KPC3_324,0.11,0.0,-0.5,0.0,Non-Toxin,0.0
config_KPC3_324_2,0.13,0.0,0.0,0.13,Non-Toxin,0.013
config_KPC3_325,0.2,0.0,-0.5,0.0,Non-Toxin,0.0
config_KPC3_326,0.105,0.0,-0.5,0.0,Non-Toxin,0.0
config_KPC3_326_2,0.125,0.0,0.0,0.125,Non-Toxin,0.007
config_KPC3_327,0.19,0.0,-0.5,0.0,Non-Toxin,0.0
config_KPC3_328,0.135,0.0,0.0,0.135,Non-Toxin,0.02
config_KPC3_328_2,0.16,0.0,-0.5,0.0,Non-Toxin,0.0
config_KPC3_329,0.08,0.0,-0.5,0.0,Non-Toxin,0.0
config_KPC3_340,0.08,0.0,-0.5,0.0,Non-Toxin,0.0
config_KPC3_340_2,0.145,0.0,-0.5,0.0,Non-Toxin,0.0
config_KPC3_341,0.315,0.0,-0.5,0.0,Non-Toxin,0.0
config_KPC3_342,0.27,0.0,-0.5,0.0,Non-Toxin,0.0
config_KPC3_342_2,0.2,0.0,0.0,0.2,Non-Toxin,0.105
config_KPC3_343,0.225,0.0,-0.5,0.0,Non-Toxin,0.0
config_KPC3_344,0.3,0.0,-0.5,0.0,Non-Toxin,0.0
config_KPC3_344_2,0.08,0.0,-0.5,0.0,Non-Toxin,0.0
config_KPC3_345,0.285,0.0,0.0,0.285,Non-Toxin,0.216
config_KPC3_346,0.305,0.0,0.0,0.305,Non-Toxin,0.242
config_KPC3_346_2,0.34,0.0,-0.5,0.0,Non-Toxin,0.0
config_KPC3_347,0.25,0.0,-0.5,0.0,Non-Toxin,0.0
config_KPC3_348,0.23,0.0,0.0,0.23,Non-Toxin,0.144
config_KPC3_348_2,0.17,0.0,-0.5,0.0,Non-Toxin,0.0
config_KPC3_349,0.38,0.0,-0.5,0.0,Non-Toxin,0.0
config_KPC3_360,0.3,0.0,-0.5,0.0,Non-Toxin,0.0
config_KPC3_360_2,0.145,0.0,-0.5,0.0,Non-Toxin,0.0
config_KPC3_361,0.185,0.0,-0.5,0.0,Non-Toxin,0.0
config_KPC3_362,0.14,0.0,0.0,0.14,Non-Toxin,0.026
config_KPC3_362_2,0.17,0.0,-0.5,0.0,Non-Toxin,0.0
config_KPC3_363,0.145,0.0,-0.5,0.0,Non-Toxin,0.0
config_KPC3_364,0.215,0.0,-0.5,0.0,Non-Toxin,0.0
config_KPC3_364_2,0.165,0.0,0.0,0.165,Non-Toxin,0.059
config_KPC3_365,0.265,0.0,-0.5,0.0,Non-Toxin,0.0
config_KPC3_366,0.31,0.0,-0.5,0.0,Non-Toxin,0.0
config_KPC3_366_2,0.165,0.0,0.0,0.165,Non-Toxin,0.059
config_KPC3_367,0.11,0.0,0.0,0.11,Non-Toxin,0.0
config_KPC3_368,0.215,0.0,-0.5,0.0,Non-Toxin,0.0
config_KPC3_368_2,0.135,0.0,0.0,0.135,Non-Toxin,0.02
config_KPC3_369,0.375,0.0,-0.5,0.0,Non-Toxin,0.0
config_KPC3_380,0.24,0.0,-0.5,0.0,Non-Toxin,0.0
config_KPC3_380_2,0.365,0.0,0.0,0.365,Non-Toxin,0.32
config_KPC3_381,0.305,0.0,0.0,0.305,Non-Toxin,0.242
config_KPC3_382,0.09,0.0,-0.5,0.0,Non-Toxin,0.0
config_KPC3_382_2,0.15,0.0,-0.5,0.0,Non-Toxin,0.0
config_KPC3_383,0.08,0.0,-0.5,0.0,Non-Toxin,0.0
config_KPC3_384,0.13,0.0,-0.5,0.0,Non-Toxin,0.0
config_KPC3_384_2,0.09,0.0,-0.5,0.0,Non-Toxin,0.0
config_KPC3_385,0.135,0.0,-0.5,0.0,Non-Toxin,0.0
config_KPC3_386,0.175,0.0,-0.5,0.0,Non-Toxin,0.0
config_KPC3_386_2,0.095,0.0,-0.5,0.0,Non-Toxin,0.0
config_KPC3_387,0.23,0.0,-0.5,0.0,Non-Toxin,0.0
config_KPC3_388,0.215,0.0,-0.5,0.0,Non-Toxin,0.0
config_KPC3_388_2,0.255,0.0,-0.5,0.0,Non-Toxin,0.0
config_KPC3_389,0.085,0.0,-0.5,0.0,Non-Toxin,0.0
config_KPC3_400,0.265,0.0,-0.5,0.0,Non-Toxin,0.0
config_KPC3_400_2,0.175,0.0,-0.5,0.0,Non-Toxin,0.0
config_KPC3_401,0.37,0.0,-0.5,0.0,Non-Toxin,0.0
config_KPC3_402,0.19,0.0,-0.5,0.0,Non-Toxin,0.0
config_KPC3_402_2,0.23,0.0,-0.5,0.0,Non-Toxin,0.0
config_KPC3_403,0.13,0.0,-0.5,0.0,Non-Toxin,0.0
config_KPC3_404,0.22,0.0,-0.5,0.0,Non-Toxin,0.0
config_KPC3_404_2,0.155,0.0,0.0,0.155,Non-Toxin,0.046
config_KPC3_405,0.115,0.0,-0.5,0.0,Non-Toxin,0.0
config_KPC3_406,0.065,0.0,-0.5,0.0,Non-Toxin,0.0
config_KPC3_406_2,0.095,0.0,-0.5,0.0,Non-Toxin,0.0
config_KPC3_407,0.05,0.0,-0.5,0.0,Non-Toxin,0.0
config_KPC3_408,0.195,0.0,-0.5,0.0,Non-Toxin,0.0
config_KPC3_408_2,0.165,0.0,-0.5,0.0,Non-Toxin,0.0
config_KPC3_409,0.095,0.0,-0.5,0.0,Non-Toxin,0.0
config_KPC3_420,0.23,0.0,-0.5,0.0,Non-Toxin,0.0
config_KPC3_420_2,0.205,0.0,-0.5,0.0,Non-Toxin,0.0
config_KPC3_421,0.14,0.0,-0.5,0.0,Non-Toxin,0.0
config_KPC3_422,0.1,0.0,-0.5,0.0,Non-Toxin,0.0
config_KPC3_422_2,0.165,0.0,0.0,0.165,Non-Toxin,0.059
config_KPC3_423,0.115,0.0,0.0,0.115,Non-Toxin,0.0
config_KPC3_424,0.125,0.0,0.0,0.125,Non-Toxin,0.007
config_KPC3_424_2,0.13,0.0,-0.5,0.0,Non-Toxin,0.0
config_KPC3_425,0.295,0.0,0.0,0.295,Non-Toxin,0.229
config_KPC3_426,0.465,0.0,0.0,0.465,Toxin,0.451
config_KPC3_426_2,0.27,0.0,-0.5,0.0,Non-Toxin,0.0
config_KPC3_427,0.27,0.0,-0.5,0.0,Non-Toxin,0.0
config_KPC3_428,0.23,0.0,-0.5,0.0,Non-Toxin,0.0
config_KPC3_428_2,0.2,0.0,0.0,0.2,Non-Toxin,0.105
config_KPC3_429,0.15,0.0,-0.5,0.0,Non-Toxin,0.0
config_KPC3_440,0.215,0.0,-0.5,0.0,Non-Toxin,0.0
config_KPC3_440_2,0.15,0.0,-0.5,0.0,Non-Toxin,0.0
config_KPC3_441,0.475,0.0,-0.5,0.0,Non-Toxin,0.0
config_KPC3_442,0.15,0.0,-0.5,0.0,Non-Toxin,0.0
config_KPC3_442_2,0.165,0.0,-0.5,0.0,Non-Toxin,0.0
config_KPC3_443,0.18,0.0,0.0,0.18,Non-Toxin,0.079
config_KPC3_444,0.25,0.0,-0.5,0.0,Non-Toxin,0.0
config_KPC3_444_2,0.335,0.0,-0.5,0.0,Non-Toxin,0.0
config_KPC3_445,0.135,0.0,0.0,0.135,Non-Toxin,0.02
config_KPC3_446,0.2,0.0,-0.5,0.0,Non-Toxin,0.0
config_KPC3_446_2,0.15,0.0,-0.5,0.0,Non-Toxin,0.0
config_KPC3_447,0.13,0.0,0.0,0.13,Non-Toxin,0.013
config_KPC3_448,0.205,0.0,-0.5,0.0,Non-Toxin,0.0
config_KPC3_448_2,0.23,0.0,0.0,0.23,Non-Toxin,0.144
config_KPC3_449,0.225,0.0,-0.5,0.0,Non-Toxin,0.0
config_KPC3_460,0.31,0.0,0.0,0.31,Non-Toxin,0.249
config_KPC3_460_2,0.47,0.0,-0.5,0.0,Non-Toxin,0.0
config_KPC3_461,0.215,0.0,-0.5,0.0,Non-Toxin,0.0
config_KPC3_462,0.385,0.0,0.0,0.385,Toxin,0.347
config_KPC3_462_2,0.34,0.0,-0.5,0.0,Non-Toxin,0.0
config_KPC3_463,0.4,0.0,-0.5,0.0,Non-Toxin,0.0
config_KPC3_464,0.185,0.0,0.0,0.185,Non-Toxin,0.085
config_KPC3_464_2,0.095,0.0,0.0,0.095,Non-Toxin,0.0
config_KPC3_465,0.33,0.0,-0.5,0.0,Non-Toxin,0.0
config_KPC3_466,0.335,0.0,-0.5,0.0,Non-Toxin,0.0
config_KPC3_466_2,0.22,0.0,0.0,0.22,Non-Toxin,0.131
config_KPC3_467,0.22,0.0,-0.5,0.0,Non-Toxin,0.0
config_KPC3_468,0.3,0.0,-0.5,0.0,Non-Toxin,0.0
config_KPC3_468_2,0.19,0.0,0.0,0.19,Non-Toxin,0.092
config_KPC3_469,0.23,0.0,-0.5,0.0,Non-Toxin,0.0
config_KPC3_480,0.375,0.0,0.0,0.375,Non-Toxin,0.334
config_KPC3_480_2,0.145,0.0,0.0,0.145,Non-Toxin,0.033
config_KPC3_481,0.25,0.0,0.0,0.25,Non-Toxin,0.17
config_KPC3_482,0.21,0.0,0.0,0.21,Non-Toxin,0.118
config_KPC3_482_2,0.205,0.0,-0.5,0.0,Non-Toxin,0.0
config_KPC3_483,0.38,0.0,0.0,0.38,Non-Toxin,0.34
config_KPC3_484,0.19,0.0,0.0,0.19,Non-Toxin,0.092
config_KPC3_484_2,0.16,0.0,-0.5,0.0,Non-Toxin,0.0
config_KPC3_485,0.265,0.0,0.0,0.265,Non-Toxin,0.19
config_KPC3_486,0.26,0.0,-0.5,0.0,Non-Toxin,0.0
config_KPC3_486_2,0.335,0.0,0.0,0.335,Non-Toxin,0.281
config_KPC3_487,0.255,0.0,-0.5,0.0,Non-Toxin,0.0
config_KPC3_488,0.145,0.0,0.0,0.145,Non-Toxin,0.033
config_KPC3_488_2,0.28,0.0,-0.5,0.0,Non-Toxin,0.0
config_KPC3_489,0.125,0.0,0.0,0.125,Non-Toxin,0.007
config_KPC3_500,0.165,0.0,-0.5,0.0,Non-Toxin,0.0
config_KPC3_500_2,0.145,0.0,0.0,0.145,Non-Toxin,0.033
config_KPC3_501,0.21,0.0,0.0,0.21,Non-Toxin,0.118
config_KPC3_502,0.315,0.0,-0.5,0.0,Non-Toxin,0.0
config_KPC3_502_2,0.175,0.0,-0.5,0.0,Non-Toxin,0.0
config_KPC3_503,0.145,0.0,-0.5,0.0,Non-Toxin,0.0
config_KPC3_504,0.24,0.0,0.0,0.24,Non-Toxin,0.157
config_KPC3_504_2,0.085,0.0,-0.5,0.0,Non-Toxin,0.0
config_KPC3_505,0.185,0.0,-0.5,0.0,Non-Toxin,0.0
config_KPC3_506,0.13,0.0,-0.5,0.0,Non-Toxin,0.0
config_KPC3_506_2,0.18,0.0,-0.5,0.0,Non-Toxin,0.0
config_KPC3_507,0.23,0.0,-0.5,0.0,Non-Toxin,0.0
config_KPC3_508,0.07,0.0,0.0,0.07,Non-Toxin,0.0
config_KPC3_508_2,0.28,0.0,-0.5,0.0,Non-Toxin,0.0
config_KPC3_509,0.275,0.0,-0.5,0.0,Non-Toxin,0.0
config_KPC3_520,0.105,0.0,-0.5,0.0,Non-Toxin,0.0
config_KPC3_520_2,0.105,0.0,-0.5,0.0,Non-Toxin,0.0
config_KPC3_521,0.235,0.0,-0.5,0.0,Non-Toxin,0.0
config_KPC3_522,0.07,0.0,-0.5,0.0,Non-Toxin,0.0
config_KPC3_522_2,0.115,0.0,-0.5,0.0,Non-Toxin,0.0
config_KPC3_523,0.13,0.0,-0.5,0.0,Non-Toxin,0.0
config_KPC3_524,0.155,0.0,-0.5,0.0,Non-Toxin,0.0
config_KPC3_524_2,0.14,0.0,-0.5,0.0,Non-Toxin,0.0
config_KPC3_525,0.275,0.0,-0.5,0.0,Non-Toxin,0.0
config_KPC3_526,0.285,0.0,-0.5,0.0,Non-Toxin,0.0
config_KPC3_526_2,0.165,0.0,-0.5,0.0,Non-Toxin,0.0
config_KPC3_527,0.11,0.0,0.0,0.11,Non-Toxin,0.0
config_KPC3_528,0.305,0.0,0.0,0.305,Non-Toxin,0.242
config_KPC3_528_2,0.145,0.0,0.0,0.145,Non-Toxin,0.033
config_KPC3_529,0.11,0.0,0.0,0.11,Non-Toxin,0.0
config_KPC3_540,0.26,0.0,0.0,0.26,Non-Toxin,0.183
config_KPC3_540_2,0.29,0.0,0.0,0.29,Non-Toxin,0.222
config_KPC3_541,0.28,0.0,0.0,0.28,Non-Toxin,0.209
config_KPC3_542,0.425,0.0,-0.5,0.0,Non-Toxin,0.0
config_KPC3_542_2,0.275,0.0,-0.5,0.0,Non-Toxin,0.0
config_KPC3_543,0.3,0.0,0.0,0.3,Non-Toxin,0.235
config_KPC3_544,0.34,0.0,0.0,0.34,Non-Toxin,0.288
config_KPC3_544_2,0.39,0.0,-0.5,0.0,Non-Toxin,0.0
config_KPC3_545,0.265,0.0,-0.5,0.0,Non-Toxin,0.0
config_KPC3_546,0.375,0.0,-0.5,0.0,Non-Toxin,0.0
config_KPC3_546_2,0.25,0.0,-0.5,0.0,Non-Toxin,0.0
config_KPC3_547,0.37,0.0,0.0,0.37,Non-Toxin,0.327
config_KPC3_548,0.17,0.0,0.0,0.17,Non-Toxin,0.066
config_KPC3_548_2,0.105,0.0,-0.5,0.0,Non-Toxin,0.0
config_KPC3_549,0.07,0.0,0.0,0.07,Non-Toxin,0.0
config_KPC3_560,0.33,0.0,-0.5,0.0,Non-Toxin,0.0
config_KPC3_560_2,0.085,0.0,-0.5,0.0,Non-Toxin,0.0
config_KPC3_561,0.54,0.0,0.0,0.54,Toxin,0.549
config_KPC3_562,0.37,0.0,-0.5,0.0,Non-Toxin,0.0
config_KPC3_562_2,0.355,0.0,0.0,0.355,Non-Toxin,0.307
config_KPC3_563,0.24,0.0,0.0,0.24,Non-Toxin,0.157
config_KPC3_564,0.4,0.0,-0.5,0.0,Non-Toxin,0.0
config_KPC3_564_2,0.215,0.0,-0.5,0.0,Non-Toxin,0.0
config_KPC3_565,0.41,0.0,-0.5,0.0,Non-Toxin,0.0
config_KPC3_566,0.405,0.0,0.0,0.405,Toxin,0.373
config_KPC3_566_2,0.265,0.0,-0.5,0.0,Non-Toxin,0.0
config_KPC3_567,0.47,0.0,-0.5,0.0,Non-Toxin,0.0
config_KPC3_568,0.245,0.0,-0.5,0.0,Non-Toxin,0.0
config_KPC3_568_2,0.33,0.0,0.0,0.33,Non-Toxin,0.275
config_KPC3_569,0.185,0.0,-0.5,0.0,Non-Toxin,0.0
config_KPC3_580,0.145,0.0,-0.5,0.0,Non-Toxin,0.0
config_KPC3_580_2,0.165,0.0,-0.5,0.0,Non-Toxin,0.0
config_KPC3_581,0.19,0.0,-0.5,0.0,Non-Toxin,0.0
config_KPC3_582,0.085,0.0,-0.5,0.0,Non-Toxin,0.0
config_KPC3_582_2,0.18,0.0,-0.5,0.0,Non-Toxin,0.0
config_KPC3_583,0.23,0.0,-0.5,0.0,Non-Toxin,0.0
config_KPC3_584,0.23,0.0,-0.5,0.0,Non-Toxin,0.0
config_KPC3_584_2,0.2,0.0,-0.5,0.0,Non-Toxin,0.0
config_KPC3_585,0.175,0.0,-0.5,0.0,Non-Toxin,0.0
config_KPC3_586,0.095,0.0,-0.5,0.0,Non-Toxin,0.0
config_KPC3_586_2,0.125,0.0,-0.5,0.0,Non-Toxin,0.0
config_KPC3_587,0.26,0.0,-0.5,0.0,Non-Toxin,0.0
config_KPC3_588,0.315,0.0,-0.5,0.0,Non-Toxin,0.0
config_KPC3_588_2,0.16,0.0,-0.5,0.0,Non-Toxin,0.0
config_KPC3_589,0.27,0.0,-0.5,0.0,Non-Toxin,0.0
config_KPC3_600,0.32,0.0,-0.5,0.0,Non-Toxin,0.0
config_KPC3_600_2,0.12,0.0,-0.5,0.0,Non-Toxin,0.0
config_KPC3_601,0.23,0.0,-0.5,0.0,Non-Toxin,0.0
config_KPC3_602,0.19,0.0,-0.5,0.0,Non-Toxin,0.0
config_KPC3_602_2,0.28,0.0,0.0,0.28,Non-Toxin,0.209
config_KPC3_603,0.21,0.0,-0.5,0.0,Non-Toxin,0.0
config_KPC3_604,0.06,0.0,-0.5,0.0,Non-Toxin,0.0
config_KPC3_604_2,0.185,0.0,0.0,0.185,Non-Toxin,0.085
config_KPC3_605,0.2,0.0,0.0,0.2,Non-Toxin,0.105
config_KPC3_606,0.19,0.0,-0.5,0.0,Non-Toxin,0.0
config_KPC3_606_2,0.16,0.0,0.0,0.16,Non-Toxin,0.053
config_KPC3_607,0.225,0.0,0.0,0.225,Non-Toxin,0.137
config_KPC3_608,0.17,0.0,0.0,0.17,Non-Toxin,0.066
config_KPC3_608_2,0.22,0.0,0.0,0.22,Non-Toxin,0.131
config_KPC3_609,0.24,0.0,0.0,0.24,Non-Toxin,0.157
config_KPC3_620,0.23,0.0,-0.5,0.0,Non-Toxin,0.0
config_KPC3_620_2,0.125,0.0,-0.5,0.0,Non-Toxin,0.0
config_KPC3_621,0.285,0.0,0.0,0.285,Non-Toxin,0.216
config_KPC3_622,0.15,0.0,0.0,0.15,Non-Toxin,0.039
config_KPC3_622_2,0.455,0.0,0.0,0.455,Toxin,0.438
config_KPC3_623,0.345,0.0,0.0,0.345,Non-Toxin,0.294
config_KPC3_624,0.235,0.0,-0.5,0.0,Non-Toxin,0.0
config_KPC3_624_2,0.34,0.0,-0.5,0.0,Non-Toxin,0.0
config_KPC3_625,0.225,0.0,0.0,0.225,Non-Toxin,0.137
config_KPC3_626,0.135,0.0,0.0,0.135,Non-Toxin,0.02
config_KPC3_626_2,0.21,0.0,0.0,0.21,Non-Toxin,0.118
config_KPC3_627,0.415,0.0,-0.5,0.0,Non-Toxin,0.0
config_KPC3_628,0.265,0.0,-0.5,0.0,Non-Toxin,0.0
config_KPC3_628_2,0.175,0.0,-0.5,0.0,Non-Toxin,0.0
config_KPC3_629,0.52,0.0,-0.5,0.02,Non-Toxin,0.0
config_KPC3_640,0.19,0.0,-0.5,0.0,Non-Toxin,0.0
config_KPC3_640_2,0.13,0.0,-0.5,0.0,Non-Toxin,0.0
config_KPC3_641,0.135,0.0,-0.5,0.0,Non-Toxin,0.0
config_KPC3_642,0.19,0.0,-0.5,0.0,Non-Toxin,0.0
config_KPC3_642_2,0.175,0.0,0.0,0.175,Non-Toxin,0.072
config_KPC3_643,0.075,0.0,-0.5,0.0,Non-Toxin,0.0
config_KPC3_644,0.14,0.0,-0.5,0.0,Non-Toxin,0.0
config_KPC3_644_2,0.115,0.0,-0.5,0.0,Non-Toxin,0.0
config_KPC3_645,0.23,0.0,-0.5,0.0,Non-Toxin,0.0
config_KPC3_646,0.175,0.0,-0.5,0.0,Non-Toxin,0.0
config_KPC3_646_2,0.055,0.0,0.0,0.055,Non-Toxin,0.0
config_KPC3_647,0.065,0.0,-0.5,0.0,Non-Toxin,0.0
config_KPC3_648,0.24,0.0,-0.5,0.0,Non-Toxin,0.0
config_KPC3_648_2,0.14,0.0,0.0,0.14,Non-Toxin,0.026
config_KPC3_649,0.39,0.0,-0.5,0.0,Non-Toxin,0.0
config_KPC3_660,0.25,0.0,0.0,0.25,Non-Toxin,0.17
config_KPC3_660_2,0.25,0.0,-0.5,0.0,Non-Toxin,0.0
config_KPC3_661,0.145,0.0,0.0,0.145,Non-Toxin,0.033
config_KPC3_662,0.315,0.0,-0.5,0.0,Non-Toxin,0.0
config_KPC3_662_2,0.31,0.0,-0.5,0.0,Non-Toxin,0.0
config_KPC3_663,0.245,0.0,-0.5,0.0,Non-Toxin,0.0
config_KPC3_664,0.095,0.0,-0.5,0.0,Non-Toxin,0.0
config_KPC3_664_2,0.115,0.0,-0.5,0.0,Non-Toxin,0.0
config_KPC3_665,0.325,0.0,0.0,0.325,Non-Toxin,0.268
config_KPC3_666,0.265,0.0,0.0,0.265,Non-Toxin,0.19
config_KPC3_666_2,0.19,0.0,0.0,0.19,Non-Toxin,0.092
config_KPC3_667,0.385,0.0,-0.5,0.0,Non-Toxin,0.0
config_KPC3_668,0.275,0.0,-0.5,0.0,Non-Toxin,0.0
config_KPC3_668_2,0.22,0.0,0.0,0.22,Non-Toxin,0.131
config_KPC3_669,0.21,0.0,-0.5,0.0,Non-Toxin,0.0
config_KPC3_680,0.185,0.0,0.0,0.185,Non-Toxin,0.085
config_KPC3_680_2,0.14,0.0,-0.5,0.0,Non-Toxin,0.0
config_KPC3_681,0.16,0.0,-0.5,0.0,Non-Toxin,0.0
config_KPC3_682,0.155,0.0,-0.5,0.0,Non-Toxin,0.0
config_KPC3_682_2,0.25,0.0,-0.5,0.0,Non-Toxin,0.0
config_KPC3_683,0.27,0.0,-0.5,0.0,Non-Toxin,0.0
config_KPC3_684,0.23,0.0,-0.5,0.0,Non-Toxin,0.0
config_KPC3_684_2,0.18,0.0,0.0,0.18,Non-Toxin,0.079
config_KPC3_685,0.11,0.0,-0.5,0.0,Non-Toxin,0.0
config_KPC3_686,0.21,0.0,-0.5,0.0,Non-Toxin,0.0
config_KPC3_686_2,0.195,0.0,0.0,0.195,Non-Toxin,0.098
config_KPC3_687,0.24,0.0,-0.5,0.0,Non-Toxin,0.0
config_KPC3_688,0.36,0.0,0.0,0.36,Non-Toxin,0.314
config_KPC3_688_2,0.325,0.0,-0.5,0.0,Non-Toxin,0.0
config_KPC3_689,0.22,0.0,-0.5,0.0,Non-Toxin,0.0
config_KPC3_700,0.295,0.0,-0.5,0.0,Non-Toxin,0.0
config_KPC3_700_2,0.24,0.0,0.0,0.24,Non-Toxin,0.157
config_KPC3_701,0.185,0.0,0.0,0.185,Non-Toxin,0.085
config_KPC3_702,0.41,0.0,-0.5,0.0,Non-Toxin,0.0
config_KPC3_702_2,0.385,0.0,-0.5,0.0,Non-Toxin,0.0
config_KPC3_703,0.095,0.0,0.0,0.095,Non-Toxin,0.0
config_KPC3_704,0.295,0.0,-0.5,0.0,Non-Toxin,0.0
config_KPC3_704_2,0.24,0.0,-0.5,0.0,Non-Toxin,0.0
config_KPC3_705,0.235,0.0,0.0,0.235,Non-Toxin,0.151
config_KPC3_706,0.105,0.0,-0.5,0.0,Non-Toxin,0.0
config_KPC3_706_2,0.315,0.0,-0.5,0.0,Non-Toxin,0.0
config_KPC3_707,0.1,0.0,-0.5,0.0,Non-Toxin,0.0
config_KPC3_708,0.355,0.0,-0.5,0.0,Non-Toxin,0.0
config_KPC3_708_2,0.22,0.0,0.0,0.22,Non-Toxin,0.131
config_KPC3_709,0.29,0.0,-0.5,0.0,Non-Toxin,0.0
config_KPC3_720,0.33,0.0,-0.5,0.0,Non-Toxin,0.0
config_KPC3_720_2,0.145,0.0,-0.5,0.0,Non-Toxin,0.0
config_KPC3_721,0.24,0.0,0.0,0.24,Non-Toxin,0.157
config_KPC3_722,0.195,0.0,0.0,0.195,Non-Toxin,0.098
config_KPC3_722_2,0.255,0.0,0.0,0.255,Non-Toxin,0.177
config_KPC3_723,0.24,0.0,-0.5,0.0,Non-Toxin,0.0
config_KPC3_724,0.25,0.0,0.0,0.25,Non-Toxin,0.17
config_KPC3_724_2,0.175,0.0,0.0,0.175,Non-Toxin,0.072
config_KPC3_725,0.14,0.0,-0.5,0.0,Non-Toxin,0.0
config_KPC3_726,0.2,0.0,-0.5,0.0,Non-Toxin,0.0
config_KPC3_726_2,0.13,0.0,0.0,0.13,Non-Toxin,0.013
config_KPC3_727,0.275,0.0,-0.5,0.0,Non-Toxin,0.0
config_KPC3_728,0.345,0.0,0.0,0.345,Non-Toxin,0.294
config_KPC3_728_2,0.27,0.0,-0.5,0.0,Non-Toxin,0.0
config_KPC3_729,0.28,0.0,0.0,0.28,Non-Toxin,0.209
config_KPC3_740,0.31,0.0,-0.5,0.0,Non-Toxin,0.0
config_KPC3_740_2,0.145,0.0,0.0,0.145,Non-Toxin,0.033
config_KPC3_741,0.275,0.0,-0.5,0.0,Non-Toxin,0.0
config_KPC3_742,0.47,0.0,-0.5,0.0,Non-Toxin,0.0
config_KPC3_742_2,0.23,0.0,0.0,0.23,Non-Toxin,0.144
config_KPC3_743,0.375,0.0,-0.5,0.0,Non-Toxin,0.0
config_KPC3_744,0.135,0.0,-0.5,0.0,Non-Toxin,0.0
config_KPC3_744_2,0.125,0.0,-0.5,0.0,Non-Toxin,0.0
config_KPC3_745,0.17,0.0,-0.5,0.0,Non-Toxin,0.0
config_KPC3_746,0.145,0.0,0.0,0.145,Non-Toxin,0.033
config_KPC3_746_2,0.16,0.0,-0.5,0.0,Non-Toxin,0.0
config_KPC3_747,0.09,0.0,0.0,0.09,Non-Toxin,0.0
config_KPC3_748,0.14,0.0,-0.5,0.0,Non-Toxin,0.0
config_KPC3_748_2,0.28,0.0,-0.5,0.0,Non-Toxin,0.0
config_KPC3_749,0.145,0.0,-0.5,0.0,Non-Toxin,0.0
config_KPC3_760,0.17,0.0,-0.5,0.0,Non-Toxin,0.0
config_KPC3_760_2,0.07,0.0,-0.5,0.0,Non-Toxin,0.0
config_KPC3_761,0.2,0.0,-0.5,0.0,Non-Toxin,0.0
config_KPC3_762,0.23,0.0,-0.5,0.0,Non-Toxin,0.0
config_KPC3_762_2,0.135,0.0,-0.5,0.0,Non-Toxin,0.0
config_KPC3_763,0.085,0.0,-0.5,0.0,Non-Toxin,0.0
config_KPC3_764,0.2,0.0,-0.5,0.0,Non-Toxin,0.0
config_KPC3_764_2,0.235,0.0,-0.5,0.0,Non-Toxin,0.0
config_KPC3_765,0.225,0.0,-0.5,0.0,Non-Toxin,0.0
config_KPC3_766,0.235,0.0,-0.5,0.0,Non-Toxin,0.0
config_KPC3_766_2,0.055,0.0,-0.5,0.0,Non-Toxin,0.0
config_KPC3_767,0.225,0.0,-0.5,0.0,Non-Toxin,0.0
config_KPC3_768,0.205,0.0,-0.5,0.0,Non-Toxin,0.0
config_KPC3_768_2,0.16,0.0,0.0,0.16,Non-Toxin,0.053
config_KPC3_769,0.335,0.0,-0.5,0.0,Non-Toxin,0.0
config_KPC3_780,0.13,0.0,-0.5,0.0,Non-Toxin,0.0
config_KPC3_780_2,0.175,0.0,-0.5,0.0,Non-Toxin,0.0
config_KPC3_781,0.24,0.0,-0.5,0.0,Non-Toxin,0.0
config_KPC3_782,0.28,0.0,-0.5,0.0,Non-Toxin,0.0
config_KPC3_782_2,0.18,0.0,-0.5,0.0,Non-Toxin,0.0
config_KPC3_783,0.18,0.0,-0.5,0.0,Non-Toxin,0.0
config_KPC3_784,0.23,0.0,-0.5,0.0,Non-Toxin,0.0
config_KPC3_784_2,0.095,0.0,0.0,0.095,Non-Toxin,0.0
config_KPC3_785,0.205,0.0,-0.5,0.0,Non-Toxin,0.0
config_KPC3_786,0.25,0.0,0.0,0.25,Non-Toxin,0.17
config_KPC3_786_2,0.09,0.0,-0.5,0.0,Non-Toxin,0.0
config_KPC3_787,0.17,0.0,-0.5,0.0,Non-Toxin,0.0
config_KPC3_788,0.23,0.0,-0.5,0.0,Non-Toxin,0.0
config_KPC3_788_2,0.3,0.0,-0.5,0.0,Non-Toxin,0.0
config_KPC3_789,0.245,0.0,0.0,0.245,Non-Toxin,0.164
config_KPC3_800,0.12,0.0,-0.5,0.0,Non-Toxin,0.0
config_KPC3_800_2,0.2,0.0,-0.5,0.0,Non-Toxin,0.0
config_KPC3_801,0.285,0.0,0.0,0.285,Non-Toxin,0.216
config_KPC3_802,0.215,0.0,0.0,0.215,Non-Toxin,0.124
config_KPC3_802_2,0.16,0.0,0.0,0.16,Non-Toxin,0.053
config_KPC3_803,0.36,0.0,-0.5,0.0,Non-Toxin,0.0
config_KPC3_804,0.21,0.0,0.0,0.21,Non-Toxin,0.118
config_KPC3_804_2,0.26,0.0,-0.5,0.0,Non-Toxin,0.0
config_KPC3_805,0.155,0.0,-0.5,0.0,Non-Toxin,0.0
config_KPC3_806,0.075,0.0,0.0,0.075,Non-Toxin,0.0
config_KPC3_806_2,0.215,0.0,0.0,0.215,Non-Toxin,0.124
config_KPC3_807,0.235,0.0,0.0,0.235,Non-Toxin,0.151
config_KPC3_808,0.26,0.0,-0.5,0.0,Non-Toxin,0.0
config_KPC3_808_2,0.14,0.0,0.0,0.14,Non-Toxin,0.026
config_KPC3_809,0.33,0.0,0.0,0.33,Non-Toxin,0.275
config_KPC3_820,0.47,0.0,0.0,0.47,Toxin,0.458
config_KPC3_820_2,0.365,0.0,0.0,0.365,Non-Toxin,0.32
config_KPC3_821,0.355,0.0,-0.5,0.0,Non-Toxin,0.0
config_KPC3_822,0.245,0.0,0.0,0.245,Non-Toxin,0.164
config_KPC3_822_2,0.17,0.0,-0.5,0.0,Non-Toxin,0.0
config_KPC3_823,0.515,0.0,0.0,0.515,Toxin,0.517
config_KPC3_824,0.135,0.0,-0.5,0.0,Non-Toxin,0.0
config_KPC3_824_2,0.295,0.0,-0.5,0.0,Non-Toxin,0.0
config_KPC3_825,0.24,0.0,-0.5,0.0,Non-Toxin,0.0
config_KPC3_826,0.415,0.0,-0.5,0.0,Non-Toxin,0.0
config_KPC3_826_2,0.405,0.0,-0.5,0.0,Non-Toxin,0.0
config_KPC3_827,0.525,0.0,-0.5,0.025,Non-Toxin,0.0
config_KPC3_828,0.19,0.0,-0.5,0.0,Non-Toxin,0.0
config_KPC3_828_2,0.085,0.0,-0.5,0.0,Non-Toxin,0.0
config_KPC3_829,0.28,0.0,-0.5,0.0,Non-Toxin,0.0
config_KPC3_840,0.125,0.0,-0.5,0.0,Non-Toxin,0.0
config_KPC3_840_2,0.085,0.0,-0.5,0.0,Non-Toxin,0.0
config_KPC3_841,0.15,0.0,-0.5,0.0,Non-Toxin,0.0
config_KPC3_842,0.13,0.0,-0.5,0.0,Non-Toxin,0.0
config_KPC3_842_2,0.12,0.0,-0.5,0.0,Non-Toxin,0.0
config_KPC3_843,0.195,0.0,-0.5,0.0,Non-Toxin,0.0
config_KPC3_844,0.165,0.0,-0.5,0.0,Non-Toxin,0.0
config_KPC3_844_2,0.125,0.0,0.0,0.125,Non-Toxin,0.007
config_KPC3_845,0.21,0.0,-0.5,0.0,Non-Toxin,0.0
config_KPC3_846,0.175,0.0,-0.5,0.0,Non-Toxin,0.0
config_KPC3_846_2,0.165,0.0,0.0,0.165,Non-Toxin,0.059
config_KPC3_847,0.18,0.0,0.0,0.18,Non-Toxin,0.079
config_KPC3_848,0.115,0.0,-0.5,0.0,Non-Toxin,0.0
config_KPC3_848_2,0.225,0.0,-0.5,0.0,Non-Toxin,0.0
config_KPC3_849,0.11,0.0,0.0,0.11,Non-Toxin,0.0
config_KPC3_860,0.275,0.0,-0.5,0.0,Non-Toxin,0.0
config_KPC3_860_2,0.27,0.0,-0.5,0.0,Non-Toxin,0.0
config_KPC3_861,0.2,0.0,-0.5,0.0,Non-Toxin,0.0
config_KPC3_862,0.36,0.0,-0.5,0.0,Non-Toxin,0.0
config_KPC3_862_2,0.185,0.0,-0.5,0.0,Non-Toxin,0.0
config_KPC3_863,0.22,0.0,-0.5,0.0,Non-Toxin,0.0
config_KPC3_864,0.38,0.0,-0.5,0.0,Non-Toxin,0.0
config_KPC3_864_2,0.42,0.0,-0.5,0.0,Non-Toxin,0.0
config_KPC3_865,0.28,0.0,-0.5,0.0,Non-Toxin,0.0
config_KPC3_866,0.205,0.0,0.0,0.205,Non-Toxin,0.111
config_KPC3_866_2,0.15,0.0,-0.5,0.0,Non-Toxin,0.0
config_KPC3_867,0.23,0.0,0.0,0.23,Non-Toxin,0.144
config_KPC3_868,0.26,0.0,-0.5,0.0,Non-Toxin,0.0
config_KPC3_868_2,0.225,0.0,-0.5,0.0,Non-Toxin,0.0
config_KPC3_869,0.16,0.0,-0.5,0.0,Non-Toxin,0.0
config_KPC3_880,0.19,0.0,-0.5,0.0,Non-Toxin,0.0
config_KPC3_880_2,0.135,0.0,-0.5,0.0,Non-Toxin,0.0
config_KPC3_881,0.135,0.0,-0.5,0.0,Non-Toxin,0.0
config_KPC3_882,0.145,0.0,-0.5,0.0,Non-Toxin,0.0
config_KPC3_882_2,0.085,0.0,-0.5,0.0,Non-Toxin,0.0
config_KPC3_883,0.085,0.0,0.0,0.085,Non-Toxin,0.0
config_KPC3_884,0.125,0.0,-0.5,0.0,Non-Toxin,0.0
config_KPC3_884_2,0.26,0.0,-0.5,0.0,Non-Toxin,0.0
config_KPC3_885,0.125,0.0,-0.5,0.0,Non-Toxin,0.0
config_KPC3_886,0.17,0.0,-0.5,0.0,Non-Toxin,0.0
config_KPC3_886_2,0.145,0.0,-0.5,0.0,Non-Toxin,0.0
config_KPC3_887,0.22,0.0,-0.5,0.0,Non-Toxin,0.0
config_KPC3_888,0.165,0.0,-0.5,0.0,Non-Toxin,0.0
config_KPC3_888_2,0.155,0.0,-0.5,0.0,Non-Toxin,0.0
config_KPC3_889,0.1,0.0,-0.5,0.0,Non-Toxin,0.0
config_KPC3_900,0.165,0.0,-0.5,0.0,Non-Toxin,0.0
config_KPC3_900_2,0.18,0.0,0.0,0.18,Non-Toxin,0.079
config_KPC3_901,0.07,0.0,-0.5,0.0,Non-Toxin,0.0
config_KPC3_902,0.305,0.0,-0.5,0.0,Non-Toxin,0.0
config_KPC3_902_2,0.175,0.0,-0.5,0.0,Non-Toxin,0.0
config_KPC3_903,0.055,0.0,-0.5,0.0,Non-Toxin,0.0
config_KPC3_904,0.11,0.0,-0.5,0.0,Non-Toxin,0.0
config_KPC3_904_2,0.095,0.0,-0.5,0.0,Non-Toxin,0.0
config_KPC3_905,0.21,0.0,-0.5,0.0,Non-Toxin,0.0
config_KPC3_906,0.38,0.0,-0.5,0.0,Non-Toxin,0.0
config_KPC3_906_2,0.405,0.0,0.0,0.405,Toxin,0.373
config_KPC3_907,0.105,0.0,-0.5,0.0,Non-Toxin,0.0
config_KPC3_908,0.155,0.0,-0.5,0.0,Non-Toxin,0.0
config_KPC3_908_2,0.245,0.0,-0.5,0.0,Non-Toxin,0.0
config_KPC3_909,0.16,0.0,-0.5,0.0,Non-Toxin,0.0
config_KPC3_920,0.135,0.0,-0.5,0.0,Non-Toxin,0.0
config_KPC3_920_2,0.195,0.0,0.0,0.195,Non-Toxin,0.098
config_KPC3_921,0.17,0.0,-0.5,0.0,Non-Toxin,0.0
config_KPC3_922,0.12,0.0,-0.5,0.0,Non-Toxin,0.0
config_KPC3_922_2,0.12,0.0,-0.5,0.0,Non-Toxin,0.0
config_KPC3_923,0.155,0.0,-0.5,0.0,Non-Toxin,0.0
config_KPC3_924,0.235,0.0,-0.5,0.0,Non-Toxin,0.0
config_KPC3_924_2,0.13,0.0,-0.5,0.0,Non-Toxin,0.0
config_KPC3_925,0.285,0.0,-0.5,0.0,Non-Toxin,0.0
config_KPC3_926,0.23,0.0,-0.5,0.0,Non-Toxin,0.0
config_KPC3_926_2,0.205,0.0,-0.5,0.0,Non-Toxin,0.0
config_KPC3_927,0.3,0.0,-0.5,0.0,Non-Toxin,0.0
config_KPC3_928,0.145,0.0,0.0,0.145,Non-Toxin,0.033
config_KPC3_928_2,0.16,0.0,0.0,0.16,Non-Toxin,0.053
config_KPC3_929,0.17,0.0,0.0,0.17,Non-Toxin,0.066
config_KPC3_940,0.235,0.0,-0.5,0.0,Non-Toxin,0.0
config_KPC3_940_2,0.19,0.0,-0.5,0.0,Non-Toxin,0.0
config_KPC3_941,0.185,0.0,-0.5,0.0,Non-Toxin,0.0
config_KPC3_942,0.215,0.0,-0.5,0.0,Non-Toxin,0.0
config_KPC3_942_2,0.23,0.0,0.0,0.23,Non-Toxin,0.144
config_KPC3_943,0.19,0.0,-0.5,0.0,Non-Toxin,0.0
config_KPC3_944,0.265,0.0,-0.5,0.0,Non-Toxin,0.0
config_KPC3_944_2,0.17,0.0,-0.5,0.0,Non-Toxin,0.0
config_KPC3_945,0.075,0.0,-0.5,0.0,Non-Toxin,0.0
config_KPC3_946,0.22,0.0,-0.5,0.0,Non-Toxin,0.0
config_KPC3_946_2,0.235,0.0,-0.5,0.0,Non-Toxin,0.0
config_KPC3_947,0.09,0.0,-0.5,0.0,Non-Toxin,0.0
config_KPC3_948,0.09,0.0,-0.5,0.0,Non-Toxin,0.0
config_KPC3_948_2,0.105,0.0,-0.5,0.0,Non-Toxin,0.0
config_KPC3_949,0.145,0.0,-0.5,0.0,Non-Toxin,0.0
config_KPC3_960,0.195,0.0,0.0,0.195,Non-Toxin,0.098
config_KPC3_960_2,0.065,0.0,0.0,0.065,Non-Toxin,0.0
config_KPC3_961,0.25,0.0,-0.5,0.0,Non-Toxin,0.0
config_KPC3_962,0.255,0.0,-0.5,0.0,Non-Toxin,0.0
config_KPC3_962_2,0.215,0.0,-0.5,0.0,Non-Toxin,0.0
config_KPC3_963,0.16,0.0,-0.5,0.0,Non-Toxin,0.0
config_KPC3_964,0.15,0.0,0.0,0.15,Non-Toxin,0.039
config_KPC3_964_2,0.145,0.0,-0.5,0.0,Non-Toxin,0.0
config_KPC3_965,0.355,0.0,-0.5,0.0,Non-Toxin,0.0
config_KPC3_966,0.13,0.0,-0.5,0.0,Non-Toxin,0.0
config_KPC3_966_2,0.37,0.0,-0.5,0.0,Non-Toxin,0.0
config_KPC3_967,0.26,0.0,-0.5,0.0,Non-Toxin,0.0
config_KPC3_968,0.32,0.0,-0.5,0.0,Non-Toxin,0.0
config_KPC3_968_2,0.095,0.0,-0.5,0.0,Non-Toxin,0.0
config_KPC3_969,0.12,0.0,-0.5,0.0,Non-Toxin,0.0
config_KPC3_980,0.16,0.0,-0.5,0.0,Non-Toxin,0.0
config_KPC3_980_2,0.155,0.0,-0.5,0.0,Non-Toxin,0.0
config_KPC3_981,0.225,0.0,-0.5,0.0,Non-Toxin,0.0
config_KPC3_982,0.125,0.0,-0.5,0.0,Non-Toxin,0.0
config_KPC3_982_2,0.12,0.0,-0.5,0.0,Non-Toxin,0.0
config_KPC3_983,0.09,0.0,-0.5,0.0,Non-Toxin,0.0
config_KPC3_984,0.075,0.0,-0.5,0.0,Non-Toxin,0.0
config_KPC3_984_2,0.155,0.0,-0.5,0.0,Non-Toxin,0.0
config_KPC3_985,0.145,0.0,-0.5,0.0,Non-Toxin,0.0
config_KPC3_986,0.14,0.0,-0.5,0.0,Non-Toxin,0.0
config_KPC3_986_2,0.08,0.0,-0.5,0.0,Non-Toxin,0.0
config_KPC3_987,0.15,0.0,-0.5,0.0,Non-Toxin,0.0
config_KPC3_988,0.22,0.0,0.0,0.22,Non-Toxin,0.131
config_KPC3_988_2,0.26,0.0,0.0,0.26,Non-Toxin,0.183
config_KPC3_989,0.11,0.0,0.0,0.11,Non-Toxin,0.0
