Subject,ML Score,MERCI Score Pos,MERCI Score Neg,Hybrid Score,Prediction,PPV
NDM5_000,0.145,0.0,-0.5,0.0,Non-Toxin,0.0
NDM5_0000,0.13,0.0,-0.5,0.0,Non-Toxin,0.0
NDM5_0000_2,0.15,0.0,-0.5,0.0,Non-Toxin,0.0
NDM5_0001,0.18,0.0,-0.5,0.0,Non-Toxin,0.0
NDM5_0002,0.17,0.0,-0.5,0.0,Non-Toxin,0.0
NDM5_0003,0.155,0.0,-0.5,0.0,Non-Toxin,0.0
NDM5_0003_2,0.23,0.0,-0.5,0.0,Non-Toxin,0.0
NDM5_0004,0.72,0.0,0.0,0.72,Toxin,0.784
NDM5_0005,0.205,0.0,-0.5,0.0,Non-Toxin,0.0
NDM5_0006,0.14,0.0,0.0,0.14,Non-Toxin,0.026
NDM5_0006_2,0.07,0.0,-0.5,0.0,Non-Toxin,0.0
NDM5_0007,0.145,0.0,-0.5,0.0,Non-Toxin,0.0
NDM5_0008,0.125,0.0,-0.5,0.0,Non-Toxin,0.0
NDM5_0009,0.21,0.0,-0.5,0.0,Non-Toxin,0.0
NDM5_0009_2,0.175,0.0,-0.5,0.0,Non-Toxin,0.0
NDM5_000_0,0.15,0.0,-0.5,0.0,Non-Toxin,0.0
NDM5_000_1,0.105,0.0,-0.5,0.0,Non-Toxin,0.0
NDM5_001,0.315,0.0,-0.5,0.0,Non-Toxin,0.0
NDM5_001_0,0.2,0.0,0.0,0.2,Non-Toxin,0.105
NDM5_001_1,0.135,0.0,0.0,0.135,Non-Toxin,0.02
NDM5_002,0.425,0.0,-0.5,0.0,Non-Toxin,0.0
NDM5_002_0,0.105,0.0,-0.5,0.0,Non-Toxin,0.0
NDM5_002_1,0.1,0.0,-0.5,0.0,Non-Toxin,0.0
NDM5_003,0.18,0.0,-0.5,0.0,Non-Toxin,0.0
NDM5_0030,0.25,0.0,0.0,0.25,Non-Toxin,0.17
NDM5_0031,0.115,0.0,-0.5,0.0,Non-Toxin,0.0
NDM5_0032,0.17,0.0,-0.5,0.0,Non-Toxin,0.0
NDM5_0032_2,0.17,0.0,-0.5,0.0,Non-Toxin,0.0
NDM5_0033,0.115,0.0,0.0,0.115,Non-Toxin,0.0
NDM5_0034,0.12,0.0,-0.5,0.0,Non-Toxin,0.0
NDM5_0035,0.195,0.0,-0.5,0.0,Non-Toxin,0.0
NDM5_0035_2,0.17,0.0,-0.5,0.0,Non-Toxin,0.0
NDM5_0036,0.39,0.0,0.0,0.39,Toxin,0.353
NDM5_0037,0.365,0.0,-0.5,0.0,Non-Toxin,0.0
NDM5_0038,0.195,0.0,-0.5,0.0,Non-Toxin,0.0
NDM5_0038_2,0.19,0.0,-0.5,0.0,Non-Toxin,0.0
NDM5_0039,0.11,0.0,0.0,0.11,Non-Toxin,0.0
NDM5_003_0,0.045,0.0,-0.5,0.0,Non-Toxin,0.0
NDM5_003_1,0.17,0.0,-0.5,0.0,Non-Toxin,0.0
NDM5_004,0.13,0.0,-0.5,0.0,Non-Toxin,0.0
NDM5_004_0,0.155,0.0,-0.5,0.0,Non-Toxin,0.0
NDM5_004_1,0.205,0.0,-0.5,0.0,Non-Toxin,0.0
NDM5_005,0.12,0.0,-0.5,0.0,Non-Toxin,0.0
NDM5_005_0,0.185,0.0,0.0,0.185,Non-Toxin,0.085
NDM5_005_1,0.215,0.0,-0.5,0.0,Non-Toxin,0.0
NDM5_006,0.125,0.0,-0.5,0.0,Non-Toxin,0.0
NDM5_0060,0.16,0.0,-0.5,0.0,Non-Toxin,0.0
NDM5_0061,0.12,0.0,-0.5,0.0,Non-Toxin,0.0
NDM5_0061_2,0.175,0.0,-0.5,0.0,Non-Toxin,0.0
NDM5_0062,0.27,0.0,-0.5,0.0,Non-Toxin,0.0
NDM5_0063,0.08,0.0,-0.5,0.0,Non-Toxin,0.0
NDM5_0064,0.1,0.0,-0.5,0.0,Non-Toxin,0.0
NDM5_0064_2,0.205,0.0,-0.5,0.0,Non-Toxin,0.0
NDM5_0065,0.085,0.0,-0.5,0.0,Non-Toxin,0.0
NDM5_0066,0.09,0.0,0.0,0.09,Non-Toxin,0.0
NDM5_0067,0.165,0.0,-0.5,0.0,Non-Toxin,0.0
NDM5_0067_2,0.135,0.0,-0.5,0.0,Non-Toxin,0.0
NDM5_0068,0.17,0.0,0.0,0.17,Non-Toxin,0.066
NDM5_0069,0.42,0.0,-0.5,0.0,Non-Toxin,0.0
NDM5_006_0,0.265,0.0,-0.5,0.0,Non-Toxin,0.0
NDM5_006_1,0.21,0.0,-0.5,0.0,Non-Toxin,0.0
NDM5_007,0.155,0.0,-0.5,0.0,Non-Toxin,0.0
NDM5_007_0,0.2,0.0,-0.5,0.0,Non-Toxin,0.0
NDM5_007_1,0.14,0.0,-0.5,0.0,Non-Toxin,0.0
NDM5_008,0.345,0.0,-0.5,0.0,Non-Toxin,0.0
NDM5_008_0,0.07,0.0,-0.5,0.0,Non-Toxin,0.0
NDM5_008_1,0.07,0.0,-0.5,0.0,Non-Toxin,0.0
NDM5_009,0.515,0.5,-0.5,0.515,Toxin,0.517
NDM5_0090,0.07,0.0,-0.5,0.0,Non-Toxin,0.0
NDM5_0090_2,0.115,0.0,0.0,0.115,Non-Toxin,0.0
NDM5_0091,0.3,0.0,-0.5,0.0,Non-Toxin,0.0
NDM5_0092,0.125,0.0,-0.5,0.0,Non-Toxin,0.0
NDM5_0093,0.205,0.0,-0.5,0.0,Non-Toxin,0.0
NDM5_0093_2,0.145,0.5,-0.5,0.145,Non-Toxin,0.033
NDM5_0094,0.215,0.0,-0.5,0.0,Non-Toxin,0.0
NDM5_0095,0.125,0.0,-0.5,0.0,Non-Toxin,0.0
NDM5_0096,0.13,0.0,-0.5,0.0,Non-Toxin,0.0
NDM5_0096_2,0.26,0.0,-0.5,0.0,Non-Toxin,0.0
NDM5_0097,0.14,0.0,-0.5,0.0,Non-Toxin,0.0
NDM5_0098,0.19,0.0,-0.5,0.0,Non-Toxin,0.0
NDM5_0099,0.09,0.0,-0.5,0.0,Non-Toxin,0.0
NDM5_0099_2,0.07,0.0,-0.5,0.0,Non-Toxin,0.0
NDM5_009_0,0.125,0.0,-0.5,0.0,Non-Toxin,0.0
NDM5_009_1,0.08,0.0,-0.5,0.0,Non-Toxin,0.0
NDM5_010,0.295,0.0,-0.5,0.0,Non-Toxin,0.0
NDM5_010_0,0.12,0.0,-0.5,0.0,Non-Toxin,0.0
NDM5_010_1,0.13,0.0,-0.5,0.0,Non-Toxin,0.0
NDM5_011,0.14,0.0,-0.5,0.0,Non-Toxin,0.0
NDM5_011_0,0.21,0.0,-0.5,0.0,Non-Toxin,0.0
NDM5_011_1,0.185,0.0,-0.5,0.0,Non-Toxin,0.0
NDM5_012,0.15,0.0,-0.5,0.0,Non-Toxin,0.0
NDM5_0120,0.43,0.0,-0.5,0.0,Non-Toxin,0.0
NDM5_0121,0.21,0.0,-0.5,0.0,Non-Toxin,0.0
NDM5_0122,0.185,0.0,0.0,0.185,Non-Toxin,0.085
NDM5_0122_2,0.165,0.0,-0.5,0.0,Non-Toxin,0.0
NDM5_0123,0.195,0.0,-0.5,0.0,Non-Toxin,0.0
NDM5_0124,0.14,0.0,-0.5,0.0,Non-Toxin,0.0
NDM5_0125,0.145,0.0,-0.5,0.0,Non-Toxin,0.0
NDM5_0125_2,0.205,0.0,-0.5,0.0,Non-Toxin,0.0
NDM5_0126,0.13,0.0,0.0,0.13,Non-Toxin,0.013
NDM5_0127,0.205,0.0,-0.5,0.0,Non-Toxin,0.0
NDM5_0128,0.28,0.0,-0.5,0.0,Non-Toxin,0.0
NDM5_0128_2,0.2,0.0,-0.5,0.0,Non-Toxin,0.0
NDM5_0129,0.13,0.0,-0.5,0.0,Non-Toxin,0.0
NDM5_012_0,0.3,0.0,-0.5,0.0,Non-Toxin,0.0
NDM5_012_1,0.14,0.0,-0.5,0.0,Non-Toxin,0.0
NDM5_013,0.77,0.0,-0.5,0.27,Non-Toxin,0.196
NDM5_013_0,0.215,0.0,0.0,0.215,Non-Toxin,0.124
NDM5_013_1,0.265,0.0,-0.5,0.0,Non-Toxin,0.0
NDM5_014,0.45,0.0,-0.5,0.0,Non-Toxin,0.0
NDM5_014_0,0.105,0.0,-0.5,0.0,Non-Toxin,0.0
NDM5_014_1,0.085,0.0,-0.5,0.0,Non-Toxin,0.0
NDM5_015,0.185,0.0,-0.5,0.0,Non-Toxin,0.0
NDM5_0150,0.125,0.0,-0.5,0.0,Non-Toxin,0.0
NDM5_0151,0.175,0.0,-0.5,0.0,Non-Toxin,0.0
NDM5_0151_2,0.205,0.0,-0.5,0.0,Non-Toxin,0.0
NDM5_0152,0.28,0.0,-0.5,0.0,Non-Toxin,0.0
NDM5_0153,0.09,0.0,-0.5,0.0,Non-Toxin,0.0
NDM5_0154,0.14,0.0,-0.5,0.0,Non-Toxin,0.0
NDM5_0154_2,0.15,0.0,-0.5,0.0,Non-Toxin,0.0
NDM5_0155,0.15,0.0,-0.5,0.0,Non-Toxin,0.0
NDM5_0156,0.13,0.0,-0.5,0.0,Non-Toxin,0.0
NDM5_0157,0.145,0.0,-0.5,0.0,Non-Toxin,0.0
NDM5_0157_2,0.13,0.0,-0.5,0.0,Non-Toxin,0.0
NDM5_0158,0.21,0.0,-0.5,0.0,Non-Toxin,0.0
NDM5_0159,0.175,0.0,0.0,0.175,Non-Toxin,0.072
NDM5_015_0,0.135,0.0,-0.5,0.0,Non-Toxin,0.0
NDM5_015_1,0.175,0.0,0.0,0.175,Non-Toxin,0.072
NDM5_016,0.085,0.0,-0.5,0.0,Non-Toxin,0.0
NDM5_016_0,0.145,0.0,-0.5,0.0,Non-Toxin,0.0
NDM5_016_1,0.175,0.0,-0.5,0.0,Non-Toxin,0.0
NDM5_017,0.805,0.0,-0.5,0.305,Non-Toxin,0.242
NDM5_017_0,0.095,0.0,-0.5,0.0,Non-Toxin,0.0
NDM5_017_1,0.13,0.0,-0.5,0.0,Non-Toxin,0.0
NDM5_018,0.145,0.0,-0.5,0.0,Non-Toxin,0.0
NDM5_0180,0.085,0.0,-0.5,0.0,Non-Toxin,0.0
NDM5_0180_2,0.245,0.0,-0.5,0.0,Non-Toxin,0.0
NDM5_0181,0.625,0.0,-0.5,0.125,Non-Toxin,0.007
NDM5_0182,0.125,0.0,-0.5,0.0,Non-Toxin,0.0
NDM5_0183,0.1,0.0,-0.5,0.0,Non-Toxin,0.0
NDM5_0183_2,0.165,0.0,-0.5,0.0,Non-Toxin,0.0
NDM5_0184,0.805,0.0,0.0,0.805,Toxin,0.896
NDM5_0185,0.09,0.0,-0.5,0.0,Non-Toxin,0.0
NDM5_0186,0.245,0.0,-0.5,0.0,Non-Toxin,0.0
NDM5_0186_2,0.18,0.0,-0.5,0.0,Non-Toxin,0.0
NDM5_0187,0.125,0.0,-0.5,0.0,Non-Toxin,0.0
NDM5_0188,0.09,0.0,-0.5,0.0,Non-Toxin,0.0
NDM5_0189,0.22,0.0,-0.5,0.0,Non-Toxin,0.0
NDM5_0189_2,0.17,0.0,-0.5,0.0,Non-Toxin,0.0
NDM5_018_0,0.16,0.0,-0.5,0.0,Non-Toxin,0.0
NDM5_018_1,0.21,0.0,0.0,0.21,Non-Toxin,0.118
NDM5_019,0.305,0.0,-0.5,0.0,Non-Toxin,0.0
NDM5_019_0,0.14,0.0,-0.5,0.0,Non-Toxin,0.0
NDM5_019_1,0.125,0.0,-0.5,0.0,Non-Toxin,0.0
NDM5_020,0.105,0.0,-0.5,0.0,Non-Toxin,0.0
NDM5_020_0,0.12,0.0,-0.5,0.0,Non-Toxin,0.0
NDM5_020_1,0.125,0.0,-0.5,0.0,Non-Toxin,0.0
NDM5_021,0.245,0.0,-0.5,0.0,Non-Toxin,0.0
NDM5_0210,0.125,0.0,-0.5,0.0,Non-Toxin,0.0
NDM5_0211,0.195,0.0,0.0,0.195,Non-Toxin,0.098
NDM5_0212,0.145,0.0,-0.5,0.0,Non-Toxin,0.0
NDM5_0212_2,0.12,0.0,-0.5,0.0,Non-Toxin,0.0
NDM5_0213,0.175,0.0,-0.5,0.0,Non-Toxin,0.0
NDM5_0214,0.16,0.0,-0.5,0.0,Non-Toxin,0.0
NDM5_0215,0.17,0.0,-0.5,0.0,Non-Toxin,0.0
NDM5_0215_2,0.125,0.0,-0.5,0.0,Non-Toxin,0.0
NDM5_0216,0.095,0.0,0.0,0.095,Non-Toxin,0.0
NDM5_0217,0.16,0.0,-0.5,0.0,Non-Toxin,0.0
NDM5_0218,0.2,0.0,0.0,0.2,Non-Toxin,0.105
NDM5_0218_2,0.115,0.0,-0.5,0.0,Non-Toxin,0.0
NDM5_0219,0.2,0.0,0.0,0.2,Non-Toxin,0.105
NDM5_021_0,0.275,0.0,0.0,0.275,Non-Toxin,0.203
NDM5_021_1,0.275,0.0,0.0,0.275,Non-Toxin,0.203
NDM5_022,0.16,0.0,0.0,0.16,Non-Toxin,0.053
NDM5_022_0,0.11,0.0,0.0,0.11,Non-Toxin,0.0
NDM5_022_1,0.08,0.0,-0.5,0.0,Non-Toxin,0.0
NDM5_023,0.205,0.0,-0.5,0.0,Non-Toxin,0.0
NDM5_023_0,0.215,0.0,-0.5,0.0,Non-Toxin,0.0
NDM5_023_1,0.17,0.0,-0.5,0.0,Non-Toxin,0.0
NDM5_024,0.07,0.0,0.0,0.07,Non-Toxin,0.0
NDM5_0240,0.115,0.0,-0.5,0.0,Non-Toxin,0.0
NDM5_0241,0.13,0.0,0.0,0.13,Non-Toxin,0.013
NDM5_0241_2,0.155,0.0,-0.5,0.0,Non-Toxin,0.0
NDM5_0242,0.51,0.0,-0.5,0.01,Non-Toxin,0.0
NDM5_0243,0.11,0.0,0.0,0.11,Non-Toxin,0.0
NDM5_0244,0.205,0.0,-0.5,0.0,Non-Toxin,0.0
NDM5_0244_2,0.08,0.0,-0.5,0.0,Non-Toxin,0.0
NDM5_0245,0.13,0.0,-0.5,0.0,Non-Toxin,0.0
NDM5_0246,0.105,0.0,-0.5,0.0,Non-Toxin,0.0
NDM5_0247,0.105,0.0,-0.5,0.0,Non-Toxin,0.0
NDM5_0247_2,0.335,0.0,-0.5,0.0,Non-Toxin,0.0
NDM5_0248,0.12,0.0,-0.5,0.0,Non-Toxin,0.0
NDM5_0249,0.175,0.0,-0.5,0.0,Non-Toxin,0.0
NDM5_024_0,0.1,0.0,-0.5,0.0,Non-Toxin,0.0
NDM5_024_1,0.15,0.0,-0.5,0.0,Non-Toxin,0.0
NDM5_025,0.165,0.0,-0.5,0.0,Non-Toxin,0.0
NDM5_025_0,0.135,0.0,-0.5,0.0,Non-Toxin,0.0
NDM5_025_1,0.11,0.0,-0.5,0.0,Non-Toxin,0.0
NDM5_026,0.12,0.0,-0.5,0.0,Non-Toxin,0.0
NDM5_026_0,0.225,0.0,-0.5,0.0,Non-Toxin,0.0
NDM5_026_1,0.27,0.0,0.0,0.27,Non-Toxin,0.196
NDM5_027,0.345,0.0,-0.5,0.0,Non-Toxin,0.0
NDM5_0270,0.135,0.0,-0.5,0.0,Non-Toxin,0.0
NDM5_0270_2,0.235,0.0,0.0,0.235,Non-Toxin,0.151
NDM5_0271,0.14,0.0,-0.5,0.0,Non-Toxin,0.0
NDM5_0272,0.15,0.0,-0.5,0.0,Non-Toxin,0.0
NDM5_0273,0.145,0.0,0.0,0.145,Non-Toxin,0.033
NDM5_0273_2,0.14,0.0,-0.5,0.0,Non-Toxin,0.0
NDM5_0274,0.12,0.0,-0.5,0.0,Non-Toxin,0.0
NDM5_0275,0.205,0.0,-0.5,0.0,Non-Toxin,0.0
NDM5_0276,0.19,0.0,-0.5,0.0,Non-Toxin,0.0
NDM5_0276_2,0.05,0.0,-0.5,0.0,Non-Toxin,0.0
NDM5_0277,0.18,0.0,-0.5,0.0,Non-Toxin,0.0
NDM5_0278,0.235,0.0,-0.5,0.0,Non-Toxin,0.0
NDM5_0279,0.255,0.0,-0.5,0.0,Non-Toxin,0.0
NDM5_0279_2,0.225,0.0,-0.5,0.0,Non-Toxin,0.0
NDM5_027_0,0.115,0.0,-0.5,0.0,Non-Toxin,0.0
NDM5_027_1,0.23,0.0,0.0,0.23,Non-Toxin,0.144
NDM5_028,0.13,0.0,0.0,0.13,Non-Toxin,0.013
NDM5_028_0,0.135,0.0,-0.5,0.0,Non-Toxin,0.0
NDM5_028_1,0.145,0.0,-0.5,0.0,Non-Toxin,0.0
NDM5_029,0.23,0.0,-0.5,0.0,Non-Toxin,0.0
NDM5_029_0,0.075,0.0,-0.5,0.0,Non-Toxin,0.0
NDM5_029_1,0.19,0.0,-0.5,0.0,Non-Toxin,0.0
NDM5_030,0.08,0.0,-0.5,0.0,Non-Toxin,0.0
NDM5_0300,0.095,0.0,0.0,0.095,Non-Toxin,0.0
NDM5_0301,0.09,0.0,-0.5,0.0,Non-Toxin,0.0
NDM5_0302,0.26,0.0,-0.5,0.0,Non-Toxin,0.0
NDM5_0302_2,0.105,0.0,-0.5,0.0,Non-Toxin,0.0
NDM5_0303,0.21,0.0,0.0,0.21,Non-Toxin,0.118
NDM5_0304,0.145,0.0,-0.5,0.0,Non-Toxin,0.0
NDM5_0305,0.33,0.0,0.0,0.33,Non-Toxin,0.275
NDM5_0305_2,0.185,0.0,-0.5,0.0,Non-Toxin,0.0
NDM5_0306,0.565,0.0,-0.5,0.065,Non-Toxin,0.0
NDM5_0307,0.815,0.0,-0.5,0.315,Non-Toxin,0.255
NDM5_0308,0.175,0.0,-0.5,0.0,Non-Toxin,0.0
NDM5_0308_2,0.15,0.0,-0.5,0.0,Non-Toxin,0.0
NDM5_0309,0.565,0.0,-0.5,0.065,Non-Toxin,0.0
NDM5_030_0,0.23,0.0,-0.5,0.0,Non-Toxin,0.0
NDM5_030_1,0.24,0.0,-0.5,0.0,Non-Toxin,0.0
NDM5_031,0.11,0.0,-0.5,0.0,Non-Toxin,0.0
NDM5_031_0,0.145,0.0,0.0,0.145,Non-Toxin,0.033
NDM5_031_1,0.16,0.0,-0.5,0.0,Non-Toxin,0.0
NDM5_032,0.325,0.0,0.0,0.325,Non-Toxin,0.268
NDM5_032_0,0.15,0.0,-0.5,0.0,Non-Toxin,0.0
NDM5_032_1,0.205,0.0,0.0,0.205,Non-Toxin,0.111
NDM5_033,0.275,0.0,0.0,0.275,Non-Toxin,0.203
NDM5_0330,0.04,0.0,-0.5,0.0,Non-Toxin,0.0
NDM5_0331,0.24,0.0,-0.5,0.0,Non-Toxin,0.0
NDM5_0331_2,0.16,0.0,-0.5,0.0,Non-Toxin,0.0
NDM5_0332,0.165,0.0,-0.5,0.0,Non-Toxin,0.0
NDM5_0333,0.19,0.0,-0.5,0.0,Non-Toxin,0.0
NDM5_0334,0.06,0.0,-0.5,0.0,Non-Toxin,0.0
NDM5_0334_2,0.105,0.0,-0.5,0.0,Non-Toxin,0.0
NDM5_0335,0.065,0.0,-0.5,0.0,Non-Toxin,0.0
NDM5_0336,0.28,0.0,-0.5,0.0,Non-Toxin,0.0
NDM5_0337,0.2,0.0,-0.5,0.0,Non-Toxin,0.0
NDM5_0337_2,0.13,0.0,-0.5,0.0,Non-Toxin,0.0
NDM5_0338,0.135,0.0,0.0,0.135,Non-Toxin,0.02
NDM5_0339,0.105,0.0,-0.5,0.0,Non-Toxin,0.0
NDM5_033_0,0.09,0.0,-0.5,0.0,Non-Toxin,0.0
NDM5_033_1,0.115,0.0,-0.5,0.0,Non-Toxin,0.0
NDM5_034,0.14,0.0,0.0,0.14,Non-Toxin,0.026
NDM5_034_0,0.215,0.0,-0.5,0.0,Non-Toxin,0.0
NDM5_034_1,0.305,0.0,-0.5,0.0,Non-Toxin,0.0
NDM5_035,0.12,0.0,-0.5,0.0,Non-Toxin,0.0
NDM5_035_0,0.1,0.0,-0.5,0.0,Non-Toxin,0.0
NDM5_035_1,0.16,0.0,0.0,0.16,Non-Toxin,0.053
NDM5_036,0.24,0.0,0.0,0.24,Non-Toxin,0.157
NDM5_0360,0.155,0.0,-0.5,0.0,Non-Toxin,0.0
NDM5_0360_2,0.15,0.0,-0.5,0.0,Non-Toxin,0.0
NDM5_0361,0.135,0.0,-0.5,0.0,Non-Toxin,0.0
NDM5_0362,0.16,0.0,-0.5,0.0,Non-Toxin,0.0
NDM5_0363,0.175,0.0,-0.5,0.0,Non-Toxin,0.0
NDM5_0363_2,0.18,0.0,-0.5,0.0,Non-Toxin,0.0
NDM5_0364,0.2,0.0,-0.5,0.0,Non-Toxin,0.0
NDM5_0365,0.15,0.0,-0.5,0.0,Non-Toxin,0.0
NDM5_0366,0.29,0.0,-0.5,0.0,Non-Toxin,0.0
NDM5_0366_2,0.1,0.0,-0.5,0.0,Non-Toxin,0.0
NDM5_0367,0.12,0.0,-0.5,0.0,Non-Toxin,0.0
NDM5_0368,0.105,0.0,-0.5,0.0,Non-Toxin,0.0
NDM5_0369,0.13,0.0,0.0,0.13,Non-Toxin,0.013
NDM5_0369_2,0.095,0.0,-0.5,0.0,Non-Toxin,0.0
NDM5_036_0,0.14,0.0,-0.5,0.0,Non-Toxin,0.0
NDM5_036_1,0.13,0.0,-0.5,0.0,Non-Toxin,0.0
NDM5_037,0.355,0.0,0.0,0.355,Non-Toxin,0.307
NDM5_037_0,0.36,0.0,-0.5,0.0,Non-Toxin,0.0
NDM5_037_1,0.395,0.0,-0.5,0.0,Non-Toxin,0.0
NDM5_038,0.07,0.0,-0.5,0.0,Non-Toxin,0.0
NDM5_038_0,0.145,0.0,-0.5,0.0,Non-Toxin,0.0
NDM5_038_1,0.18,0.0,-0.5,0.0,Non-Toxin,0.0
NDM5_039,0.73,0.0,0.0,0.73,Toxin,0.798
NDM5_0390,0.095,0.0,-0.5,0.0,Non-Toxin,0.0
NDM5_0391,0.275,0.0,-0.5,0.0,Non-Toxin,0.0
NDM5_0392,0.115,0.0,-0.5,0.0,Non-Toxin,0.0
NDM5_0392_2,0.145,0.0,-0.5,0.0,Non-Toxin,0.0
NDM5_0393,0.06,0.0,-0.5,0.0,Non-Toxin,0.0
NDM5_0394,0.115,0.0,-0.5,0.0,Non-Toxin,0.0
NDM5_0395,0.105,0.0,-0.5,0.0,Non-Toxin,0.0
NDM5_0395_2,0.075,0.0,-0.5,0.0,Non-Toxin,0.0
NDM5_0396,0.135,0.0,-0.5,0.0,Non-Toxin,0.0
NDM5_0397,0.085,0.0,0.0,0.085,Non-Toxin,0.0
NDM5_0398,0.265,0.0,-0.5,0.0,Non-Toxin,0.0
NDM5_0398_2,0.18,0.0,-0.5,0.0,Non-Toxin,0.0
NDM5_0399,0.07,0.0,-0.5,0.0,Non-Toxin,0.0
NDM5_039_0,0.175,0.0,0.0,0.175,Non-Toxin,0.072
NDM5_039_1,0.145,0.0,0.0,0.145,Non-Toxin,0.033
NDM5_040,0.08,0.0,-0.5,0.0,Non-Toxin,0.0
NDM5_040_0,0.175,0.0,0.0,0.175,Non-Toxin,0.072
NDM5_040_1,0.195,0.0,0.0,0.195,Non-Toxin,0.098
NDM5_041,0.14,0.0,-0.5,0.0,Non-Toxin,0.0
NDM5_041_0,0.18,0.0,-0.5,0.0,Non-Toxin,0.0
NDM5_041_1,0.225,0.0,-0.5,0.0,Non-Toxin,0.0
NDM5_042,0.28,0.0,-0.5,0.0,Non-Toxin,0.0
NDM5_0420,0.12,0.0,0.0,0.12,Non-Toxin,0.0
NDM5_0421,0.1,0.0,-0.5,0.0,Non-Toxin,0.0
NDM5_0421_2,0.21,0.0,-0.5,0.0,Non-Toxin,0.0
NDM5_0422,0.175,0.0,-0.5,0.0,Non-Toxin,0.0
NDM5_0423,0.125,0.0,-0.5,0.0,Non-Toxin,0.0
NDM5_0424,0.09,0.0,-0.5,0.0,Non-Toxin,0.0
NDM5_0424_2,0.13,0.0,-0.5,0.0,Non-Toxin,0.0
NDM5_0425,0.08,0.0,-0.5,0.0,Non-Toxin,0.0
NDM5_0426,0.105,0.0,-0.5,0.0,Non-Toxin,0.0
NDM5_0427,0.105,0.0,-0.5,0.0,Non-Toxin,0.0
NDM5_0427_2,0.19,0.0,-0.5,0.0,Non-Toxin,0.0
NDM5_0428,0.165,0.0,0.0,0.165,Non-Toxin,0.059
NDM5_0429,0.145,0.0,-0.5,0.0,Non-Toxin,0.0
NDM5_042_0,0.165,0.0,0.0,0.165,Non-Toxin,0.059
NDM5_042_1,0.11,0.0,0.0,0.11,Non-Toxin,0.0
NDM5_043,0.16,0.0,-0.5,0.0,Non-Toxin,0.0
NDM5_043_0,0.085,0.0,-0.5,0.0,Non-Toxin,0.0
NDM5_043_1,0.145,0.0,-0.5,0.0,Non-Toxin,0.0
NDM5_044,0.315,0.0,0.0,0.315,Non-Toxin,0.255
NDM5_044_0,0.145,0.0,-0.5,0.0,Non-Toxin,0.0
NDM5_044_1,0.11,0.0,-0.5,0.0,Non-Toxin,0.0
NDM5_045,0.13,0.0,0.0,0.13,Non-Toxin,0.013
NDM5_0450,0.105,0.0,-0.5,0.0,Non-Toxin,0.0
NDM5_0450_2,0.13,0.0,-0.5,0.0,Non-Toxin,0.0
NDM5_0451,0.12,0.0,-0.5,0.0,Non-Toxin,0.0
NDM5_0452,0.125,0.0,-0.5,0.0,Non-Toxin,0.0
NDM5_0453,0.14,0.0,-0.5,0.0,Non-Toxin,0.0
NDM5_0453_2,0.11,0.0,-0.5,0.0,Non-Toxin,0.0
NDM5_0454,0.14,0.0,-0.5,0.0,Non-Toxin,0.0
NDM5_0455,0.11,0.0,-0.5,0.0,Non-Toxin,0.0
NDM5_0456,0.19,0.0,0.0,0.19,Non-Toxin,0.092
NDM5_0456_2,0.04,0.0,-0.5,0.0,Non-Toxin,0.0
NDM5_0457,0.105,0.0,-0.5,0.0,Non-Toxin,0.0
NDM5_0458,0.16,0.0,0.0,0.16,Non-Toxin,0.053
NDM5_0459,0.09,0.0,-0.5,0.0,Non-Toxin,0.0
NDM5_0459_2,0.295,0.0,0.0,0.295,Non-Toxin,0.229
NDM5_045_0,0.265,0.0,-0.5,0.0,Non-Toxin,0.0
NDM5_045_1,0.14,0.0,-0.5,0.0,Non-Toxin,0.0
NDM5_046,0.32,0.0,-0.5,0.0,Non-Toxin,0.0
NDM5_046_0,0.175,0.0,-0.5,0.0,Non-Toxin,0.0
NDM5_046_1,0.1,0.0,-0.5,0.0,Non-Toxin,0.0
NDM5_047,0.135,0.0,0.0,0.135,Non-Toxin,0.02
NDM5_047_0,0.235,0.0,-0.5,0.0,Non-Toxin,0.0
NDM5_047_1,0.22,0.0,0.0,0.22,Non-Toxin,0.131
NDM5_048,0.425,0.0,-0.5,0.0,Non-Toxin,0.0
NDM5_0480,0.105,0.0,-0.5,0.0,Non-Toxin,0.0
NDM5_0481,0.135,0.0,-0.5,0.0,Non-Toxin,0.0
NDM5_0482,0.09,0.0,-0.5,0.0,Non-Toxin,0.0
NDM5_0482_2,0.18,0.0,-0.5,0.0,Non-Toxin,0.0
NDM5_0483,0.32,0.0,-0.5,0.0,Non-Toxin,0.0
NDM5_0484,0.15,0.0,-0.5,0.0,Non-Toxin,0.0
NDM5_0485,0.11,0.0,-0.5,0.0,Non-Toxin,0.0
NDM5_0485_2,0.225,0.0,-0.5,0.0,Non-Toxin,0.0
NDM5_0486,0.075,0.0,-0.5,0.0,Non-Toxin,0.0
NDM5_0487,0.12,0.0,-0.5,0.0,Non-Toxin,0.0
NDM5_0488,0.135,0.0,-0.5,0.0,Non-Toxin,0.0
NDM5_0488_2,0.105,0.0,-0.5,0.0,Non-Toxin,0.0
NDM5_0489,0.11,0.0,-0.5,0.0,Non-Toxin,0.0
NDM5_048_0,0.09,0.0,-0.5,0.0,Non-Toxin,0.0
NDM5_048_1,0.18,0.0,-0.5,0.0,Non-Toxin,0.0
NDM5_049,0.38,0.0,-0.5,0.0,Non-Toxin,0.0
NDM5_049_0,0.095,0.0,0.0,0.095,Non-Toxin,0.0
NDM5_049_1,0.13,0.0,-0.5,0.0,Non-Toxin,0.0
NDM5_050,0.075,0.0,0.0,0.075,Non-Toxin,0.0
NDM5_050_0,0.125,0.0,0.0,0.125,Non-Toxin,0.007
NDM5_050_1,0.075,0.0,0.0,0.075,Non-Toxin,0.0
NDM5_051,0.125,0.0,-0.5,0.0,Non-Toxin,0.0
NDM5_0510,0.225,0.0,-0.5,0.0,Non-Toxin,0.0
NDM5_0511,0.145,0.0,-0.5,0.0,Non-Toxin,0.0
NDM5_0511_2,0.185,0.0,0.0,0.185,Non-Toxin,0.085
NDM5_0512,0.22,0.0,-0.5,0.0,Non-Toxin,0.0
NDM5_0513,0.29,0.0,-0.5,0.0,Non-Toxin,0.0
NDM5_0514,0.16,0.0,-0.5,0.0,Non-Toxin,0.0
NDM5_0514_2,0.165,0.0,-0.5,0.0,Non-Toxin,0.0
NDM5_0515,0.09,0.0,-0.5,0.0,Non-Toxin,0.0
NDM5_0516,0.145,0.0,-0.5,0.0,Non-Toxin,0.0
NDM5_0517,0.085,0.0,-0.5,0.0,Non-Toxin,0.0
NDM5_0517_2,0.26,0.0,-0.5,0.0,Non-Toxin,0.0
NDM5_0518,0.125,0.0,0.0,0.125,Non-Toxin,0.007
NDM5_0519,0.08,0.0,-0.5,0.0,Non-Toxin,0.0
NDM5_051_0,0.075,0.0,0.0,0.075,Non-Toxin,0.0
NDM5_051_1,0.11,0.0,0.0,0.11,Non-Toxin,0.0
NDM5_052,0.38,0.0,0.0,0.38,Non-Toxin,0.34
NDM5_052_0,0.11,0.0,0.0,0.11,Non-Toxin,0.0
NDM5_052_1,0.11,0.0,0.0,0.11,Non-Toxin,0.0
NDM5_053,0.1,0.0,-0.5,0.0,Non-Toxin,0.0
NDM5_053_0,0.32,0.0,-0.5,0.0,Non-Toxin,0.0
NDM5_053_1,0.35,0.0,0.0,0.35,Non-Toxin,0.301
NDM5_054,0.265,0.0,0.0,0.265,Non-Toxin,0.19
NDM5_0540,0.085,0.0,-0.5,0.0,Non-Toxin,0.0
NDM5_0540_2,0.105,0.0,-0.5,0.0,Non-Toxin,0.0
NDM5_0541,0.315,0.0,-0.5,0.0,Non-Toxin,0.0
NDM5_0542,0.11,0.0,-0.5,0.0,Non-Toxin,0.0
NDM5_0543,0.1,0.0,-0.5,0.0,Non-Toxin,0.0
NDM5_0543_2,0.16,0.0,-0.5,0.0,Non-Toxin,0.0
NDM5_0544,0.125,0.0,-0.5,0.0,Non-Toxin,0.0
NDM5_0545,0.14,0.0,-0.5,0.0,Non-Toxin,0.0
NDM5_0546,0.105,0.0,-0.5,0.0,Non-Toxin,0.0
NDM5_0546_2,0.1,0.0,-0.5,0.0,Non-Toxin,0.0
NDM5_0547,0.165,0.0,-0.5,0.0,Non-Toxin,0.0
NDM5_0548,0.135,0.0,-0.5,0.0,Non-Toxin,0.0
NDM5_0549,0.14,0.0,-0.5,0.0,Non-Toxin,0.0
NDM5_0549_2,0.045,0.0,-0.5,0.0,Non-Toxin,0.0
NDM5_054_0,0.22,0.5,0.0,0.72,Toxin,0.784
NDM5_054_1,0.23,0.0,-0.5,0.0,Non-Toxin,0.0
NDM5_055,0.245,0.0,0.0,0.245,Non-Toxin,0.164
NDM5_055_0,0.13,0.0,-0.5,0.0,Non-Toxin,0.0
NDM5_055_1,0.12,0.0,-0.5,0.0,Non-Toxin,0.0
NDM5_056,0.115,0.0,-0.5,0.0,Non-Toxin,0.0
NDM5_056_0,0.235,0.0,0.0,0.235,Non-Toxin,0.151
NDM5_056_1,0.155,0.0,0.0,0.155,Non-Toxin,0.046
NDM5_057,0.115,0.0,0.0,0.115,Non-Toxin,0.0
NDM5_0570,0.095,0.0,-0.5,0.0,Non-Toxin,0.0
NDM5_0571,0.18,0.0,-0.5,0.0,Non-Toxin,0.0
NDM5_0572,0.195,0.0,0.0,0.195,Non-Toxin,0.098
NDM5_0572_2,0.26,0.0,0.0,0.26,Non-Toxin,0.183
NDM5_0573,0.765,0.0,0.0,0.765,Toxin,0.843
NDM5_0574,0.27,0.0,-0.5,0.0,Non-Toxin,0.0
NDM5_0575,0.17,0.0,-0.5,0.0,Non-Toxin,0.0
NDM5_0575_2,0.15,0.0,-0.5,0.0,Non-Toxin,0.0
NDM5_0576,0.17,0.0,0.0,0.17,Non-Toxin,0.066
NDM5_0577,0.135,0.0,-0.5,0.0,Non-Toxin,0.0
NDM5_0578,0.09,0.0,-0.5,0.0,Non-Toxin,0.0
NDM5_0578_2,0.075,0.0,-0.5,0.0,Non-Toxin,0.0
NDM5_0579,0.12,0.0,-0.5,0.0,Non-Toxin,0.0
NDM5_057_0,0.125,0.0,0.0,0.125,Non-Toxin,0.007
NDM5_057_1,0.185,0.0,0.0,0.185,Non-Toxin,0.085
NDM5_058,0.46,0.0,-0.5,0.0,Non-Toxin,0.0
NDM5_058_0,0.23,0.0,0.0,0.23,Non-Toxin,0.144
NDM5_058_1,0.23,0.0,0.0,0.23,Non-Toxin,0.144
NDM5_059,0.19,0.0,0.0,0.19,Non-Toxin,0.092
NDM5_059_0,0.09,0.0,0.0,0.09,Non-Toxin,0.0
NDM5_059_1,0.08,0.0,-0.5,0.0,Non-Toxin,0.0
NDM5_060,0.31,0.0,-0.5,0.0,Non-Toxin,0.0
NDM5_0600,0.335,0.0,-0.5,0.0,Non-Toxin,0.0
NDM5_0601,0.22,0.0,-0.5,0.0,Non-Toxin,0.0
NDM5_0601_2,0.125,0.0,-0.5,0.0,Non-Toxin,0.0
NDM5_0602,0.245,0.0,-0.5,0.0,Non-Toxin,0.0
NDM5_0603,0.15,0.0,-0.5,0.0,Non-Toxin,0.0
NDM5_0604,0.145,0.0,-0.5,0.0,Non-Toxin,0.0
NDM5_0604_2,0.15,0.0,-0.5,0.0,Non-Toxin,0.0
NDM5_0605,0.06,0.0,-0.5,0.0,Non-Toxin,0.0
NDM5_0606,0.08,0.0,0.0,0.08,Non-Toxin,0.0
NDM5_0607,0.14,0.0,0.0,0.14,Non-Toxin,0.026
NDM5_0607_2,0.07,0.0,-0.5,0.0,Non-Toxin,0.0
NDM5_0608,0.185,0.0,-0.5,0.0,Non-Toxin,0.0
NDM5_0609,0.085,0.0,0.0,0.085,Non-Toxin,0.0
NDM5_060_0,0.145,0.0,-0.5,0.0,Non-Toxin,0.0
NDM5_060_1,0.095,0.0,-0.5,0.0,Non-Toxin,0.0
NDM5_061,0.42,0.0,-0.5,0.0,Non-Toxin,0.0
NDM5_061_0,0.255,0.0,0.0,0.255,Non-Toxin,0.177
NDM5_061_1,0.245,0.0,0.0,0.245,Non-Toxin,0.164
NDM5_062,0.605,0.0,-0.5,0.105,Non-Toxin,0.0
NDM5_062_0,0.09,0.0,-0.5,0.0,Non-Toxin,0.0
NDM5_062_1,0.19,0.0,-0.5,0.0,Non-Toxin,0.0
NDM5_063,0.15,0.0,0.0,0.15,Non-Toxin,0.039
NDM5_0630,0.15,0.0,-0.5,0.0,Non-Toxin,0.0
NDM5_0630_2,0.16,0.0,-0.5,0.0,Non-Toxin,0.0
NDM5_0631,0.065,0.0,-0.5,0.0,Non-Toxin,0.0
NDM5_0632,0.095,0.0,-0.5,0.0,Non-Toxin,0.0
NDM5_0633,0.185,0.0,-0.5,0.0,Non-Toxin,0.0
NDM5_0633_2,0.105,0.0,-0.5,0.0,Non-Toxin,0.0
NDM5_0634,0.14,0.0,-0.5,0.0,Non-Toxin,0.0
NDM5_0635,0.145,0.0,-0.5,0.0,Non-Toxin,0.0
NDM5_0636,0.16,0.0,-0.5,0.0,Non-Toxin,0.0
NDM5_0636_2,0.095,0.0,-0.5,0.0,Non-Toxin,0.0
NDM5_0637,0.12,0.0,-0.5,0.0,Non-Toxin,0.0
NDM5_0638,0.21,0.0,-0.5,0.0,Non-Toxin,0.0
NDM5_0639,0.115,0.0,-0.5,0.0,Non-Toxin,0.0
NDM5_0639_2,0.065,0.0,-0.5,0.0,Non-Toxin,0.0
NDM5_063_0,0.14,0.0,-0.5,0.0,Non-Toxin,0.0
NDM5_063_1,0.135,0.0,-0.5,0.0,Non-Toxin,0.0
NDM5_064,0.08,0.0,-0.5,0.0,Non-Toxin,0.0
NDM5_064_0,0.24,0.0,-0.5,0.0,Non-Toxin,0.0
NDM5_064_1,0.145,0.0,-0.5,0.0,Non-Toxin,0.0
NDM5_065,0.12,0.0,-0.5,0.0,Non-Toxin,0.0
NDM5_065_0,0.085,0.0,-0.5,0.0,Non-Toxin,0.0
NDM5_065_1,0.125,0.0,-0.5,0.0,Non-Toxin,0.0
NDM5_066,0.365,0.0,-0.5,0.0,Non-Toxin,0.0
NDM5_0660,0.135,0.0,0.0,0.135,Non-Toxin,0.02
NDM5_0661,0.14,0.0,0.0,0.14,Non-Toxin,0.026
NDM5_0662,0.185,0.0,-0.5,0.0,Non-Toxin,0.0
NDM5_0662_2,0.165,0.0,-0.5,0.0,Non-Toxin,0.0
NDM5_0663,0.12,0.0,-0.5,0.0,Non-Toxin,0.0
NDM5_0664,0.115,0.0,-0.5,0.0,Non-Toxin,0.0
NDM5_0665,0.13,0.0,-0.5,0.0,Non-Toxin,0.0
NDM5_0665_2,0.225,0.0,-0.5,0.0,Non-Toxin,0.0
NDM5_0666,0.055,0.0,-0.5,0.0,Non-Toxin,0.0
NDM5_0667,0.1,0.0,0.0,0.1,Non-Toxin,0.0
NDM5_0668,0.19,0.0,-0.5,0.0,Non-Toxin,0.0
NDM5_0668_2,0.16,0.0,-0.5,0.0,Non-Toxin,0.0
NDM5_0669,0.08,0.0,-0.5,0.0,Non-Toxin,0.0
NDM5_066_0,0.085,0.0,-0.5,0.0,Non-Toxin,0.0
NDM5_066_1,0.125,0.0,-0.5,0.0,Non-Toxin,0.0
NDM5_067,0.525,0.0,-0.5,0.025,Non-Toxin,0.0
NDM5_067_0,0.365,0.0,-0.5,0.0,Non-Toxin,0.0
NDM5_067_1,0.305,0.0,-0.5,0.0,Non-Toxin,0.0
NDM5_068,0.13,0.0,-0.5,0.0,Non-Toxin,0.0
NDM5_068_0,0.24,0.0,0.0,0.24,Non-Toxin,0.157
NDM5_068_1,0.235,0.0,0.0,0.235,Non-Toxin,0.151
NDM5_069,0.08,0.0,0.0,0.08,Non-Toxin,0.0
NDM5_0690,0.115,0.0,-0.5,0.0,Non-Toxin,0.0
NDM5_0691,0.095,0.0,-0.5,0.0,Non-Toxin,0.0
NDM5_0691_2,0.125,0.0,-0.5,0.0,Non-Toxin,0.0
NDM5_0692,0.125,0.0,-0.5,0.0,Non-Toxin,0.0
NDM5_0693,0.24,0.0,-0.5,0.0,Non-Toxin,0.0
NDM5_0694,0.2,0.0,0.0,0.2,Non-Toxin,0.105
NDM5_0694_2,0.145,0.0,-0.5,0.0,Non-Toxin,0.0
NDM5_0695,0.14,0.0,-0.5,0.0,Non-Toxin,0.0
NDM5_0696,0.095,0.0,-0.5,0.0,Non-Toxin,0.0
NDM5_0697,0.11,0.0,-0.5,0.0,Non-Toxin,0.0
NDM5_0697_2,0.19,0.0,-0.5,0.0,Non-Toxin,0.0
NDM5_0698,0.145,0.0,0.0,0.145,Non-Toxin,0.033
NDM5_0699,0.175,0.0,-0.5,0.0,Non-Toxin,0.0
NDM5_069_0,0.24,0.0,-0.5,0.0,Non-Toxin,0.0
NDM5_069_1,0.195,0.0,0.0,0.195,Non-Toxin,0.098
NDM5_070,0.395,0.5,-0.5,0.395,Toxin,0.36
NDM5_070_0,0.14,0.0,-0.5,0.0,Non-Toxin,0.0
NDM5_070_1,0.145,0.0,-0.5,0.0,Non-Toxin,0.0
NDM5_071,0.145,0.0,0.0,0.145,Non-Toxin,0.033
NDM5_071_0,0.13,0.0,-0.5,0.0,Non-Toxin,0.0
NDM5_071_1,0.145,0.0,-0.5,0.0,Non-Toxin,0.0
NDM5_072,0.155,0.0,-0.5,0.0,Non-Toxin,0.0
NDM5_0720,0.38,0.0,-0.5,0.0,Non-Toxin,0.0
NDM5_0720_2,0.22,0.0,0.0,0.22,Non-Toxin,0.131
NDM5_0721,0.185,0.0,-0.5,0.0,Non-Toxin,0.0
NDM5_0722,0.085,0.0,-0.5,0.0,Non-Toxin,0.0
NDM5_0723,0.125,0.0,-0.5,0.0,Non-Toxin,0.0
NDM5_0723_2,0.135,0.0,-0.5,0.0,Non-Toxin,0.0
NDM5_0724,0.105,0.0,0.0,0.105,Non-Toxin,0.0
NDM5_0725,0.105,0.0,-0.5,0.0,Non-Toxin,0.0
NDM5_0726,0.07,0.0,-0.5,0.0,Non-Toxin,0.0
NDM5_0726_2,0.12,0.0,-0.5,0.0,Non-Toxin,0.0
NDM5_0727,0.165,0.0,-0.5,0.0,Non-Toxin,0.0
NDM5_0728,0.175,0.0,0.0,0.175,Non-Toxin,0.072
NDM5_0729,0.205,0.0,-0.5,0.0,Non-Toxin,0.0
NDM5_0729_2,0.12,0.0,0.0,0.12,Non-Toxin,0.0
NDM5_072_0,0.27,0.0,-0.5,0.0,Non-Toxin,0.0
NDM5_072_1,0.17,0.0,-0.5,0.0,Non-Toxin,0.0
NDM5_073,0.245,0.0,-0.5,0.0,Non-Toxin,0.0
NDM5_073_0,0.175,0.0,-0.5,0.0,Non-Toxin,0.0
NDM5_073_1,0.12,0.0,-0.5,0.0,Non-Toxin,0.0
NDM5_074,0.13,0.0,-0.5,0.0,Non-Toxin,0.0
NDM5_074_0,0.12,0.0,-0.5,0.0,Non-Toxin,0.0
NDM5_074_1,0.095,0.0,-0.5,0.0,Non-Toxin,0.0
NDM5_075,0.125,0.0,-0.5,0.0,Non-Toxin,0.0
NDM5_0750,0.215,0.0,0.0,0.215,Non-Toxin,0.124
NDM5_0751,0.06,0.0,-0.5,0.0,Non-Toxin,0.0
NDM5_0752,0.08,0.0,0.0,0.08,Non-Toxin,0.0
NDM5_0752_2,0.205,0.0,-0.5,0.0,Non-Toxin,0.0
NDM5_0753,0.165,0.0,-0.5,0.0,Non-Toxin,0.0
NDM5_0754,0.125,0.0,-0.5,0.0,Non-Toxin,0.0
NDM5_0755,0.155,0.0,-0.5,0.0,Non-Toxin,0.0
NDM5_0755_2,0.155,0.0,-0.5,0.0,Non-Toxin,0.0
NDM5_0756,0.14,0.0,0.0,0.14,Non-Toxin,0.026
NDM5_0757,0.125,0.0,0.0,0.125,Non-Toxin,0.007
NDM5_0758,0.195,0.0,0.0,0.195,Non-Toxin,0.098
NDM5_0758_2,0.105,0.0,-0.5,0.0,Non-Toxin,0.0
NDM5_0759,0.115,0.0,-0.5,0.0,Non-Toxin,0.0
NDM5_075_0,0.08,0.0,-0.5,0.0,Non-Toxin,0.0
NDM5_075_1,0.12,0.0,-0.5,0.0,Non-Toxin,0.0
NDM5_076,0.575,0.5,-0.5,0.575,Toxin,0.595
NDM5_076_0,0.065,0.0,-0.5,0.0,Non-Toxin,0.0
NDM5_076_1,0.205,0.0,-0.5,0.0,Non-Toxin,0.0
NDM5_077,0.105,0.0,-0.5,0.0,Non-Toxin,0.0
NDM5_077_0,0.105,0.0,-0.5,0.0,Non-Toxin,0.0
NDM5_077_1,0.24,0.0,-0.5,0.0,Non-Toxin,0.0
NDM5_078,0.19,0.0,-0.5,0.0,Non-Toxin,0.0
NDM5_0780,0.1,0.0,-0.5,0.0,Non-Toxin,0.0
NDM5_0781,0.325,0.0,-0.5,0.0,Non-Toxin,0.0
NDM5_0781_2,0.26,0.0,-0.5,0.0,Non-Toxin,0.0
NDM5_0782,0.145,0.0,-0.5,0.0,Non-Toxin,0.0
NDM5_0783,0.17,0.0,-0.5,0.0,Non-Toxin,0.0
NDM5_0784,0.195,0.0,0.0,0.195,Non-Toxin,0.098
NDM5_0784_2,0.1,0.0,-0.5,0.0,Non-Toxin,0.0
NDM5_0785,0.1,0.0,-0.5,0.0,Non-Toxin,0.0
NDM5_0786,0.135,0.0,-0.5,0.0,Non-Toxin,0.0
NDM5_0787,0.085,0.0,-0.5,0.0,Non-Toxin,0.0
NDM5_0787_2,0.23,0.0,-0.5,0.0,Non-Toxin,0.0
NDM5_0788,0.095,0.0,-0.5,0.0,Non-Toxin,0.0
NDM5_0789,0.12,0.0,-0.5,0.0,Non-Toxin,0.0
NDM5_078_0,0.13,0.0,-0.5,0.0,Non-Toxin,0.0
NDM5_078_1,0.175,0.0,-0.5,0.0,Non-Toxin,0.0
NDM5_079,0.235,0.0,-0.5,0.0,Non-Toxin,0.0
NDM5_079_0,0.19,0.0,-0.5,0.0,Non-Toxin,0.0
NDM5_079_1,0.195,0.0,-0.5,0.0,Non-Toxin,0.0
NDM5_080,0.155,0.0,-0.5,0.0,Non-Toxin,0.0
NDM5_080_0,0.13,0.0,-0.5,0.0,Non-Toxin,0.0
NDM5_080_1,0.2,0.0,-0.5,0.0,Non-Toxin,0.0
NDM5_081,0.145,0.0,-0.5,0.0,Non-Toxin,0.0
NDM5_0810,0.11,0.0,-0.5,0.0,Non-Toxin,0.0
NDM5_0810_2,0.29,0.0,-0.5,0.0,Non-Toxin,0.0
NDM5_0811,0.16,0.0,-0.5,0.0,Non-Toxin,0.0
NDM5_0812,0.165,0.0,-0.5,0.0,Non-Toxin,0.0
NDM5_0813,0.26,0.0,0.0,0.26,Non-Toxin,0.183
NDM5_0813_2,0.115,0.0,-0.5,0.0,Non-Toxin,0.0
NDM5_0814,0.5,0.0,0.0,0.5,Toxin,0.497
NDM5_0815,0.145,0.0,-0.5,0.0,Non-Toxin,0.0
NDM5_0816,0.2,0.0,-0.5,0.0,Non-Toxin,0.0
NDM5_0816_2,0.175,0.0,-0.5,0.0,Non-Toxin,0.0
NDM5_0817,0.155,0.0,-0.5,0.0,Non-Toxin,0.0
NDM5_0818,0.25,0.0,-0.5,0.0,Non-Toxin,0.0
NDM5_0819,0.125,0.0,-0.5,0.0,Non-Toxin,0.0
NDM5_0819_2,0.115,0.0,0.0,0.115,Non-Toxin,0.0
NDM5_081_0,0.14,0.0,-0.5,0.0,Non-Toxin,0.0
NDM5_081_1,0.2,0.0,-0.5,0.0,Non-Toxin,0.0
NDM5_082,0.39,0.0,-0.5,0.0,Non-Toxin,0.0
NDM5_082_0,0.13,0.0,-0.5,0.0,Non-Toxin,0.0
NDM5_082_1,0.185,0.0,-0.5,0.0,Non-Toxin,0.0
NDM5_083,0.465,0.0,-0.5,0.0,Non-Toxin,0.0
NDM5_083_0,0.08,0.0,-0.5,0.0,Non-Toxin,0.0
NDM5_083_1,0.105,0.0,-0.5,0.0,Non-Toxin,0.0
NDM5_084,0.105,0.0,-0.5,0.0,Non-Toxin,0.0
NDM5_0840,0.275,0.0,-0.5,0.0,Non-Toxin,0.0
NDM5_0841,0.075,0.0,-0.5,0.0,Non-Toxin,0.0
NDM5_0842,0.125,0.0,-0.5,0.0,Non-Toxin,0.0
NDM5_0842_2,0.1,0.0,-0.5,0.0,Non-Toxin,0.0
NDM5_0843,0.155,0.0,-0.5,0.0,Non-Toxin,0.0
NDM5_0844,0.07,0.0,-0.5,0.0,Non-Toxin,0.0
NDM5_0845,0.17,0.0,-0.5,0.0,Non-Toxin,0.0
NDM5_0845_2,0.085,0.0,-0.5,0.0,Non-Toxin,0.0
NDM5_0846,0.25,0.0,0.0,0.25,Non-Toxin,0.17
NDM5_0847,0.285,0.0,-0.5,0.0,Non-Toxin,0.0
NDM5_0848,0.085,0.0,-0.5,0.0,Non-Toxin,0.0
NDM5_0848_2,0.105,0.0,-0.5,0.0,Non-Toxin,0.0
NDM5_0849,0.185,0.0,-0.5,0.0,Non-Toxin,0.0
NDM5_084_0,0.19,0.0,-0.5,0.0,Non-Toxin,0.0
NDM5_084_1,0.125,0.0,-0.5,0.0,Non-Toxin,0.0
NDM5_085,0.265,0.0,-0.5,0.0,Non-Toxin,0.0
NDM5_085_0,0.125,0.0,-0.5,0.0,Non-Toxin,0.0
NDM5_085_1,0.195,0.0,-0.5,0.0,Non-Toxin,0.0
NDM5_086,0.33,0.0,-0.5,0.0,Non-Toxin,0.0
NDM5_086_0,0.105,0.0,-0.5,0.0,Non-Toxin,0.0
NDM5_086_1,0.145,0.0,-0.5,0.0,Non-Toxin,0.0
NDM5_087,0.065,0.0,-0.5,0.0,Non-Toxin,0.0
NDM5_0870,0.145,0.0,-0.5,0.0,Non-Toxin,0.0
NDM5_0871,0.105,0.0,-0.5,0.0,Non-Toxin,0.0
NDM5_0871_2,0.19,0.0,-0.5,0.0,Non-Toxin,0.0
NDM5_0872,0.1,0.0,-0.5,0.0,Non-Toxin,0.0
NDM5_0873,0.11,0.0,-0.5,0.0,Non-Toxin,0.0
NDM5_0874,0.1,0.0,0.0,0.1,Non-Toxin,0.0
NDM5_0874_2,0.105,0.0,-0.5,0.0,Non-Toxin,0.0
NDM5_0875,0.16,0.0,-0.5,0.0,Non-Toxin,0.0
NDM5_0876,0.095,0.0,-0.5,0.0,Non-Toxin,0.0
NDM5_0877,0.1,0.0,-0.5,0.0,Non-Toxin,0.0
NDM5_0877_2,0.14,0.0,-0.5,0.0,Non-Toxin,0.0
NDM5_0878,0.195,0.0,0.0,0.195,Non-Toxin,0.098
NDM5_0879,0.06,0.0,-0.5,0.0,Non-Toxin,0.0
NDM5_087_0,0.18,0.0,0.0,0.18,Non-Toxin,0.079
NDM5_087_1,0.13,0.0,0.0,0.13,Non-Toxin,0.013
NDM5_088,0.64,0.0,-0.5,0.14,Non-Toxin,0.026
NDM5_088_0,0.12,0.0,-0.5,0.0,Non-Toxin,0.0
NDM5_088_1,0.09,0.0,-0.5,0.0,Non-Toxin,0.0
NDM5_089,0.46,0.0,-0.5,0.0,Non-Toxin,0.0
NDM5_089_0,0.195,0.0,-0.5,0.0,Non-Toxin,0.0
NDM5_089_1,0.135,0.0,0.0,0.135,Non-Toxin,0.02
NDM5_090,0.16,0.0,0.0,0.16,Non-Toxin,0.053
NDM5_0900,0.18,0.0,-0.5,0.0,Non-Toxin,0.0
NDM5_0900_2,0.075,0.0,0.0,0.075,Non-Toxin,0.0
NDM5_0901,0.12,0.0,-0.5,0.0,Non-Toxin,0.0
NDM5_0902,0.12,0.0,-0.5,0.0,Non-Toxin,0.0
NDM5_0903,0.075,0.0,-0.5,0.0,Non-Toxin,0.0
NDM5_0903_2,0.11,0.0,-0.5,0.0,Non-Toxin,0.0
NDM5_0904,0.33,0.0,-0.5,0.0,Non-Toxin,0.0
NDM5_0905,0.165,0.0,-0.5,0.0,Non-Toxin,0.0
NDM5_0906,0.125,0.0,-0.5,0.0,Non-Toxin,0.0
NDM5_0906_2,0.195,0.0,-0.5,0.0,Non-Toxin,0.0
NDM5_0907,0.7,0.0,-0.5,0.2,Non-Toxin,0.105
NDM5_0908,0.34,0.0,-0.5,0.0,Non-Toxin,0.0
NDM5_0909,0.115,0.0,-0.5,0.0,Non-Toxin,0.0
NDM5_0909_2,0.165,0.0,-0.5,0.0,Non-Toxin,0.0
NDM5_090_0,0.19,0.0,-0.5,0.0,Non-Toxin,0.0
NDM5_090_1,0.185,0.0,-0.5,0.0,Non-Toxin,0.0
NDM5_091,0.2,0.0,-0.5,0.0,Non-Toxin,0.0
NDM5_091_0,0.2,0.0,-0.5,0.0,Non-Toxin,0.0
NDM5_091_1,0.215,0.0,-0.5,0.0,Non-Toxin,0.0
NDM5_092,0.13,0.0,-0.5,0.0,Non-Toxin,0.0
NDM5_092_0,0.115,0.0,-0.5,0.0,Non-Toxin,0.0
NDM5_092_1,0.325,0.0,-0.5,0.0,Non-Toxin,0.0
NDM5_093,0.12,0.0,-0.5,0.0,Non-Toxin,0.0
NDM5_0930,0.08,0.0,0.0,0.08,Non-Toxin,0.0
NDM5_0931,0.115,0.0,0.0,0.115,Non-Toxin,0.0
NDM5_0932,0.165,0.0,-0.5,0.0,Non-Toxin,0.0
NDM5_0932_2,0.11,0.0,-0.5,0.0,Non-Toxin,0.0
NDM5_0933,0.115,0.0,-0.5,0.0,Non-Toxin,0.0
NDM5_0934,0.12,0.0,-0.5,0.0,Non-Toxin,0.0
NDM5_0935,0.1,0.0,-0.5,0.0,Non-Toxin,0.0
NDM5_0935_2,0.075,0.0,-0.5,0.0,Non-Toxin,0.0
NDM5_0936,0.17,0.0,-0.5,0.0,Non-Toxin,0.0
NDM5_0937,0.16,0.0,-0.5,0.0,Non-Toxin,0.0
NDM5_0938,0.1,0.0,-0.5,0.0,Non-Toxin,0.0
NDM5_0938_2,0.13,0.0,-0.5,0.0,Non-Toxin,0.0
NDM5_0939,0.115,0.0,-0.5,0.0,Non-Toxin,0.0
NDM5_093_0,0.03,0.0,0.0,0.03,Non-Toxin,0.0
NDM5_093_1,0.03,0.0,0.0,0.03,Non-Toxin,0.0
NDM5_094,0.2,0.0,0.0,0.2,Non-Toxin,0.105
NDM5_094_0,0.175,0.0,-0.5,0.0,Non-Toxin,0.0
NDM5_094_1,0.395,0.0,-0.5,0.0,Non-Toxin,0.0
NDM5_095,0.205,0.0,0.0,0.205,Non-Toxin,0.111
NDM5_095_0,0.2,0.0,0.0,0.2,Non-Toxin,0.105
NDM5_095_1,0.25,0.0,0.0,0.25,Non-Toxin,0.17
NDM5_096,0.085,0.0,-0.5,0.0,Non-Toxin,0.0
NDM5_0960,0.185,0.0,-0.5,0.0,Non-Toxin,0.0
NDM5_0961,0.195,0.0,-0.5,0.0,Non-Toxin,0.0
NDM5_0961_2,0.225,0.0,0.0,0.225,Non-Toxin,0.137
NDM5_0962,0.22,0.0,-0.5,0.0,Non-Toxin,0.0
NDM5_0963,0.135,0.0,-0.5,0.0,Non-Toxin,0.0
NDM5_0964,0.275,0.0,-0.5,0.0,Non-Toxin,0.0
NDM5_0964_2,0.155,0.0,-0.5,0.0,Non-Toxin,0.0
NDM5_0965,0.04,0.0,-0.5,0.0,Non-Toxin,0.0
NDM5_0966,0.58,0.0,-0.5,0.08,Non-Toxin,0.0
NDM5_0967,0.195,0.0,-0.5,0.0,Non-Toxin,0.0
NDM5_0967_2,0.2,0.0,-0.5,0.0,Non-Toxin,0.0
NDM5_0968,0.11,0.0,0.0,0.11,Non-Toxin,0.0
NDM5_0969,0.24,0.0,-0.5,0.0,Non-Toxin,0.0
NDM5_096_0,0.25,0.0,0.0,0.25,Non-Toxin,0.17
NDM5_096_1,0.18,0.0,-0.5,0.0,Non-Toxin,0.0
NDM5_097,0.125,0.0,0.0,0.125,Non-Toxin,0.007
NDM5_097_0,0.095,0.0,0.0,0.095,Non-Toxin,0.0
NDM5_097_1,0.1,0.0,0.0,0.1,Non-Toxin,0.0
NDM5_098,0.23,0.0,0.0,0.23,Non-Toxin,0.144
NDM5_098_0,0.255,0.0,0.0,0.255,Non-Toxin,0.177
NDM5_098_1,0.14,0.0,-0.5,0.0,Non-Toxin,0.0
NDM5_099,0.215,0.0,-0.5,0.0,Non-Toxin,0.0
NDM5_0990,0.125,0.0,-0.5,0.0,Non-Toxin,0.0
NDM5_0990_2,0.095,0.0,-0.5,0.0,Non-Toxin,0.0
NDM5_0991,0.1,0.0,0.0,0.1,Non-Toxin,0.0
NDM5_0992,0.175,0.0,-0.5,0.0,Non-Toxin,0.0
NDM5_0993,0.1,0.0,-0.5,0.0,Non-Toxin,0.0
NDM5_0993_2,0.155,0.0,-0.5,0.0,Non-Toxin,0.0
NDM5_0994,0.07,0.0,0.0,0.07,Non-Toxin,0.0
NDM5_0995,0.135,0.0,-0.5,0.0,Non-Toxin,0.0
NDM5_0996,0.155,0.0,0.0,0.155,Non-Toxin,0.046
NDM5_0996_2,0.165,0.0,-0.5,0.0,Non-Toxin,0.0
NDM5_0997,0.12,0.0,0.0,0.12,Non-Toxin,0.0
NDM5_0998,0.16,0.0,0.0,0.16,Non-Toxin,0.053
NDM5_0999,0.175,0.0,-0.5,0.0,Non-Toxin,0.0
NDM5_0999_2,0.185,0.0,-0.5,0.0,Non-Toxin,0.0
NDM5_099_0,0.175,0.0,-0.5,0.0,Non-Toxin,0.0
NDM5_099_1,0.175,0.0,-0.5,0.0,Non-Toxin,0.0
NDM5_100,0.345,0.0,-0.5,0.0,Non-Toxin,0.0
NDM5_100_0,0.215,0.0,-0.5,0.0,Non-Toxin,0.0
NDM5_100_1,0.175,0.0,-0.5,0.0,Non-Toxin,0.0
NDM5_101,0.06,0.0,0.0,0.06,Non-Toxin,0.0
NDM5_101_0,0.21,0.0,-0.5,0.0,Non-Toxin,0.0
NDM5_101_1,0.175,0.0,-0.5,0.0,Non-Toxin,0.0
NDM5_102,0.205,0.0,-0.5,0.0,Non-Toxin,0.0
NDM5_1020,0.065,0.0,-0.5,0.0,Non-Toxin,0.0
NDM5_1021,0.135,0.0,0.0,0.135,Non-Toxin,0.02
NDM5_1022,0.13,0.0,-0.5,0.0,Non-Toxin,0.0
NDM5_1022_2,0.075,0.0,-0.5,0.0,Non-Toxin,0.0
NDM5_1023,0.67,0.0,-0.5,0.17,Non-Toxin,0.066
NDM5_1024,0.13,0.0,-0.5,0.0,Non-Toxin,0.0
NDM5_1025,0.085,0.0,-0.5,0.0,Non-Toxin,0.0
NDM5_1025_2,0.165,0.0,-0.5,0.0,Non-Toxin,0.0
NDM5_1026,0.16,0.0,-0.5,0.0,Non-Toxin,0.0
NDM5_1027,0.115,0.0,-0.5,0.0,Non-Toxin,0.0
NDM5_1028,0.115,0.0,-0.5,0.0,Non-Toxin,0.0
NDM5_1028_2,0.205,0.0,-0.5,0.0,Non-Toxin,0.0
NDM5_1029,0.12,0.0,-0.5,0.0,Non-Toxin,0.0
NDM5_102_0,0.245,0.0,-0.5,0.0,Non-Toxin,0.0
NDM5_102_1,0.215,0.0,-0.5,0.0,Non-Toxin,0.0
NDM5_103,0.15,0.0,0.0,0.15,Non-Toxin,0.039
NDM5_103_0,0.165,0.0,-0.5,0.0,Non-Toxin,0.0
NDM5_103_1,0.135,0.0,-0.5,0.0,Non-Toxin,0.0
NDM5_104,0.3,0.0,-0.5,0.0,Non-Toxin,0.0
NDM5_104_0,0.255,0.0,-0.5,0.0,Non-Toxin,0.0
NDM5_104_1,0.31,0.0,-0.5,0.0,Non-Toxin,0.0
NDM5_105,0.22,0.0,-0.5,0.0,Non-Toxin,0.0
NDM5_1050,0.16,0.0,-0.5,0.0,Non-Toxin,0.0
NDM5_1051,0.23,0.0,-0.5,0.0,Non-Toxin,0.0
NDM5_1051_2,0.24,0.0,-0.5,0.0,Non-Toxin,0.0
NDM5_1052,0.145,0.0,-0.5,0.0,Non-Toxin,0.0
NDM5_1053,0.145,0.0,-0.5,0.0,Non-Toxin,0.0
NDM5_1054,0.15,0.0,-0.5,0.0,Non-Toxin,0.0
NDM5_1054_2,0.185,0.0,-0.5,0.0,Non-Toxin,0.0
NDM5_1055,0.115,0.0,-0.5,0.0,Non-Toxin,0.0
NDM5_1056,0.19,0.0,-0.5,0.0,Non-Toxin,0.0
NDM5_1057,0.14,0.0,-0.5,0.0,Non-Toxin,0.0
NDM5_1057_2,0.09,0.0,-0.5,0.0,Non-Toxin,0.0
NDM5_1058,0.08,0.0,-0.5,0.0,Non-Toxin,0.0
NDM5_1059,0.185,0.0,-0.5,0.0,Non-Toxin,0.0
NDM5_105_0,0.1,0.0,-0.5,0.0,Non-Toxin,0.0
NDM5_105_1,0.145,0.0,0.0,0.145,Non-Toxin,0.033
NDM5_106,0.49,0.0,0.0,0.49,Toxin,0.484
NDM5_106_0,0.155,0.0,0.0,0.155,Non-Toxin,0.046
NDM5_106_1,0.115,0.0,0.0,0.115,Non-Toxin,0.0
NDM5_107,0.32,0.0,-0.5,0.0,Non-Toxin,0.0
NDM5_107_0,0.095,0.0,-0.5,0.0,Non-Toxin,0.0
NDM5_107_1,0.095,0.0,-0.5,0.0,Non-Toxin,0.0
NDM5_108,0.13,0.0,-0.5,0.0,Non-Toxin,0.0
NDM5_1080,0.125,0.0,0.0,0.125,Non-Toxin,0.007
NDM5_1080_2,0.16,0.0,-0.5,0.0,Non-Toxin,0.0
NDM5_1081,0.195,0.0,-0.5,0.0,Non-Toxin,0.0
NDM5_1082,0.16,0.0,-0.5,0.0,Non-Toxin,0.0
NDM5_1083,0.185,0.0,-0.5,0.0,Non-Toxin,0.0
NDM5_1083_2,0.1,0.0,-0.5,0.0,Non-Toxin,0.0
NDM5_1084,0.33,0.0,-0.5,0.0,Non-Toxin,0.0
NDM5_1085,0.15,0.0,-0.5,0.0,Non-Toxin,0.0
NDM5_1086,0.21,0.0,-0.5,0.0,Non-Toxin,0.0
NDM5_1086_2,0.125,0.0,-0.5,0.0,Non-Toxin,0.0
NDM5_1087,0.155,0.0,-0.5,0.0,Non-Toxin,0.0
NDM5_1088,0.155,0.0,0.0,0.155,Non-Toxin,0.046
NDM5_1089,0.24,0.0,-0.5,0.0,Non-Toxin,0.0
NDM5_1089_2,0.115,0.0,0.0,0.115,Non-Toxin,0.0
NDM5_108_0,0.41,0.0,-0.5,0.0,Non-Toxin,0.0
NDM5_108_1,0.195,0.0,-0.5,0.0,Non-Toxin,0.0
NDM5_109,0.21,0.0,-0.5,0.0,Non-Toxin,0.0
NDM5_109_0,0.21,0.0,-0.5,0.0,Non-Toxin,0.0
NDM5_109_1,0.195,0.0,-0.5,0.0,Non-Toxin,0.0
NDM5_110,0.09,0.0,-0.5,0.0,Non-Toxin,0.0
NDM5_110_0,0.13,0.0,-0.5,0.0,Non-Toxin,0.0
NDM5_110_1,0.195,0.0,-0.5,0.0,Non-Toxin,0.0
NDM5_111,0.125,0.0,-0.5,0.0,Non-Toxin,0.0
NDM5_1110,0.135,0.0,-0.5,0.0,Non-Toxin,0.0
NDM5_1111,0.165,0.0,-0.5,0.0,Non-Toxin,0.0
NDM5_1112,0.135,0.0,-0.5,0.0,Non-Toxin,0.0
NDM5_1112_2,0.115,0.0,-0.5,0.0,Non-Toxin,0.0
NDM5_1113,0.095,0.0,-0.5,0.0,Non-Toxin,0.0
NDM5_1114,0.17,0.0,-0.5,0.0,Non-Toxin,0.0
NDM5_1115,0.21,0.0,-0.5,0.0,Non-Toxin,0.0
NDM5_1115_2,0.1,0.0,-0.5,0.0,Non-Toxin,0.0
NDM5_1116,0.655,0.0,-0.5,0.155,Non-Toxin,0.046
NDM5_1117,0.185,0.0,-0.5,0.0,Non-Toxin,0.0
NDM5_1118,0.16,0.0,-0.5,0.0,Non-Toxin,0.0
NDM5_1118_2,0.245,0.0,-0.5,0.0,Non-Toxin,0.0
NDM5_1119,0.12,0.0,-0.5,0.0,Non-Toxin,0.0
NDM5_111_0,0.14,0.0,-0.5,0.0,Non-Toxin,0.0
NDM5_111_1,0.065,0.0,-0.5,0.0,Non-Toxin,0.0
NDM5_112,0.14,0.0,-0.5,0.0,Non-Toxin,0.0
NDM5_112_0,0.18,0.0,-0.5,0.0,Non-Toxin,0.0
NDM5_112_1,0.115,0.0,-0.5,0.0,Non-Toxin,0.0
NDM5_113,0.16,0.0,-0.5,0.0,Non-Toxin,0.0
NDM5_113_0,0.08,0.0,-0.5,0.0,Non-Toxin,0.0
NDM5_113_1,0.085,0.0,-0.5,0.0,Non-Toxin,0.0
NDM5_114,0.555,0.0,-0.5,0.055,Non-Toxin,0.0
NDM5_1140,0.16,0.0,-0.5,0.0,Non-Toxin,0.0
NDM5_1141,0.135,0.0,-0.5,0.0,Non-Toxin,0.0
NDM5_1141_2,0.22,0.0,-0.5,0.0,Non-Toxin,0.0
NDM5_1142,0.15,0.0,0.0,0.15,Non-Toxin,0.039
NDM5_1143,0.085,0.0,-0.5,0.0,Non-Toxin,0.0
NDM5_1144,0.115,0.0,-0.5,0.0,Non-Toxin,0.0
NDM5_1144_2,0.175,0.0,-0.5,0.0,Non-Toxin,0.0
NDM5_1145,0.125,0.0,-0.5,0.0,Non-Toxin,0.0
NDM5_1146,0.185,0.0,0.0,0.185,Non-Toxin,0.085
NDM5_1147,0.105,0.0,-0.5,0.0,Non-Toxin,0.0
NDM5_1147_2,0.225,0.0,-0.5,0.0,Non-Toxin,0.0
NDM5_1148,0.21,0.0,-0.5,0.0,Non-Toxin,0.0
NDM5_1149,0.185,0.0,-0.5,0.0,Non-Toxin,0.0
NDM5_114_0,0.05,0.0,-0.5,0.0,Non-Toxin,0.0
NDM5_114_1,0.09,0.0,-0.5,0.0,Non-Toxin,0.0
NDM5_115,0.185,0.0,-0.5,0.0,Non-Toxin,0.0
NDM5_115_0,0.14,0.0,-0.5,0.0,Non-Toxin,0.0
NDM5_115_1,0.13,0.0,-0.5,0.0,Non-Toxin,0.0
NDM5_116,0.235,0.0,-0.5,0.0,Non-Toxin,0.0
NDM5_116_0,0.13,0.0,-0.5,0.0,Non-Toxin,0.0
NDM5_116_1,0.11,0.0,-0.5,0.0,Non-Toxin,0.0
NDM5_117,0.38,0.0,-0.5,0.0,Non-Toxin,0.0
NDM5_1170,0.18,0.0,-0.5,0.0,Non-Toxin,0.0
NDM5_1170_2,0.12,0.0,-0.5,0.0,Non-Toxin,0.0
NDM5_1171,0.2,0.0,-0.5,0.0,Non-Toxin,0.0
NDM5_1172,0.22,0.0,0.0,0.22,Non-Toxin,0.131
NDM5_1173,0.105,0.0,0.0,0.105,Non-Toxin,0.0
NDM5_1173_2,0.06,0.0,0.0,0.06,Non-Toxin,0.0
NDM5_1174,0.23,0.0,-0.5,0.0,Non-Toxin,0.0
NDM5_1175,0.415,0.0,0.0,0.415,Toxin,0.386
NDM5_1176,0.085,0.0,-0.5,0.0,Non-Toxin,0.0
NDM5_1176_2,0.07,0.0,-0.5,0.0,Non-Toxin,0.0
NDM5_1177,0.1,0.0,-0.5,0.0,Non-Toxin,0.0
NDM5_1178,0.105,0.0,-0.5,0.0,Non-Toxin,0.0
NDM5_1179,0.155,0.0,-0.5,0.0,Non-Toxin,0.0
NDM5_1179_2,0.27,0.0,-0.5,0.0,Non-Toxin,0.0
NDM5_117_0,0.185,0.0,0.0,0.185,Non-Toxin,0.085
NDM5_117_1,0.2,0.0,0.0,0.2,Non-Toxin,0.105
NDM5_118,0.085,0.0,-0.5,0.0,Non-Toxin,0.0
NDM5_118_0,0.125,0.0,-0.5,0.0,Non-Toxin,0.0
NDM5_118_1,0.12,0.0,-0.5,0.0,Non-Toxin,0.0
NDM5_119,0.39,0.0,-0.5,0.0,Non-Toxin,0.0
NDM5_119_0,0.15,0.0,-0.5,0.0,Non-Toxin,0.0
NDM5_119_1,0.175,0.0,-0.5,0.0,Non-Toxin,0.0
NDM5_120,0.14,0.0,-0.5,0.0,Non-Toxin,0.0
NDM5_1200,0.2,0.0,-0.5,0.0,Non-Toxin,0.0
NDM5_1201,0.18,0.0,-0.5,0.0,Non-Toxin,0.0
NDM5_1202,0.17,0.0,-0.5,0.0,Non-Toxin,0.0
NDM5_1202_2,0.215,0.0,-0.5,0.0,Non-Toxin,0.0
NDM5_1203,0.12,0.0,-0.5,0.0,Non-Toxin,0.0
NDM5_1204,0.115,0.0,-0.5,0.0,Non-Toxin,0.0
NDM5_1205,0.12,0.0,0.0,0.12,Non-Toxin,0.0
NDM5_1205_2,0.165,0.0,-0.5,0.0,Non-Toxin,0.0
NDM5_1206,0.095,0.0,-0.5,0.0,Non-Toxin,0.0
NDM5_1207,0.115,0.0,0.0,0.115,Non-Toxin,0.0
NDM5_1208,0.115,0.0,-0.5,0.0,Non-Toxin,0.0
NDM5_1208_2,0.17,0.0,-0.5,0.0,Non-Toxin,0.0
NDM5_1209,0.195,0.0,0.0,0.195,Non-Toxin,0.098
NDM5_120_0,0.135,0.0,-0.5,0.0,Non-Toxin,0.0
NDM5_120_1,0.215,0.0,0.0,0.215,Non-Toxin,0.124
NDM5_121,0.48,0.0,-0.5,0.0,Non-Toxin,0.0
NDM5_121_0,0.3,0.0,-0.5,0.0,Non-Toxin,0.0
NDM5_121_1,0.235,0.0,-0.5,0.0,Non-Toxin,0.0
NDM5_122,0.235,0.0,0.0,0.235,Non-Toxin,0.151
NDM5_122_0,0.125,0.0,0.0,0.125,Non-Toxin,0.007
NDM5_122_1,0.11,0.0,0.0,0.11,Non-Toxin,0.0
NDM5_123,0.565,0.0,0.0,0.565,Toxin,0.582
NDM5_1230,0.21,0.0,-0.5,0.0,Non-Toxin,0.0
NDM5_1231,0.105,0.0,-0.5,0.0,Non-Toxin,0.0
NDM5_1231_2,0.105,0.0,0.0,0.105,Non-Toxin,0.0
NDM5_1232,0.115,0.0,-0.5,0.0,Non-Toxin,0.0
NDM5_1233,0.18,0.0,-0.5,0.0,Non-Toxin,0.0
NDM5_1234,0.155,0.0,-0.5,0.0,Non-Toxin,0.0
NDM5_1234_2,0.2,0.0,-0.5,0.0,Non-Toxin,0.0
NDM5_1235,0.2,0.0,-0.5,0.0,Non-Toxin,0.0
NDM5_1236,0.075,0.0,-0.5,0.0,Non-Toxin,0.0
NDM5_1237,0.305,0.0,-0.5,0.0,Non-Toxin,0.0
NDM5_1237_2,0.065,0.0,-0.5,0.0,Non-Toxin,0.0
NDM5_1238,0.095,0.0,-0.5,0.0,Non-Toxin,0.0
NDM5_1239,0.095,0.0,0.0,0.095,Non-Toxin,0.0
NDM5_123_0,0.145,0.0,0.0,0.145,Non-Toxin,0.033
NDM5_123_1,0.15,0.0,-0.5,0.0,Non-Toxin,0.0
NDM5_124,0.055,0.0,0.0,0.055,Non-Toxin,0.0
NDM5_124_0,0.15,0.0,0.0,0.15,Non-Toxin,0.039
NDM5_124_1,0.17,0.0,0.0,0.17,Non-Toxin,0.066
NDM5_125,0.395,0.0,0.0,0.395,Toxin,0.36
NDM5_125_0,0.215,0.0,0.0,0.215,Non-Toxin,0.124
NDM5_125_1,0.215,0.0,0.0,0.215,Non-Toxin,0.124
NDM5_126,0.09,0.0,0.0,0.09,Non-Toxin,0.0
NDM5_1260,0.09,0.0,0.0,0.09,Non-Toxin,0.0
NDM5_1260_2,0.09,0.0,-0.5,0.0,Non-Toxin,0.0
NDM5_1261,0.185,0.0,0.0,0.185,Non-Toxin,0.085
NDM5_1262,0.21,0.0,0.0,0.21,Non-Toxin,0.118
NDM5_1263,0.31,0.0,-0.5,0.0,Non-Toxin,0.0
NDM5_1263_2,0.16,0.0,-0.5,0.0,Non-Toxin,0.0
NDM5_1264,0.24,0.0,-0.5,0.0,Non-Toxin,0.0
NDM5_1265,0.145,0.0,-0.5,0.0,Non-Toxin,0.0
NDM5_1266,0.13,0.0,0.0,0.13,Non-Toxin,0.013
NDM5_1266_2,0.14,0.0,-0.5,0.0,Non-Toxin,0.0
NDM5_1267,0.195,0.0,-0.5,0.0,Non-Toxin,0.0
NDM5_1268,0.205,0.0,-0.5,0.0,Non-Toxin,0.0
NDM5_1269,0.16,0.0,-0.5,0.0,Non-Toxin,0.0
NDM5_1269_2,0.28,0.0,-0.5,0.0,Non-Toxin,0.0
NDM5_126_0,0.14,0.0,-0.5,0.0,Non-Toxin,0.0
NDM5_126_1,0.06,0.0,-0.5,0.0,Non-Toxin,0.0
NDM5_127,0.42,0.0,-0.5,0.0,Non-Toxin,0.0
NDM5_127_0,0.22,0.0,0.0,0.22,Non-Toxin,0.131
NDM5_127_1,0.27,0.0,0.0,0.27,Non-Toxin,0.196
NDM5_128,0.26,0.0,-0.5,0.0,Non-Toxin,0.0
NDM5_128_0,0.33,0.0,0.0,0.33,Non-Toxin,0.275
NDM5_128_1,0.145,0.0,0.0,0.145,Non-Toxin,0.033
NDM5_129,0.32,0.0,-0.5,0.0,Non-Toxin,0.0
NDM5_1290,0.185,0.0,0.0,0.185,Non-Toxin,0.085
NDM5_1291,0.095,0.0,-0.5,0.0,Non-Toxin,0.0
NDM5_1292,0.155,0.0,-0.5,0.0,Non-Toxin,0.0
NDM5_1292_2,0.055,0.0,-0.5,0.0,Non-Toxin,0.0
NDM5_1293,0.265,0.0,-0.5,0.0,Non-Toxin,0.0
NDM5_1294,0.08,0.0,-0.5,0.0,Non-Toxin,0.0
NDM5_1295,0.15,0.0,-0.5,0.0,Non-Toxin,0.0
NDM5_1295_2,0.13,0.0,0.0,0.13,Non-Toxin,0.013
NDM5_1296,0.165,0.0,-0.5,0.0,Non-Toxin,0.0
NDM5_1297,0.1,0.0,-0.5,0.0,Non-Toxin,0.0
NDM5_1298,0.155,0.0,-0.5,0.0,Non-Toxin,0.0
NDM5_1298_2,0.305,0.0,-0.5,0.0,Non-Toxin,0.0
NDM5_1299,0.195,0.0,0.0,0.195,Non-Toxin,0.098
NDM5_129_0,0.335,0.0,0.0,0.335,Non-Toxin,0.281
NDM5_129_1,0.435,0.0,-0.5,0.0,Non-Toxin,0.0
NDM5_130,0.48,0.0,-0.5,0.0,Non-Toxin,0.0
NDM5_130_0,0.17,0.0,-0.5,0.0,Non-Toxin,0.0
NDM5_130_1,0.195,0.0,-0.5,0.0,Non-Toxin,0.0
NDM5_131,0.14,0.0,-0.5,0.0,Non-Toxin,0.0
NDM5_131_0,0.155,0.0,-0.5,0.0,Non-Toxin,0.0
NDM5_131_1,0.205,0.0,-0.5,0.0,Non-Toxin,0.0
NDM5_132,0.165,0.0,-0.5,0.0,Non-Toxin,0.0
NDM5_1320,0.235,0.0,-0.5,0.0,Non-Toxin,0.0
NDM5_1321,0.095,0.0,-0.5,0.0,Non-Toxin,0.0
NDM5_1321_2,0.16,0.0,0.0,0.16,Non-Toxin,0.053
NDM5_1322,0.16,0.0,-0.5,0.0,Non-Toxin,0.0
NDM5_1323,0.23,0.0,0.0,0.23,Non-Toxin,0.144
NDM5_1324,0.205,0.0,-0.5,0.0,Non-Toxin,0.0
NDM5_1324_2,0.085,0.0,-0.5,0.0,Non-Toxin,0.0
NDM5_1325,0.165,0.0,-0.5,0.0,Non-Toxin,0.0
NDM5_1326,0.115,0.0,-0.5,0.0,Non-Toxin,0.0
NDM5_1327,0.1,0.0,-0.5,0.0,Non-Toxin,0.0
NDM5_1327_2,0.105,0.0,-0.5,0.0,Non-Toxin,0.0
NDM5_1328,0.11,0.0,-0.5,0.0,Non-Toxin,0.0
NDM5_1329,0.125,0.0,-0.5,0.0,Non-Toxin,0.0
NDM5_132_0,0.13,0.0,-0.5,0.0,Non-Toxin,0.0
NDM5_132_1,0.22,0.0,-0.5,0.0,Non-Toxin,0.0
NDM5_133,0.435,0.0,-0.5,0.0,Non-Toxin,0.0
NDM5_133_0,0.05,0.0,-0.5,0.0,Non-Toxin,0.0
NDM5_133_1,0.08,0.0,-0.5,0.0,Non-Toxin,0.0
NDM5_134,0.77,0.0,-0.5,0.27,Non-Toxin,0.196
NDM5_134_0,0.135,0.0,-0.5,0.0,Non-Toxin,0.0
NDM5_134_1,0.11,0.0,-0.5,0.0,Non-Toxin,0.0
NDM5_135,0.505,0.0,-0.5,0.005,Non-Toxin,0.0
NDM5_1350,0.195,0.0,0.0,0.195,Non-Toxin,0.098
NDM5_1350_2,0.095,0.0,-0.5,0.0,Non-Toxin,0.0
NDM5_1351,0.165,0.0,-0.5,0.0,Non-Toxin,0.0
NDM5_1352,0.1,0.0,-0.5,0.0,Non-Toxin,0.0
NDM5_1353,0.115,0.0,-0.5,0.0,Non-Toxin,0.0
NDM5_1353_2,0.075,0.0,-0.5,0.0,Non-Toxin,0.0
NDM5_1354,0.12,0.0,0.0,0.12,Non-Toxin,0.0
NDM5_1355,0.135,0.0,0.0,0.135,Non-Toxin,0.02
NDM5_1356,0.11,0.0,-0.5,0.0,Non-Toxin,0.0
NDM5_1356_2,0.06,0.0,-0.5,0.0,Non-Toxin,0.0
NDM5_1357,0.15,0.0,-0.5,0.0,Non-Toxin,0.0
NDM5_1358,0.14,0.0,-0.5,0.0,Non-Toxin,0.0
NDM5_1359,0.12,0.0,-0.5,0.0,Non-Toxin,0.0
NDM5_1359_2,0.155,0.0,-0.5,0.0,Non-Toxin,0.0
NDM5_135_0,0.195,0.0,-0.5,0.0,Non-Toxin,0.0
NDM5_135_1,0.17,0.0,-0.5,0.0,Non-Toxin,0.0
NDM5_136,0.155,0.0,-0.5,0.0,Non-Toxin,0.0
NDM5_136_0,0.095,0.0,-0.5,0.0,Non-Toxin,0.0
NDM5_136_1,0.175,0.0,-0.5,0.0,Non-Toxin,0.0
NDM5_137,0.2,0.0,-0.5,0.0,Non-Toxin,0.0
NDM5_137_0,0.105,0.0,-0.5,0.0,Non-Toxin,0.0
NDM5_137_1,0.115,0.0,-0.5,0.0,Non-Toxin,0.0
NDM5_138,0.24,0.0,-0.5,0.0,Non-Toxin,0.0
NDM5_1380,0.11,0.0,-0.5,0.0,Non-Toxin,0.0
NDM5_1381,0.135,0.0,-0.5,0.0,Non-Toxin,0.0
NDM5_1382,0.455,0.0,-0.5,0.0,Non-Toxin,0.0
NDM5_1382_2,0.24,0.0,0.0,0.24,Non-Toxin,0.157
NDM5_1383,0.125,0.0,-0.5,0.0,Non-Toxin,0.0
NDM5_1384,0.115,0.0,-0.5,0.0,Non-Toxin,0.0
NDM5_1385,0.235,0.0,0.0,0.235,Non-Toxin,0.151
NDM5_1385_2,0.255,0.0,-0.5,0.0,Non-Toxin,0.0
NDM5_1386,0.125,0.0,-0.5,0.0,Non-Toxin,0.0
NDM5_1387,0.095,0.0,-0.5,0.0,Non-Toxin,0.0
NDM5_1388,0.13,0.0,-0.5,0.0,Non-Toxin,0.0
NDM5_1388_2,0.135,0.0,-0.5,0.0,Non-Toxin,0.0
NDM5_1389,0.14,0.0,0.0,0.14,Non-Toxin,0.026
NDM5_138_0,0.26,0.0,-0.5,0.0,Non-Toxin,0.0
NDM5_138_1,0.205,0.0,-0.5,0.0,Non-Toxin,0.0
NDM5_139,0.675,0.0,-0.5,0.175,Non-Toxin,0.072
NDM5_139_0,0.11,0.0,-0.5,0.0,Non-Toxin,0.0
NDM5_139_1,0.11,0.0,-0.5,0.0,Non-Toxin,0.0
NDM5_140,0.125,0.0,-0.5,0.0,Non-Toxin,0.0
NDM5_140_0,0.26,0.0,-0.5,0.0,Non-Toxin,0.0
NDM5_140_1,0.23,0.0,0.0,0.23,Non-Toxin,0.144
NDM5_141,0.46,0.0,-0.5,0.0,Non-Toxin,0.0
NDM5_1410,0.115,0.0,-0.5,0.0,Non-Toxin,0.0
NDM5_1411,0.185,0.0,-0.5,0.0,Non-Toxin,0.0
NDM5_1411_2,0.24,0.0,-0.5,0.0,Non-Toxin,0.0
NDM5_1412,0.625,0.0,-0.5,0.125,Non-Toxin,0.007
NDM5_1413,0.145,0.0,-0.5,0.0,Non-Toxin,0.0
NDM5_1414,0.58,0.0,-0.5,0.08,Non-Toxin,0.0
NDM5_1414_2,0.195,0.0,-0.5,0.0,Non-Toxin,0.0
NDM5_1415,0.14,0.0,-0.5,0.0,Non-Toxin,0.0
NDM5_1416,0.12,0.0,-0.5,0.0,Non-Toxin,0.0
NDM5_1417,0.23,0.0,-0.5,0.0,Non-Toxin,0.0
NDM5_1417_2,0.195,0.0,-0.5,0.0,Non-Toxin,0.0
NDM5_1418,0.11,0.0,-0.5,0.0,Non-Toxin,0.0
NDM5_1419,0.08,0.0,-0.5,0.0,Non-Toxin,0.0
NDM5_141_0,0.145,0.0,-0.5,0.0,Non-Toxin,0.0
NDM5_141_1,0.1,0.0,-0.5,0.0,Non-Toxin,0.0
NDM5_142,0.33,0.0,-0.5,0.0,Non-Toxin,0.0
NDM5_142_0,0.15,0.0,-0.5,0.0,Non-Toxin,0.0
NDM5_142_1,0.135,0.0,-0.5,0.0,Non-Toxin,0.0
NDM5_143,0.34,0.0,-0.5,0.0,Non-Toxin,0.0
NDM5_143_0,0.13,0.0,-0.5,0.0,Non-Toxin,0.0
NDM5_143_1,0.13,0.0,-0.5,0.0,Non-Toxin,0.0
NDM5_144,0.485,0.0,0.0,0.485,Toxin,0.477
NDM5_1440,0.145,0.0,-0.5,0.0,Non-Toxin,0.0
NDM5_1440_2,0.16,0.0,-0.5,0.0,Non-Toxin,0.0
NDM5_1441,0.26,0.0,-0.5,0.0,Non-Toxin,0.0
NDM5_1442,0.09,0.0,-0.5,0.0,Non-Toxin,0.0
NDM5_1443,0.625,0.5,-0.5,0.625,Toxin,0.66
NDM5_1443_2,0.11,0.0,-0.5,0.0,Non-Toxin,0.0
NDM5_1444,0.28,0.0,-0.5,0.0,Non-Toxin,0.0
NDM5_1445,0.2,0.0,-0.5,0.0,Non-Toxin,0.0
NDM5_1446,0.17,0.0,-0.5,0.0,Non-Toxin,0.0
NDM5_1446_2,0.115,0.0,-0.5,0.0,Non-Toxin,0.0
NDM5_1447,0.2,0.0,-0.5,0.0,Non-Toxin,0.0
NDM5_1448,0.17,0.0,-0.5,0.0,Non-Toxin,0.0
NDM5_1449,0.175,0.0,-0.5,0.0,Non-Toxin,0.0
NDM5_1449_2,0.175,0.0,-0.5,0.0,Non-Toxin,0.0
NDM5_144_0,0.06,0.0,-0.5,0.0,Non-Toxin,0.0
NDM5_144_1,0.085,0.0,-0.5,0.0,Non-Toxin,0.0
NDM5_145,0.23,0.0,-0.5,0.0,Non-Toxin,0.0
NDM5_145_0,0.18,0.0,-0.5,0.0,Non-Toxin,0.0
NDM5_145_1,0.335,0.0,-0.5,0.0,Non-Toxin,0.0
NDM5_146,0.19,0.0,-0.5,0.0,Non-Toxin,0.0
NDM5_146_0,0.19,0.0,-0.5,0.0,Non-Toxin,0.0
NDM5_146_1,0.15,0.0,-0.5,0.0,Non-Toxin,0.0
NDM5_147,0.07,0.0,-0.5,0.0,Non-Toxin,0.0
NDM5_1470,0.205,0.0,-0.5,0.0,Non-Toxin,0.0
NDM5_1471,0.365,0.0,-0.5,0.0,Non-Toxin,0.0
NDM5_1472,0.14,0.0,-0.5,0.0,Non-Toxin,0.0
NDM5_1472_2,0.115,0.0,-0.5,0.0,Non-Toxin,0.0
NDM5_1473,0.155,0.0,-0.5,0.0,Non-Toxin,0.0
NDM5_1474,0.16,0.0,-0.5,0.0,Non-Toxin,0.0
NDM5_1475,0.12,0.0,0.0,0.12,Non-Toxin,0.0
NDM5_1475_2,0.14,0.0,-0.5,0.0,Non-Toxin,0.0
NDM5_1476,0.255,0.0,-0.5,0.0,Non-Toxin,0.0
NDM5_1477,0.07,0.0,-0.5,0.0,Non-Toxin,0.0
NDM5_1478,0.2,0.0,-0.5,0.0,Non-Toxin,0.0
NDM5_1478_2,0.075,0.0,-0.5,0.0,Non-Toxin,0.0
NDM5_1479,0.31,0.0,-0.5,0.0,Non-Toxin,0.0
NDM5_147_0,0.145,0.0,-0.5,0.0,Non-Toxin,0.0
NDM5_147_1,0.17,0.0,-0.5,0.0,Non-Toxin,0.0
NDM5_148,0.37,0.0,-0.5,0.0,Non-Toxin,0.0
NDM5_148_0,0.265,0.0,-0.5,0.0,Non-Toxin,0.0
NDM5_148_1,0.25,0.0,-0.5,0.0,Non-Toxin,0.0
NDM5_149,0.095,0.0,-0.5,0.0,Non-Toxin,0.0
NDM5_149_0,0.21,0.0,-0.5,0.0,Non-Toxin,0.0
NDM5_149_1,0.085,0.0,-0.5,0.0,Non-Toxin,0.0
NDM5_150,0.085,0.0,-0.5,0.0,Non-Toxin,0.0
NDM5_1500,0.2,0.0,0.0,0.2,Non-Toxin,0.105
NDM5_1501,0.26,0.0,-0.5,0.0,Non-Toxin,0.0
NDM5_1501_2,0.29,0.0,-0.5,0.0,Non-Toxin,0.0
NDM5_1502,0.19,0.0,-0.5,0.0,Non-Toxin,0.0
NDM5_1503,0.185,0.0,0.0,0.185,Non-Toxin,0.085
NDM5_1504,0.15,0.0,-0.5,0.0,Non-Toxin,0.0
NDM5_1504_2,0.185,0.0,-0.5,0.0,Non-Toxin,0.0
NDM5_1505,0.185,0.0,-0.5,0.0,Non-Toxin,0.0
NDM5_1506,0.15,0.0,-0.5,0.0,Non-Toxin,0.0
NDM5_1507,0.105,0.0,-0.5,0.0,Non-Toxin,0.0
NDM5_1507_2,0.095,0.0,-0.5,0.0,Non-Toxin,0.0
NDM5_1508,0.455,0.0,0.0,0.455,Toxin,0.438
NDM5_1509,0.185,0.0,0.0,0.185,Non-Toxin,0.085
NDM5_150_0,0.285,0.0,-0.5,0.0,Non-Toxin,0.0
NDM5_150_1,0.245,0.0,-0.5,0.0,Non-Toxin,0.0
NDM5_151,0.48,0.0,-0.5,0.0,Non-Toxin,0.0
NDM5_151_0,0.16,0.0,0.0,0.16,Non-Toxin,0.053
NDM5_151_1,0.21,0.0,-0.5,0.0,Non-Toxin,0.0
NDM5_152,0.24,0.0,-0.5,0.0,Non-Toxin,0.0
NDM5_152_0,0.245,0.0,-0.5,0.0,Non-Toxin,0.0
NDM5_152_1,0.265,0.0,-0.5,0.0,Non-Toxin,0.0
NDM5_153,0.325,0.0,-0.5,0.0,Non-Toxin,0.0
NDM5_1530,0.215,0.0,-0.5,0.0,Non-Toxin,0.0
NDM5_1530_2,0.15,0.0,-0.5,0.0,Non-Toxin,0.0
NDM5_1531,0.13,0.0,-0.5,0.0,Non-Toxin,0.0
NDM5_1532,0.245,0.0,-0.5,0.0,Non-Toxin,0.0
NDM5_1533,0.24,0.0,0.0,0.24,Non-Toxin,0.157
NDM5_1533_2,0.3,0.0,-0.5,0.0,Non-Toxin,0.0
NDM5_1534,0.13,0.0,-0.5,0.0,Non-Toxin,0.0
NDM5_1535,0.145,0.0,-0.5,0.0,Non-Toxin,0.0
NDM5_1536,0.13,0.0,-0.5,0.0,Non-Toxin,0.0
NDM5_1536_2,0.11,0.0,0.0,0.11,Non-Toxin,0.0
NDM5_1537,0.19,0.0,-0.5,0.0,Non-Toxin,0.0
NDM5_1538,0.16,0.0,0.0,0.16,Non-Toxin,0.053
NDM5_1539,0.22,0.0,0.0,0.22,Non-Toxin,0.131
NDM5_1539_2,0.13,0.0,0.0,0.13,Non-Toxin,0.013
NDM5_153_0,0.11,0.0,-0.5,0.0,Non-Toxin,0.0
NDM5_153_1,0.105,0.0,-0.5,0.0,Non-Toxin,0.0
NDM5_154,0.505,0.0,-0.5,0.005,Non-Toxin,0.0
NDM5_154_0,0.125,0.0,-0.5,0.0,Non-Toxin,0.0
NDM5_154_1,0.09,0.0,-0.5,0.0,Non-Toxin,0.0
NDM5_155,0.36,0.0,-0.5,0.0,Non-Toxin,0.0
NDM5_155_0,0.115,0.0,-0.5,0.0,Non-Toxin,0.0
NDM5_155_1,0.225,0.0,-0.5,0.0,Non-Toxin,0.0
NDM5_156,0.25,0.0,-0.5,0.0,Non-Toxin,0.0
NDM5_1560,0.245,0.0,-0.5,0.0,Non-Toxin,0.0
NDM5_1561,0.19,0.0,-0.5,0.0,Non-Toxin,0.0
NDM5_1562,0.07,0.0,-0.5,0.0,Non-Toxin,0.0
NDM5_1562_2,0.1,0.0,-0.5,0.0,Non-Toxin,0.0
NDM5_1563,0.2,0.0,-0.5,0.0,Non-Toxin,0.0
NDM5_1564,0.225,0.0,-0.5,0.0,Non-Toxin,0.0
NDM5_1565,0.15,0.0,-0.5,0.0,Non-Toxin,0.0
NDM5_1565_2,0.14,0.0,-0.5,0.0,Non-Toxin,0.0
NDM5_1566,0.15,0.0,-0.5,0.0,Non-Toxin,0.0
NDM5_1567,0.125,0.0,-0.5,0.0,Non-Toxin,0.0
NDM5_1568,0.41,0.0,-0.5,0.0,Non-Toxin,0.0
NDM5_1568_2,0.215,0.0,-0.5,0.0,Non-Toxin,0.0
NDM5_1569,0.16,0.0,-0.5,0.0,Non-Toxin,0.0
NDM5_156_0,0.08,0.0,-0.5,0.0,Non-Toxin,0.0
NDM5_156_1,0.115,0.0,-0.5,0.0,Non-Toxin,0.0
NDM5_157,0.19,0.0,-0.5,0.0,Non-Toxin,0.0
NDM5_157_0,0.14,0.0,-0.5,0.0,Non-Toxin,0.0
NDM5_157_1,0.155,0.0,-0.5,0.0,Non-Toxin,0.0
NDM5_158,0.69,0.0,0.0,0.69,Toxin,0.745
NDM5_158_0,0.1,0.0,-0.5,0.0,Non-Toxin,0.0
NDM5_158_1,0.105,0.0,-0.5,0.0,Non-Toxin,0.0
NDM5_159,0.13,0.0,-0.5,0.0,Non-Toxin,0.0
NDM5_1590,0.21,0.0,-0.5,0.0,Non-Toxin,0.0
NDM5_1591,0.13,0.0,-0.5,0.0,Non-Toxin,0.0
NDM5_1591_2,0.195,0.0,-0.5,0.0,Non-Toxin,0.0
NDM5_1592,0.12,0.0,-0.5,0.0,Non-Toxin,0.0
NDM5_1593,0.125,0.0,-0.5,0.0,Non-Toxin,0.0
NDM5_1594,0.105,0.0,-0.5,0.0,Non-Toxin,0.0
NDM5_1594_2,0.17,0.0,-0.5,0.0,Non-Toxin,0.0
NDM5_1595,0.51,0.0,-0.5,0.01,Non-Toxin,0.0
NDM5_1596,0.09,0.0,-0.5,0.0,Non-Toxin,0.0
NDM5_1597,0.155,0.0,-0.5,0.0,Non-Toxin,0.0
NDM5_1597_2,0.115,0.0,-0.5,0.0,Non-Toxin,0.0
NDM5_1598,0.115,0.0,-0.5,0.0,Non-Toxin,0.0
NDM5_1599,0.1,0.0,-0.5,0.0,Non-Toxin,0.0
NDM5_159_0,0.225,0.0,-0.5,0.0,Non-Toxin,0.0
NDM5_159_1,0.09,0.0,-0.5,0.0,Non-Toxin,0.0
NDM5_160,0.12,0.0,-0.5,0.0,Non-Toxin,0.0
NDM5_160_0,0.135,0.0,-0.5,0.0,Non-Toxin,0.0
NDM5_160_1,0.11,0.0,-0.5,0.0,Non-Toxin,0.0
NDM5_161,0.23,0.0,0.0,0.23,Non-Toxin,0.144
NDM5_161_0,0.2,0.0,-0.5,0.0,Non-Toxin,0.0
NDM5_161_1,0.13,0.0,-0.5,0.0,Non-Toxin,0.0
NDM5_162,0.635,0.0,-0.5,0.135,Non-Toxin,0.02
NDM5_1620,0.18,0.0,-0.5,0.0,Non-Toxin,0.0
NDM5_1620_2,0.095,0.0,0.0,0.095,Non-Toxin,0.0
NDM5_1621,0.32,0.0,-0.5,0.0,Non-Toxin,0.0
NDM5_1622,0.265,0.0,-0.5,0.0,Non-Toxin,0.0
NDM5_1623,0.45,0.0,0.0,0.45,Toxin,0.432
NDM5_1623_2,0.22,0.0,-0.5,0.0,Non-Toxin,0.0
NDM5_1624,0.095,0.0,-0.5,0.0,Non-Toxin,0.0
NDM5_1625,0.17,0.0,-0.5,0.0,Non-Toxin,0.0
NDM5_1626,0.145,0.0,-0.5,0.0,Non-Toxin,0.0
NDM5_1626_2,0.165,0.0,-0.5,0.0,Non-Toxin,0.0
NDM5_1627,0.105,0.0,-0.5,0.0,Non-Toxin,0.0
NDM5_1628,0.21,0.0,-0.5,0.0,Non-Toxin,0.0
NDM5_1629,0.195,0.0,-0.5,0.0,Non-Toxin,0.0
NDM5_1629_2,0.255,0.0,0.0,0.255,Non-Toxin,0.177
NDM5_162_0,0.12,0.0,-0.5,0.0,Non-Toxin,0.0
NDM5_162_1,0.185,0.0,0.0,0.185,Non-Toxin,0.085
NDM5_163,0.15,0.0,-0.5,0.0,Non-Toxin,0.0
NDM5_163_0,0.175,0.0,-0.5,0.0,Non-Toxin,0.0
NDM5_163_1,0.165,0.0,-0.5,0.0,Non-Toxin,0.0
NDM5_164,0.4,0.0,-0.5,0.0,Non-Toxin,0.0
NDM5_164_0,0.2,0.0,0.0,0.2,Non-Toxin,0.105
NDM5_164_1,0.14,0.0,-0.5,0.0,Non-Toxin,0.0
NDM5_165,0.105,0.0,-0.5,0.0,Non-Toxin,0.0
NDM5_1650,0.095,0.0,-0.5,0.0,Non-Toxin,0.0
NDM5_1651,0.13,0.0,-0.5,0.0,Non-Toxin,0.0
NDM5_1652,0.185,0.0,-0.5,0.0,Non-Toxin,0.0
NDM5_1652_2,0.25,0.0,-0.5,0.0,Non-Toxin,0.0
NDM5_1653,0.35,0.0,-0.5,0.0,Non-Toxin,0.0
NDM5_1654,0.13,0.0,-0.5,0.0,Non-Toxin,0.0
NDM5_1655,0.09,0.0,-0.5,0.0,Non-Toxin,0.0
NDM5_1655_2,0.14,0.0,-0.5,0.0,Non-Toxin,0.0
NDM5_1656,0.15,0.0,-0.5,0.0,Non-Toxin,0.0
NDM5_1657,0.105,0.0,-0.5,0.0,Non-Toxin,0.0
NDM5_1658,0.185,0.0,-0.5,0.0,Non-Toxin,0.0
NDM5_1658_2,0.265,0.0,-0.5,0.0,Non-Toxin,0.0
NDM5_1659,0.085,0.0,-0.5,0.0,Non-Toxin,0.0
NDM5_165_0,0.17,0.0,-0.5,0.0,Non-Toxin,0.0
NDM5_165_1,0.105,0.0,-0.5,0.0,Non-Toxin,0.0
NDM5_166,0.13,0.0,-0.5,0.0,Non-Toxin,0.0
NDM5_166_0,0.235,0.0,-0.5,0.0,Non-Toxin,0.0
NDM5_166_1,0.265,0.0,0.0,0.265,Non-Toxin,0.19
NDM5_167,0.355,0.0,0.0,0.355,Non-Toxin,0.307
NDM5_167_0,0.2,0.0,-0.5,0.0,Non-Toxin,0.0
NDM5_167_1,0.165,0.0,-0.5,0.0,Non-Toxin,0.0
NDM5_168,0.145,0.0,-0.5,0.0,Non-Toxin,0.0
NDM5_1680,0.105,0.0,0.0,0.105,Non-Toxin,0.0
NDM5_1681,0.125,0.0,-0.5,0.0,Non-Toxin,0.0
NDM5_1681_2,0.265,0.0,-0.5,0.0,Non-Toxin,0.0
NDM5_1682,0.36,0.0,-0.5,0.0,Non-Toxin,0.0
NDM5_1683,0.61,0.0,-0.5,0.11,Non-Toxin,0.0
NDM5_1684,0.1,0.0,-0.5,0.0,Non-Toxin,0.0
NDM5_1684_2,0.12,0.0,-0.5,0.0,Non-Toxin,0.0
NDM5_1685,0.21,0.0,-0.5,0.0,Non-Toxin,0.0
NDM5_1686,0.19,0.0,-0.5,0.0,Non-Toxin,0.0
NDM5_1687,0.065,0.0,-0.5,0.0,Non-Toxin,0.0
NDM5_1687_2,0.17,0.0,-0.5,0.0,Non-Toxin,0.0
NDM5_1688,0.13,0.0,-0.5,0.0,Non-Toxin,0.0
NDM5_1689,0.265,0.0,-0.5,0.0,Non-Toxin,0.0
NDM5_168_0,0.18,0.0,-0.5,0.0,Non-Toxin,0.0
NDM5_168_1,0.18,0.0,-0.5,0.0,Non-Toxin,0.0
NDM5_169,0.61,0.0,-0.5,0.11,Non-Toxin,0.0
NDM5_169_0,0.07,0.0,0.0,0.07,Non-Toxin,0.0
NDM5_169_1,0.13,0.0,-0.5,0.0,Non-Toxin,0.0
NDM5_170,0.33,0.0,-0.5,0.0,Non-Toxin,0.0
NDM5_170_0,0.205,0.0,-0.5,0.0,Non-Toxin,0.0
NDM5_170_1,0.2,0.0,-0.5,0.0,Non-Toxin,0.0
NDM5_171,0.225,0.0,-0.5,0.0,Non-Toxin,0.0
NDM5_1710,0.185,0.0,-0.5,0.0,Non-Toxin,0.0
NDM5_1710_2,0.215,0.0,-0.5,0.0,Non-Toxin,0.0
NDM5_1711,0.095,0.0,-0.5,0.0,Non-Toxin,0.0
NDM5_1712,0.115,0.0,-0.5,0.0,Non-Toxin,0.0
NDM5_1713,0.155,0.0,-0.5,0.0,Non-Toxin,0.0
NDM5_1713_2,0.095,0.0,-0.5,0.0,Non-Toxin,0.0
NDM5_1714,0.125,0.0,-0.5,0.0,Non-Toxin,0.0
NDM5_1715,0.15,0.0,-0.5,0.0,Non-Toxin,0.0
NDM5_1716,0.09,0.0,-0.5,0.0,Non-Toxin,0.0
NDM5_1716_2,0.18,0.0,0.0,0.18,Non-Toxin,0.079
NDM5_1717,0.21,0.0,-0.5,0.0,Non-Toxin,0.0
NDM5_1718,0.24,0.0,-0.5,0.0,Non-Toxin,0.0
NDM5_1719,0.485,0.0,-0.5,0.0,Non-Toxin,0.0
NDM5_1719_2,0.105,0.0,-0.5,0.0,Non-Toxin,0.0
NDM5_171_0,0.05,0.0,-0.5,0.0,Non-Toxin,0.0
NDM5_171_1,0.105,0.0,-0.5,0.0,Non-Toxin,0.0
NDM5_172,0.31,0.5,-0.5,0.31,Non-Toxin,0.249
NDM5_172_0,0.13,0.0,-0.5,0.0,Non-Toxin,0.0
NDM5_172_1,0.14,0.0,-0.5,0.0,Non-Toxin,0.0
NDM5_173,0.195,0.0,-0.5,0.0,Non-Toxin,0.0
NDM5_173_0,0.2,0.0,-0.5,0.0,Non-Toxin,0.0
NDM5_173_1,0.24,0.0,-0.5,0.0,Non-Toxin,0.0
NDM5_174,0.195,0.0,-0.5,0.0,Non-Toxin,0.0
NDM5_1740,0.28,0.0,-0.5,0.0,Non-Toxin,0.0
NDM5_1741,0.255,0.0,-0.5,0.0,Non-Toxin,0.0
NDM5_1742,0.16,0.0,0.0,0.16,Non-Toxin,0.053
NDM5_1742_2,0.12,0.0,0.0,0.12,Non-Toxin,0.0
NDM5_1743,0.195,0.0,-0.5,0.0,Non-Toxin,0.0
NDM5_1744,0.16,0.0,-0.5,0.0,Non-Toxin,0.0
NDM5_1745,0.255,0.0,0.0,0.255,Non-Toxin,0.177
NDM5_1745_2,0.155,0.0,-0.5,0.0,Non-Toxin,0.0
NDM5_1746,0.11,0.0,-0.5,0.0,Non-Toxin,0.0
NDM5_1747,0.14,0.0,0.0,0.14,Non-Toxin,0.026
NDM5_1748,0.11,0.0,-0.5,0.0,Non-Toxin,0.0
NDM5_1748_2,0.21,0.0,-0.5,0.0,Non-Toxin,0.0
NDM5_1749,0.15,0.0,-0.5,0.0,Non-Toxin,0.0
NDM5_174_0,0.225,0.0,-0.5,0.0,Non-Toxin,0.0
NDM5_174_1,0.215,0.0,-0.5,0.0,Non-Toxin,0.0
NDM5_175,0.385,0.0,-0.5,0.0,Non-Toxin,0.0
NDM5_175_0,0.2,0.0,-0.5,0.0,Non-Toxin,0.0
NDM5_175_1,0.18,0.0,-0.5,0.0,Non-Toxin,0.0
NDM5_176,0.145,0.0,-0.5,0.0,Non-Toxin,0.0
NDM5_176_0,0.22,0.0,-0.5,0.0,Non-Toxin,0.0
NDM5_176_1,0.225,0.0,-0.5,0.0,Non-Toxin,0.0
NDM5_177,0.195,0.0,-0.5,0.0,Non-Toxin,0.0
NDM5_1770,0.11,0.0,-0.5,0.0,Non-Toxin,0.0
NDM5_1771,0.15,0.0,-0.5,0.0,Non-Toxin,0.0
NDM5_1771_2,0.1,0.0,-0.5,0.0,Non-Toxin,0.0
NDM5_1772,0.215,0.0,-0.5,0.0,Non-Toxin,0.0
NDM5_1773,0.21,0.0,-0.5,0.0,Non-Toxin,0.0
NDM5_1774,0.09,0.0,-0.5,0.0,Non-Toxin,0.0
NDM5_1774_2,0.13,0.0,-0.5,0.0,Non-Toxin,0.0
NDM5_1775,0.07,0.0,-0.5,0.0,Non-Toxin,0.0
NDM5_1776,0.21,0.0,-0.5,0.0,Non-Toxin,0.0
NDM5_1777,0.115,0.0,-0.5,0.0,Non-Toxin,0.0
NDM5_1777_2,0.12,0.0,-0.5,0.0,Non-Toxin,0.0
NDM5_1778,0.195,0.0,-0.5,0.0,Non-Toxin,0.0
NDM5_1779,0.135,0.0,-0.5,0.0,Non-Toxin,0.0
NDM5_177_0,0.2,0.0,-0.5,0.0,Non-Toxin,0.0
NDM5_177_1,0.195,0.0,-0.5,0.0,Non-Toxin,0.0
NDM5_178,0.08,0.0,-0.5,0.0,Non-Toxin,0.0
NDM5_178_0,0.13,0.0,0.0,0.13,Non-Toxin,0.013
NDM5_178_1,0.12,0.0,-0.5,0.0,Non-Toxin,0.0
NDM5_179,0.32,0.5,-0.5,0.32,Non-Toxin,0.262
NDM5_179_0,0.17,0.0,-0.5,0.0,Non-Toxin,0.0
NDM5_179_1,0.12,0.0,-0.5,0.0,Non-Toxin,0.0
NDM5_180,0.735,0.0,-0.5,0.235,Non-Toxin,0.151
NDM5_1800,0.14,0.0,-0.5,0.0,Non-Toxin,0.0
NDM5_1800_2,0.195,0.0,-0.5,0.0,Non-Toxin,0.0
NDM5_1801,0.07,0.0,-0.5,0.0,Non-Toxin,0.0
NDM5_1802,0.155,0.0,0.0,0.155,Non-Toxin,0.046
NDM5_1803,0.16,0.0,-0.5,0.0,Non-Toxin,0.0
NDM5_1803_2,0.095,0.0,-0.5,0.0,Non-Toxin,0.0
NDM5_1804,0.14,0.0,-0.5,0.0,Non-Toxin,0.0
NDM5_1805,0.11,0.0,-0.5,0.0,Non-Toxin,0.0
NDM5_1806,0.11,0.0,-0.5,0.0,Non-Toxin,0.0
NDM5_1806_2,0.175,0.0,-0.5,0.0,Non-Toxin,0.0
NDM5_1807,0.665,0.0,-0.5,0.165,Non-Toxin,0.059
NDM5_1808,0.165,0.0,-0.5,0.0,Non-Toxin,0.0
NDM5_1809,0.115,0.0,-0.5,0.0,Non-Toxin,0.0
NDM5_1809_2,0.085,0.0,-0.5,0.0,Non-Toxin,0.0
NDM5_180_0,0.115,0.0,-0.5,0.0,Non-Toxin,0.0
NDM5_180_1,0.12,0.0,-0.5,0.0,Non-Toxin,0.0
NDM5_181,0.145,0.0,-0.5,0.0,Non-Toxin,0.0
NDM5_181_0,0.22,0.0,-0.5,0.0,Non-Toxin,0.0
NDM5_181_1,0.235,0.0,-0.5,0.0,Non-Toxin,0.0
NDM5_182,0.565,0.0,-0.5,0.065,Non-Toxin,0.0
NDM5_182_0,0.15,0.0,-0.5,0.0,Non-Toxin,0.0
NDM5_182_1,0.195,0.0,-0.5,0.0,Non-Toxin,0.0
NDM5_183,0.12,0.0,-0.5,0.0,Non-Toxin,0.0
NDM5_1830,0.11,0.0,-0.5,0.0,Non-Toxin,0.0
NDM5_1831,0.235,0.0,0.0,0.235,Non-Toxin,0.151
NDM5_1832,0.2,0.0,-0.5,0.0,Non-Toxin,0.0
NDM5_1832_2,0.085,0.0,0.0,0.085,Non-Toxin,0.0
NDM5_1833,0.1,0.0,-0.5,0.0,Non-Toxin,0.0
NDM5_1834,0.165,0.0,-0.5,0.0,Non-Toxin,0.0
NDM5_1835,0.195,0.0,-0.5,0.0,Non-Toxin,0.0
NDM5_1835_2,0.165,0.0,-0.5,0.0,Non-Toxin,0.0
NDM5_1836,0.23,0.0,-0.5,0.0,Non-Toxin,0.0
NDM5_1837,0.185,0.0,-0.5,0.0,Non-Toxin,0.0
NDM5_1838,0.14,0.0,-0.5,0.0,Non-Toxin,0.0
NDM5_1838_2,0.175,0.0,0.0,0.175,Non-Toxin,0.072
NDM5_1839,0.12,0.0,-0.5,0.0,Non-Toxin,0.0
NDM5_183_0,0.13,0.0,-0.5,0.0,Non-Toxin,0.0
NDM5_183_1,0.1,0.0,-0.5,0.0,Non-Toxin,0.0
NDM5_184,0.695,0.0,-0.5,0.195,Non-Toxin,0.098
NDM5_184_0,0.075,0.0,-0.5,0.0,Non-Toxin,0.0
NDM5_184_1,0.085,0.0,-0.5,0.0,Non-Toxin,0.0
NDM5_185,0.245,0.0,-0.5,0.0,Non-Toxin,0.0
NDM5_185_0,0.115,0.0,0.0,0.115,Non-Toxin,0.0
NDM5_185_1,0.165,0.0,-0.5,0.0,Non-Toxin,0.0
NDM5_186,0.56,0.0,-0.5,0.06,Non-Toxin,0.0
NDM5_1860,0.075,0.0,-0.5,0.0,Non-Toxin,0.0
NDM5_1861,0.08,0.0,0.0,0.08,Non-Toxin,0.0
NDM5_1861_2,0.18,0.0,0.0,0.18,Non-Toxin,0.079
NDM5_1862,0.1,0.0,-0.5,0.0,Non-Toxin,0.0
NDM5_1863,0.09,0.0,-0.5,0.0,Non-Toxin,0.0
NDM5_1864,0.18,0.0,-0.5,0.0,Non-Toxin,0.0
NDM5_1864_2,0.13,0.0,-0.5,0.0,Non-Toxin,0.0
NDM5_1865,0.16,0.0,-0.5,0.0,Non-Toxin,0.0
NDM5_1866,0.18,0.0,0.0,0.18,Non-Toxin,0.079
NDM5_1867,0.11,0.0,-0.5,0.0,Non-Toxin,0.0
NDM5_1867_2,0.045,0.0,0.0,0.045,Non-Toxin,0.0
NDM5_1868,0.11,0.0,0.0,0.11,Non-Toxin,0.0
NDM5_1869,0.22,0.0,-0.5,0.0,Non-Toxin,0.0
NDM5_186_0,0.095,0.0,-0.5,0.0,Non-Toxin,0.0
NDM5_186_1,0.095,0.0,-0.5,0.0,Non-Toxin,0.0
NDM5_187,0.205,0.0,-0.5,0.0,Non-Toxin,0.0
NDM5_187_0,0.285,0.0,-0.5,0.0,Non-Toxin,0.0
NDM5_187_1,0.27,0.0,-0.5,0.0,Non-Toxin,0.0
NDM5_188,0.2,0.0,-0.5,0.0,Non-Toxin,0.0
NDM5_188_0,0.26,0.0,-0.5,0.0,Non-Toxin,0.0
NDM5_188_1,0.25,0.0,-0.5,0.0,Non-Toxin,0.0
NDM5_189,0.645,0.0,0.0,0.645,Toxin,0.686
NDM5_1890,0.12,0.0,-0.5,0.0,Non-Toxin,0.0
NDM5_1890_2,0.165,0.0,-0.5,0.0,Non-Toxin,0.0
NDM5_1891,0.12,0.0,-0.5,0.0,Non-Toxin,0.0
NDM5_1892,0.13,0.0,-0.5,0.0,Non-Toxin,0.0
NDM5_1893,0.125,0.0,-0.5,0.0,Non-Toxin,0.0
NDM5_1893_2,0.225,0.0,-0.5,0.0,Non-Toxin,0.0
NDM5_1894,0.12,0.0,-0.5,0.0,Non-Toxin,0.0
NDM5_1895,0.265,0.0,-0.5,0.0,Non-Toxin,0.0
NDM5_1896,0.125,0.0,-0.5,0.0,Non-Toxin,0.0
NDM5_1896_2,0.12,0.0,-0.5,0.0,Non-Toxin,0.0
NDM5_1897,0.105,0.0,-0.5,0.0,Non-Toxin,0.0
NDM5_1898,0.115,0.0,-0.5,0.0,Non-Toxin,0.0
NDM5_1899,0.13,0.0,-0.5,0.0,Non-Toxin,0.0
NDM5_1899_2,0.185,0.0,-0.5,0.0,Non-Toxin,0.0
NDM5_189_0,0.15,0.0,-0.5,0.0,Non-Toxin,0.0
NDM5_189_1,0.105,0.0,-0.5,0.0,Non-Toxin,0.0
NDM5_190,0.07,0.0,0.0,0.07,Non-Toxin,0.0
NDM5_190_0,0.08,0.0,-0.5,0.0,Non-Toxin,0.0
NDM5_190_1,0.115,0.0,-0.5,0.0,Non-Toxin,0.0
NDM5_191,0.1,0.0,-0.5,0.0,Non-Toxin,0.0
NDM5_191_0,0.165,0.0,-0.5,0.0,Non-Toxin,0.0
NDM5_191_1,0.15,0.0,-0.5,0.0,Non-Toxin,0.0
NDM5_192,0.16,0.0,0.0,0.16,Non-Toxin,0.053
NDM5_1920,0.15,0.0,-0.5,0.0,Non-Toxin,0.0
NDM5_1921,0.15,0.0,-0.5,0.0,Non-Toxin,0.0
NDM5_1922,0.125,0.0,0.0,0.125,Non-Toxin,0.007
NDM5_1922_2,0.07,0.0,0.0,0.07,Non-Toxin,0.0
NDM5_1923,0.19,0.0,0.0,0.19,Non-Toxin,0.092
NDM5_1924,0.18,0.0,-0.5,0.0,Non-Toxin,0.0
NDM5_1925,0.405,0.0,-0.5,0.0,Non-Toxin,0.0
NDM5_1925_2,0.13,0.0,-0.5,0.0,Non-Toxin,0.0
NDM5_1926,0.1,0.0,-0.5,0.0,Non-Toxin,0.0
NDM5_1927,0.205,0.0,-0.5,0.0,Non-Toxin,0.0
NDM5_1928,0.18,0.0,-0.5,0.0,Non-Toxin,0.0
NDM5_1928_2,0.21,0.0,-0.5,0.0,Non-Toxin,0.0
NDM5_1929,0.145,0.0,-0.5,0.0,Non-Toxin,0.0
NDM5_192_0,0.235,0.0,0.0,0.235,Non-Toxin,0.151
NDM5_192_1,0.175,0.0,0.0,0.175,Non-Toxin,0.072
NDM5_193,0.065,0.0,-0.5,0.0,Non-Toxin,0.0
NDM5_193_0,0.135,0.0,-0.5,0.0,Non-Toxin,0.0
NDM5_193_1,0.085,0.0,-0.5,0.0,Non-Toxin,0.0
NDM5_194,0.45,0.0,0.0,0.45,Toxin,0.432
NDM5_194_0,0.095,0.0,-0.5,0.0,Non-Toxin,0.0
NDM5_194_1,0.115,0.0,0.0,0.115,Non-Toxin,0.0
NDM5_195,0.25,0.0,-0.5,0.0,Non-Toxin,0.0
NDM5_1950,0.115,0.0,-0.5,0.0,Non-Toxin,0.0
NDM5_1951,0.11,0.0,-0.5,0.0,Non-Toxin,0.0
NDM5_1951_2,0.215,0.0,-0.5,0.0,Non-Toxin,0.0
NDM5_1952,0.16,0.0,-0.5,0.0,Non-Toxin,0.0
NDM5_1953,0.19,0.0,-0.5,0.0,Non-Toxin,0.0
NDM5_1954,0.11,0.0,-0.5,0.0,Non-Toxin,0.0
NDM5_1954_2,0.235,0.0,-0.5,0.0,Non-Toxin,0.0
NDM5_1955,0.09,0.0,-0.5,0.0,Non-Toxin,0.0
NDM5_1956,0.14,0.0,0.0,0.14,Non-Toxin,0.026
NDM5_1957,0.125,0.0,-0.5,0.0,Non-Toxin,0.0
NDM5_1957_2,0.095,0.0,-0.5,0.0,Non-Toxin,0.0
NDM5_1958,0.105,0.0,-0.5,0.0,Non-Toxin,0.0
NDM5_1959,0.135,0.0,-0.5,0.0,Non-Toxin,0.0
NDM5_195_0,0.095,0.0,-0.5,0.0,Non-Toxin,0.0
NDM5_195_1,0.135,0.0,-0.5,0.0,Non-Toxin,0.0
NDM5_196,0.315,0.0,-0.5,0.0,Non-Toxin,0.0
NDM5_196_0,0.12,0.0,0.0,0.12,Non-Toxin,0.0
NDM5_196_1,0.155,0.0,0.0,0.155,Non-Toxin,0.046
NDM5_197,0.185,0.0,0.0,0.185,Non-Toxin,0.085
NDM5_197_0,0.11,0.0,0.0,0.11,Non-Toxin,0.0
NDM5_197_1,0.13,0.0,-0.5,0.0,Non-Toxin,0.0
NDM5_198,0.15,0.0,-0.5,0.0,Non-Toxin,0.0
NDM5_1980,0.12,0.0,-0.5,0.0,Non-Toxin,0.0
NDM5_1980_2,0.11,0.0,-0.5,0.0,Non-Toxin,0.0
NDM5_1981,0.13,0.0,0.0,0.13,Non-Toxin,0.013
NDM5_1982,0.195,0.0,-0.5,0.0,Non-Toxin,0.0
NDM5_1983,0.195,0.0,-0.5,0.0,Non-Toxin,0.0
NDM5_1983_2,0.105,0.0,-0.5,0.0,Non-Toxin,0.0
NDM5_1984,0.14,0.0,-0.5,0.0,Non-Toxin,0.0
NDM5_1985,0.18,0.0,-0.5,0.0,Non-Toxin,0.0
NDM5_1986,0.17,0.0,-0.5,0.0,Non-Toxin,0.0
NDM5_1986_2,0.15,0.0,-0.5,0.0,Non-Toxin,0.0
NDM5_1987,0.125,0.0,0.0,0.125,Non-Toxin,0.007
NDM5_1988,0.095,0.0,-0.5,0.0,Non-Toxin,0.0
NDM5_1989,0.185,0.0,0.0,0.185,Non-Toxin,0.085
NDM5_1989_2,0.13,0.0,-0.5,0.0,Non-Toxin,0.0
NDM5_198_0,0.105,0.0,-0.5,0.0,Non-Toxin,0.0
NDM5_198_1,0.205,0.0,-0.5,0.0,Non-Toxin,0.0
NDM5_199,0.21,0.0,-0.5,0.0,Non-Toxin,0.0
NDM5_199_0,0.19,0.0,-0.5,0.0,Non-Toxin,0.0
NDM5_199_1,0.165,0.0,-0.5,0.0,Non-Toxin,0.0
NDM5_200,0.085,0.0,-0.5,0.0,Non-Toxin,0.0
NDM5_200_0,0.18,0.0,-0.5,0.0,Non-Toxin,0.0
NDM5_200_1,0.09,0.0,-0.5,0.0,Non-Toxin,0.0
NDM5_201,0.145,0.0,-0.5,0.0,Non-Toxin,0.0
NDM5_2010,0.135,0.0,-0.5,0.0,Non-Toxin,0.0
NDM5_2011,0.125,0.0,-0.5,0.0,Non-Toxin,0.0
NDM5_2012,0.15,0.0,-0.5,0.0,Non-Toxin,0.0
NDM5_2012_2,0.305,0.0,-0.5,0.0,Non-Toxin,0.0
NDM5_2013,0.14,0.0,-0.5,0.0,Non-Toxin,0.0
NDM5_2014,0.095,0.0,-0.5,0.0,Non-Toxin,0.0
NDM5_2015,0.14,0.0,-0.5,0.0,Non-Toxin,0.0
NDM5_2015_2,0.18,0.0,-0.5,0.0,Non-Toxin,0.0
NDM5_2016,0.095,0.0,0.0,0.095,Non-Toxin,0.0
NDM5_2017,0.11,0.0,-0.5,0.0,Non-Toxin,0.0
NDM5_2018,0.125,0.0,-0.5,0.0,Non-Toxin,0.0
NDM5_2018_2,0.395,0.0,-0.5,0.0,Non-Toxin,0.0
NDM5_2019,0.105,0.0,-0.5,0.0,Non-Toxin,0.0
NDM5_201_0,0.175,0.0,-0.5,0.0,Non-Toxin,0.0
NDM5_201_1,0.2,0.0,-0.5,0.0,Non-Toxin,0.0
NDM5_202,0.13,0.0,-0.5,0.0,Non-Toxin,0.0
NDM5_202_0,0.165,0.0,-0.5,0.0,Non-Toxin,0.0
NDM5_202_1,0.12,0.0,-0.5,0.0,Non-Toxin,0.0
NDM5_203,0.195,0.0,-0.5,0.0,Non-Toxin,0.0
NDM5_203_0,0.22,0.0,0.0,0.22,Non-Toxin,0.131
NDM5_203_1,0.24,0.0,-0.5,0.0,Non-Toxin,0.0
NDM5_204,0.475,0.0,0.0,0.475,Toxin,0.464
NDM5_2040,0.11,0.0,-0.5,0.0,Non-Toxin,0.0
NDM5_2041,0.125,0.0,-0.5,0.0,Non-Toxin,0.0
NDM5_2041_2,0.215,0.0,-0.5,0.0,Non-Toxin,0.0
NDM5_2042,0.13,0.0,-0.5,0.0,Non-Toxin,0.0
NDM5_2043,0.16,0.0,-0.5,0.0,Non-Toxin,0.0
NDM5_2044,0.175,0.0,-0.5,0.0,Non-Toxin,0.0
NDM5_2044_2,0.14,0.0,-0.5,0.0,Non-Toxin,0.0
NDM5_2045,0.155,0.0,-0.5,0.0,Non-Toxin,0.0
NDM5_2046,0.14,0.0,-0.5,0.0,Non-Toxin,0.0
NDM5_2047,0.14,0.0,-0.5,0.0,Non-Toxin,0.0
NDM5_2047_2,0.11,0.0,-0.5,0.0,Non-Toxin,0.0
NDM5_2048,0.145,0.0,0.0,0.145,Non-Toxin,0.033
NDM5_2049,0.27,0.0,-0.5,0.0,Non-Toxin,0.0
NDM5_204_0,0.13,0.0,-0.5,0.0,Non-Toxin,0.0
NDM5_204_1,0.085,0.0,-0.5,0.0,Non-Toxin,0.0
NDM5_205,0.2,0.0,-0.5,0.0,Non-Toxin,0.0
NDM5_205_0,0.14,0.0,-0.5,0.0,Non-Toxin,0.0
NDM5_205_1,0.185,0.0,-0.5,0.0,Non-Toxin,0.0
NDM5_206,0.39,0.5,-0.5,0.39,Toxin,0.353
NDM5_206_0,0.095,0.0,-0.5,0.0,Non-Toxin,0.0
NDM5_206_1,0.125,0.0,-0.5,0.0,Non-Toxin,0.0
NDM5_207,0.425,0.0,-0.5,0.0,Non-Toxin,0.0
NDM5_2070,0.08,0.0,-0.5,0.0,Non-Toxin,0.0
NDM5_2070_2,0.15,0.0,-0.5,0.0,Non-Toxin,0.0
NDM5_2071,0.165,0.0,-0.5,0.0,Non-Toxin,0.0
NDM5_2072,0.2,0.0,0.0,0.2,Non-Toxin,0.105
NDM5_2073,0.095,0.0,-0.5,0.0,Non-Toxin,0.0
NDM5_2073_2,0.06,0.0,-0.5,0.0,Non-Toxin,0.0
NDM5_2074,0.19,0.0,-0.5,0.0,Non-Toxin,0.0
NDM5_2075,0.265,0.0,-0.5,0.0,Non-Toxin,0.0
NDM5_2076,0.1,0.0,-0.5,0.0,Non-Toxin,0.0
NDM5_2076_2,0.105,0.0,-0.5,0.0,Non-Toxin,0.0
NDM5_2077,0.105,0.0,-0.5,0.0,Non-Toxin,0.0
NDM5_2078,0.195,0.0,-0.5,0.0,Non-Toxin,0.0
NDM5_2079,0.1,0.0,-0.5,0.0,Non-Toxin,0.0
NDM5_2079_2,0.205,0.0,-0.5,0.0,Non-Toxin,0.0
NDM5_207_0,0.155,0.0,-0.5,0.0,Non-Toxin,0.0
NDM5_207_1,0.11,0.0,-0.5,0.0,Non-Toxin,0.0
NDM5_208,0.3,0.0,-0.5,0.0,Non-Toxin,0.0
NDM5_208_0,0.11,0.0,-0.5,0.0,Non-Toxin,0.0
NDM5_208_1,0.09,0.0,-0.5,0.0,Non-Toxin,0.0
NDM5_209,0.175,0.0,-0.5,0.0,Non-Toxin,0.0
NDM5_209_0,0.18,0.0,-0.5,0.0,Non-Toxin,0.0
NDM5_209_1,0.4,0.0,-0.5,0.0,Non-Toxin,0.0
NDM5_210,0.14,0.0,0.0,0.14,Non-Toxin,0.026
NDM5_2100,0.135,0.0,-0.5,0.0,Non-Toxin,0.0
NDM5_2101,0.14,0.0,-0.5,0.0,Non-Toxin,0.0
NDM5_2102,0.105,0.0,-0.5,0.0,Non-Toxin,0.0
NDM5_2102_2,0.125,0.0,-0.5,0.0,Non-Toxin,0.0
NDM5_2103,0.08,0.0,-0.5,0.0,Non-Toxin,0.0
NDM5_2104,0.215,0.0,-0.5,0.0,Non-Toxin,0.0
NDM5_2105,0.185,0.0,-0.5,0.0,Non-Toxin,0.0
NDM5_2105_2,0.215,0.0,-0.5,0.0,Non-Toxin,0.0
NDM5_2106,0.26,0.0,-0.5,0.0,Non-Toxin,0.0
NDM5_2107,0.14,0.0,-0.5,0.0,Non-Toxin,0.0
NDM5_2108,0.1,0.0,-0.5,0.0,Non-Toxin,0.0
NDM5_2108_2,0.13,0.0,0.0,0.13,Non-Toxin,0.013
NDM5_2109,0.145,0.0,-0.5,0.0,Non-Toxin,0.0
NDM5_210_0,0.275,0.0,0.0,0.275,Non-Toxin,0.203
NDM5_210_1,0.16,0.0,0.0,0.16,Non-Toxin,0.053
NDM5_211,0.285,0.0,-0.5,0.0,Non-Toxin,0.0
NDM5_211_0,0.385,0.0,-0.5,0.0,Non-Toxin,0.0
NDM5_211_1,0.17,0.0,-0.5,0.0,Non-Toxin,0.0
NDM5_212,0.225,0.0,-0.5,0.0,Non-Toxin,0.0
NDM5_212_0,0.215,0.0,-0.5,0.0,Non-Toxin,0.0
NDM5_212_1,0.12,0.0,-0.5,0.0,Non-Toxin,0.0
NDM5_213,0.245,0.0,-0.5,0.0,Non-Toxin,0.0
NDM5_2130,0.13,0.0,0.0,0.13,Non-Toxin,0.013
NDM5_2131,0.09,0.0,-0.5,0.0,Non-Toxin,0.0
NDM5_2131_2,0.13,0.0,0.0,0.13,Non-Toxin,0.013
NDM5_2132,0.185,0.0,-0.5,0.0,Non-Toxin,0.0
NDM5_2133,0.095,0.0,-0.5,0.0,Non-Toxin,0.0
NDM5_2134,0.175,0.0,-0.5,0.0,Non-Toxin,0.0
NDM5_2134_2,0.185,0.0,-0.5,0.0,Non-Toxin,0.0
NDM5_2135,0.275,0.0,-0.5,0.0,Non-Toxin,0.0
NDM5_2136,0.235,0.0,-0.5,0.0,Non-Toxin,0.0
NDM5_2137,0.1,0.0,-0.5,0.0,Non-Toxin,0.0
NDM5_2137_2,0.245,0.0,-0.5,0.0,Non-Toxin,0.0
NDM5_2138,0.08,0.0,-0.5,0.0,Non-Toxin,0.0
NDM5_2139,0.285,0.0,-0.5,0.0,Non-Toxin,0.0
NDM5_213_0,0.085,0.0,-0.5,0.0,Non-Toxin,0.0
NDM5_213_1,0.2,0.0,-0.5,0.0,Non-Toxin,0.0
NDM5_214,0.205,0.0,-0.5,0.0,Non-Toxin,0.0
NDM5_214_0,0.16,0.0,-0.5,0.0,Non-Toxin,0.0
NDM5_214_1,0.125,0.0,-0.5,0.0,Non-Toxin,0.0
NDM5_215,0.385,0.0,-0.5,0.0,Non-Toxin,0.0
NDM5_215_0,0.105,0.0,0.0,0.105,Non-Toxin,0.0
NDM5_215_1,0.15,0.0,-0.5,0.0,Non-Toxin,0.0
NDM5_216,0.32,0.0,0.0,0.32,Non-Toxin,0.262
NDM5_2160,0.14,0.0,0.0,0.14,Non-Toxin,0.026
NDM5_2160_2,0.19,0.0,-0.5,0.0,Non-Toxin,0.0
NDM5_2161,0.185,0.0,0.0,0.185,Non-Toxin,0.085
NDM5_2162,0.165,0.0,-0.5,0.0,Non-Toxin,0.0
NDM5_2163,0.135,0.0,-0.5,0.0,Non-Toxin,0.0
NDM5_2163_2,0.095,0.0,-0.5,0.0,Non-Toxin,0.0
NDM5_2164,0.155,0.0,-0.5,0.0,Non-Toxin,0.0
NDM5_2165,0.195,0.0,-0.5,0.0,Non-Toxin,0.0
NDM5_2166,0.105,0.0,-0.5,0.0,Non-Toxin,0.0
NDM5_2166_2,0.145,0.0,-0.5,0.0,Non-Toxin,0.0
NDM5_2167,0.115,0.0,-0.5,0.0,Non-Toxin,0.0
NDM5_2168,0.065,0.0,-0.5,0.0,Non-Toxin,0.0
NDM5_2169,0.135,0.0,-0.5,0.0,Non-Toxin,0.0
NDM5_2169_2,0.21,0.0,-0.5,0.0,Non-Toxin,0.0
NDM5_216_0,0.17,0.0,-0.5,0.0,Non-Toxin,0.0
NDM5_216_1,0.115,0.0,-0.5,0.0,Non-Toxin,0.0
NDM5_217,0.15,0.0,0.0,0.15,Non-Toxin,0.039
NDM5_217_0,0.245,0.0,0.0,0.245,Non-Toxin,0.164
NDM5_217_1,0.16,0.0,0.0,0.16,Non-Toxin,0.053
NDM5_218,0.415,0.0,0.0,0.415,Toxin,0.386
NDM5_218_0,0.21,0.0,-0.5,0.0,Non-Toxin,0.0
NDM5_218_1,0.24,0.0,-0.5,0.0,Non-Toxin,0.0
NDM5_219,0.36,0.0,-0.5,0.0,Non-Toxin,0.0
NDM5_2190,0.475,0.0,0.0,0.475,Toxin,0.464
NDM5_2191,0.155,0.0,-0.5,0.0,Non-Toxin,0.0
NDM5_2192,0.145,0.0,-0.5,0.0,Non-Toxin,0.0
NDM5_2192_2,0.145,0.0,-0.5,0.0,Non-Toxin,0.0
NDM5_2193,0.225,0.0,-0.5,0.0,Non-Toxin,0.0
NDM5_2194,0.125,0.0,-0.5,0.0,Non-Toxin,0.0
NDM5_2195,0.09,0.0,-0.5,0.0,Non-Toxin,0.0
NDM5_2195_2,0.125,0.0,0.0,0.125,Non-Toxin,0.007
NDM5_2196,0.205,0.0,0.0,0.205,Non-Toxin,0.111
NDM5_2197,0.155,0.0,-0.5,0.0,Non-Toxin,0.0
NDM5_2198,0.055,0.0,-0.5,0.0,Non-Toxin,0.0
NDM5_2198_2,0.145,0.0,-0.5,0.0,Non-Toxin,0.0
NDM5_2199,0.09,0.0,-0.5,0.0,Non-Toxin,0.0
NDM5_219_0,0.095,0.0,-0.5,0.0,Non-Toxin,0.0
NDM5_219_1,0.095,0.0,-0.5,0.0,Non-Toxin,0.0
NDM5_220,0.135,0.0,-0.5,0.0,Non-Toxin,0.0
NDM5_220_0,0.16,0.0,-0.5,0.0,Non-Toxin,0.0
NDM5_220_1,0.09,0.0,-0.5,0.0,Non-Toxin,0.0
NDM5_221,0.27,0.0,-0.5,0.0,Non-Toxin,0.0
NDM5_221_0,0.14,0.0,-0.5,0.0,Non-Toxin,0.0
NDM5_221_1,0.085,0.0,-0.5,0.0,Non-Toxin,0.0
NDM5_222,0.125,0.0,0.0,0.125,Non-Toxin,0.007
NDM5_2220,0.075,0.0,-0.5,0.0,Non-Toxin,0.0
NDM5_2221,0.28,0.0,-0.5,0.0,Non-Toxin,0.0
NDM5_2221_2,0.195,0.0,0.0,0.195,Non-Toxin,0.098
NDM5_2222,0.175,0.0,-0.5,0.0,Non-Toxin,0.0
NDM5_2223,0.215,0.0,-0.5,0.0,Non-Toxin,0.0
NDM5_2224,0.23,0.0,-0.5,0.0,Non-Toxin,0.0
NDM5_2224_2,0.09,0.0,-0.5,0.0,Non-Toxin,0.0
NDM5_2225,0.055,0.0,-0.5,0.0,Non-Toxin,0.0
NDM5_2226,0.4,0.0,-0.5,0.0,Non-Toxin,0.0
NDM5_2227,0.1,0.0,-0.5,0.0,Non-Toxin,0.0
NDM5_2227_2,0.2,0.0,-0.5,0.0,Non-Toxin,0.0
NDM5_2228,0.065,0.0,-0.5,0.0,Non-Toxin,0.0
NDM5_2229,0.19,0.0,-0.5,0.0,Non-Toxin,0.0
NDM5_222_0,0.175,0.0,-0.5,0.0,Non-Toxin,0.0
NDM5_222_1,0.12,0.0,-0.5,0.0,Non-Toxin,0.0
NDM5_223,0.22,0.0,-0.5,0.0,Non-Toxin,0.0
NDM5_223_0,0.145,0.0,-0.5,0.0,Non-Toxin,0.0
NDM5_223_1,0.1,0.0,-0.5,0.0,Non-Toxin,0.0
NDM5_224,0.11,0.0,-0.5,0.0,Non-Toxin,0.0
NDM5_224_0,0.18,0.0,-0.5,0.0,Non-Toxin,0.0
NDM5_224_1,0.255,0.0,-0.5,0.0,Non-Toxin,0.0
NDM5_225,0.785,0.0,-0.5,0.285,Non-Toxin,0.216
NDM5_2250,0.12,0.0,-0.5,0.0,Non-Toxin,0.0
NDM5_2250_2,0.275,0.0,-0.5,0.0,Non-Toxin,0.0
NDM5_2251,0.245,0.0,-0.5,0.0,Non-Toxin,0.0
NDM5_2252,0.11,0.0,-0.5,0.0,Non-Toxin,0.0
NDM5_2253,0.155,0.0,-0.5,0.0,Non-Toxin,0.0
NDM5_2253_2,0.175,0.0,-0.5,0.0,Non-Toxin,0.0
NDM5_2254,0.1,0.0,0.0,0.1,Non-Toxin,0.0
NDM5_2255,0.135,0.0,-0.5,0.0,Non-Toxin,0.0
NDM5_2256,0.265,0.0,-0.5,0.0,Non-Toxin,0.0
NDM5_2256_2,0.09,0.0,-0.5,0.0,Non-Toxin,0.0
NDM5_2257,0.215,0.0,-0.5,0.0,Non-Toxin,0.0
NDM5_2258,0.08,0.0,-0.5,0.0,Non-Toxin,0.0
NDM5_2259,0.07,0.0,-0.5,0.0,Non-Toxin,0.0
NDM5_2259_2,0.18,0.0,-0.5,0.0,Non-Toxin,0.0
NDM5_225_0,0.14,0.0,-0.5,0.0,Non-Toxin,0.0
NDM5_225_1,0.29,0.0,-0.5,0.0,Non-Toxin,0.0
NDM5_226,0.095,0.0,-0.5,0.0,Non-Toxin,0.0
NDM5_226_0,0.13,0.0,-0.5,0.0,Non-Toxin,0.0
NDM5_226_1,0.125,0.0,-0.5,0.0,Non-Toxin,0.0
NDM5_227,0.15,0.0,-0.5,0.0,Non-Toxin,0.0
NDM5_227_0,0.095,0.0,-0.5,0.0,Non-Toxin,0.0
NDM5_227_1,0.165,0.0,-0.5,0.0,Non-Toxin,0.0
NDM5_228,0.465,0.0,-0.5,0.0,Non-Toxin,0.0
NDM5_2280,0.06,0.0,0.0,0.06,Non-Toxin,0.0
NDM5_2281,0.405,0.0,-0.5,0.0,Non-Toxin,0.0
NDM5_2282,0.23,0.0,0.0,0.23,Non-Toxin,0.144
NDM5_2282_2,0.145,0.0,0.0,0.145,Non-Toxin,0.033
NDM5_2283,0.58,0.0,-0.5,0.08,Non-Toxin,0.0
NDM5_2284,0.105,0.0,0.0,0.105,Non-Toxin,0.0
NDM5_2285,0.13,0.0,-0.5,0.0,Non-Toxin,0.0
NDM5_2285_2,0.25,0.0,0.0,0.25,Non-Toxin,0.17
NDM5_2286,0.25,0.0,-0.5,0.0,Non-Toxin,0.0
NDM5_2287,0.29,0.0,-0.5,0.0,Non-Toxin,0.0
NDM5_2288,0.34,0.0,0.0,0.34,Non-Toxin,0.288
NDM5_2288_2,0.2,0.0,0.0,0.2,Non-Toxin,0.105
NDM5_2289,0.265,0.0,-0.5,0.0,Non-Toxin,0.0
NDM5_228_0,0.23,0.0,-0.5,0.0,Non-Toxin,0.0
NDM5_228_1,0.245,0.0,-0.5,0.0,Non-Toxin,0.0
NDM5_229,0.15,0.0,-0.5,0.0,Non-Toxin,0.0
NDM5_229_0,0.205,0.0,-0.5,0.0,Non-Toxin,0.0
NDM5_229_1,0.12,0.0,-0.5,0.0,Non-Toxin,0.0
NDM5_230,0.165,0.0,-0.5,0.0,Non-Toxin,0.0
NDM5_230_0,0.125,0.0,-0.5,0.0,Non-Toxin,0.0
NDM5_230_1,0.115,0.0,0.0,0.115,Non-Toxin,0.0
NDM5_231,0.21,0.0,-0.5,0.0,Non-Toxin,0.0
NDM5_2310,0.16,0.0,-0.5,0.0,Non-Toxin,0.0
NDM5_2311,0.15,0.0,-0.5,0.0,Non-Toxin,0.0
NDM5_2311_2,0.16,0.0,-0.5,0.0,Non-Toxin,0.0
NDM5_2312,0.065,0.0,-0.5,0.0,Non-Toxin,0.0
NDM5_2313,0.26,0.0,-0.5,0.0,Non-Toxin,0.0
NDM5_2314,0.23,0.0,-0.5,0.0,Non-Toxin,0.0
NDM5_2314_2,0.23,0.0,0.0,0.23,Non-Toxin,0.144
NDM5_2315,0.06,0.0,-0.5,0.0,Non-Toxin,0.0
NDM5_2316,0.13,0.0,-0.5,0.0,Non-Toxin,0.0
NDM5_2317,0.175,0.0,-0.5,0.0,Non-Toxin,0.0
NDM5_2317_2,0.175,0.0,-0.5,0.0,Non-Toxin,0.0
NDM5_2318,0.13,0.0,-0.5,0.0,Non-Toxin,0.0
NDM5_2319,0.25,0.0,0.0,0.25,Non-Toxin,0.17
NDM5_231_0,0.23,0.0,0.0,0.23,Non-Toxin,0.144
NDM5_231_1,0.14,0.0,0.0,0.14,Non-Toxin,0.026
NDM5_232,0.1,0.0,-0.5,0.0,Non-Toxin,0.0
NDM5_232_0,0.275,0.0,0.0,0.275,Non-Toxin,0.203
NDM5_232_1,0.3,0.0,0.0,0.3,Non-Toxin,0.235
NDM5_233,0.22,0.0,-0.5,0.0,Non-Toxin,0.0
NDM5_233_0,0.21,0.0,-0.5,0.0,Non-Toxin,0.0
NDM5_233_1,0.185,0.0,-0.5,0.0,Non-Toxin,0.0
NDM5_234,0.355,0.5,0.0,0.855,Toxin,0.961
NDM5_2340,0.115,0.0,-0.5,0.0,Non-Toxin,0.0
NDM5_2340_2,0.195,0.0,-0.5,0.0,Non-Toxin,0.0
NDM5_2341,0.155,0.0,-0.5,0.0,Non-Toxin,0.0
NDM5_2342,0.27,0.0,-0.5,0.0,Non-Toxin,0.0
NDM5_2343,0.19,0.0,-0.5,0.0,Non-Toxin,0.0
NDM5_2343_2,0.06,0.0,-0.5,0.0,Non-Toxin,0.0
NDM5_2344,0.18,0.0,0.0,0.18,Non-Toxin,0.079
NDM5_2345,0.155,0.0,-0.5,0.0,Non-Toxin,0.0
NDM5_2346,0.23,0.0,-0.5,0.0,Non-Toxin,0.0
NDM5_2346_2,0.12,0.0,-0.5,0.0,Non-Toxin,0.0
NDM5_2347,0.06,0.0,-0.5,0.0,Non-Toxin,0.0
NDM5_2348,0.1,0.0,-0.5,0.0,Non-Toxin,0.0
NDM5_2349,0.32,0.0,-0.5,0.0,Non-Toxin,0.0
NDM5_2349_2,0.095,0.0,-0.5,0.0,Non-Toxin,0.0
NDM5_234_0,0.22,0.0,0.0,0.22,Non-Toxin,0.131
NDM5_234_1,0.11,0.0,0.0,0.11,Non-Toxin,0.0
NDM5_235,0.21,0.0,0.0,0.21,Non-Toxin,0.118
NDM5_235_0,0.235,0.0,0.0,0.235,Non-Toxin,0.151
NDM5_235_1,0.31,0.0,0.0,0.31,Non-Toxin,0.249
NDM5_236,0.05,0.0,-0.5,0.0,Non-Toxin,0.0
NDM5_236_0,0.155,0.0,-0.5,0.0,Non-Toxin,0.0
NDM5_236_1,0.29,0.0,0.0,0.29,Non-Toxin,0.222
NDM5_237,0.18,0.0,0.0,0.18,Non-Toxin,0.079
NDM5_2370,0.145,0.0,-0.5,0.0,Non-Toxin,0.0
NDM5_2371,0.195,0.0,-0.5,0.0,Non-Toxin,0.0
NDM5_2372,0.255,0.0,-0.5,0.0,Non-Toxin,0.0
NDM5_2372_2,0.155,0.0,-0.5,0.0,Non-Toxin,0.0
NDM5_2373,0.095,0.0,-0.5,0.0,Non-Toxin,0.0
NDM5_2374,0.14,0.0,-0.5,0.0,Non-Toxin,0.0
NDM5_2375,0.11,0.0,-0.5,0.0,Non-Toxin,0.0
NDM5_2375_2,0.115,0.0,-0.5,0.0,Non-Toxin,0.0
NDM5_2376,0.095,0.0,-0.5,0.0,Non-Toxin,0.0
NDM5_2377,0.14,0.0,0.0,0.14,Non-Toxin,0.026
NDM5_2378,0.16,0.0,0.0,0.16,Non-Toxin,0.053
NDM5_2378_2,0.21,0.0,-0.5,0.0,Non-Toxin,0.0
NDM5_2379,0.095,0.0,0.0,0.095,Non-Toxin,0.0
NDM5_237_0,0.11,0.0,-0.5,0.0,Non-Toxin,0.0
NDM5_237_1,0.09,0.0,-0.5,0.0,Non-Toxin,0.0
NDM5_238,0.13,0.0,0.0,0.13,Non-Toxin,0.013
NDM5_238_0,0.195,0.0,0.0,0.195,Non-Toxin,0.098
NDM5_238_1,0.17,0.0,0.0,0.17,Non-Toxin,0.066
NDM5_239,0.19,0.0,-0.5,0.0,Non-Toxin,0.0
NDM5_239_0,0.22,0.0,0.0,0.22,Non-Toxin,0.131
NDM5_239_1,0.12,0.0,0.0,0.12,Non-Toxin,0.0
NDM5_240,0.085,0.0,-0.5,0.0,Non-Toxin,0.0
NDM5_2400,0.105,0.0,-0.5,0.0,Non-Toxin,0.0
NDM5_2401,0.28,0.0,-0.5,0.0,Non-Toxin,0.0
NDM5_2401_2,0.185,0.0,-0.5,0.0,Non-Toxin,0.0
NDM5_2402,0.13,0.0,-0.5,0.0,Non-Toxin,0.0
NDM5_2403,0.095,0.0,0.0,0.095,Non-Toxin,0.0
NDM5_2404,0.14,0.0,-0.5,0.0,Non-Toxin,0.0
NDM5_2404_2,0.29,0.0,-0.5,0.0,Non-Toxin,0.0
NDM5_2405,0.13,0.0,-0.5,0.0,Non-Toxin,0.0
NDM5_2406,0.07,0.0,-0.5,0.0,Non-Toxin,0.0
NDM5_2407,0.095,0.0,-0.5,0.0,Non-Toxin,0.0
NDM5_2407_2,0.13,0.0,-0.5,0.0,Non-Toxin,0.0
NDM5_2408,0.14,0.0,-0.5,0.0,Non-Toxin,0.0
NDM5_2409,0.24,0.0,-0.5,0.0,Non-Toxin,0.0
NDM5_240_0,0.13,0.0,-0.5,0.0,Non-Toxin,0.0
NDM5_240_1,0.135,0.0,0.0,0.135,Non-Toxin,0.02
NDM5_241,0.09,0.0,0.0,0.09,Non-Toxin,0.0
NDM5_241_0,0.105,0.0,0.0,0.105,Non-Toxin,0.0
NDM5_241_1,0.105,0.0,0.0,0.105,Non-Toxin,0.0
NDM5_242,0.265,0.0,0.0,0.265,Non-Toxin,0.19
NDM5_242_0,0.19,0.0,-0.5,0.0,Non-Toxin,0.0
NDM5_242_1,0.17,0.0,-0.5,0.0,Non-Toxin,0.0
NDM5_243,0.195,0.0,0.0,0.195,Non-Toxin,0.098
NDM5_2430,0.2,0.0,0.0,0.2,Non-Toxin,0.105
NDM5_2430_2,0.145,0.0,-0.5,0.0,Non-Toxin,0.0
NDM5_2431,0.37,0.0,-0.5,0.0,Non-Toxin,0.0
NDM5_2432,0.155,0.0,-0.5,0.0,Non-Toxin,0.0
NDM5_2433,0.08,0.0,-0.5,0.0,Non-Toxin,0.0
NDM5_2433_2,0.11,0.0,-0.5,0.0,Non-Toxin,0.0
NDM5_2434,0.1,0.0,-0.5,0.0,Non-Toxin,0.0
NDM5_2435,0.085,0.0,-0.5,0.0,Non-Toxin,0.0
NDM5_2436,0.11,0.0,-0.5,0.0,Non-Toxin,0.0
NDM5_2436_2,0.175,0.0,-0.5,0.0,Non-Toxin,0.0
NDM5_2437,0.175,0.0,0.0,0.175,Non-Toxin,0.072
NDM5_2438,0.13,0.0,-0.5,0.0,Non-Toxin,0.0
NDM5_2439,0.145,0.0,-0.5,0.0,Non-Toxin,0.0
NDM5_2439_2,0.05,0.0,-0.5,0.0,Non-Toxin,0.0
NDM5_243_0,0.08,0.0,-0.5,0.0,Non-Toxin,0.0
NDM5_243_1,0.375,0.0,-0.5,0.0,Non-Toxin,0.0
NDM5_244,0.105,0.0,0.0,0.105,Non-Toxin,0.0
NDM5_244_0,0.15,0.0,0.0,0.15,Non-Toxin,0.039
NDM5_244_1,0.15,0.0,0.0,0.15,Non-Toxin,0.039
NDM5_245,0.165,0.0,-0.5,0.0,Non-Toxin,0.0
NDM5_245_0,0.27,0.0,-0.5,0.0,Non-Toxin,0.0
NDM5_245_1,0.22,0.0,-0.5,0.0,Non-Toxin,0.0
NDM5_246,0.26,0.0,0.0,0.26,Non-Toxin,0.183
NDM5_2460,0.185,0.0,-0.5,0.0,Non-Toxin,0.0
NDM5_2461,0.125,0.0,-0.5,0.0,Non-Toxin,0.0
NDM5_2462,0.145,0.0,-0.5,0.0,Non-Toxin,0.0
NDM5_2462_2,0.135,0.0,-0.5,0.0,Non-Toxin,0.0
NDM5_2463,0.115,0.0,-0.5,0.0,Non-Toxin,0.0
NDM5_2464,0.18,0.0,-0.5,0.0,Non-Toxin,0.0
NDM5_2465,0.135,0.0,-0.5,0.0,Non-Toxin,0.0
NDM5_2465_2,0.105,0.0,-0.5,0.0,Non-Toxin,0.0
NDM5_2466,0.13,0.0,-0.5,0.0,Non-Toxin,0.0
NDM5_2467,0.115,0.0,-0.5,0.0,Non-Toxin,0.0
NDM5_2468,0.11,0.0,-0.5,0.0,Non-Toxin,0.0
NDM5_2468_2,0.21,0.0,-0.5,0.0,Non-Toxin,0.0
NDM5_2469,0.085,0.0,-0.5,0.0,Non-Toxin,0.0
NDM5_246_0,0.39,0.0,-0.5,0.0,Non-Toxin,0.0
NDM5_246_1,0.415,0.0,-0.5,0.0,Non-Toxin,0.0
NDM5_247,0.24,0.0,-0.5,0.0,Non-Toxin,0.0
NDM5_247_0,0.125,0.0,0.0,0.125,Non-Toxin,0.007
NDM5_247_1,0.125,0.0,0.0,0.125,Non-Toxin,0.007
NDM5_248,0.24,0.0,-0.5,0.0,Non-Toxin,0.0
NDM5_248_0,0.145,0.0,0.0,0.145,Non-Toxin,0.033
NDM5_248_1,0.115,0.0,0.0,0.115,Non-Toxin,0.0
NDM5_249,0.3,0.0,0.0,0.3,Non-Toxin,0.235
NDM5_2490,0.205,0.0,0.0,0.205,Non-Toxin,0.111
NDM5_2491,0.105,0.0,-0.5,0.0,Non-Toxin,0.0
NDM5_2491_2,0.105,0.0,-0.5,0.0,Non-Toxin,0.0
NDM5_2492,0.11,0.0,-0.5,0.0,Non-Toxin,0.0
NDM5_2493,0.185,0.0,0.0,0.185,Non-Toxin,0.085
NDM5_2494,0.06,0.0,-0.5,0.0,Non-Toxin,0.0
NDM5_2494_2,0.12,0.0,-0.5,0.0,Non-Toxin,0.0
NDM5_2495,0.135,0.0,-0.5,0.0,Non-Toxin,0.0
NDM5_2496,0.15,0.0,0.0,0.15,Non-Toxin,0.039
NDM5_2497,0.145,0.0,0.0,0.145,Non-Toxin,0.033
NDM5_2497_2,0.12,0.0,-0.5,0.0,Non-Toxin,0.0
NDM5_2498,0.09,0.0,-0.5,0.0,Non-Toxin,0.0
NDM5_2499,0.14,0.0,0.0,0.14,Non-Toxin,0.026
NDM5_249_0,0.185,0.0,-0.5,0.0,Non-Toxin,0.0
NDM5_249_1,0.215,0.0,0.0,0.215,Non-Toxin,0.124
NDM5_250,0.105,0.0,-0.5,0.0,Non-Toxin,0.0
NDM5_250_0,0.215,0.0,-0.5,0.0,Non-Toxin,0.0
NDM5_250_1,0.205,0.0,-0.5,0.0,Non-Toxin,0.0
NDM5_251,0.115,0.0,0.0,0.115,Non-Toxin,0.0
NDM5_251_0,0.155,0.0,-0.5,0.0,Non-Toxin,0.0
NDM5_251_1,0.23,0.0,0.0,0.23,Non-Toxin,0.144
NDM5_252,0.155,0.0,0.0,0.155,Non-Toxin,0.046
NDM5_2520,0.08,0.0,-0.5,0.0,Non-Toxin,0.0
NDM5_2520_2,0.09,0.0,-0.5,0.0,Non-Toxin,0.0
NDM5_2521,0.105,0.0,-0.5,0.0,Non-Toxin,0.0
NDM5_2522,0.175,0.0,-0.5,0.0,Non-Toxin,0.0
NDM5_2523,0.13,0.0,0.0,0.13,Non-Toxin,0.013
NDM5_2523_2,0.15,0.0,-0.5,0.0,Non-Toxin,0.0
NDM5_2524,0.18,0.0,-0.5,0.0,Non-Toxin,0.0
NDM5_2525,0.17,0.0,0.0,0.17,Non-Toxin,0.066
NDM5_2526,0.155,0.0,-0.5,0.0,Non-Toxin,0.0
NDM5_2526_2,0.135,0.0,-0.5,0.0,Non-Toxin,0.0
NDM5_2527,0.085,0.0,-0.5,0.0,Non-Toxin,0.0
NDM5_2528,0.09,0.0,-0.5,0.0,Non-Toxin,0.0
NDM5_2529,0.17,0.0,-0.5,0.0,Non-Toxin,0.0
NDM5_2529_2,0.295,0.0,-0.5,0.0,Non-Toxin,0.0
NDM5_252_0,0.265,0.0,-0.5,0.0,Non-Toxin,0.0
NDM5_252_1,0.185,0.0,-0.5,0.0,Non-Toxin,0.0
NDM5_253,0.145,0.0,0.0,0.145,Non-Toxin,0.033
NDM5_253_0,0.225,0.0,-0.5,0.0,Non-Toxin,0.0
NDM5_253_1,0.2,0.0,-0.5,0.0,Non-Toxin,0.0
NDM5_254,0.265,0.0,-0.5,0.0,Non-Toxin,0.0
NDM5_254_0,0.265,0.0,0.0,0.265,Non-Toxin,0.19
NDM5_254_1,0.215,0.0,0.0,0.215,Non-Toxin,0.124
NDM5_255,0.19,0.0,0.0,0.19,Non-Toxin,0.092
NDM5_2550,0.205,0.0,0.0,0.205,Non-Toxin,0.111
NDM5_2551,0.24,0.0,-0.5,0.0,Non-Toxin,0.0
NDM5_2552,0.065,0.0,-0.5,0.0,Non-Toxin,0.0
NDM5_2552_2,0.175,0.0,0.0,0.175,Non-Toxin,0.072
NDM5_2553,0.26,0.0,-0.5,0.0,Non-Toxin,0.0
NDM5_2554,0.15,0.0,-0.5,0.0,Non-Toxin,0.0
NDM5_2555,0.15,0.0,-0.5,0.0,Non-Toxin,0.0
NDM5_2555_2,0.365,0.0,-0.5,0.0,Non-Toxin,0.0
NDM5_2556,0.305,0.0,0.0,0.305,Non-Toxin,0.242
NDM5_2557,0.24,0.0,-0.5,0.0,Non-Toxin,0.0
NDM5_2558,0.28,0.0,-0.5,0.0,Non-Toxin,0.0
NDM5_2558_2,0.245,0.0,-0.5,0.0,Non-Toxin,0.0
NDM5_2559,0.17,0.0,-0.5,0.0,Non-Toxin,0.0
NDM5_255_0,0.105,0.0,0.0,0.105,Non-Toxin,0.0
NDM5_255_1,0.14,0.0,0.0,0.14,Non-Toxin,0.026
NDM5_256,0.175,0.0,0.0,0.175,Non-Toxin,0.072
NDM5_256_0,0.14,0.0,-0.5,0.0,Non-Toxin,0.0
NDM5_256_1,0.095,0.0,0.0,0.095,Non-Toxin,0.0
NDM5_257,0.355,0.0,0.0,0.355,Non-Toxin,0.307
NDM5_257_0,0.215,0.0,-0.5,0.0,Non-Toxin,0.0
NDM5_257_1,0.165,0.0,-0.5,0.0,Non-Toxin,0.0
NDM5_258,0.185,0.0,-0.5,0.0,Non-Toxin,0.0
NDM5_2580,0.215,0.0,-0.5,0.0,Non-Toxin,0.0
NDM5_2581,0.09,0.0,-0.5,0.0,Non-Toxin,0.0
NDM5_2581_2,0.07,0.0,-0.5,0.0,Non-Toxin,0.0
NDM5_2582,0.155,0.0,0.0,0.155,Non-Toxin,0.046
NDM5_2583,0.12,0.0,-0.5,0.0,Non-Toxin,0.0
NDM5_2584,0.08,0.0,-0.5,0.0,Non-Toxin,0.0
NDM5_2584_2,0.195,0.0,-0.5,0.0,Non-Toxin,0.0
NDM5_2585,0.125,0.0,-0.5,0.0,Non-Toxin,0.0
NDM5_2586,0.22,0.0,0.0,0.22,Non-Toxin,0.131
NDM5_2587,0.265,0.0,-0.5,0.0,Non-Toxin,0.0
NDM5_2587_2,0.155,0.0,-0.5,0.0,Non-Toxin,0.0
NDM5_2588,0.145,0.0,-0.5,0.0,Non-Toxin,0.0
NDM5_2589,0.08,0.0,-0.5,0.0,Non-Toxin,0.0
NDM5_258_0,0.225,0.0,-0.5,0.0,Non-Toxin,0.0
NDM5_258_1,0.13,0.0,-0.5,0.0,Non-Toxin,0.0
NDM5_259,0.135,0.0,-0.5,0.0,Non-Toxin,0.0
NDM5_259_0,0.195,0.0,-0.5,0.0,Non-Toxin,0.0
NDM5_259_1,0.145,0.0,-0.5,0.0,Non-Toxin,0.0
NDM5_260,0.13,0.0,-0.5,0.0,Non-Toxin,0.0
NDM5_260_0,0.105,0.0,-0.5,0.0,Non-Toxin,0.0
NDM5_260_1,0.15,0.0,-0.5,0.0,Non-Toxin,0.0
NDM5_261,0.47,0.5,-0.5,0.47,Toxin,0.458
NDM5_2610,0.26,0.0,-0.5,0.0,Non-Toxin,0.0
NDM5_2610_2,0.335,0.0,-0.5,0.0,Non-Toxin,0.0
NDM5_2611,0.175,0.0,-0.5,0.0,Non-Toxin,0.0
NDM5_2612,0.155,0.0,-0.5,0.0,Non-Toxin,0.0
NDM5_2613,0.075,0.0,-0.5,0.0,Non-Toxin,0.0
NDM5_2613_2,0.15,0.0,-0.5,0.0,Non-Toxin,0.0
NDM5_2614,0.11,0.0,-0.5,0.0,Non-Toxin,0.0
NDM5_2615,0.175,0.0,-0.5,0.0,Non-Toxin,0.0
NDM5_2616,0.14,0.0,-0.5,0.0,Non-Toxin,0.0
NDM5_2616_2,0.115,0.0,-0.5,0.0,Non-Toxin,0.0
NDM5_2617,0.17,0.0,-0.5,0.0,Non-Toxin,0.0
NDM5_2618,0.09,0.0,-0.5,0.0,Non-Toxin,0.0
NDM5_2619,0.395,0.0,0.0,0.395,Toxin,0.36
NDM5_2619_2,0.125,0.0,-0.5,0.0,Non-Toxin,0.0
NDM5_261_0,0.09,0.0,0.0,0.09,Non-Toxin,0.0
NDM5_261_1,0.19,0.0,0.0,0.19,Non-Toxin,0.092
NDM5_262,0.235,0.0,-0.5,0.0,Non-Toxin,0.0
NDM5_262_0,0.235,0.0,-0.5,0.0,Non-Toxin,0.0
NDM5_262_1,0.27,0.0,-0.5,0.0,Non-Toxin,0.0
NDM5_263,0.35,0.0,-0.5,0.0,Non-Toxin,0.0
NDM5_263_0,0.245,0.0,-0.5,0.0,Non-Toxin,0.0
NDM5_263_1,0.21,0.0,-0.5,0.0,Non-Toxin,0.0
NDM5_264,0.195,0.0,-0.5,0.0,Non-Toxin,0.0
NDM5_2640,0.2,0.0,0.0,0.2,Non-Toxin,0.105
NDM5_2641,0.12,0.0,0.0,0.12,Non-Toxin,0.0
NDM5_2642,0.185,0.0,-0.5,0.0,Non-Toxin,0.0
NDM5_2642_2,0.17,0.0,-0.5,0.0,Non-Toxin,0.0
NDM5_2643,0.12,0.0,-0.5,0.0,Non-Toxin,0.0
NDM5_2644,0.115,0.0,-0.5,0.0,Non-Toxin,0.0
NDM5_2645,0.07,0.0,-0.5,0.0,Non-Toxin,0.0
NDM5_2645_2,0.165,0.0,-0.5,0.0,Non-Toxin,0.0
NDM5_2646,0.19,0.0,0.0,0.19,Non-Toxin,0.092
NDM5_2647,0.135,0.0,-0.5,0.0,Non-Toxin,0.0
NDM5_2648,0.2,0.0,0.0,0.2,Non-Toxin,0.105
NDM5_2648_2,0.165,0.0,-0.5,0.0,Non-Toxin,0.0
NDM5_2649,0.215,0.0,-0.5,0.0,Non-Toxin,0.0
NDM5_264_0,0.225,0.0,0.0,0.225,Non-Toxin,0.137
NDM5_264_1,0.255,0.0,-0.5,0.0,Non-Toxin,0.0
NDM5_265,0.245,0.0,-0.5,0.0,Non-Toxin,0.0
NDM5_265_0,0.21,0.0,-0.5,0.0,Non-Toxin,0.0
NDM5_265_1,0.195,0.0,-0.5,0.0,Non-Toxin,0.0
NDM5_266,0.33,0.0,-0.5,0.0,Non-Toxin,0.0
NDM5_266_0,0.15,0.0,-0.5,0.0,Non-Toxin,0.0
NDM5_266_1,0.14,0.0,-0.5,0.0,Non-Toxin,0.0
NDM5_267,0.15,0.0,-0.5,0.0,Non-Toxin,0.0
NDM5_2670,0.15,0.0,-0.5,0.0,Non-Toxin,0.0
NDM5_2671,0.155,0.0,-0.5,0.0,Non-Toxin,0.0
NDM5_2671_2,0.125,0.0,-0.5,0.0,Non-Toxin,0.0
NDM5_2672,0.29,0.0,-0.5,0.0,Non-Toxin,0.0
NDM5_2673,0.075,0.0,-0.5,0.0,Non-Toxin,0.0
NDM5_2674,0.145,0.0,-0.5,0.0,Non-Toxin,0.0
NDM5_2674_2,0.14,0.0,-0.5,0.0,Non-Toxin,0.0
NDM5_2675,0.14,0.0,0.0,0.14,Non-Toxin,0.026
NDM5_2676,0.23,0.0,-0.5,0.0,Non-Toxin,0.0
NDM5_2677,0.21,0.0,-0.5,0.0,Non-Toxin,0.0
NDM5_2677_2,0.095,0.0,-0.5,0.0,Non-Toxin,0.0
NDM5_2678,0.09,0.0,-0.5,0.0,Non-Toxin,0.0
NDM5_2679,0.13,0.0,-0.5,0.0,Non-Toxin,0.0
NDM5_267_0,0.175,0.0,-0.5,0.0,Non-Toxin,0.0
NDM5_267_1,0.2,0.0,-0.5,0.0,Non-Toxin,0.0
NDM5_268,0.11,0.0,-0.5,0.0,Non-Toxin,0.0
NDM5_268_0,0.12,0.0,-0.5,0.0,Non-Toxin,0.0
NDM5_268_1,0.16,0.0,-0.5,0.0,Non-Toxin,0.0
NDM5_269,0.175,0.0,-0.5,0.0,Non-Toxin,0.0
NDM5_269_0,0.3,0.0,-0.5,0.0,Non-Toxin,0.0
NDM5_269_1,0.28,0.0,-0.5,0.0,Non-Toxin,0.0
NDM5_270,0.14,0.0,-0.5,0.0,Non-Toxin,0.0
NDM5_2700,0.115,0.0,-0.5,0.0,Non-Toxin,0.0
NDM5_2700_2,0.085,0.0,0.0,0.085,Non-Toxin,0.0
NDM5_2701,0.13,0.0,-0.5,0.0,Non-Toxin,0.0
NDM5_2702,0.18,0.0,-0.5,0.0,Non-Toxin,0.0
NDM5_2703,0.13,0.0,-0.5,0.0,Non-Toxin,0.0
NDM5_2703_2,0.2,0.0,-0.5,0.0,Non-Toxin,0.0
NDM5_2704,0.15,0.0,-0.5,0.0,Non-Toxin,0.0
NDM5_2705,0.16,0.0,0.0,0.16,Non-Toxin,0.053
NDM5_2706,0.225,0.0,-0.5,0.0,Non-Toxin,0.0
NDM5_2706_2,0.075,0.0,-0.5,0.0,Non-Toxin,0.0
NDM5_2707,0.195,0.0,-0.5,0.0,Non-Toxin,0.0
NDM5_2708,0.2,0.0,-0.5,0.0,Non-Toxin,0.0
NDM5_2709,0.125,0.0,-0.5,0.0,Non-Toxin,0.0
NDM5_2709_2,0.275,0.0,-0.5,0.0,Non-Toxin,0.0
NDM5_270_0,0.195,0.0,-0.5,0.0,Non-Toxin,0.0
NDM5_270_1,0.18,0.0,-0.5,0.0,Non-Toxin,0.0
NDM5_271,0.36,0.0,-0.5,0.0,Non-Toxin,0.0
NDM5_271_0,0.19,0.0,-0.5,0.0,Non-Toxin,0.0
NDM5_271_1,0.24,0.0,-0.5,0.0,Non-Toxin,0.0
NDM5_272,0.125,0.0,0.0,0.125,Non-Toxin,0.007
NDM5_272_0,0.02,0.0,0.0,0.02,Non-Toxin,0.0
NDM5_272_1,0.04,0.0,0.0,0.04,Non-Toxin,0.0
NDM5_273,0.365,0.0,0.0,0.365,Non-Toxin,0.32
NDM5_2730,0.125,0.0,-0.5,0.0,Non-Toxin,0.0
NDM5_2731,0.125,0.0,-0.5,0.0,Non-Toxin,0.0
NDM5_2732,0.365,0.0,0.0,0.365,Non-Toxin,0.32
NDM5_2732_2,0.18,0.0,-0.5,0.0,Non-Toxin,0.0
NDM5_2733,0.155,0.0,-0.5,0.0,Non-Toxin,0.0
NDM5_2734,0.235,0.0,-0.5,0.0,Non-Toxin,0.0
NDM5_2735,0.28,0.0,-0.5,0.0,Non-Toxin,0.0
NDM5_2735_2,0.13,0.0,-0.5,0.0,Non-Toxin,0.0
NDM5_2736,0.285,0.0,-0.5,0.0,Non-Toxin,0.0
NDM5_2737,0.115,0.0,-0.5,0.0,Non-Toxin,0.0
NDM5_2738,0.175,0.0,-0.5,0.0,Non-Toxin,0.0
NDM5_2738_2,0.105,0.0,-0.5,0.0,Non-Toxin,0.0
NDM5_2739,0.15,0.0,-0.5,0.0,Non-Toxin,0.0
NDM5_273_0,0.155,0.0,-0.5,0.0,Non-Toxin,0.0
NDM5_273_1,0.22,0.0,-0.5,0.0,Non-Toxin,0.0
NDM5_274,0.215,0.0,-0.5,0.0,Non-Toxin,0.0
NDM5_274_0,0.25,0.0,0.0,0.25,Non-Toxin,0.17
NDM5_274_1,0.28,0.0,0.0,0.28,Non-Toxin,0.209
NDM5_275,0.255,0.0,0.0,0.255,Non-Toxin,0.177
NDM5_275_0,0.22,0.0,-0.5,0.0,Non-Toxin,0.0
NDM5_275_1,0.2,0.0,-0.5,0.0,Non-Toxin,0.0
NDM5_276,0.13,0.0,-0.5,0.0,Non-Toxin,0.0
NDM5_2760,0.195,0.0,0.0,0.195,Non-Toxin,0.098
NDM5_2761,0.135,0.0,0.0,0.135,Non-Toxin,0.02
NDM5_2761_2,0.26,0.0,0.0,0.26,Non-Toxin,0.183
NDM5_2762,0.255,0.0,-0.5,0.0,Non-Toxin,0.0
NDM5_2763,0.18,0.0,-0.5,0.0,Non-Toxin,0.0
NDM5_2764,0.12,0.0,-0.5,0.0,Non-Toxin,0.0
NDM5_2764_2,0.115,0.0,-0.5,0.0,Non-Toxin,0.0
NDM5_2765,0.12,0.0,-0.5,0.0,Non-Toxin,0.0
NDM5_2766,0.38,0.0,-0.5,0.0,Non-Toxin,0.0
NDM5_2767,0.165,0.0,-0.5,0.0,Non-Toxin,0.0
NDM5_2767_2,0.065,0.0,0.0,0.065,Non-Toxin,0.0
NDM5_2768,0.265,0.0,-0.5,0.0,Non-Toxin,0.0
NDM5_2769,0.16,0.0,-0.5,0.0,Non-Toxin,0.0
NDM5_276_0,0.195,0.0,-0.5,0.0,Non-Toxin,0.0
NDM5_276_1,0.15,0.0,-0.5,0.0,Non-Toxin,0.0
NDM5_277,0.155,0.0,-0.5,0.0,Non-Toxin,0.0
NDM5_277_0,0.225,0.0,-0.5,0.0,Non-Toxin,0.0
NDM5_277_1,0.27,0.0,-0.5,0.0,Non-Toxin,0.0
NDM5_278,0.185,0.0,-0.5,0.0,Non-Toxin,0.0
NDM5_278_0,0.18,0.0,-0.5,0.0,Non-Toxin,0.0
NDM5_278_1,0.17,0.0,-0.5,0.0,Non-Toxin,0.0
NDM5_279,0.065,0.0,-0.5,0.0,Non-Toxin,0.0
NDM5_2790,0.105,0.0,-0.5,0.0,Non-Toxin,0.0
NDM5_2790_2,0.16,0.0,0.0,0.16,Non-Toxin,0.053
NDM5_2791,0.115,0.0,-0.5,0.0,Non-Toxin,0.0
NDM5_2792,0.13,0.0,-0.5,0.0,Non-Toxin,0.0
NDM5_2793,0.085,0.0,-0.5,0.0,Non-Toxin,0.0
NDM5_2793_2,0.19,0.0,0.0,0.19,Non-Toxin,0.092
NDM5_2794,0.155,0.0,-0.5,0.0,Non-Toxin,0.0
NDM5_2795,0.28,0.0,0.0,0.28,Non-Toxin,0.209
NDM5_2796,0.12,0.0,-0.5,0.0,Non-Toxin,0.0
NDM5_2796_2,0.1,0.0,-0.5,0.0,Non-Toxin,0.0
NDM5_2797,0.145,0.0,-0.5,0.0,Non-Toxin,0.0
NDM5_2798,0.145,0.0,-0.5,0.0,Non-Toxin,0.0
NDM5_2799,0.155,0.0,0.0,0.155,Non-Toxin,0.046
NDM5_2799_2,0.19,0.0,0.0,0.19,Non-Toxin,0.092
NDM5_279_0,0.285,0.0,0.0,0.285,Non-Toxin,0.216
NDM5_279_1,0.21,0.0,-0.5,0.0,Non-Toxin,0.0
NDM5_280,0.205,0.0,-0.5,0.0,Non-Toxin,0.0
NDM5_280_0,0.2,0.0,-0.5,0.0,Non-Toxin,0.0
NDM5_280_1,0.345,0.0,0.0,0.345,Non-Toxin,0.294
NDM5_281,0.105,0.0,-0.5,0.0,Non-Toxin,0.0
NDM5_281_0,0.185,0.0,-0.5,0.0,Non-Toxin,0.0
NDM5_281_1,0.275,0.0,-0.5,0.0,Non-Toxin,0.0
NDM5_282,0.095,0.0,-0.5,0.0,Non-Toxin,0.0
NDM5_2820,0.125,0.0,-0.5,0.0,Non-Toxin,0.0
NDM5_2821,0.065,0.0,-0.5,0.0,Non-Toxin,0.0
NDM5_2822,0.22,0.0,-0.5,0.0,Non-Toxin,0.0
NDM5_2822_2,0.215,0.0,-0.5,0.0,Non-Toxin,0.0
NDM5_2823,0.12,0.0,0.0,0.12,Non-Toxin,0.0
NDM5_2824,0.145,0.0,0.0,0.145,Non-Toxin,0.033
NDM5_2825,0.1,0.0,-0.5,0.0,Non-Toxin,0.0
NDM5_2825_2,0.115,0.0,-0.5,0.0,Non-Toxin,0.0
NDM5_2826,0.175,0.0,0.0,0.175,Non-Toxin,0.072
NDM5_2827,0.135,0.0,-0.5,0.0,Non-Toxin,0.0
NDM5_2828,0.195,0.0,-0.5,0.0,Non-Toxin,0.0
NDM5_2828_2,0.19,0.0,0.0,0.19,Non-Toxin,0.092
NDM5_2829,0.22,0.0,0.0,0.22,Non-Toxin,0.131
NDM5_282_0,0.145,0.0,-0.5,0.0,Non-Toxin,0.0
NDM5_282_1,0.115,0.0,-0.5,0.0,Non-Toxin,0.0
NDM5_283,0.045,0.0,-0.5,0.0,Non-Toxin,0.0
NDM5_283_0,0.11,0.0,-0.5,0.0,Non-Toxin,0.0
NDM5_283_1,0.145,0.0,-0.5,0.0,Non-Toxin,0.0
NDM5_284,0.305,0.0,-0.5,0.0,Non-Toxin,0.0
NDM5_284_0,0.1,0.0,-0.5,0.0,Non-Toxin,0.0
NDM5_284_1,0.3,0.0,0.0,0.3,Non-Toxin,0.235
NDM5_285,0.13,0.0,-0.5,0.0,Non-Toxin,0.0
NDM5_2850,0.11,0.0,-0.5,0.0,Non-Toxin,0.0
NDM5_2851,0.22,0.0,-0.5,0.0,Non-Toxin,0.0
NDM5_2851_2,0.1,0.0,-0.5,0.0,Non-Toxin,0.0
NDM5_2852,0.125,0.0,-0.5,0.0,Non-Toxin,0.0
NDM5_2853,0.135,0.0,-0.5,0.0,Non-Toxin,0.0
NDM5_2854,0.26,0.0,-0.5,0.0,Non-Toxin,0.0
NDM5_2854_2,0.225,0.0,-0.5,0.0,Non-Toxin,0.0
NDM5_2855,0.16,0.0,0.0,0.16,Non-Toxin,0.053
NDM5_2856,0.09,0.0,-0.5,0.0,Non-Toxin,0.0
NDM5_2857,0.1,0.0,-0.5,0.0,Non-Toxin,0.0
NDM5_2857_2,0.085,0.0,-0.5,0.0,Non-Toxin,0.0
NDM5_2858,0.15,0.0,-0.5,0.0,Non-Toxin,0.0
NDM5_2859,0.125,0.0,-0.5,0.0,Non-Toxin,0.0
NDM5_285_0,0.155,0.0,0.0,0.155,Non-Toxin,0.046
NDM5_285_1,0.16,0.0,0.0,0.16,Non-Toxin,0.053
NDM5_286,0.075,0.0,-0.5,0.0,Non-Toxin,0.0
NDM5_286_0,0.375,0.0,0.0,0.375,Non-Toxin,0.334
NDM5_286_1,0.255,0.0,0.0,0.255,Non-Toxin,0.177
NDM5_287,0.22,0.0,-0.5,0.0,Non-Toxin,0.0
NDM5_287_0,0.155,0.0,-0.5,0.0,Non-Toxin,0.0
NDM5_287_1,0.105,0.0,-0.5,0.0,Non-Toxin,0.0
NDM5_288,0.26,0.0,0.0,0.26,Non-Toxin,0.183
NDM5_2880,0.19,0.0,-0.5,0.0,Non-Toxin,0.0
NDM5_2880_2,0.325,0.0,0.0,0.325,Non-Toxin,0.268
NDM5_2881,0.12,0.0,-0.5,0.0,Non-Toxin,0.0
NDM5_2882,0.2,0.0,-0.5,0.0,Non-Toxin,0.0
NDM5_2883,0.295,0.0,0.0,0.295,Non-Toxin,0.229
NDM5_2883_2,0.11,0.0,0.0,0.11,Non-Toxin,0.0
NDM5_2884,0.07,0.0,-0.5,0.0,Non-Toxin,0.0
NDM5_2885,0.2,0.0,-0.5,0.0,Non-Toxin,0.0
NDM5_2886,0.165,0.0,0.0,0.165,Non-Toxin,0.059
NDM5_2886_2,0.28,0.0,0.0,0.28,Non-Toxin,0.209
NDM5_2887,0.11,0.0,-0.5,0.0,Non-Toxin,0.0
NDM5_2888,0.21,0.0,0.0,0.21,Non-Toxin,0.118
NDM5_2889,0.12,0.0,-0.5,0.0,Non-Toxin,0.0
NDM5_2889_2,0.26,0.0,-0.5,0.0,Non-Toxin,0.0
NDM5_288_0,0.165,0.0,0.0,0.165,Non-Toxin,0.059
NDM5_288_1,0.1,0.0,-0.5,0.0,Non-Toxin,0.0
NDM5_289,0.35,0.0,-0.5,0.0,Non-Toxin,0.0
NDM5_289_0,0.14,0.0,-0.5,0.0,Non-Toxin,0.0
NDM5_289_1,0.15,0.0,-0.5,0.0,Non-Toxin,0.0
NDM5_290,0.16,0.0,-0.5,0.0,Non-Toxin,0.0
NDM5_290_0,0.145,0.0,-0.5,0.0,Non-Toxin,0.0
NDM5_290_1,0.14,0.0,-0.5,0.0,Non-Toxin,0.0
NDM5_291,0.09,0.0,0.0,0.09,Non-Toxin,0.0
NDM5_2910,0.205,0.0,-0.5,0.0,Non-Toxin,0.0
NDM5_2911,0.19,0.0,0.0,0.19,Non-Toxin,0.092
NDM5_2912,0.155,0.0,-0.5,0.0,Non-Toxin,0.0
NDM5_2912_2,0.085,0.0,-0.5,0.0,Non-Toxin,0.0
NDM5_2913,0.23,0.0,0.0,0.23,Non-Toxin,0.144
NDM5_2914,0.12,0.0,-0.5,0.0,Non-Toxin,0.0
NDM5_2915,0.14,0.0,-0.5,0.0,Non-Toxin,0.0
NDM5_2915_2,0.105,0.0,0.0,0.105,Non-Toxin,0.0
NDM5_2916,0.41,0.0,-0.5,0.0,Non-Toxin,0.0
NDM5_2917,0.085,0.0,0.0,0.085,Non-Toxin,0.0
NDM5_2918,0.31,0.0,-0.5,0.0,Non-Toxin,0.0
NDM5_2918_2,0.13,0.0,-0.5,0.0,Non-Toxin,0.0
NDM5_2919,0.26,0.0,-0.5,0.0,Non-Toxin,0.0
NDM5_291_0,0.13,0.0,-0.5,0.0,Non-Toxin,0.0
NDM5_291_1,0.17,0.0,0.0,0.17,Non-Toxin,0.066
NDM5_292,0.11,0.0,-0.5,0.0,Non-Toxin,0.0
NDM5_292_0,0.17,0.0,-0.5,0.0,Non-Toxin,0.0
NDM5_292_1,0.16,0.0,-0.5,0.0,Non-Toxin,0.0
NDM5_293,0.115,0.0,0.0,0.115,Non-Toxin,0.0
NDM5_293_0,0.19,0.0,-0.5,0.0,Non-Toxin,0.0
NDM5_293_1,0.145,0.0,-0.5,0.0,Non-Toxin,0.0
NDM5_294,0.165,0.0,-0.5,0.0,Non-Toxin,0.0
NDM5_2940,0.14,0.0,-0.5,0.0,Non-Toxin,0.0
NDM5_2941,0.135,0.0,0.0,0.135,Non-Toxin,0.02
NDM5_2941_2,0.1,0.0,-0.5,0.0,Non-Toxin,0.0
NDM5_2942,0.095,0.0,-0.5,0.0,Non-Toxin,0.0
NDM5_2943,0.33,0.0,-0.5,0.0,Non-Toxin,0.0
NDM5_2944,0.125,0.0,-0.5,0.0,Non-Toxin,0.0
NDM5_2944_2,0.115,0.0,0.0,0.115,Non-Toxin,0.0
NDM5_2945,0.095,0.0,-0.5,0.0,Non-Toxin,0.0
NDM5_2946,0.09,0.0,-0.5,0.0,Non-Toxin,0.0
NDM5_2947,0.165,0.0,-0.5,0.0,Non-Toxin,0.0
NDM5_2947_2,0.05,0.0,0.0,0.05,Non-Toxin,0.0
NDM5_2948,0.095,0.0,-0.5,0.0,Non-Toxin,0.0
NDM5_2949,0.41,0.0,-0.5,0.0,Non-Toxin,0.0
NDM5_294_0,0.165,0.0,-0.5,0.0,Non-Toxin,0.0
NDM5_294_1,0.21,0.0,-0.5,0.0,Non-Toxin,0.0
NDM5_295,0.11,0.0,-0.5,0.0,Non-Toxin,0.0
NDM5_295_0,0.105,0.0,-0.5,0.0,Non-Toxin,0.0
NDM5_295_1,0.155,0.0,-0.5,0.0,Non-Toxin,0.0
NDM5_296,0.17,0.0,-0.5,0.0,Non-Toxin,0.0
NDM5_296_0,0.165,0.0,-0.5,0.0,Non-Toxin,0.0
NDM5_296_1,0.17,0.0,-0.5,0.0,Non-Toxin,0.0
NDM5_297,0.16,0.0,-0.5,0.0,Non-Toxin,0.0
NDM5_2970,0.2,0.0,-0.5,0.0,Non-Toxin,0.0
NDM5_2970_2,0.12,0.0,-0.5,0.0,Non-Toxin,0.0
NDM5_2971,0.155,0.0,0.0,0.155,Non-Toxin,0.046
NDM5_2972,0.52,0.0,0.0,0.52,Toxin,0.523
NDM5_2973,0.255,0.0,0.0,0.255,Non-Toxin,0.177
NDM5_2973_2,0.11,0.0,-0.5,0.0,Non-Toxin,0.0
NDM5_2974,0.2,0.0,-0.5,0.0,Non-Toxin,0.0
NDM5_2975,0.2,0.0,-0.5,0.0,Non-Toxin,0.0
NDM5_2976,0.1,0.0,-0.5,0.0,Non-Toxin,0.0
NDM5_2976_2,0.1,0.0,-0.5,0.0,Non-Toxin,0.0
NDM5_2977,0.16,0.0,-0.5,0.0,Non-Toxin,0.0
NDM5_2978,0.16,0.0,-0.5,0.0,Non-Toxin,0.0
NDM5_2979,0.13,0.0,-0.5,0.0,Non-Toxin,0.0
NDM5_2979_2,0.12,0.0,0.0,0.12,Non-Toxin,0.0
NDM5_297_0,0.27,0.0,-0.5,0.0,Non-Toxin,0.0
NDM5_297_1,0.115,0.0,-0.5,0.0,Non-Toxin,0.0
NDM5_298,0.17,0.0,0.0,0.17,Non-Toxin,0.066
NDM5_298_0,0.16,0.0,-0.5,0.0,Non-Toxin,0.0
NDM5_298_1,0.2,0.0,-0.5,0.0,Non-Toxin,0.0
NDM5_299,0.095,0.0,-0.5,0.0,Non-Toxin,0.0
NDM5_299_0,0.125,0.0,0.0,0.125,Non-Toxin,0.007
NDM5_299_1,0.18,0.0,0.0,0.18,Non-Toxin,0.079
NDM5_300,0.16,0.0,-0.5,0.0,Non-Toxin,0.0
NDM5_3000,0.155,0.0,-0.5,0.0,Non-Toxin,0.0
NDM5_3001,0.195,0.0,-0.5,0.0,Non-Toxin,0.0
NDM5_3002,0.16,0.0,-0.5,0.0,Non-Toxin,0.0
NDM5_3002_2,0.115,0.0,-0.5,0.0,Non-Toxin,0.0
NDM5_3003,0.215,0.0,-0.5,0.0,Non-Toxin,0.0
NDM5_3004,0.18,0.0,0.0,0.18,Non-Toxin,0.079
NDM5_3005,0.16,0.0,-0.5,0.0,Non-Toxin,0.0
NDM5_3005_2,0.12,0.0,-0.5,0.0,Non-Toxin,0.0
NDM5_3006,0.26,0.0,-0.5,0.0,Non-Toxin,0.0
NDM5_3007,0.095,0.0,-0.5,0.0,Non-Toxin,0.0
NDM5_3008,0.115,0.0,-0.5,0.0,Non-Toxin,0.0
NDM5_3008_2,0.2,0.0,-0.5,0.0,Non-Toxin,0.0
NDM5_3009,0.13,0.0,-0.5,0.0,Non-Toxin,0.0
NDM5_300_0,0.195,0.0,-0.5,0.0,Non-Toxin,0.0
NDM5_300_1,0.145,0.0,-0.5,0.0,Non-Toxin,0.0
NDM5_301,0.29,0.0,-0.5,0.0,Non-Toxin,0.0
NDM5_301_0,0.215,0.0,-0.5,0.0,Non-Toxin,0.0
NDM5_301_1,0.29,0.0,-0.5,0.0,Non-Toxin,0.0
NDM5_302,0.1,0.0,-0.5,0.0,Non-Toxin,0.0
NDM5_302_0,0.11,0.0,-0.5,0.0,Non-Toxin,0.0
NDM5_302_1,0.135,0.0,-0.5,0.0,Non-Toxin,0.0
NDM5_303,0.205,0.0,-0.5,0.0,Non-Toxin,0.0
NDM5_3030,0.145,0.0,-0.5,0.0,Non-Toxin,0.0
NDM5_3031,0.145,0.0,-0.5,0.0,Non-Toxin,0.0
NDM5_3031_2,0.23,0.0,-0.5,0.0,Non-Toxin,0.0
NDM5_3032,0.145,0.0,-0.5,0.0,Non-Toxin,0.0
NDM5_3033,0.19,0.0,0.0,0.19,Non-Toxin,0.092
NDM5_3034,0.14,0.0,0.0,0.14,Non-Toxin,0.026
NDM5_3034_2,0.13,0.0,-0.5,0.0,Non-Toxin,0.0
NDM5_3035,0.11,0.0,-0.5,0.0,Non-Toxin,0.0
NDM5_3036,0.12,0.0,-0.5,0.0,Non-Toxin,0.0
NDM5_3037,0.13,0.0,0.0,0.13,Non-Toxin,0.013
NDM5_3037_2,0.2,0.0,-0.5,0.0,Non-Toxin,0.0
NDM5_3038,0.12,0.0,-0.5,0.0,Non-Toxin,0.0
NDM5_3039,0.135,0.0,-0.5,0.0,Non-Toxin,0.0
NDM5_303_0,0.2,0.0,-0.5,0.0,Non-Toxin,0.0
NDM5_303_1,0.195,0.0,-0.5,0.0,Non-Toxin,0.0
NDM5_304,0.175,0.0,-0.5,0.0,Non-Toxin,0.0
NDM5_304_0,0.165,0.0,-0.5,0.0,Non-Toxin,0.0
NDM5_304_1,0.125,0.0,0.0,0.125,Non-Toxin,0.007
NDM5_305,0.275,0.0,-0.5,0.0,Non-Toxin,0.0
NDM5_305_0,0.28,0.0,-0.5,0.0,Non-Toxin,0.0
NDM5_305_1,0.255,0.0,-0.5,0.0,Non-Toxin,0.0
NDM5_306,0.28,0.0,-0.5,0.0,Non-Toxin,0.0
NDM5_3060,0.1,0.0,-0.5,0.0,Non-Toxin,0.0
NDM5_3060_2,0.155,0.0,-0.5,0.0,Non-Toxin,0.0
NDM5_3061,0.17,0.0,-0.5,0.0,Non-Toxin,0.0
NDM5_3062,0.105,0.0,-0.5,0.0,Non-Toxin,0.0
NDM5_3063,0.15,0.0,-0.5,0.0,Non-Toxin,0.0
NDM5_3063_2,0.135,0.0,-0.5,0.0,Non-Toxin,0.0
NDM5_3064,0.195,0.0,-0.5,0.0,Non-Toxin,0.0
NDM5_3065,0.095,0.0,-0.5,0.0,Non-Toxin,0.0
NDM5_3066,0.25,0.0,0.0,0.25,Non-Toxin,0.17
NDM5_3066_2,0.35,0.0,-0.5,0.0,Non-Toxin,0.0
NDM5_3067,0.19,0.0,-0.5,0.0,Non-Toxin,0.0
NDM5_3068,0.175,0.0,-0.5,0.0,Non-Toxin,0.0
NDM5_3069,0.045,0.0,0.0,0.045,Non-Toxin,0.0
NDM5_3069_2,0.21,0.0,-0.5,0.0,Non-Toxin,0.0
NDM5_306_0,0.295,0.0,-0.5,0.0,Non-Toxin,0.0
NDM5_306_1,0.31,0.0,-0.5,0.0,Non-Toxin,0.0
NDM5_307,0.16,0.0,-0.5,0.0,Non-Toxin,0.0
NDM5_307_0,0.16,0.0,-0.5,0.0,Non-Toxin,0.0
NDM5_307_1,0.065,0.0,-0.5,0.0,Non-Toxin,0.0
NDM5_308,0.345,0.0,0.0,0.345,Non-Toxin,0.294
NDM5_308_0,0.105,0.0,-0.5,0.0,Non-Toxin,0.0
NDM5_308_1,0.12,0.0,-0.5,0.0,Non-Toxin,0.0
NDM5_309,0.175,0.0,-0.5,0.0,Non-Toxin,0.0
NDM5_3090,0.26,0.0,0.0,0.26,Non-Toxin,0.183
NDM5_3091,0.19,0.0,0.0,0.19,Non-Toxin,0.092
NDM5_3092,0.11,0.0,-0.5,0.0,Non-Toxin,0.0
NDM5_3092_2,0.345,0.0,0.0,0.345,Non-Toxin,0.294
NDM5_3093,0.7,0.0,0.0,0.7,Toxin,0.758
NDM5_3094,0.305,0.0,0.0,0.305,Non-Toxin,0.242
NDM5_3095,0.425,0.0,0.0,0.425,Toxin,0.399
NDM5_3095_2,0.195,0.0,-0.5,0.0,Non-Toxin,0.0
NDM5_3096,0.225,0.0,-0.5,0.0,Non-Toxin,0.0
NDM5_3097,0.435,0.0,-0.5,0.0,Non-Toxin,0.0
NDM5_3098,0.325,0.0,0.0,0.325,Non-Toxin,0.268
NDM5_3098_2,0.09,0.0,0.0,0.09,Non-Toxin,0.0
NDM5_3099,0.265,0.0,-0.5,0.0,Non-Toxin,0.0
NDM5_309_0,0.115,0.0,0.0,0.115,Non-Toxin,0.0
NDM5_309_1,0.18,0.0,0.0,0.18,Non-Toxin,0.079
NDM5_310,0.125,0.0,0.0,0.125,Non-Toxin,0.007
NDM5_310_0,0.215,0.0,-0.5,0.0,Non-Toxin,0.0
NDM5_310_1,0.125,0.0,-0.5,0.0,Non-Toxin,0.0
NDM5_311,0.275,0.0,-0.5,0.0,Non-Toxin,0.0
NDM5_311_0,0.155,0.0,0.0,0.155,Non-Toxin,0.046
NDM5_311_1,0.16,0.0,0.0,0.16,Non-Toxin,0.053
NDM5_312,0.08,0.0,-0.5,0.0,Non-Toxin,0.0
NDM5_3120,0.17,0.0,-0.5,0.0,Non-Toxin,0.0
NDM5_3121,0.125,0.0,-0.5,0.0,Non-Toxin,0.0
NDM5_3121_2,0.115,0.0,-0.5,0.0,Non-Toxin,0.0
NDM5_3122,0.185,0.0,-0.5,0.0,Non-Toxin,0.0
NDM5_3123,0.165,0.0,-0.5,0.0,Non-Toxin,0.0
NDM5_3124,0.15,0.0,-0.5,0.0,Non-Toxin,0.0
NDM5_3124_2,0.205,0.0,-0.5,0.0,Non-Toxin,0.0
NDM5_3125,0.305,0.0,-0.5,0.0,Non-Toxin,0.0
NDM5_3126,0.235,0.0,-0.5,0.0,Non-Toxin,0.0
NDM5_3127,0.115,0.0,0.0,0.115,Non-Toxin,0.0
NDM5_3127_2,0.165,0.0,-0.5,0.0,Non-Toxin,0.0
NDM5_3128,0.105,0.0,-0.5,0.0,Non-Toxin,0.0
NDM5_3129,0.72,0.0,-0.5,0.22,Non-Toxin,0.131
NDM5_312_0,0.145,0.0,-0.5,0.0,Non-Toxin,0.0
NDM5_312_1,0.095,0.0,-0.5,0.0,Non-Toxin,0.0
NDM5_313,0.31,0.0,0.0,0.31,Non-Toxin,0.249
NDM5_313_0,0.295,0.0,-0.5,0.0,Non-Toxin,0.0
NDM5_313_1,0.315,0.0,0.0,0.315,Non-Toxin,0.255
NDM5_314,0.085,0.0,0.0,0.085,Non-Toxin,0.0
NDM5_314_0,0.13,0.0,0.0,0.13,Non-Toxin,0.013
NDM5_314_1,0.17,0.0,-0.5,0.0,Non-Toxin,0.0
NDM5_315,0.07,0.0,-0.5,0.0,Non-Toxin,0.0
NDM5_3150,0.215,0.0,-0.5,0.0,Non-Toxin,0.0
NDM5_3150_2,0.255,0.0,0.0,0.255,Non-Toxin,0.177
NDM5_3151,0.17,0.0,0.0,0.17,Non-Toxin,0.066
NDM5_3152,0.23,0.0,-0.5,0.0,Non-Toxin,0.0
NDM5_3153,0.16,0.0,-0.5,0.0,Non-Toxin,0.0
NDM5_3153_2,0.165,0.0,0.0,0.165,Non-Toxin,0.059
NDM5_3154,0.12,0.0,0.0,0.12,Non-Toxin,0.0
NDM5_3155,0.145,0.0,-0.5,0.0,Non-Toxin,0.0
NDM5_3156,0.12,0.0,-0.5,0.0,Non-Toxin,0.0
NDM5_3156_2,0.16,0.0,-0.5,0.0,Non-Toxin,0.0
NDM5_3157,0.235,0.0,-0.5,0.0,Non-Toxin,0.0
NDM5_3158,0.265,0.0,-0.5,0.0,Non-Toxin,0.0
NDM5_3159,0.105,0.0,-0.5,0.0,Non-Toxin,0.0
NDM5_3159_2,0.215,0.0,-0.5,0.0,Non-Toxin,0.0
NDM5_315_0,0.49,0.0,-0.5,0.0,Non-Toxin,0.0
NDM5_315_1,0.3,0.0,-0.5,0.0,Non-Toxin,0.0
NDM5_316,0.14,0.0,-0.5,0.0,Non-Toxin,0.0
NDM5_316_0,0.29,0.0,-0.5,0.0,Non-Toxin,0.0
NDM5_316_1,0.22,0.0,-0.5,0.0,Non-Toxin,0.0
NDM5_317,0.26,0.0,0.0,0.26,Non-Toxin,0.183
NDM5_317_0,0.31,0.0,0.0,0.31,Non-Toxin,0.249
NDM5_317_1,0.245,0.0,0.0,0.245,Non-Toxin,0.164
NDM5_318,0.19,0.0,0.0,0.19,Non-Toxin,0.092
NDM5_3180,0.125,0.0,-0.5,0.0,Non-Toxin,0.0
NDM5_3181,0.15,0.0,-0.5,0.0,Non-Toxin,0.0
NDM5_3182,0.095,0.0,-0.5,0.0,Non-Toxin,0.0
NDM5_3182_2,0.11,0.0,0.0,0.11,Non-Toxin,0.0
NDM5_3183,0.09,0.0,0.0,0.09,Non-Toxin,0.0
NDM5_3184,0.17,0.0,-0.5,0.0,Non-Toxin,0.0
NDM5_3185,0.07,0.0,-0.5,0.0,Non-Toxin,0.0
NDM5_3185_2,0.12,0.0,-0.5,0.0,Non-Toxin,0.0
NDM5_3186,0.18,0.0,-0.5,0.0,Non-Toxin,0.0
NDM5_3187,0.2,0.0,0.0,0.2,Non-Toxin,0.105
NDM5_3188,0.135,0.0,-0.5,0.0,Non-Toxin,0.0
NDM5_3188_2,0.145,0.0,-0.5,0.0,Non-Toxin,0.0
NDM5_3189,0.175,0.0,-0.5,0.0,Non-Toxin,0.0
NDM5_318_0,0.125,0.0,0.0,0.125,Non-Toxin,0.007
NDM5_318_1,0.195,0.0,0.0,0.195,Non-Toxin,0.098
NDM5_319,0.33,0.0,-0.5,0.0,Non-Toxin,0.0
NDM5_319_0,0.245,0.0,-0.5,0.0,Non-Toxin,0.0
NDM5_319_1,0.165,0.0,-0.5,0.0,Non-Toxin,0.0
NDM5_320,0.155,0.0,-0.5,0.0,Non-Toxin,0.0
NDM5_320_0,0.125,0.0,-0.5,0.0,Non-Toxin,0.0
NDM5_320_1,0.15,0.0,-0.5,0.0,Non-Toxin,0.0
NDM5_321,0.165,0.0,-0.5,0.0,Non-Toxin,0.0
NDM5_3210,0.14,0.0,0.0,0.14,Non-Toxin,0.026
NDM5_3211,0.095,0.0,-0.5,0.0,Non-Toxin,0.0
NDM5_3211_2,0.11,0.0,-0.5,0.0,Non-Toxin,0.0
NDM5_3212,0.195,0.0,0.0,0.195,Non-Toxin,0.098
NDM5_3213,0.17,0.0,-0.5,0.0,Non-Toxin,0.0
NDM5_3214,0.14,0.0,-0.5,0.0,Non-Toxin,0.0
NDM5_3214_2,0.17,0.0,-0.5,0.0,Non-Toxin,0.0
NDM5_3215,0.12,0.0,-0.5,0.0,Non-Toxin,0.0
NDM5_3216,0.125,0.0,0.0,0.125,Non-Toxin,0.007
NDM5_3217,0.185,0.0,0.0,0.185,Non-Toxin,0.085
NDM5_3217_2,0.115,0.0,-0.5,0.0,Non-Toxin,0.0
NDM5_3218,0.19,0.0,0.0,0.19,Non-Toxin,0.092
NDM5_3219,0.095,0.0,0.0,0.095,Non-Toxin,0.0
NDM5_321_0,0.215,0.0,-0.5,0.0,Non-Toxin,0.0
NDM5_321_1,0.12,0.0,-0.5,0.0,Non-Toxin,0.0
NDM5_322,0.155,0.0,-0.5,0.0,Non-Toxin,0.0
NDM5_322_0,0.205,0.0,-0.5,0.0,Non-Toxin,0.0
NDM5_322_1,0.12,0.0,-0.5,0.0,Non-Toxin,0.0
NDM5_323,0.185,0.0,0.0,0.185,Non-Toxin,0.085
NDM5_323_0,0.13,0.0,0.0,0.13,Non-Toxin,0.013
NDM5_323_1,0.12,0.0,0.0,0.12,Non-Toxin,0.0
NDM5_324,0.18,0.0,-0.5,0.0,Non-Toxin,0.0
NDM5_3240,0.265,0.0,-0.5,0.0,Non-Toxin,0.0
NDM5_3240_2,0.365,0.0,0.0,0.365,Non-Toxin,0.32
NDM5_3241,0.18,0.0,-0.5,0.0,Non-Toxin,0.0
NDM5_3242,0.135,0.0,-0.5,0.0,Non-Toxin,0.0
NDM5_3243,0.345,0.0,-0.5,0.0,Non-Toxin,0.0
NDM5_3243_2,0.135,0.0,-0.5,0.0,Non-Toxin,0.0
NDM5_3244,0.38,0.0,-0.5,0.0,Non-Toxin,0.0
NDM5_3245,0.215,0.0,-0.5,0.0,Non-Toxin,0.0
NDM5_3246,0.1,0.0,-0.5,0.0,Non-Toxin,0.0
NDM5_3246_2,0.245,0.0,-0.5,0.0,Non-Toxin,0.0
NDM5_3247,0.255,0.0,-0.5,0.0,Non-Toxin,0.0
NDM5_3248,0.365,0.0,0.0,0.365,Non-Toxin,0.32
NDM5_3249,0.205,0.0,-0.5,0.0,Non-Toxin,0.0
NDM5_3249_2,0.155,0.0,0.0,0.155,Non-Toxin,0.046
NDM5_324_0,0.09,0.0,0.0,0.09,Non-Toxin,0.0
NDM5_324_1,0.105,0.0,-0.5,0.0,Non-Toxin,0.0
NDM5_325,0.33,0.0,-0.5,0.0,Non-Toxin,0.0
NDM5_325_0,0.245,0.0,0.0,0.245,Non-Toxin,0.164
NDM5_325_1,0.135,0.0,-0.5,0.0,Non-Toxin,0.0
NDM5_326,0.16,0.0,0.0,0.16,Non-Toxin,0.053
NDM5_326_0,0.09,0.0,-0.5,0.0,Non-Toxin,0.0
NDM5_326_1,0.085,0.0,-0.5,0.0,Non-Toxin,0.0
NDM5_327,0.095,0.0,-0.5,0.0,Non-Toxin,0.0
NDM5_3270,0.205,0.0,0.0,0.205,Non-Toxin,0.111
NDM5_3271,0.095,0.0,-0.5,0.0,Non-Toxin,0.0
NDM5_3272,0.09,0.0,0.0,0.09,Non-Toxin,0.0
NDM5_3272_2,0.205,0.0,-0.5,0.0,Non-Toxin,0.0
NDM5_3273,0.13,0.0,-0.5,0.0,Non-Toxin,0.0
NDM5_3274,0.065,0.0,-0.5,0.0,Non-Toxin,0.0
NDM5_3275,0.17,0.0,-0.5,0.0,Non-Toxin,0.0
NDM5_3275_2,0.165,0.0,-0.5,0.0,Non-Toxin,0.0
NDM5_3276,0.095,0.0,-0.5,0.0,Non-Toxin,0.0
NDM5_3277,0.21,0.0,-0.5,0.0,Non-Toxin,0.0
NDM5_3278,0.375,0.0,-0.5,0.0,Non-Toxin,0.0
NDM5_3278_2,0.085,0.0,-0.5,0.0,Non-Toxin,0.0
NDM5_3279,0.175,0.0,-0.5,0.0,Non-Toxin,0.0
NDM5_327_0,0.06,0.0,0.0,0.06,Non-Toxin,0.0
NDM5_327_1,0.17,0.0,0.0,0.17,Non-Toxin,0.066
NDM5_328,0.105,0.0,-0.5,0.0,Non-Toxin,0.0
NDM5_328_0,0.18,0.0,-0.5,0.0,Non-Toxin,0.0
NDM5_328_1,0.095,0.0,-0.5,0.0,Non-Toxin,0.0
NDM5_329,0.12,0.0,0.0,0.12,Non-Toxin,0.0
NDM5_329_0,0.1,0.0,-0.5,0.0,Non-Toxin,0.0
NDM5_329_1,0.135,0.0,-0.5,0.0,Non-Toxin,0.0
NDM5_330,0.265,0.0,-0.5,0.0,Non-Toxin,0.0
NDM5_3300,0.205,0.0,-0.5,0.0,Non-Toxin,0.0
NDM5_3301,0.065,0.0,-0.5,0.0,Non-Toxin,0.0
NDM5_3301_2,0.26,0.0,-0.5,0.0,Non-Toxin,0.0
NDM5_3302,0.165,0.0,0.0,0.165,Non-Toxin,0.059
NDM5_3303,0.1,0.0,0.0,0.1,Non-Toxin,0.0
NDM5_3304,0.11,0.0,-0.5,0.0,Non-Toxin,0.0
NDM5_3304_2,0.115,0.0,-0.5,0.0,Non-Toxin,0.0
NDM5_3305,0.13,0.0,0.0,0.13,Non-Toxin,0.013
NDM5_3306,0.115,0.0,-0.5,0.0,Non-Toxin,0.0
NDM5_3307,0.19,0.0,-0.5,0.0,Non-Toxin,0.0
NDM5_3307_2,0.11,0.0,-0.5,0.0,Non-Toxin,0.0
NDM5_3308,0.11,0.0,-0.5,0.0,Non-Toxin,0.0
NDM5_3309,0.095,0.0,0.0,0.095,Non-Toxin,0.0
NDM5_330_0,0.17,0.0,-0.5,0.0,Non-Toxin,0.0
NDM5_330_1,0.305,0.0,-0.5,0.0,Non-Toxin,0.0
NDM5_331,0.42,0.0,-0.5,0.0,Non-Toxin,0.0
NDM5_331_0,0.175,0.0,0.0,0.175,Non-Toxin,0.072
NDM5_331_1,0.17,0.0,-0.5,0.0,Non-Toxin,0.0
NDM5_332,0.085,0.0,-0.5,0.0,Non-Toxin,0.0
NDM5_332_0,0.09,0.0,-0.5,0.0,Non-Toxin,0.0
NDM5_332_1,0.255,0.0,-0.5,0.0,Non-Toxin,0.0
NDM5_333,0.11,0.0,-0.5,0.0,Non-Toxin,0.0
NDM5_3330,0.045,0.0,-0.5,0.0,Non-Toxin,0.0
NDM5_3330_2,0.105,0.0,-0.5,0.0,Non-Toxin,0.0
NDM5_3331,0.135,0.0,0.0,0.135,Non-Toxin,0.02
NDM5_3332,0.32,0.0,-0.5,0.0,Non-Toxin,0.0
NDM5_3333,0.175,0.0,-0.5,0.0,Non-Toxin,0.0
NDM5_3333_2,0.205,0.0,-0.5,0.0,Non-Toxin,0.0
NDM5_3334,0.145,0.0,-0.5,0.0,Non-Toxin,0.0
NDM5_3335,0.215,0.0,-0.5,0.0,Non-Toxin,0.0
NDM5_3336,0.135,0.0,-0.5,0.0,Non-Toxin,0.0
NDM5_3336_2,0.1,0.0,-0.5,0.0,Non-Toxin,0.0
NDM5_3337,0.285,0.0,-0.5,0.0,Non-Toxin,0.0
NDM5_3338,0.105,0.0,-0.5,0.0,Non-Toxin,0.0
NDM5_3339,0.15,0.0,-0.5,0.0,Non-Toxin,0.0
NDM5_3339_2,0.23,0.0,-0.5,0.0,Non-Toxin,0.0
NDM5_333_0,0.19,0.0,0.0,0.19,Non-Toxin,0.092
NDM5_333_1,0.11,0.0,-0.5,0.0,Non-Toxin,0.0
NDM5_334,0.155,0.0,-0.5,0.0,Non-Toxin,0.0
NDM5_334_0,0.07,0.0,0.0,0.07,Non-Toxin,0.0
NDM5_334_1,0.07,0.0,-0.5,0.0,Non-Toxin,0.0
NDM5_335,0.11,0.0,-0.5,0.0,Non-Toxin,0.0
NDM5_335_0,0.135,0.0,-0.5,0.0,Non-Toxin,0.0
NDM5_335_1,0.1,0.0,0.0,0.1,Non-Toxin,0.0
NDM5_336,0.18,0.0,-0.5,0.0,Non-Toxin,0.0
NDM5_3360,0.115,0.0,-0.5,0.0,Non-Toxin,0.0
NDM5_3361,0.1,0.0,0.0,0.1,Non-Toxin,0.0
NDM5_3362,0.175,0.0,-0.5,0.0,Non-Toxin,0.0
NDM5_3362_2,0.145,0.0,-0.5,0.0,Non-Toxin,0.0
NDM5_3363,0.165,0.0,0.0,0.165,Non-Toxin,0.059
NDM5_3364,0.23,0.0,-0.5,0.0,Non-Toxin,0.0
NDM5_3365,0.23,0.0,-0.5,0.0,Non-Toxin,0.0
NDM5_3365_2,0.06,0.0,-0.5,0.0,Non-Toxin,0.0
NDM5_3366,0.21,0.0,-0.5,0.0,Non-Toxin,0.0
NDM5_3367,0.29,0.0,-0.5,0.0,Non-Toxin,0.0
NDM5_3368,0.18,0.0,-0.5,0.0,Non-Toxin,0.0
NDM5_3368_2,0.175,0.0,-0.5,0.0,Non-Toxin,0.0
NDM5_3369,0.22,0.0,0.0,0.22,Non-Toxin,0.131
NDM5_336_0,0.1,0.0,-0.5,0.0,Non-Toxin,0.0
NDM5_336_1,0.095,0.0,-0.5,0.0,Non-Toxin,0.0
NDM5_337,0.185,0.0,0.0,0.185,Non-Toxin,0.085
NDM5_337_0,0.11,0.0,-0.5,0.0,Non-Toxin,0.0
NDM5_337_1,0.225,0.0,-0.5,0.0,Non-Toxin,0.0
NDM5_338,0.05,0.0,-0.5,0.0,Non-Toxin,0.0
NDM5_338_0,0.19,0.0,-0.5,0.0,Non-Toxin,0.0
NDM5_338_1,0.22,0.0,-0.5,0.0,Non-Toxin,0.0
NDM5_339,0.16,0.0,-0.5,0.0,Non-Toxin,0.0
NDM5_3390,0.195,0.0,0.0,0.195,Non-Toxin,0.098
NDM5_3391,0.115,0.0,-0.5,0.0,Non-Toxin,0.0
NDM5_3391_2,0.09,0.0,-0.5,0.0,Non-Toxin,0.0
NDM5_3392,0.07,0.0,-0.5,0.0,Non-Toxin,0.0
NDM5_3393,0.075,0.0,-0.5,0.0,Non-Toxin,0.0
NDM5_3394,0.16,0.0,-0.5,0.0,Non-Toxin,0.0
NDM5_3394_2,0.285,0.0,0.0,0.285,Non-Toxin,0.216
NDM5_3395,0.075,0.0,-0.5,0.0,Non-Toxin,0.0
NDM5_3396,0.095,0.0,-0.5,0.0,Non-Toxin,0.0
NDM5_3397,0.18,0.0,-0.5,0.0,Non-Toxin,0.0
NDM5_3397_2,0.095,0.0,-0.5,0.0,Non-Toxin,0.0
NDM5_3398,0.22,0.0,-0.5,0.0,Non-Toxin,0.0
NDM5_3399,0.17,0.0,0.0,0.17,Non-Toxin,0.066
NDM5_339_0,0.105,0.0,-0.5,0.0,Non-Toxin,0.0
NDM5_339_1,0.1,0.0,-0.5,0.0,Non-Toxin,0.0
NDM5_340,0.39,0.0,-0.5,0.0,Non-Toxin,0.0
NDM5_340_0,0.19,0.0,-0.5,0.0,Non-Toxin,0.0
NDM5_340_1,0.155,0.0,-0.5,0.0,Non-Toxin,0.0
NDM5_341,0.12,0.0,-0.5,0.0,Non-Toxin,0.0
NDM5_341_0,0.18,0.0,-0.5,0.0,Non-Toxin,0.0
NDM5_341_1,0.16,0.0,0.0,0.16,Non-Toxin,0.053
NDM5_342,0.15,0.0,-0.5,0.0,Non-Toxin,0.0
NDM5_3420,0.285,0.0,-0.5,0.0,Non-Toxin,0.0
NDM5_3420_2,0.13,0.0,-0.5,0.0,Non-Toxin,0.0
NDM5_3421,0.06,0.0,-0.5,0.0,Non-Toxin,0.0
NDM5_3422,0.11,0.0,0.0,0.11,Non-Toxin,0.0
NDM5_3423,0.3,0.0,-0.5,0.0,Non-Toxin,0.0
NDM5_3423_2,0.12,0.0,-0.5,0.0,Non-Toxin,0.0
NDM5_3424,0.21,0.0,-0.5,0.0,Non-Toxin,0.0
NDM5_3425,0.1,0.0,-0.5,0.0,Non-Toxin,0.0
NDM5_3426,0.195,0.0,-0.5,0.0,Non-Toxin,0.0
NDM5_3426_2,0.165,0.0,-0.5,0.0,Non-Toxin,0.0
NDM5_3427,0.19,0.0,-0.5,0.0,Non-Toxin,0.0
NDM5_3428,0.19,0.0,-0.5,0.0,Non-Toxin,0.0
NDM5_3429,0.25,0.0,-0.5,0.0,Non-Toxin,0.0
NDM5_3429_2,0.225,0.0,-0.5,0.0,Non-Toxin,0.0
NDM5_342_0,0.17,0.0,-0.5,0.0,Non-Toxin,0.0
NDM5_342_1,0.23,0.0,-0.5,0.0,Non-Toxin,0.0
NDM5_343,0.195,0.0,-0.5,0.0,Non-Toxin,0.0
NDM5_343_0,0.11,0.0,-0.5,0.0,Non-Toxin,0.0
NDM5_343_1,0.145,0.0,-0.5,0.0,Non-Toxin,0.0
NDM5_344,0.11,0.0,0.0,0.11,Non-Toxin,0.0
NDM5_344_0,0.17,0.0,-0.5,0.0,Non-Toxin,0.0
NDM5_344_1,0.17,0.0,-0.5,0.0,Non-Toxin,0.0
NDM5_345,0.24,0.0,-0.5,0.0,Non-Toxin,0.0
NDM5_3450,0.09,0.0,-0.5,0.0,Non-Toxin,0.0
NDM5_3451,0.14,0.0,-0.5,0.0,Non-Toxin,0.0
NDM5_3452,0.105,0.0,-0.5,0.0,Non-Toxin,0.0
NDM5_3452_2,0.205,0.0,-0.5,0.0,Non-Toxin,0.0
NDM5_3453,0.115,0.0,-0.5,0.0,Non-Toxin,0.0
NDM5_3454,0.155,0.0,0.0,0.155,Non-Toxin,0.046
NDM5_3455,0.165,0.0,-0.5,0.0,Non-Toxin,0.0
NDM5_3455_2,0.16,0.0,-0.5,0.0,Non-Toxin,0.0
NDM5_3456,0.16,0.0,-0.5,0.0,Non-Toxin,0.0
NDM5_3457,0.07,0.0,-0.5,0.0,Non-Toxin,0.0
NDM5_3458,0.11,0.0,-0.5,0.0,Non-Toxin,0.0
NDM5_3458_2,0.28,0.0,-0.5,0.0,Non-Toxin,0.0
NDM5_3459,0.165,0.0,-0.5,0.0,Non-Toxin,0.0
NDM5_345_0,0.125,0.0,-0.5,0.0,Non-Toxin,0.0
NDM5_345_1,0.165,0.0,0.0,0.165,Non-Toxin,0.059
NDM5_346,0.32,0.0,-0.5,0.0,Non-Toxin,0.0
NDM5_346_0,0.075,0.0,0.0,0.075,Non-Toxin,0.0
NDM5_346_1,0.095,0.0,0.0,0.095,Non-Toxin,0.0
NDM5_347,0.285,0.0,-0.5,0.0,Non-Toxin,0.0
NDM5_347_0,0.33,0.0,0.0,0.33,Non-Toxin,0.275
NDM5_347_1,0.255,0.0,-0.5,0.0,Non-Toxin,0.0
NDM5_348,0.18,0.0,-0.5,0.0,Non-Toxin,0.0
NDM5_3480,0.075,0.0,-0.5,0.0,Non-Toxin,0.0
NDM5_3481,0.17,0.0,-0.5,0.0,Non-Toxin,0.0
NDM5_3481_2,0.13,0.0,0.0,0.13,Non-Toxin,0.013
NDM5_3482,0.195,0.0,-0.5,0.0,Non-Toxin,0.0
NDM5_3483,0.21,0.0,-0.5,0.0,Non-Toxin,0.0
NDM5_3484,0.125,0.0,-0.5,0.0,Non-Toxin,0.0
NDM5_3484_2,0.1,0.0,-0.5,0.0,Non-Toxin,0.0
NDM5_3485,0.175,0.0,-0.5,0.0,Non-Toxin,0.0
NDM5_3486,0.08,0.0,-0.5,0.0,Non-Toxin,0.0
NDM5_3487,0.1,0.0,-0.5,0.0,Non-Toxin,0.0
NDM5_3487_2,0.235,0.0,-0.5,0.0,Non-Toxin,0.0
NDM5_3488,0.095,0.0,0.0,0.095,Non-Toxin,0.0
NDM5_3489,0.185,0.0,0.0,0.185,Non-Toxin,0.085
NDM5_348_0,0.165,0.0,-0.5,0.0,Non-Toxin,0.0
NDM5_348_1,0.255,0.0,-0.5,0.0,Non-Toxin,0.0
NDM5_349,0.135,0.0,-0.5,0.0,Non-Toxin,0.0
NDM5_349_0,0.44,0.0,-0.5,0.0,Non-Toxin,0.0
NDM5_349_1,0.405,0.0,-0.5,0.0,Non-Toxin,0.0
NDM5_350,0.12,0.0,0.0,0.12,Non-Toxin,0.0
NDM5_350_0,0.095,0.0,-0.5,0.0,Non-Toxin,0.0
NDM5_350_1,0.235,0.0,-0.5,0.0,Non-Toxin,0.0
NDM5_351,0.1,0.0,-0.5,0.0,Non-Toxin,0.0
NDM5_3510,0.125,0.0,0.0,0.125,Non-Toxin,0.007
NDM5_3510_2,0.075,0.0,-0.5,0.0,Non-Toxin,0.0
NDM5_3511,0.095,0.0,-0.5,0.0,Non-Toxin,0.0
NDM5_3512,0.2,0.0,0.0,0.2,Non-Toxin,0.105
NDM5_3513,0.125,0.0,-0.5,0.0,Non-Toxin,0.0
NDM5_3513_2,0.145,0.0,-0.5,0.0,Non-Toxin,0.0
NDM5_3514,0.12,0.0,0.0,0.12,Non-Toxin,0.0
NDM5_3515,0.155,0.0,0.0,0.155,Non-Toxin,0.046
NDM5_3516,0.11,0.0,-0.5,0.0,Non-Toxin,0.0
NDM5_3516_2,0.15,0.0,-0.5,0.0,Non-Toxin,0.0
NDM5_3517,0.095,0.0,-0.5,0.0,Non-Toxin,0.0
NDM5_3518,0.18,0.0,-0.5,0.0,Non-Toxin,0.0
NDM5_3519,0.095,0.0,-0.5,0.0,Non-Toxin,0.0
NDM5_3519_2,0.14,0.0,-0.5,0.0,Non-Toxin,0.0
NDM5_351_0,0.12,0.0,-0.5,0.0,Non-Toxin,0.0
NDM5_351_1,0.115,0.0,-0.5,0.0,Non-Toxin,0.0
NDM5_352,0.27,0.0,0.0,0.27,Non-Toxin,0.196
NDM5_352_0,0.09,0.0,0.0,0.09,Non-Toxin,0.0
NDM5_352_1,0.14,0.0,-0.5,0.0,Non-Toxin,0.0
NDM5_353,0.115,0.0,-0.5,0.0,Non-Toxin,0.0
NDM5_353_0,0.29,0.0,-0.5,0.0,Non-Toxin,0.0
NDM5_353_1,0.255,0.0,-0.5,0.0,Non-Toxin,0.0
NDM5_354,0.445,0.5,0.0,0.945,Toxin,1.0
NDM5_3540,0.58,0.0,-0.5,0.08,Non-Toxin,0.0
NDM5_3541,0.225,0.0,-0.5,0.0,Non-Toxin,0.0
NDM5_3542,0.125,0.0,-0.5,0.0,Non-Toxin,0.0
NDM5_3542_2,0.11,0.0,0.0,0.11,Non-Toxin,0.0
NDM5_3543,0.13,0.0,-0.5,0.0,Non-Toxin,0.0
NDM5_3544,0.255,0.0,-0.5,0.0,Non-Toxin,0.0
NDM5_3545,0.105,0.0,-0.5,0.0,Non-Toxin,0.0
NDM5_3545_2,0.215,0.0,-0.5,0.0,Non-Toxin,0.0
NDM5_3546,0.225,0.0,0.0,0.225,Non-Toxin,0.137
NDM5_3547,0.13,0.0,-0.5,0.0,Non-Toxin,0.0
NDM5_3548,0.185,0.0,-0.5,0.0,Non-Toxin,0.0
NDM5_3548_2,0.1,0.0,-0.5,0.0,Non-Toxin,0.0
NDM5_3549,0.16,0.0,-0.5,0.0,Non-Toxin,0.0
NDM5_354_0,0.135,0.0,-0.5,0.0,Non-Toxin,0.0
NDM5_354_1,0.165,0.0,-0.5,0.0,Non-Toxin,0.0
NDM5_355,0.15,0.0,-0.5,0.0,Non-Toxin,0.0
NDM5_355_0,0.105,0.0,-0.5,0.0,Non-Toxin,0.0
NDM5_355_1,0.095,0.0,-0.5,0.0,Non-Toxin,0.0
NDM5_356,0.365,0.0,0.0,0.365,Non-Toxin,0.32
NDM5_356_0,0.125,0.0,-0.5,0.0,Non-Toxin,0.0
NDM5_356_1,0.22,0.0,-0.5,0.0,Non-Toxin,0.0
NDM5_357,0.275,0.0,0.0,0.275,Non-Toxin,0.203
NDM5_3570,0.22,0.0,0.0,0.22,Non-Toxin,0.131
NDM5_3571,0.195,0.0,0.0,0.195,Non-Toxin,0.098
NDM5_3571_2,0.065,0.0,-0.5,0.0,Non-Toxin,0.0
NDM5_3572,0.085,0.0,0.0,0.085,Non-Toxin,0.0
NDM5_3573,0.195,0.0,-0.5,0.0,Non-Toxin,0.0
NDM5_3574,0.08,0.0,-0.5,0.0,Non-Toxin,0.0
NDM5_3574_2,0.1,0.0,-0.5,0.0,Non-Toxin,0.0
NDM5_3575,0.2,0.0,0.0,0.2,Non-Toxin,0.105
NDM5_3576,0.395,0.0,0.0,0.395,Toxin,0.36
NDM5_3577,0.155,0.0,-0.5,0.0,Non-Toxin,0.0
NDM5_3577_2,0.225,0.0,-0.5,0.0,Non-Toxin,0.0
NDM5_3578,0.235,0.0,0.0,0.235,Non-Toxin,0.151
NDM5_3579,0.105,0.0,-0.5,0.0,Non-Toxin,0.0
NDM5_357_0,0.165,0.0,0.0,0.165,Non-Toxin,0.059
NDM5_357_1,0.185,0.0,-0.5,0.0,Non-Toxin,0.0
NDM5_358,0.075,0.0,-0.5,0.0,Non-Toxin,0.0
NDM5_358_0,0.225,0.0,-0.5,0.0,Non-Toxin,0.0
NDM5_358_1,0.285,0.0,-0.5,0.0,Non-Toxin,0.0
NDM5_359,0.23,0.0,-0.5,0.0,Non-Toxin,0.0
NDM5_359_0,0.225,0.0,0.0,0.225,Non-Toxin,0.137
NDM5_359_1,0.17,0.0,0.0,0.17,Non-Toxin,0.066
NDM5_360,0.305,0.0,-0.5,0.0,Non-Toxin,0.0
NDM5_3600,0.16,0.0,-0.5,0.0,Non-Toxin,0.0
NDM5_3600_2,0.155,0.0,-0.5,0.0,Non-Toxin,0.0
NDM5_3601,0.12,0.0,-0.5,0.0,Non-Toxin,0.0
NDM5_3602,0.12,0.0,0.0,0.12,Non-Toxin,0.0
NDM5_3603,0.22,0.0,-0.5,0.0,Non-Toxin,0.0
NDM5_3603_2,0.11,0.0,-0.5,0.0,Non-Toxin,0.0
NDM5_3604,0.235,0.0,-0.5,0.0,Non-Toxin,0.0
NDM5_3605,0.15,0.0,-0.5,0.0,Non-Toxin,0.0
NDM5_3606,0.21,0.0,-0.5,0.0,Non-Toxin,0.0
NDM5_3606_2,0.11,0.0,0.0,0.11,Non-Toxin,0.0
NDM5_3607,0.285,0.0,-0.5,0.0,Non-Toxin,0.0
NDM5_3608,0.085,0.0,-0.5,0.0,Non-Toxin,0.0
NDM5_3609,0.31,0.0,-0.5,0.0,Non-Toxin,0.0
NDM5_3609_2,0.235,0.0,-0.5,0.0,Non-Toxin,0.0
NDM5_360_0,0.145,0.0,-0.5,0.0,Non-Toxin,0.0
NDM5_360_1,0.18,0.0,-0.5,0.0,Non-Toxin,0.0
NDM5_361,0.075,0.0,0.0,0.075,Non-Toxin,0.0
NDM5_361_0,0.095,0.0,-0.5,0.0,Non-Toxin,0.0
NDM5_361_1,0.19,0.0,-0.5,0.0,Non-Toxin,0.0
NDM5_362,0.11,0.0,-0.5,0.0,Non-Toxin,0.0
NDM5_362_0,0.38,0.0,-0.5,0.0,Non-Toxin,0.0
NDM5_362_1,0.21,0.0,0.0,0.21,Non-Toxin,0.118
NDM5_363,0.395,0.0,-0.5,0.0,Non-Toxin,0.0
NDM5_3630,0.16,0.0,-0.5,0.0,Non-Toxin,0.0
NDM5_3631,0.12,0.0,-0.5,0.0,Non-Toxin,0.0
NDM5_3632,0.095,0.0,-0.5,0.0,Non-Toxin,0.0
NDM5_3632_2,0.11,0.0,-0.5,0.0,Non-Toxin,0.0
NDM5_3633,0.335,0.0,-0.5,0.0,Non-Toxin,0.0
NDM5_3634,0.15,0.0,-0.5,0.0,Non-Toxin,0.0
NDM5_3635,0.19,0.0,-0.5,0.0,Non-Toxin,0.0
NDM5_3635_2,0.385,0.0,-0.5,0.0,Non-Toxin,0.0
NDM5_3636,0.215,0.0,-0.5,0.0,Non-Toxin,0.0
NDM5_3637,0.075,0.0,-0.5,0.0,Non-Toxin,0.0
NDM5_3638,0.175,0.0,-0.5,0.0,Non-Toxin,0.0
NDM5_3638_2,0.13,0.0,-0.5,0.0,Non-Toxin,0.0
NDM5_3639,0.18,0.0,-0.5,0.0,Non-Toxin,0.0
NDM5_363_0,0.13,0.0,-0.5,0.0,Non-Toxin,0.0
NDM5_363_1,0.19,0.0,-0.5,0.0,Non-Toxin,0.0
NDM5_364,0.11,0.0,-0.5,0.0,Non-Toxin,0.0
NDM5_364_0,0.195,0.0,-0.5,0.0,Non-Toxin,0.0
NDM5_364_1,0.195,0.0,-0.5,0.0,Non-Toxin,0.0
NDM5_365,0.155,0.0,0.0,0.155,Non-Toxin,0.046
NDM5_365_0,0.075,0.0,-0.5,0.0,Non-Toxin,0.0
NDM5_365_1,0.12,0.0,-0.5,0.0,Non-Toxin,0.0
NDM5_366,0.385,0.0,-0.5,0.0,Non-Toxin,0.0
NDM5_3660,0.11,0.0,-0.5,0.0,Non-Toxin,0.0
NDM5_3661,0.095,0.0,-0.5,0.0,Non-Toxin,0.0
NDM5_3661_2,0.23,0.0,-0.5,0.0,Non-Toxin,0.0
NDM5_3662,0.095,0.0,0.0,0.095,Non-Toxin,0.0
NDM5_3663,0.105,0.0,-0.5,0.0,Non-Toxin,0.0
NDM5_3664,0.085,0.0,-0.5,0.0,Non-Toxin,0.0
NDM5_3664_2,0.18,0.0,-0.5,0.0,Non-Toxin,0.0
NDM5_3665,0.235,0.0,-0.5,0.0,Non-Toxin,0.0
NDM5_3666,0.255,0.0,-0.5,0.0,Non-Toxin,0.0
NDM5_3667,0.19,0.0,-0.5,0.0,Non-Toxin,0.0
NDM5_3667_2,0.09,0.0,-0.5,0.0,Non-Toxin,0.0
NDM5_3668,0.18,0.0,-0.5,0.0,Non-Toxin,0.0
NDM5_3669,0.1,0.0,-0.5,0.0,Non-Toxin,0.0
NDM5_366_0,0.155,0.0,-0.5,0.0,Non-Toxin,0.0
NDM5_366_1,0.18,0.0,-0.5,0.0,Non-Toxin,0.0
NDM5_367,0.105,0.0,-0.5,0.0,Non-Toxin,0.0
NDM5_367_0,0.225,0.0,-0.5,0.0,Non-Toxin,0.0
NDM5_367_1,0.325,0.0,0.0,0.325,Non-Toxin,0.268
NDM5_368,0.165,0.0,-0.5,0.0,Non-Toxin,0.0
NDM5_368_0,0.195,0.0,-0.5,0.0,Non-Toxin,0.0
NDM5_368_1,0.135,0.0,-0.5,0.0,Non-Toxin,0.0
NDM5_369,0.095,0.0,-0.5,0.0,Non-Toxin,0.0
NDM5_3690,0.35,0.0,-0.5,0.0,Non-Toxin,0.0
NDM5_3690_2,0.385,0.0,-0.5,0.0,Non-Toxin,0.0
NDM5_3691,0.145,0.0,-0.5,0.0,Non-Toxin,0.0
NDM5_3692,0.145,0.0,0.0,0.145,Non-Toxin,0.033
NDM5_3693,0.16,0.0,-0.5,0.0,Non-Toxin,0.0
NDM5_3693_2,0.11,0.0,0.0,0.11,Non-Toxin,0.0
NDM5_3694,0.115,0.0,0.0,0.115,Non-Toxin,0.0
NDM5_3695,0.145,0.0,-0.5,0.0,Non-Toxin,0.0
NDM5_3696,0.175,0.0,-0.5,0.0,Non-Toxin,0.0
NDM5_3696_2,0.25,0.0,0.0,0.25,Non-Toxin,0.17
NDM5_3697,0.2,0.0,-0.5,0.0,Non-Toxin,0.0
NDM5_3698,0.32,0.0,-0.5,0.0,Non-Toxin,0.0
NDM5_3699,0.1,0.0,-0.5,0.0,Non-Toxin,0.0
NDM5_3699_2,0.095,0.0,-0.5,0.0,Non-Toxin,0.0
NDM5_369_0,0.105,0.0,-0.5,0.0,Non-Toxin,0.0
NDM5_369_1,0.115,0.0,0.0,0.115,Non-Toxin,0.0
NDM5_370,0.46,0.0,-0.5,0.0,Non-Toxin,0.0
NDM5_370_0,0.105,0.0,-0.5,0.0,Non-Toxin,0.0
NDM5_370_1,0.08,0.0,-0.5,0.0,Non-Toxin,0.0
NDM5_371,0.09,0.0,0.0,0.09,Non-Toxin,0.0
NDM5_371_0,0.15,0.0,-0.5,0.0,Non-Toxin,0.0
NDM5_371_1,0.145,0.0,-0.5,0.0,Non-Toxin,0.0
NDM5_372,0.25,0.0,0.0,0.25,Non-Toxin,0.17
NDM5_3720,0.13,0.0,0.0,0.13,Non-Toxin,0.013
NDM5_3721,0.28,0.0,-0.5,0.0,Non-Toxin,0.0
NDM5_3722,0.065,0.0,-0.5,0.0,Non-Toxin,0.0
NDM5_3722_2,0.235,0.0,0.0,0.235,Non-Toxin,0.151
NDM5_3723,0.12,0.0,-0.5,0.0,Non-Toxin,0.0
NDM5_3724,0.205,0.0,-0.5,0.0,Non-Toxin,0.0
NDM5_3725,0.19,0.0,-0.5,0.0,Non-Toxin,0.0
NDM5_3725_2,0.065,0.0,-0.5,0.0,Non-Toxin,0.0
NDM5_3726,0.125,0.0,-0.5,0.0,Non-Toxin,0.0
NDM5_3727,0.135,0.0,-0.5,0.0,Non-Toxin,0.0
NDM5_3728,0.105,0.0,-0.5,0.0,Non-Toxin,0.0
NDM5_3728_2,0.385,0.0,-0.5,0.0,Non-Toxin,0.0
NDM5_3729,0.2,0.0,0.0,0.2,Non-Toxin,0.105
NDM5_372_0,0.16,0.0,-0.5,0.0,Non-Toxin,0.0
NDM5_372_1,0.13,0.0,-0.5,0.0,Non-Toxin,0.0
NDM5_373,0.1,0.0,0.0,0.1,Non-Toxin,0.0
NDM5_373_0,0.065,0.0,0.0,0.065,Non-Toxin,0.0
NDM5_373_1,0.085,0.0,0.0,0.085,Non-Toxin,0.0
NDM5_374,0.28,0.0,0.0,0.28,Non-Toxin,0.209
NDM5_374_0,0.075,0.0,-0.5,0.0,Non-Toxin,0.0
NDM5_374_1,0.1,0.0,0.0,0.1,Non-Toxin,0.0
NDM5_375,0.14,0.0,-0.5,0.0,Non-Toxin,0.0
NDM5_3750,0.39,0.0,-0.5,0.0,Non-Toxin,0.0
NDM5_3751,0.225,0.0,-0.5,0.0,Non-Toxin,0.0
NDM5_3751_2,0.105,0.0,0.0,0.105,Non-Toxin,0.0
NDM5_3752,0.31,0.0,-0.5,0.0,Non-Toxin,0.0
NDM5_3753,0.46,0.0,0.0,0.46,Toxin,0.445
NDM5_3754,0.09,0.0,-0.5,0.0,Non-Toxin,0.0
NDM5_3754_2,0.12,0.0,-0.5,0.0,Non-Toxin,0.0
NDM5_3755,0.31,0.0,-0.5,0.0,Non-Toxin,0.0
NDM5_3756,0.145,0.0,-0.5,0.0,Non-Toxin,0.0
NDM5_3757,0.18,0.0,-0.5,0.0,Non-Toxin,0.0
NDM5_3757_2,0.21,0.0,-0.5,0.0,Non-Toxin,0.0
NDM5_3758,0.43,0.0,0.0,0.43,Toxin,0.405
NDM5_3759,0.075,0.0,-0.5,0.0,Non-Toxin,0.0
NDM5_375_0,0.22,0.0,0.0,0.22,Non-Toxin,0.131
NDM5_375_1,0.185,0.0,0.0,0.185,Non-Toxin,0.085
NDM5_376,0.095,0.0,-0.5,0.0,Non-Toxin,0.0
NDM5_376_0,0.335,0.0,-0.5,0.0,Non-Toxin,0.0
NDM5_376_1,0.29,0.0,-0.5,0.0,Non-Toxin,0.0
NDM5_377,0.09,0.0,-0.5,0.0,Non-Toxin,0.0
NDM5_377_0,0.2,0.0,0.0,0.2,Non-Toxin,0.105
NDM5_377_1,0.225,0.0,0.0,0.225,Non-Toxin,0.137
NDM5_378,0.58,0.5,0.0,1.0,Toxin,1.0
NDM5_3780,0.175,0.0,0.0,0.175,Non-Toxin,0.072
NDM5_3780_2,0.19,0.0,-0.5,0.0,Non-Toxin,0.0
NDM5_3781,0.17,0.0,-0.5,0.0,Non-Toxin,0.0
NDM5_3782,0.12,0.0,0.0,0.12,Non-Toxin,0.0
NDM5_3783,0.1,0.0,0.0,0.1,Non-Toxin,0.0
NDM5_3783_2,0.165,0.0,-0.5,0.0,Non-Toxin,0.0
NDM5_3784,0.13,0.0,-0.5,0.0,Non-Toxin,0.0
NDM5_3785,0.225,0.0,-0.5,0.0,Non-Toxin,0.0
NDM5_3786,0.12,0.0,-0.5,0.0,Non-Toxin,0.0
NDM5_3786_2,0.07,0.0,-0.5,0.0,Non-Toxin,0.0
NDM5_3787,0.14,0.0,-0.5,0.0,Non-Toxin,0.0
NDM5_3788,0.175,0.0,-0.5,0.0,Non-Toxin,0.0
NDM5_3789,0.205,0.0,0.0,0.205,Non-Toxin,0.111
NDM5_3789_2,0.16,0.0,-0.5,0.0,Non-Toxin,0.0
NDM5_378_0,0.16,0.0,-0.5,0.0,Non-Toxin,0.0
NDM5_378_1,0.17,0.0,-0.5,0.0,Non-Toxin,0.0
NDM5_379,0.345,0.0,0.0,0.345,Non-Toxin,0.294
NDM5_379_0,0.07,0.0,-0.5,0.0,Non-Toxin,0.0
NDM5_379_1,0.07,0.0,-0.5,0.0,Non-Toxin,0.0
NDM5_380,0.205,0.0,-0.5,0.0,Non-Toxin,0.0
NDM5_380_0,0.055,0.0,-0.5,0.0,Non-Toxin,0.0
NDM5_380_1,0.085,0.0,-0.5,0.0,Non-Toxin,0.0
NDM5_381,0.215,0.0,-0.5,0.0,Non-Toxin,0.0
NDM5_3810,0.19,0.0,-0.5,0.0,Non-Toxin,0.0
NDM5_3811,0.16,0.0,-0.5,0.0,Non-Toxin,0.0
NDM5_3812,0.135,0.0,0.0,0.135,Non-Toxin,0.02
NDM5_3812_2,0.115,0.0,-0.5,0.0,Non-Toxin,0.0
NDM5_3813,0.335,0.0,-0.5,0.0,Non-Toxin,0.0
NDM5_3814,0.095,0.0,-0.5,0.0,Non-Toxin,0.0
NDM5_3815,0.17,0.0,-0.5,0.0,Non-Toxin,0.0
NDM5_3815_2,0.205,0.0,-0.5,0.0,Non-Toxin,0.0
NDM5_3816,0.17,0.0,-0.5,0.0,Non-Toxin,0.0
NDM5_3817,0.135,0.0,-0.5,0.0,Non-Toxin,0.0
NDM5_3818,0.145,0.0,-0.5,0.0,Non-Toxin,0.0
NDM5_3818_2,0.095,0.0,-0.5,0.0,Non-Toxin,0.0
NDM5_3819,0.16,0.0,-0.5,0.0,Non-Toxin,0.0
NDM5_381_0,0.24,0.0,-0.5,0.0,Non-Toxin,0.0
NDM5_381_1,0.075,0.0,-0.5,0.0,Non-Toxin,0.0
NDM5_382,0.205,0.0,-0.5,0.0,Non-Toxin,0.0
NDM5_382_0,0.22,0.0,-0.5,0.0,Non-Toxin,0.0
NDM5_382_1,0.21,0.0,-0.5,0.0,Non-Toxin,0.0
NDM5_383,0.335,0.0,-0.5,0.0,Non-Toxin,0.0
NDM5_383_0,0.205,0.0,-0.5,0.0,Non-Toxin,0.0
NDM5_383_1,0.165,0.0,-0.5,0.0,Non-Toxin,0.0
NDM5_384,0.3,0.0,-0.5,0.0,Non-Toxin,0.0
NDM5_3840,0.11,0.0,-0.5,0.0,Non-Toxin,0.0
NDM5_3841,0.15,0.0,-0.5,0.0,Non-Toxin,0.0
NDM5_3841_2,0.14,0.0,-0.5,0.0,Non-Toxin,0.0
NDM5_3842,0.26,0.0,-0.5,0.0,Non-Toxin,0.0
NDM5_3843,0.1,0.0,-0.5,0.0,Non-Toxin,0.0
NDM5_3844,0.125,0.0,-0.5,0.0,Non-Toxin,0.0
NDM5_3844_2,0.12,0.0,-0.5,0.0,Non-Toxin,0.0
NDM5_3845,0.21,0.0,-0.5,0.0,Non-Toxin,0.0
NDM5_3846,0.19,0.0,-0.5,0.0,Non-Toxin,0.0
NDM5_3847,0.14,0.0,-0.5,0.0,Non-Toxin,0.0
NDM5_3847_2,0.27,0.0,-0.5,0.0,Non-Toxin,0.0
NDM5_3848,0.305,0.0,-0.5,0.0,Non-Toxin,0.0
NDM5_3849,0.14,0.0,0.0,0.14,Non-Toxin,0.026
NDM5_384_0,0.115,0.0,-0.5,0.0,Non-Toxin,0.0
NDM5_384_1,0.165,0.0,-0.5,0.0,Non-Toxin,0.0
NDM5_385,0.12,0.0,-0.5,0.0,Non-Toxin,0.0
NDM5_385_0,0.165,0.0,-0.5,0.0,Non-Toxin,0.0
NDM5_385_1,0.185,0.0,-0.5,0.0,Non-Toxin,0.0
NDM5_386,0.17,0.0,-0.5,0.0,Non-Toxin,0.0
NDM5_386_0,0.07,0.0,-0.5,0.0,Non-Toxin,0.0
NDM5_386_1,0.055,0.0,-0.5,0.0,Non-Toxin,0.0
NDM5_387,0.305,0.0,-0.5,0.0,Non-Toxin,0.0
NDM5_3870,0.175,0.0,-0.5,0.0,Non-Toxin,0.0
NDM5_3870_2,0.115,0.0,-0.5,0.0,Non-Toxin,0.0
NDM5_3871,0.075,0.0,-0.5,0.0,Non-Toxin,0.0
NDM5_3872,0.16,0.0,-0.5,0.0,Non-Toxin,0.0
NDM5_3873,0.16,0.0,-0.5,0.0,Non-Toxin,0.0
NDM5_3873_2,0.245,0.0,-0.5,0.0,Non-Toxin,0.0
NDM5_3874,0.15,0.0,-0.5,0.0,Non-Toxin,0.0
NDM5_3875,0.145,0.0,-0.5,0.0,Non-Toxin,0.0
NDM5_3876,0.165,0.0,-0.5,0.0,Non-Toxin,0.0
NDM5_3876_2,0.255,0.0,-0.5,0.0,Non-Toxin,0.0
NDM5_3877,0.195,0.0,-0.5,0.0,Non-Toxin,0.0
NDM5_3878,0.295,0.0,-0.5,0.0,Non-Toxin,0.0
NDM5_3879,0.075,0.0,-0.5,0.0,Non-Toxin,0.0
NDM5_3879_2,0.205,0.0,-0.5,0.0,Non-Toxin,0.0
NDM5_387_0,0.09,0.0,0.0,0.09,Non-Toxin,0.0
NDM5_387_1,0.125,0.0,-0.5,0.0,Non-Toxin,0.0
NDM5_388,0.11,0.0,-0.5,0.0,Non-Toxin,0.0
NDM5_388_0,0.14,0.0,-0.5,0.0,Non-Toxin,0.0
NDM5_388_1,0.07,0.0,-0.5,0.0,Non-Toxin,0.0
NDM5_389,0.755,0.0,-0.5,0.255,Non-Toxin,0.177
NDM5_389_0,0.12,0.0,-0.5,0.0,Non-Toxin,0.0
NDM5_389_1,0.17,0.0,-0.5,0.0,Non-Toxin,0.0
NDM5_390,0.32,0.0,0.0,0.32,Non-Toxin,0.262
NDM5_3900,0.09,0.0,-0.5,0.0,Non-Toxin,0.0
NDM5_3901,0.125,0.0,-0.5,0.0,Non-Toxin,0.0
NDM5_3902,0.13,0.0,-0.5,0.0,Non-Toxin,0.0
NDM5_3902_2,0.115,0.0,-0.5,0.0,Non-Toxin,0.0
NDM5_3903,0.165,0.0,0.0,0.165,Non-Toxin,0.059
NDM5_3904,0.205,0.0,-0.5,0.0,Non-Toxin,0.0
NDM5_3905,0.165,0.0,-0.5,0.0,Non-Toxin,0.0
NDM5_3905_2,0.05,0.0,-0.5,0.0,Non-Toxin,0.0
NDM5_3906,0.18,0.0,0.0,0.18,Non-Toxin,0.079
NDM5_3907,0.11,0.0,-0.5,0.0,Non-Toxin,0.0
NDM5_3908,0.115,0.0,-0.5,0.0,Non-Toxin,0.0
NDM5_3908_2,0.185,0.0,0.0,0.185,Non-Toxin,0.085
NDM5_3909,0.16,0.0,0.0,0.16,Non-Toxin,0.053
NDM5_390_0,0.075,0.0,0.0,0.075,Non-Toxin,0.0
NDM5_390_1,0.13,0.0,-0.5,0.0,Non-Toxin,0.0
NDM5_391,0.255,0.0,-0.5,0.0,Non-Toxin,0.0
NDM5_391_0,0.12,0.0,-0.5,0.0,Non-Toxin,0.0
NDM5_391_1,0.275,0.0,-0.5,0.0,Non-Toxin,0.0
NDM5_392,0.145,0.0,-0.5,0.0,Non-Toxin,0.0
NDM5_392_0,0.145,0.0,-0.5,0.0,Non-Toxin,0.0
NDM5_392_1,0.14,0.0,-0.5,0.0,Non-Toxin,0.0
NDM5_393,0.28,0.0,-0.5,0.0,Non-Toxin,0.0
NDM5_3930,0.045,0.0,0.0,0.045,Non-Toxin,0.0
NDM5_3931,0.17,0.0,-0.5,0.0,Non-Toxin,0.0
NDM5_3931_2,0.165,0.0,0.0,0.165,Non-Toxin,0.059
NDM5_3932,0.14,0.0,-0.5,0.0,Non-Toxin,0.0
NDM5_3933,0.15,0.0,-0.5,0.0,Non-Toxin,0.0
NDM5_3934,0.12,0.0,0.0,0.12,Non-Toxin,0.0
NDM5_3934_2,0.29,0.0,0.0,0.29,Non-Toxin,0.222
NDM5_3935,0.1,0.0,-0.5,0.0,Non-Toxin,0.0
NDM5_3936,0.19,0.0,-0.5,0.0,Non-Toxin,0.0
NDM5_3937,0.13,0.0,-0.5,0.0,Non-Toxin,0.0
NDM5_3937_2,0.145,0.0,0.0,0.145,Non-Toxin,0.033
NDM5_3938,0.125,0.0,-0.5,0.0,Non-Toxin,0.0
NDM5_3939,0.09,0.0,-0.5,0.0,Non-Toxin,0.0
NDM5_393_0,0.16,0.0,-0.5,0.0,Non-Toxin,0.0
NDM5_393_1,0.175,0.0,-0.5,0.0,Non-Toxin,0.0
NDM5_394,0.31,0.0,-0.5,0.0,Non-Toxin,0.0
NDM5_394_0,0.23,0.0,-0.5,0.0,Non-Toxin,0.0
NDM5_394_1,0.22,0.0,-0.5,0.0,Non-Toxin,0.0
NDM5_395,0.18,0.0,-0.5,0.0,Non-Toxin,0.0
NDM5_395_0,0.19,0.0,-0.5,0.0,Non-Toxin,0.0
NDM5_395_1,0.34,0.0,-0.5,0.0,Non-Toxin,0.0
NDM5_396,0.46,0.0,-0.5,0.0,Non-Toxin,0.0
NDM5_3960,0.14,0.0,-0.5,0.0,Non-Toxin,0.0
NDM5_3960_2,0.07,0.0,-0.5,0.0,Non-Toxin,0.0
NDM5_3961,0.245,0.0,0.0,0.245,Non-Toxin,0.164
NDM5_3962,0.23,0.0,-0.5,0.0,Non-Toxin,0.0
NDM5_3963,0.095,0.0,0.0,0.095,Non-Toxin,0.0
NDM5_3963_2,0.11,0.0,-0.5,0.0,Non-Toxin,0.0
NDM5_3964,0.13,0.0,-0.5,0.0,Non-Toxin,0.0
NDM5_3965,0.25,0.0,-0.5,0.0,Non-Toxin,0.0
NDM5_3966,0.16,0.0,-0.5,0.0,Non-Toxin,0.0
NDM5_3966_2,0.11,0.0,-0.5,0.0,Non-Toxin,0.0
NDM5_3967,0.085,0.0,-0.5,0.0,Non-Toxin,0.0
NDM5_3968,0.19,0.0,-0.5,0.0,Non-Toxin,0.0
NDM5_3969,0.42,0.0,-0.5,0.0,Non-Toxin,0.0
NDM5_3969_2,0.17,0.0,-0.5,0.0,Non-Toxin,0.0
NDM5_396_0,0.065,0.0,0.0,0.065,Non-Toxin,0.0
NDM5_396_1,0.095,0.0,-0.5,0.0,Non-Toxin,0.0
NDM5_397,0.19,0.0,-0.5,0.0,Non-Toxin,0.0
NDM5_397_0,0.085,0.0,-0.5,0.0,Non-Toxin,0.0
NDM5_397_1,0.075,0.0,-0.5,0.0,Non-Toxin,0.0
NDM5_398,0.125,0.0,-0.5,0.0,Non-Toxin,0.0
NDM5_398_0,0.21,0.0,-0.5,0.0,Non-Toxin,0.0
NDM5_398_1,0.17,0.0,-0.5,0.0,Non-Toxin,0.0
NDM5_399,0.385,0.0,-0.5,0.0,Non-Toxin,0.0
NDM5_3990,0.1,0.0,-0.5,0.0,Non-Toxin,0.0
NDM5_3991,0.14,0.0,0.0,0.14,Non-Toxin,0.026
NDM5_3992,0.16,0.0,0.0,0.16,Non-Toxin,0.053
NDM5_3992_2,0.16,0.0,-0.5,0.0,Non-Toxin,0.0
NDM5_3993,0.16,0.0,-0.5,0.0,Non-Toxin,0.0
NDM5_3994,0.2,0.0,0.0,0.2,Non-Toxin,0.105
NDM5_3995,0.2,0.0,0.0,0.2,Non-Toxin,0.105
NDM5_3995_2,0.22,0.0,-0.5,0.0,Non-Toxin,0.0
NDM5_3996,0.09,0.0,0.0,0.09,Non-Toxin,0.0
NDM5_3997,0.22,0.0,0.0,0.22,Non-Toxin,0.131
NDM5_3998,0.2,0.0,0.0,0.2,Non-Toxin,0.105
NDM5_3998_2,0.105,0.0,-0.5,0.0,Non-Toxin,0.0
NDM5_3999,0.105,0.0,-0.5,0.0,Non-Toxin,0.0
NDM5_399_0,0.17,0.0,-0.5,0.0,Non-Toxin,0.0
NDM5_399_1,0.16,0.0,-0.5,0.0,Non-Toxin,0.0
NDM5_400,0.345,0.0,-0.5,0.0,Non-Toxin,0.0
NDM5_400_0,0.43,0.0,0.0,0.43,Toxin,0.405
NDM5_400_1,0.175,0.0,-0.5,0.0,Non-Toxin,0.0
NDM5_401,0.125,0.0,-0.5,0.0,Non-Toxin,0.0
NDM5_401_0,0.16,0.0,-0.5,0.0,Non-Toxin,0.0
NDM5_401_1,0.155,0.0,0.0,0.155,Non-Toxin,0.046
NDM5_402,0.1,0.0,-0.5,0.0,Non-Toxin,0.0
NDM5_4020,0.175,0.0,0.0,0.175,Non-Toxin,0.072
NDM5_4021,0.12,0.0,0.0,0.12,Non-Toxin,0.0
NDM5_4021_2,0.11,0.0,-0.5,0.0,Non-Toxin,0.0
NDM5_4022,0.15,0.0,-0.5,0.0,Non-Toxin,0.0
NDM5_4023,0.22,0.0,-0.5,0.0,Non-Toxin,0.0
NDM5_4024,0.13,0.0,-0.5,0.0,Non-Toxin,0.0
NDM5_4024_2,0.1,0.0,-0.5,0.0,Non-Toxin,0.0
NDM5_4025,0.24,0.0,0.0,0.24,Non-Toxin,0.157
NDM5_4026,0.155,0.0,-0.5,0.0,Non-Toxin,0.0
NDM5_4027,0.12,0.0,-0.5,0.0,Non-Toxin,0.0
NDM5_4027_2,0.07,0.0,-0.5,0.0,Non-Toxin,0.0
NDM5_4028,0.135,0.0,0.0,0.135,Non-Toxin,0.02
NDM5_4029,0.115,0.0,0.0,0.115,Non-Toxin,0.0
NDM5_402_0,0.135,0.0,-0.5,0.0,Non-Toxin,0.0
NDM5_402_1,0.085,0.0,-0.5,0.0,Non-Toxin,0.0
NDM5_403,0.1,0.0,-0.5,0.0,Non-Toxin,0.0
NDM5_403_0,0.31,0.0,-0.5,0.0,Non-Toxin,0.0
NDM5_403_1,0.12,0.0,-0.5,0.0,Non-Toxin,0.0
NDM5_404,0.25,0.0,-0.5,0.0,Non-Toxin,0.0
NDM5_404_0,0.15,0.0,-0.5,0.0,Non-Toxin,0.0
NDM5_404_1,0.095,0.0,-0.5,0.0,Non-Toxin,0.0
NDM5_405,0.145,0.0,0.0,0.145,Non-Toxin,0.033
NDM5_4050,0.11,0.0,0.0,0.11,Non-Toxin,0.0
NDM5_4050_2,0.04,0.0,0.0,0.04,Non-Toxin,0.0
NDM5_4051,0.16,0.0,-0.5,0.0,Non-Toxin,0.0
NDM5_4052,0.235,0.0,-0.5,0.0,Non-Toxin,0.0
NDM5_4053,0.3,0.0,-0.5,0.0,Non-Toxin,0.0
NDM5_4053_2,0.12,0.0,-0.5,0.0,Non-Toxin,0.0
NDM5_4054,0.33,0.0,-0.5,0.0,Non-Toxin,0.0
NDM5_4055,0.22,0.0,-0.5,0.0,Non-Toxin,0.0
NDM5_4056,0.17,0.0,-0.5,0.0,Non-Toxin,0.0
NDM5_4056_2,0.135,0.0,-0.5,0.0,Non-Toxin,0.0
NDM5_4057,0.185,0.0,-0.5,0.0,Non-Toxin,0.0
NDM5_4058,0.035,0.0,-0.5,0.0,Non-Toxin,0.0
NDM5_4059,0.08,0.0,-0.5,0.0,Non-Toxin,0.0
NDM5_4059_2,0.09,0.0,-0.5,0.0,Non-Toxin,0.0
NDM5_405_0,0.19,0.0,-0.5,0.0,Non-Toxin,0.0
NDM5_405_1,0.305,0.0,-0.5,0.0,Non-Toxin,0.0
NDM5_406,0.365,0.0,-0.5,0.0,Non-Toxin,0.0
NDM5_406_0,0.145,0.0,-0.5,0.0,Non-Toxin,0.0
NDM5_406_1,0.13,0.0,-0.5,0.0,Non-Toxin,0.0
NDM5_407,0.09,0.0,-0.5,0.0,Non-Toxin,0.0
NDM5_407_0,0.155,0.0,-0.5,0.0,Non-Toxin,0.0
NDM5_407_1,0.155,0.0,-0.5,0.0,Non-Toxin,0.0
NDM5_408,0.23,0.0,-0.5,0.0,Non-Toxin,0.0
NDM5_4080,0.075,0.0,-0.5,0.0,Non-Toxin,0.0
NDM5_4081,0.125,0.0,-0.5,0.0,Non-Toxin,0.0
NDM5_4082,0.2,0.0,-0.5,0.0,Non-Toxin,0.0
NDM5_4082_2,0.13,0.0,-0.5,0.0,Non-Toxin,0.0
NDM5_4083,0.105,0.0,0.0,0.105,Non-Toxin,0.0
NDM5_4084,0.075,0.0,-0.5,0.0,Non-Toxin,0.0
NDM5_4085,0.17,0.0,-0.5,0.0,Non-Toxin,0.0
NDM5_4085_2,0.095,0.0,-0.5,0.0,Non-Toxin,0.0
NDM5_4086,0.145,0.0,0.0,0.145,Non-Toxin,0.033
NDM5_4087,0.305,0.0,-0.5,0.0,Non-Toxin,0.0
NDM5_4088,0.12,0.0,-0.5,0.0,Non-Toxin,0.0
NDM5_4088_2,0.13,0.0,-0.5,0.0,Non-Toxin,0.0
NDM5_4089,0.28,0.0,-0.5,0.0,Non-Toxin,0.0
NDM5_408_0,0.12,0.0,-0.5,0.0,Non-Toxin,0.0
NDM5_408_1,0.15,0.0,0.0,0.15,Non-Toxin,0.039
NDM5_409,0.395,0.0,-0.5,0.0,Non-Toxin,0.0
NDM5_409_0,0.27,0.0,-0.5,0.0,Non-Toxin,0.0
NDM5_409_1,0.235,0.0,-0.5,0.0,Non-Toxin,0.0
NDM5_410,0.265,0.0,-0.5,0.0,Non-Toxin,0.0
NDM5_410_0,0.14,0.0,-0.5,0.0,Non-Toxin,0.0
NDM5_410_1,0.085,0.0,-0.5,0.0,Non-Toxin,0.0
NDM5_411,0.39,0.0,-0.5,0.0,Non-Toxin,0.0
NDM5_4110,0.08,0.0,-0.5,0.0,Non-Toxin,0.0
NDM5_4111,0.135,0.0,0.0,0.135,Non-Toxin,0.02
NDM5_4111_2,0.11,0.0,-0.5,0.0,Non-Toxin,0.0
NDM5_4112,0.105,0.0,-0.5,0.0,Non-Toxin,0.0
NDM5_4113,0.155,0.0,0.0,0.155,Non-Toxin,0.046
NDM5_4114,0.075,0.0,-0.5,0.0,Non-Toxin,0.0
NDM5_4114_2,0.19,0.0,-0.5,0.0,Non-Toxin,0.0
NDM5_4115,0.165,0.0,0.0,0.165,Non-Toxin,0.059
NDM5_4116,0.16,0.0,-0.5,0.0,Non-Toxin,0.0
NDM5_4117,0.18,0.0,-0.5,0.0,Non-Toxin,0.0
NDM5_4117_2,0.225,0.0,-0.5,0.0,Non-Toxin,0.0
NDM5_4118,0.22,0.0,0.0,0.22,Non-Toxin,0.131
NDM5_4119,0.165,0.0,0.0,0.165,Non-Toxin,0.059
NDM5_411_0,0.07,0.0,-0.5,0.0,Non-Toxin,0.0
NDM5_411_1,0.095,0.0,-0.5,0.0,Non-Toxin,0.0
NDM5_412,0.26,0.0,-0.5,0.0,Non-Toxin,0.0
NDM5_412_0,0.125,0.0,-0.5,0.0,Non-Toxin,0.0
NDM5_412_1,0.185,0.0,-0.5,0.0,Non-Toxin,0.0
NDM5_413,0.175,0.0,-0.5,0.0,Non-Toxin,0.0
NDM5_413_0,0.195,0.0,-0.5,0.0,Non-Toxin,0.0
NDM5_413_1,0.15,0.0,-0.5,0.0,Non-Toxin,0.0
NDM5_414,0.17,0.0,-0.5,0.0,Non-Toxin,0.0
NDM5_4140,0.06,0.0,0.0,0.06,Non-Toxin,0.0
NDM5_4140_2,0.1,0.0,-0.5,0.0,Non-Toxin,0.0
NDM5_4141,0.08,0.0,-0.5,0.0,Non-Toxin,0.0
NDM5_4142,0.175,0.0,0.0,0.175,Non-Toxin,0.072
NDM5_4143,0.1,0.0,-0.5,0.0,Non-Toxin,0.0
NDM5_4143_2,0.165,0.0,-0.5,0.0,Non-Toxin,0.0
NDM5_4144,0.1,0.0,-0.5,0.0,Non-Toxin,0.0
NDM5_4145,0.1,0.0,0.0,0.1,Non-Toxin,0.0
NDM5_4146,0.09,0.0,-0.5,0.0,Non-Toxin,0.0
NDM5_4146_2,0.13,0.0,0.0,0.13,Non-Toxin,0.013
NDM5_4147,0.13,0.0,-0.5,0.0,Non-Toxin,0.0
NDM5_4148,0.16,0.0,-0.5,0.0,Non-Toxin,0.0
NDM5_4149,0.195,0.0,-0.5,0.0,Non-Toxin,0.0
NDM5_4149_2,0.3,0.0,-0.5,0.0,Non-Toxin,0.0
NDM5_414_0,0.21,0.0,-0.5,0.0,Non-Toxin,0.0
NDM5_414_1,0.25,0.0,0.0,0.25,Non-Toxin,0.17
NDM5_415,0.095,0.0,-0.5,0.0,Non-Toxin,0.0
NDM5_415_0,0.135,0.0,-0.5,0.0,Non-Toxin,0.0
NDM5_415_1,0.095,0.0,-0.5,0.0,Non-Toxin,0.0
NDM5_416,0.295,0.0,-0.5,0.0,Non-Toxin,0.0
NDM5_416_0,0.12,0.0,-0.5,0.0,Non-Toxin,0.0
NDM5_416_1,0.095,0.0,-0.5,0.0,Non-Toxin,0.0
NDM5_417,0.285,0.0,0.0,0.285,Non-Toxin,0.216
NDM5_4170,0.125,0.0,0.0,0.125,Non-Toxin,0.007
NDM5_4171,0.09,0.0,-0.5,0.0,Non-Toxin,0.0
NDM5_4172,0.16,0.0,-0.5,0.0,Non-Toxin,0.0
NDM5_4172_2,0.135,0.0,-0.5,0.0,Non-Toxin,0.0
NDM5_4173,0.145,0.0,-0.5,0.0,Non-Toxin,0.0
NDM5_4174,0.13,0.0,-0.5,0.0,Non-Toxin,0.0
NDM5_4175,0.165,0.0,-0.5,0.0,Non-Toxin,0.0
NDM5_4175_2,0.105,0.0,-0.5,0.0,Non-Toxin,0.0
NDM5_4176,0.18,0.0,0.0,0.18,Non-Toxin,0.079
NDM5_4177,0.15,0.0,0.0,0.15,Non-Toxin,0.039
NDM5_4178,0.19,0.0,-0.5,0.0,Non-Toxin,0.0
NDM5_4178_2,0.14,0.0,-0.5,0.0,Non-Toxin,0.0
NDM5_4179,0.195,0.0,-0.5,0.0,Non-Toxin,0.0
NDM5_417_0,0.17,0.0,-0.5,0.0,Non-Toxin,0.0
NDM5_417_1,0.12,0.0,-0.5,0.0,Non-Toxin,0.0
NDM5_418,0.47,0.0,-0.5,0.0,Non-Toxin,0.0
NDM5_418_0,0.1,0.0,-0.5,0.0,Non-Toxin,0.0
NDM5_418_1,0.13,0.0,-0.5,0.0,Non-Toxin,0.0
NDM5_419,0.105,0.0,-0.5,0.0,Non-Toxin,0.0
NDM5_419_0,0.14,0.0,-0.5,0.0,Non-Toxin,0.0
NDM5_419_1,0.16,0.0,0.0,0.16,Non-Toxin,0.053
NDM5_420,0.15,0.0,-0.5,0.0,Non-Toxin,0.0
NDM5_4200,0.16,0.0,-0.5,0.0,Non-Toxin,0.0
NDM5_4201,0.055,0.0,-0.5,0.0,Non-Toxin,0.0
NDM5_4201_2,0.14,0.0,-0.5,0.0,Non-Toxin,0.0
NDM5_4202,0.145,0.0,-0.5,0.0,Non-Toxin,0.0
NDM5_4203,0.115,0.0,-0.5,0.0,Non-Toxin,0.0
NDM5_4204,0.115,0.0,-0.5,0.0,Non-Toxin,0.0
NDM5_4204_2,0.165,0.0,-0.5,0.0,Non-Toxin,0.0
NDM5_4205,0.155,0.0,-0.5,0.0,Non-Toxin,0.0
NDM5_4206,0.17,0.0,-0.5,0.0,Non-Toxin,0.0
NDM5_4207,0.095,0.0,0.0,0.095,Non-Toxin,0.0
NDM5_4207_2,0.09,0.0,-0.5,0.0,Non-Toxin,0.0
NDM5_4208,0.145,0.0,0.0,0.145,Non-Toxin,0.033
NDM5_4209,0.11,0.0,-0.5,0.0,Non-Toxin,0.0
NDM5_420_0,0.125,0.0,-0.5,0.0,Non-Toxin,0.0
NDM5_420_1,0.1,0.0,-0.5,0.0,Non-Toxin,0.0
NDM5_421,0.11,0.0,-0.5,0.0,Non-Toxin,0.0
NDM5_421_0,0.18,0.0,-0.5,0.0,Non-Toxin,0.0
NDM5_421_1,0.23,0.0,-0.5,0.0,Non-Toxin,0.0
NDM5_422,0.17,0.0,-0.5,0.0,Non-Toxin,0.0
NDM5_422_0,0.23,0.0,-0.5,0.0,Non-Toxin,0.0
NDM5_422_1,0.16,0.0,-0.5,0.0,Non-Toxin,0.0
NDM5_423,0.135,0.0,-0.5,0.0,Non-Toxin,0.0
NDM5_4230,0.13,0.0,0.0,0.13,Non-Toxin,0.013
NDM5_4230_2,0.245,0.0,-0.5,0.0,Non-Toxin,0.0
NDM5_4231,0.16,0.0,-0.5,0.0,Non-Toxin,0.0
NDM5_4232,0.12,0.0,-0.5,0.0,Non-Toxin,0.0
NDM5_4233,0.195,0.0,-0.5,0.0,Non-Toxin,0.0
NDM5_4233_2,0.095,0.0,-0.5,0.0,Non-Toxin,0.0
NDM5_4234,0.14,0.0,-0.5,0.0,Non-Toxin,0.0
NDM5_4235,0.135,0.0,-0.5,0.0,Non-Toxin,0.0
NDM5_4236,0.14,0.0,-0.5,0.0,Non-Toxin,0.0
NDM5_4236_2,0.1,0.0,-0.5,0.0,Non-Toxin,0.0
NDM5_4237,0.18,0.0,-0.5,0.0,Non-Toxin,0.0
NDM5_4238,0.125,0.0,-0.5,0.0,Non-Toxin,0.0
NDM5_4239,0.165,0.0,-0.5,0.0,Non-Toxin,0.0
NDM5_4239_2,0.14,0.0,0.0,0.14,Non-Toxin,0.026
NDM5_423_0,0.15,0.0,-0.5,0.0,Non-Toxin,0.0
NDM5_423_1,0.275,0.0,-0.5,0.0,Non-Toxin,0.0
NDM5_424,0.4,0.0,-0.5,0.0,Non-Toxin,0.0
NDM5_424_0,0.095,0.0,-0.5,0.0,Non-Toxin,0.0
NDM5_424_1,0.175,0.0,-0.5,0.0,Non-Toxin,0.0
NDM5_425,0.18,0.0,-0.5,0.0,Non-Toxin,0.0
NDM5_425_0,0.145,0.0,-0.5,0.0,Non-Toxin,0.0
NDM5_425_1,0.105,0.0,-0.5,0.0,Non-Toxin,0.0
NDM5_426,0.15,0.0,-0.5,0.0,Non-Toxin,0.0
NDM5_4260,0.145,0.0,-0.5,0.0,Non-Toxin,0.0
NDM5_4261,0.4,0.0,-0.5,0.0,Non-Toxin,0.0
NDM5_4262,0.175,0.0,-0.5,0.0,Non-Toxin,0.0
NDM5_4262_2,0.175,0.0,0.0,0.175,Non-Toxin,0.072
NDM5_4263,0.24,0.0,-0.5,0.0,Non-Toxin,0.0
NDM5_4264,0.34,0.0,-0.5,0.0,Non-Toxin,0.0
NDM5_4265,0.105,0.0,0.0,0.105,Non-Toxin,0.0
NDM5_4265_2,0.17,0.0,-0.5,0.0,Non-Toxin,0.0
NDM5_4266,0.15,0.0,0.0,0.15,Non-Toxin,0.039
NDM5_4267,0.185,0.0,-0.5,0.0,Non-Toxin,0.0
NDM5_4268,0.245,0.0,-0.5,0.0,Non-Toxin,0.0
NDM5_4268_2,0.175,0.0,0.0,0.175,Non-Toxin,0.072
NDM5_4269,0.23,0.0,-0.5,0.0,Non-Toxin,0.0
NDM5_426_0,0.1,0.0,-0.5,0.0,Non-Toxin,0.0
NDM5_426_1,0.14,0.0,-0.5,0.0,Non-Toxin,0.0
NDM5_427,0.115,0.0,-0.5,0.0,Non-Toxin,0.0
NDM5_427_0,0.105,0.0,-0.5,0.0,Non-Toxin,0.0
NDM5_427_1,0.12,0.0,-0.5,0.0,Non-Toxin,0.0
NDM5_428,0.13,0.0,-0.5,0.0,Non-Toxin,0.0
NDM5_428_0,0.16,0.0,-0.5,0.0,Non-Toxin,0.0
NDM5_428_1,0.135,0.0,-0.5,0.0,Non-Toxin,0.0
NDM5_429,0.15,0.0,-0.5,0.0,Non-Toxin,0.0
NDM5_4290,0.115,0.0,-0.5,0.0,Non-Toxin,0.0
NDM5_4291,0.105,0.0,-0.5,0.0,Non-Toxin,0.0
NDM5_4291_2,0.145,0.0,-0.5,0.0,Non-Toxin,0.0
NDM5_4292,0.12,0.0,0.0,0.12,Non-Toxin,0.0
NDM5_4293,0.205,0.0,-0.5,0.0,Non-Toxin,0.0
NDM5_4294,0.185,0.0,-0.5,0.0,Non-Toxin,0.0
NDM5_4294_2,0.165,0.0,-0.5,0.0,Non-Toxin,0.0
NDM5_4295,0.095,0.0,-0.5,0.0,Non-Toxin,0.0
NDM5_4296,0.13,0.0,0.0,0.13,Non-Toxin,0.013
NDM5_4297,0.07,0.0,-0.5,0.0,Non-Toxin,0.0
NDM5_4297_2,0.115,0.0,-0.5,0.0,Non-Toxin,0.0
NDM5_4298,0.065,0.0,-0.5,0.0,Non-Toxin,0.0
NDM5_4299,0.165,0.0,-0.5,0.0,Non-Toxin,0.0
NDM5_429_0,0.185,0.0,-0.5,0.0,Non-Toxin,0.0
NDM5_429_1,0.125,0.0,-0.5,0.0,Non-Toxin,0.0
NDM5_430,0.2,0.0,-0.5,0.0,Non-Toxin,0.0
NDM5_430_0,0.145,0.0,-0.5,0.0,Non-Toxin,0.0
NDM5_430_1,0.18,0.0,-0.5,0.0,Non-Toxin,0.0
NDM5_431,0.16,0.0,-0.5,0.0,Non-Toxin,0.0
NDM5_431_0,0.145,0.0,-0.5,0.0,Non-Toxin,0.0
NDM5_431_1,0.12,0.0,-0.5,0.0,Non-Toxin,0.0
NDM5_432,0.2,0.0,-0.5,0.0,Non-Toxin,0.0
NDM5_4320,0.16,0.0,-0.5,0.0,Non-Toxin,0.0
NDM5_4320_2,0.205,0.0,-0.5,0.0,Non-Toxin,0.0
NDM5_4321,0.125,0.0,-0.5,0.0,Non-Toxin,0.0
NDM5_4322,0.17,0.0,-0.5,0.0,Non-Toxin,0.0
NDM5_4323,0.2,0.0,-0.5,0.0,Non-Toxin,0.0
NDM5_4323_2,0.03,0.0,-0.5,0.0,Non-Toxin,0.0
NDM5_4324,0.175,0.0,-0.5,0.0,Non-Toxin,0.0
NDM5_4325,0.105,0.0,-0.5,0.0,Non-Toxin,0.0
NDM5_4326,0.12,0.0,-0.5,0.0,Non-Toxin,0.0
NDM5_4326_2,0.315,0.0,-0.5,0.0,Non-Toxin,0.0
NDM5_4327,0.055,0.0,-0.5,0.0,Non-Toxin,0.0
NDM5_4328,0.17,0.0,-0.5,0.0,Non-Toxin,0.0
NDM5_4329,0.29,0.0,-0.5,0.0,Non-Toxin,0.0
NDM5_4329_2,0.18,0.0,-0.5,0.0,Non-Toxin,0.0
NDM5_432_0,0.21,0.0,-0.5,0.0,Non-Toxin,0.0
NDM5_432_1,0.325,0.0,-0.5,0.0,Non-Toxin,0.0
NDM5_433,0.25,0.0,-0.5,0.0,Non-Toxin,0.0
NDM5_433_0,0.135,0.0,-0.5,0.0,Non-Toxin,0.0
NDM5_433_1,0.075,0.0,-0.5,0.0,Non-Toxin,0.0
NDM5_434,0.395,0.0,-0.5,0.0,Non-Toxin,0.0
NDM5_434_0,0.175,0.0,-0.5,0.0,Non-Toxin,0.0
NDM5_434_1,0.165,0.0,-0.5,0.0,Non-Toxin,0.0
NDM5_435,0.105,0.0,-0.5,0.0,Non-Toxin,0.0
NDM5_4350,0.125,0.0,-0.5,0.0,Non-Toxin,0.0
NDM5_4351,0.25,0.0,-0.5,0.0,Non-Toxin,0.0
NDM5_4352,0.235,0.0,-0.5,0.0,Non-Toxin,0.0
NDM5_4352_2,0.24,0.0,-0.5,0.0,Non-Toxin,0.0
NDM5_4353,0.105,0.0,-0.5,0.0,Non-Toxin,0.0
NDM5_4354,0.09,0.0,-0.5,0.0,Non-Toxin,0.0
NDM5_4355,0.105,0.0,-0.5,0.0,Non-Toxin,0.0
NDM5_4355_2,0.07,0.0,-0.5,0.0,Non-Toxin,0.0
NDM5_4356,0.215,0.0,-0.5,0.0,Non-Toxin,0.0
NDM5_4357,0.12,0.0,0.0,0.12,Non-Toxin,0.0
NDM5_4358,0.295,0.0,-0.5,0.0,Non-Toxin,0.0
NDM5_4358_2,0.175,0.0,-0.5,0.0,Non-Toxin,0.0
NDM5_4359,0.235,0.0,-0.5,0.0,Non-Toxin,0.0
NDM5_435_0,0.135,0.0,-0.5,0.0,Non-Toxin,0.0
NDM5_435_1,0.155,0.0,-0.5,0.0,Non-Toxin,0.0
NDM5_436,0.315,0.0,-0.5,0.0,Non-Toxin,0.0
NDM5_436_0,0.155,0.0,-0.5,0.0,Non-Toxin,0.0
NDM5_436_1,0.17,0.0,0.0,0.17,Non-Toxin,0.066
NDM5_437,0.25,0.0,-0.5,0.0,Non-Toxin,0.0
NDM5_437_0,0.065,0.0,-0.5,0.0,Non-Toxin,0.0
NDM5_437_1,0.065,0.0,-0.5,0.0,Non-Toxin,0.0
NDM5_438,0.53,0.0,-0.5,0.03,Non-Toxin,0.0
NDM5_4380,0.09,0.0,-0.5,0.0,Non-Toxin,0.0
NDM5_4381,0.275,0.0,-0.5,0.0,Non-Toxin,0.0
NDM5_4381_2,0.1,0.0,-0.5,0.0,Non-Toxin,0.0
NDM5_4382,0.135,0.0,-0.5,0.0,Non-Toxin,0.0
NDM5_4383,0.12,0.0,-0.5,0.0,Non-Toxin,0.0
NDM5_4384,0.14,0.0,-0.5,0.0,Non-Toxin,0.0
NDM5_4384_2,0.09,0.0,0.0,0.09,Non-Toxin,0.0
NDM5_4385,0.09,0.0,-0.5,0.0,Non-Toxin,0.0
NDM5_4386,0.105,0.0,-0.5,0.0,Non-Toxin,0.0
NDM5_4387,0.135,0.0,-0.5,0.0,Non-Toxin,0.0
NDM5_4387_2,0.245,0.0,-0.5,0.0,Non-Toxin,0.0
NDM5_4388,0.115,0.0,0.0,0.115,Non-Toxin,0.0
NDM5_4389,0.265,0.0,-0.5,0.0,Non-Toxin,0.0
NDM5_438_0,0.26,0.0,-0.5,0.0,Non-Toxin,0.0
NDM5_438_1,0.12,0.0,-0.5,0.0,Non-Toxin,0.0
NDM5_439,0.395,0.0,-0.5,0.0,Non-Toxin,0.0
NDM5_439_0,0.195,0.0,-0.5,0.0,Non-Toxin,0.0
NDM5_439_1,0.12,0.0,-0.5,0.0,Non-Toxin,0.0
NDM5_440,0.185,0.0,-0.5,0.0,Non-Toxin,0.0
NDM5_440_0,0.195,0.0,-0.5,0.0,Non-Toxin,0.0
NDM5_440_1,0.26,0.0,-0.5,0.0,Non-Toxin,0.0
NDM5_441,0.275,0.0,-0.5,0.0,Non-Toxin,0.0
NDM5_4410,0.42,0.0,-0.5,0.0,Non-Toxin,0.0
NDM5_4410_2,0.145,0.0,0.0,0.145,Non-Toxin,0.033
NDM5_4411,0.25,0.0,-0.5,0.0,Non-Toxin,0.0
NDM5_4412,0.195,0.0,0.0,0.195,Non-Toxin,0.098
NDM5_4413,0.615,0.0,-0.5,0.115,Non-Toxin,0.0
NDM5_4413_2,0.14,0.0,0.0,0.14,Non-Toxin,0.026
NDM5_4414,0.12,0.0,-0.5,0.0,Non-Toxin,0.0
NDM5_4415,0.155,0.0,-0.5,0.0,Non-Toxin,0.0
NDM5_4416,0.215,0.0,-0.5,0.0,Non-Toxin,0.0
NDM5_4416_2,0.125,0.0,-0.5,0.0,Non-Toxin,0.0
NDM5_4417,0.245,0.0,-0.5,0.0,Non-Toxin,0.0
NDM5_4418,0.16,0.0,-0.5,0.0,Non-Toxin,0.0
NDM5_4419,0.14,0.0,-0.5,0.0,Non-Toxin,0.0
NDM5_4419_2,0.105,0.0,0.0,0.105,Non-Toxin,0.0
NDM5_441_0,0.105,0.0,-0.5,0.0,Non-Toxin,0.0
NDM5_441_1,0.21,0.0,-0.5,0.0,Non-Toxin,0.0
NDM5_442,0.685,0.0,-0.5,0.185,Non-Toxin,0.085
NDM5_442_0,0.1,0.0,-0.5,0.0,Non-Toxin,0.0
NDM5_442_1,0.1,0.0,-0.5,0.0,Non-Toxin,0.0
NDM5_443,0.335,0.0,-0.5,0.0,Non-Toxin,0.0
NDM5_443_0,0.08,0.0,-0.5,0.0,Non-Toxin,0.0
NDM5_443_1,0.095,0.0,-0.5,0.0,Non-Toxin,0.0
NDM5_444,0.115,0.0,-0.5,0.0,Non-Toxin,0.0
NDM5_4440,0.13,0.0,-0.5,0.0,Non-Toxin,0.0
NDM5_4441,0.105,0.0,0.0,0.105,Non-Toxin,0.0
NDM5_4442,0.15,0.0,-0.5,0.0,Non-Toxin,0.0
NDM5_4442_2,0.37,0.0,0.0,0.37,Non-Toxin,0.327
NDM5_4443,0.205,0.0,-0.5,0.0,Non-Toxin,0.0
NDM5_4444,0.27,0.0,-0.5,0.0,Non-Toxin,0.0
NDM5_4445,0.32,0.0,-0.5,0.0,Non-Toxin,0.0
NDM5_4445_2,0.215,0.0,-0.5,0.0,Non-Toxin,0.0
NDM5_4446,0.125,0.0,-0.5,0.0,Non-Toxin,0.0
NDM5_4447,0.275,0.0,-0.5,0.0,Non-Toxin,0.0
NDM5_4448,0.09,0.0,-0.5,0.0,Non-Toxin,0.0
NDM5_4448_2,0.23,0.0,-0.5,0.0,Non-Toxin,0.0
NDM5_4449,0.5,0.0,0.0,0.5,Toxin,0.497
NDM5_444_0,0.26,0.0,-0.5,0.0,Non-Toxin,0.0
NDM5_444_1,0.18,0.0,-0.5,0.0,Non-Toxin,0.0
NDM5_445,0.27,0.0,-0.5,0.0,Non-Toxin,0.0
NDM5_445_0,0.27,0.0,-0.5,0.0,Non-Toxin,0.0
NDM5_445_1,0.245,0.0,-0.5,0.0,Non-Toxin,0.0
NDM5_446,0.225,0.0,-0.5,0.0,Non-Toxin,0.0
NDM5_446_0,0.22,0.0,-0.5,0.0,Non-Toxin,0.0
NDM5_446_1,0.345,0.0,0.0,0.345,Non-Toxin,0.294
NDM5_447,0.22,0.0,-0.5,0.0,Non-Toxin,0.0
NDM5_4470,0.1,0.0,0.0,0.1,Non-Toxin,0.0
NDM5_4471,0.16,0.0,-0.5,0.0,Non-Toxin,0.0
NDM5_4471_2,0.195,0.0,-0.5,0.0,Non-Toxin,0.0
NDM5_4472,0.08,0.0,-0.5,0.0,Non-Toxin,0.0
NDM5_4473,0.115,0.0,-0.5,0.0,Non-Toxin,0.0
NDM5_4474,0.11,0.0,0.0,0.11,Non-Toxin,0.0
NDM5_4474_2,0.06,0.0,-0.5,0.0,Non-Toxin,0.0
NDM5_4475,0.15,0.0,0.0,0.15,Non-Toxin,0.039
NDM5_4476,0.08,0.0,-0.5,0.0,Non-Toxin,0.0
NDM5_4477,0.085,0.0,-0.5,0.0,Non-Toxin,0.0
NDM5_4477_2,0.155,0.0,-0.5,0.0,Non-Toxin,0.0
NDM5_4478,0.145,0.0,0.0,0.145,Non-Toxin,0.033
NDM5_4479,0.135,0.0,-0.5,0.0,Non-Toxin,0.0
NDM5_447_0,0.25,0.0,-0.5,0.0,Non-Toxin,0.0
NDM5_447_1,0.105,0.0,-0.5,0.0,Non-Toxin,0.0
NDM5_448,0.195,0.0,-0.5,0.0,Non-Toxin,0.0
NDM5_448_0,0.195,0.0,-0.5,0.0,Non-Toxin,0.0
NDM5_448_1,0.165,0.0,-0.5,0.0,Non-Toxin,0.0
NDM5_449,0.685,0.0,-0.5,0.185,Non-Toxin,0.085
NDM5_449_0,0.13,0.0,-0.5,0.0,Non-Toxin,0.0
NDM5_449_1,0.13,0.0,-0.5,0.0,Non-Toxin,0.0
NDM5_450,0.18,0.0,0.0,0.18,Non-Toxin,0.079
NDM5_4500,0.075,0.0,-0.5,0.0,Non-Toxin,0.0
NDM5_4500_2,0.165,0.0,-0.5,0.0,Non-Toxin,0.0
NDM5_4501,0.075,0.0,-0.5,0.0,Non-Toxin,0.0
NDM5_4502,0.185,0.0,-0.5,0.0,Non-Toxin,0.0
NDM5_4503,0.17,0.0,-0.5,0.0,Non-Toxin,0.0
NDM5_4503_2,0.1,0.0,-0.5,0.0,Non-Toxin,0.0
NDM5_4504,0.15,0.0,-0.5,0.0,Non-Toxin,0.0
NDM5_4505,0.12,0.0,-0.5,0.0,Non-Toxin,0.0
NDM5_4506,0.075,0.0,-0.5,0.0,Non-Toxin,0.0
NDM5_4506_2,0.165,0.0,-0.5,0.0,Non-Toxin,0.0
NDM5_4507,0.125,0.0,-0.5,0.0,Non-Toxin,0.0
NDM5_4508,0.225,0.0,-0.5,0.0,Non-Toxin,0.0
NDM5_4509,0.075,0.0,-0.5,0.0,Non-Toxin,0.0
NDM5_4509_2,0.095,0.0,-0.5,0.0,Non-Toxin,0.0
NDM5_450_0,0.11,0.0,-0.5,0.0,Non-Toxin,0.0
NDM5_450_1,0.155,0.0,-0.5,0.0,Non-Toxin,0.0
NDM5_451,0.085,0.0,-0.5,0.0,Non-Toxin,0.0
NDM5_451_0,0.105,0.0,-0.5,0.0,Non-Toxin,0.0
NDM5_451_1,0.105,0.0,0.0,0.105,Non-Toxin,0.0
NDM5_452,0.255,0.0,-0.5,0.0,Non-Toxin,0.0
NDM5_452_0,0.135,0.0,-0.5,0.0,Non-Toxin,0.0
NDM5_452_1,0.12,0.0,-0.5,0.0,Non-Toxin,0.0
NDM5_453,0.095,0.0,-0.5,0.0,Non-Toxin,0.0
NDM5_4530,0.1,0.0,0.0,0.1,Non-Toxin,0.0
NDM5_4531,0.09,0.0,-0.5,0.0,Non-Toxin,0.0
NDM5_4532,0.175,0.0,-0.5,0.0,Non-Toxin,0.0
NDM5_4532_2,0.115,0.0,-0.5,0.0,Non-Toxin,0.0
NDM5_4533,0.215,0.0,0.0,0.215,Non-Toxin,0.124
NDM5_4534,0.12,0.0,-0.5,0.0,Non-Toxin,0.0
NDM5_4535,0.195,0.0,-0.5,0.0,Non-Toxin,0.0
NDM5_4535_2,0.11,0.0,-0.5,0.0,Non-Toxin,0.0
NDM5_4536,0.1,0.0,-0.5,0.0,Non-Toxin,0.0
NDM5_4537,0.135,0.0,-0.5,0.0,Non-Toxin,0.0
NDM5_4538,0.11,0.0,-0.5,0.0,Non-Toxin,0.0
NDM5_4538_2,0.245,0.0,-0.5,0.0,Non-Toxin,0.0
NDM5_4539,0.13,0.0,0.0,0.13,Non-Toxin,0.013
NDM5_453_0,0.25,0.0,-0.5,0.0,Non-Toxin,0.0
NDM5_453_1,0.1,0.0,-0.5,0.0,Non-Toxin,0.0
NDM5_454,0.3,0.0,-0.5,0.0,Non-Toxin,0.0
NDM5_454_0,0.09,0.0,-0.5,0.0,Non-Toxin,0.0
NDM5_454_1,0.09,0.0,-0.5,0.0,Non-Toxin,0.0
NDM5_455,0.09,0.0,-0.5,0.0,Non-Toxin,0.0
NDM5_455_0,0.11,0.0,-0.5,0.0,Non-Toxin,0.0
NDM5_455_1,0.1,0.0,-0.5,0.0,Non-Toxin,0.0
NDM5_456,0.195,0.0,-0.5,0.0,Non-Toxin,0.0
NDM5_4560,0.15,0.0,-0.5,0.0,Non-Toxin,0.0
NDM5_4561,0.08,0.0,-0.5,0.0,Non-Toxin,0.0
NDM5_4561_2,0.08,0.0,-0.5,0.0,Non-Toxin,0.0
NDM5_4562,0.15,0.0,-0.5,0.0,Non-Toxin,0.0
NDM5_4563,0.14,0.0,-0.5,0.0,Non-Toxin,0.0
NDM5_4564,0.175,0.0,-0.5,0.0,Non-Toxin,0.0
NDM5_4564_2,0.235,0.0,-0.5,0.0,Non-Toxin,0.0
NDM5_4565,0.11,0.0,-0.5,0.0,Non-Toxin,0.0
NDM5_4566,0.145,0.0,0.0,0.145,Non-Toxin,0.033
NDM5_4567,0.17,0.0,0.0,0.17,Non-Toxin,0.066
NDM5_4567_2,0.17,0.0,-0.5,0.0,Non-Toxin,0.0
NDM5_4568,0.17,0.0,-0.5,0.0,Non-Toxin,0.0
NDM5_4569,0.16,0.0,-0.5,0.0,Non-Toxin,0.0
NDM5_456_0,0.165,0.0,-0.5,0.0,Non-Toxin,0.0
NDM5_456_1,0.11,0.0,-0.5,0.0,Non-Toxin,0.0
NDM5_457,0.205,0.0,-0.5,0.0,Non-Toxin,0.0
NDM5_457_0,0.07,0.0,-0.5,0.0,Non-Toxin,0.0
NDM5_457_1,0.155,0.0,0.0,0.155,Non-Toxin,0.046
NDM5_458,0.075,0.0,0.0,0.075,Non-Toxin,0.0
NDM5_458_0,0.085,0.0,-0.5,0.0,Non-Toxin,0.0
NDM5_458_1,0.12,0.0,0.0,0.12,Non-Toxin,0.0
NDM5_459,0.14,0.0,-0.5,0.0,Non-Toxin,0.0
NDM5_4590,0.115,0.0,-0.5,0.0,Non-Toxin,0.0
NDM5_4590_2,0.185,0.0,-0.5,0.0,Non-Toxin,0.0
NDM5_4591,0.16,0.0,0.0,0.16,Non-Toxin,0.053
NDM5_4592,0.155,0.0,-0.5,0.0,Non-Toxin,0.0
NDM5_4593,0.15,0.0,0.0,0.15,Non-Toxin,0.039
NDM5_4593_2,0.09,0.0,-0.5,0.0,Non-Toxin,0.0
NDM5_4594,0.15,0.0,0.0,0.15,Non-Toxin,0.039
NDM5_4595,0.09,0.0,0.0,0.09,Non-Toxin,0.0
NDM5_4596,0.195,0.0,0.0,0.195,Non-Toxin,0.098
NDM5_4596_2,0.105,0.0,-0.5,0.0,Non-Toxin,0.0
NDM5_4597,0.185,0.0,-0.5,0.0,Non-Toxin,0.0
NDM5_4598,0.135,0.0,0.0,0.135,Non-Toxin,0.02
NDM5_4599,0.09,0.0,-0.5,0.0,Non-Toxin,0.0
NDM5_4599_2,0.165,0.0,-0.5,0.0,Non-Toxin,0.0
NDM5_459_0,0.145,0.0,-0.5,0.0,Non-Toxin,0.0
NDM5_459_1,0.165,0.0,-0.5,0.0,Non-Toxin,0.0
NDM5_460,0.515,0.0,-0.5,0.015,Non-Toxin,0.0
NDM5_460_0,0.08,0.0,-0.5,0.0,Non-Toxin,0.0
NDM5_460_1,0.165,0.0,0.0,0.165,Non-Toxin,0.059
NDM5_461,0.1,0.0,-0.5,0.0,Non-Toxin,0.0
NDM5_461_0,0.22,0.0,-0.5,0.0,Non-Toxin,0.0
NDM5_461_1,0.3,0.0,-0.5,0.0,Non-Toxin,0.0
NDM5_462,0.215,0.0,0.0,0.215,Non-Toxin,0.124
NDM5_4620,0.145,0.0,-0.5,0.0,Non-Toxin,0.0
NDM5_4621,0.065,0.0,-0.5,0.0,Non-Toxin,0.0
NDM5_4622,0.19,0.0,-0.5,0.0,Non-Toxin,0.0
NDM5_4622_2,0.31,0.0,-0.5,0.0,Non-Toxin,0.0
NDM5_4623,0.125,0.0,-0.5,0.0,Non-Toxin,0.0
NDM5_4624,0.145,0.0,-0.5,0.0,Non-Toxin,0.0
NDM5_4625,0.105,0.0,-0.5,0.0,Non-Toxin,0.0
NDM5_4625_2,0.125,0.0,-0.5,0.0,Non-Toxin,0.0
NDM5_4626,0.095,0.0,-0.5,0.0,Non-Toxin,0.0
NDM5_4627,0.06,0.0,-0.5,0.0,Non-Toxin,0.0
NDM5_4628,0.565,0.0,-0.5,0.065,Non-Toxin,0.0
NDM5_4628_2,0.085,0.0,-0.5,0.0,Non-Toxin,0.0
NDM5_4629,0.15,0.0,-0.5,0.0,Non-Toxin,0.0
NDM5_462_0,0.2,0.0,-0.5,0.0,Non-Toxin,0.0
NDM5_462_1,0.115,0.0,-0.5,0.0,Non-Toxin,0.0
NDM5_463,0.115,0.0,0.0,0.115,Non-Toxin,0.0
NDM5_463_0,0.115,0.0,-0.5,0.0,Non-Toxin,0.0
NDM5_463_1,0.12,0.0,-0.5,0.0,Non-Toxin,0.0
NDM5_464,0.17,0.0,-0.5,0.0,Non-Toxin,0.0
NDM5_464_0,0.11,0.0,-0.5,0.0,Non-Toxin,0.0
NDM5_464_1,0.15,0.0,-0.5,0.0,Non-Toxin,0.0
NDM5_465,0.265,0.0,-0.5,0.0,Non-Toxin,0.0
NDM5_4650,0.12,0.0,-0.5,0.0,Non-Toxin,0.0
NDM5_4651,0.12,0.0,-0.5,0.0,Non-Toxin,0.0
NDM5_4651_2,0.17,0.0,-0.5,0.0,Non-Toxin,0.0
NDM5_4652,0.11,0.0,0.0,0.11,Non-Toxin,0.0
NDM5_4653,0.14,0.0,-0.5,0.0,Non-Toxin,0.0
NDM5_4654,0.285,0.0,-0.5,0.0,Non-Toxin,0.0
NDM5_4654_2,0.24,0.0,-0.5,0.0,Non-Toxin,0.0
NDM5_4655,0.155,0.0,-0.5,0.0,Non-Toxin,0.0
NDM5_4656,0.175,0.0,0.0,0.175,Non-Toxin,0.072
NDM5_4657,0.21,0.0,-0.5,0.0,Non-Toxin,0.0
NDM5_4657_2,0.205,0.0,-0.5,0.0,Non-Toxin,0.0
NDM5_4658,0.12,0.0,-0.5,0.0,Non-Toxin,0.0
NDM5_4659,0.095,0.0,0.0,0.095,Non-Toxin,0.0
NDM5_465_0,0.43,0.0,-0.5,0.0,Non-Toxin,0.0
NDM5_465_1,0.355,0.0,-0.5,0.0,Non-Toxin,0.0
NDM5_466,0.12,0.0,-0.5,0.0,Non-Toxin,0.0
NDM5_466_0,0.115,0.0,-0.5,0.0,Non-Toxin,0.0
NDM5_466_1,0.165,0.0,-0.5,0.0,Non-Toxin,0.0
NDM5_467,0.12,0.0,-0.5,0.0,Non-Toxin,0.0
NDM5_467_0,0.095,0.0,-0.5,0.0,Non-Toxin,0.0
NDM5_467_1,0.175,0.0,-0.5,0.0,Non-Toxin,0.0
NDM5_468,0.345,0.0,-0.5,0.0,Non-Toxin,0.0
NDM5_4680,0.18,0.0,-0.5,0.0,Non-Toxin,0.0
NDM5_4680_2,0.16,0.0,-0.5,0.0,Non-Toxin,0.0
NDM5_4681,0.135,0.0,0.0,0.135,Non-Toxin,0.02
NDM5_4682,0.145,0.0,-0.5,0.0,Non-Toxin,0.0
NDM5_4683,0.325,0.0,-0.5,0.0,Non-Toxin,0.0
NDM5_4683_2,0.27,0.0,-0.5,0.0,Non-Toxin,0.0
NDM5_4684,0.075,0.0,-0.5,0.0,Non-Toxin,0.0
NDM5_4685,0.175,0.0,-0.5,0.0,Non-Toxin,0.0
NDM5_4686,0.215,0.0,-0.5,0.0,Non-Toxin,0.0
NDM5_4686_2,0.125,0.0,-0.5,0.0,Non-Toxin,0.0
NDM5_4687,0.3,0.0,0.0,0.3,Non-Toxin,0.235
NDM5_4688,0.12,0.0,-0.5,0.0,Non-Toxin,0.0
NDM5_4689,0.125,0.0,-0.5,0.0,Non-Toxin,0.0
NDM5_4689_2,0.18,0.0,0.0,0.18,Non-Toxin,0.079
NDM5_468_0,0.04,0.0,-0.5,0.0,Non-Toxin,0.0
NDM5_468_1,0.06,0.0,-0.5,0.0,Non-Toxin,0.0
NDM5_469,0.08,0.0,0.0,0.08,Non-Toxin,0.0
NDM5_469_0,0.055,0.0,-0.5,0.0,Non-Toxin,0.0
NDM5_469_1,0.085,0.0,-0.5,0.0,Non-Toxin,0.0
NDM5_470,0.405,0.0,-0.5,0.0,Non-Toxin,0.0
NDM5_470_0,0.13,0.0,-0.5,0.0,Non-Toxin,0.0
NDM5_470_1,0.15,0.0,-0.5,0.0,Non-Toxin,0.0
NDM5_471,0.155,0.0,-0.5,0.0,Non-Toxin,0.0
NDM5_4710,0.135,0.0,-0.5,0.0,Non-Toxin,0.0
NDM5_4711,0.125,0.0,-0.5,0.0,Non-Toxin,0.0
NDM5_4712,0.11,0.0,-0.5,0.0,Non-Toxin,0.0
NDM5_4712_2,0.085,0.0,-0.5,0.0,Non-Toxin,0.0
NDM5_4713,0.13,0.0,-0.5,0.0,Non-Toxin,0.0
NDM5_4714,0.13,0.0,-0.5,0.0,Non-Toxin,0.0
NDM5_4715,0.16,0.0,0.0,0.16,Non-Toxin,0.053
NDM5_4715_2,0.13,0.0,-0.5,0.0,Non-Toxin,0.0
NDM5_4716,0.185,0.0,0.0,0.185,Non-Toxin,0.085
NDM5_4717,0.1,0.0,-0.5,0.0,Non-Toxin,0.0
NDM5_4718,0.2,0.0,-0.5,0.0,Non-Toxin,0.0
NDM5_4718_2,0.1,0.0,-0.5,0.0,Non-Toxin,0.0
NDM5_4719,0.125,0.0,-0.5,0.0,Non-Toxin,0.0
NDM5_471_0,0.115,0.0,-0.5,0.0,Non-Toxin,0.0
NDM5_471_1,0.115,0.0,-0.5,0.0,Non-Toxin,0.0
NDM5_472,0.39,0.0,-0.5,0.0,Non-Toxin,0.0
NDM5_472_0,0.15,0.0,-0.5,0.0,Non-Toxin,0.0
NDM5_472_1,0.245,0.0,-0.5,0.0,Non-Toxin,0.0
NDM5_473,0.24,0.0,-0.5,0.0,Non-Toxin,0.0
NDM5_473_0,0.09,0.0,-0.5,0.0,Non-Toxin,0.0
NDM5_473_1,0.08,0.0,-0.5,0.0,Non-Toxin,0.0
NDM5_474,0.2,0.0,-0.5,0.0,Non-Toxin,0.0
NDM5_4740,0.065,0.0,-0.5,0.0,Non-Toxin,0.0
NDM5_4741,0.21,0.0,0.0,0.21,Non-Toxin,0.118
NDM5_4741_2,0.095,0.0,-0.5,0.0,Non-Toxin,0.0
NDM5_4742,0.175,0.0,-0.5,0.0,Non-Toxin,0.0
NDM5_4743,0.125,0.0,0.0,0.125,Non-Toxin,0.007
NDM5_4744,0.14,0.0,-0.5,0.0,Non-Toxin,0.0
NDM5_4744_2,0.155,0.0,-0.5,0.0,Non-Toxin,0.0
NDM5_4745,0.15,0.0,-0.5,0.0,Non-Toxin,0.0
NDM5_4746,0.135,0.0,-0.5,0.0,Non-Toxin,0.0
NDM5_4747,0.14,0.0,-0.5,0.0,Non-Toxin,0.0
NDM5_4747_2,0.095,0.0,-0.5,0.0,Non-Toxin,0.0
NDM5_4748,0.18,0.0,0.0,0.18,Non-Toxin,0.079
NDM5_4749,0.065,0.0,-0.5,0.0,Non-Toxin,0.0
NDM5_474_0,0.09,0.0,-0.5,0.0,Non-Toxin,0.0
NDM5_474_1,0.155,0.0,-0.5,0.0,Non-Toxin,0.0
NDM5_475,0.375,0.0,-0.5,0.0,Non-Toxin,0.0
NDM5_475_0,0.095,0.0,-0.5,0.0,Non-Toxin,0.0
NDM5_475_1,0.085,0.0,-0.5,0.0,Non-Toxin,0.0
NDM5_476,0.255,0.0,-0.5,0.0,Non-Toxin,0.0
NDM5_476_0,0.14,0.0,-0.5,0.0,Non-Toxin,0.0
NDM5_476_1,0.255,0.0,-0.5,0.0,Non-Toxin,0.0
NDM5_477,0.58,0.0,-0.5,0.08,Non-Toxin,0.0
NDM5_4770,0.365,0.0,-0.5,0.0,Non-Toxin,0.0
NDM5_4770_2,0.18,0.0,-0.5,0.0,Non-Toxin,0.0
NDM5_4771,0.15,0.0,-0.5,0.0,Non-Toxin,0.0
NDM5_4772,0.195,0.0,-0.5,0.0,Non-Toxin,0.0
NDM5_4773,0.165,0.0,-0.5,0.0,Non-Toxin,0.0
NDM5_4773_2,0.325,0.0,-0.5,0.0,Non-Toxin,0.0
NDM5_4774,0.14,0.0,-0.5,0.0,Non-Toxin,0.0
NDM5_4775,0.125,0.0,-0.5,0.0,Non-Toxin,0.0
NDM5_4776,0.09,0.0,-0.5,0.0,Non-Toxin,0.0
NDM5_4776_2,0.13,0.0,0.0,0.13,Non-Toxin,0.013
NDM5_4777,0.14,0.0,-0.5,0.0,Non-Toxin,0.0
NDM5_4778,0.155,0.0,-0.5,0.0,Non-Toxin,0.0
NDM5_4779,0.145,0.0,-0.5,0.0,Non-Toxin,0.0
NDM5_4779_2,0.15,0.0,-0.5,0.0,Non-Toxin,0.0
NDM5_477_0,0.155,0.0,-0.5,0.0,Non-Toxin,0.0
NDM5_477_1,0.135,0.0,-0.5,0.0,Non-Toxin,0.0
NDM5_478,0.155,0.0,-0.5,0.0,Non-Toxin,0.0
NDM5_478_0,0.1,0.0,-0.5,0.0,Non-Toxin,0.0
NDM5_478_1,0.155,0.0,-0.5,0.0,Non-Toxin,0.0
NDM5_479,0.115,0.0,-0.5,0.0,Non-Toxin,0.0
NDM5_479_0,0.085,0.0,-0.5,0.0,Non-Toxin,0.0
NDM5_479_1,0.07,0.0,-0.5,0.0,Non-Toxin,0.0
NDM5_480,0.42,0.0,0.0,0.42,Toxin,0.392
NDM5_4800,0.135,0.0,-0.5,0.0,Non-Toxin,0.0
NDM5_4801,0.125,0.0,-0.5,0.0,Non-Toxin,0.0
NDM5_4802,0.15,0.0,-0.5,0.0,Non-Toxin,0.0
NDM5_4802_2,0.145,0.0,-0.5,0.0,Non-Toxin,0.0
NDM5_4803,0.14,0.0,-0.5,0.0,Non-Toxin,0.0
NDM5_4804,0.165,0.0,-0.5,0.0,Non-Toxin,0.0
NDM5_4805,0.115,0.0,0.0,0.115,Non-Toxin,0.0
NDM5_4805_2,0.285,0.0,-0.5,0.0,Non-Toxin,0.0
NDM5_4806,0.14,0.0,-0.5,0.0,Non-Toxin,0.0
NDM5_4807,0.165,0.0,-0.5,0.0,Non-Toxin,0.0
NDM5_4808,0.18,0.0,0.0,0.18,Non-Toxin,0.079
NDM5_4808_2,0.21,0.0,-0.5,0.0,Non-Toxin,0.0
NDM5_4809,0.1,0.0,-0.5,0.0,Non-Toxin,0.0
NDM5_480_0,0.11,0.0,-0.5,0.0,Non-Toxin,0.0
NDM5_480_1,0.11,0.0,0.0,0.11,Non-Toxin,0.0
NDM5_481,0.14,0.0,-0.5,0.0,Non-Toxin,0.0
NDM5_481_0,0.36,0.0,-0.5,0.0,Non-Toxin,0.0
NDM5_481_1,0.32,0.0,-0.5,0.0,Non-Toxin,0.0
NDM5_482,0.595,0.0,-0.5,0.095,Non-Toxin,0.0
NDM5_482_0,0.115,0.0,-0.5,0.0,Non-Toxin,0.0
NDM5_482_1,0.16,0.0,0.0,0.16,Non-Toxin,0.053
NDM5_483,0.18,0.0,-0.5,0.0,Non-Toxin,0.0
NDM5_4830,0.125,0.0,-0.5,0.0,Non-Toxin,0.0
NDM5_4831,0.215,0.0,-0.5,0.0,Non-Toxin,0.0
NDM5_4831_2,0.175,0.0,-0.5,0.0,Non-Toxin,0.0
NDM5_4832,0.195,0.0,-0.5,0.0,Non-Toxin,0.0
NDM5_4833,0.105,0.0,-0.5,0.0,Non-Toxin,0.0
NDM5_4834,0.11,0.0,-0.5,0.0,Non-Toxin,0.0
NDM5_4834_2,0.115,0.0,-0.5,0.0,Non-Toxin,0.0
NDM5_4835,0.145,0.0,-0.5,0.0,Non-Toxin,0.0
NDM5_4836,0.13,0.0,-0.5,0.0,Non-Toxin,0.0
NDM5_4837,0.16,0.0,0.0,0.16,Non-Toxin,0.053
NDM5_4837_2,0.27,0.0,-0.5,0.0,Non-Toxin,0.0
NDM5_4838,0.125,0.0,-0.5,0.0,Non-Toxin,0.0
NDM5_4839,0.14,0.0,0.0,0.14,Non-Toxin,0.026
NDM5_483_0,0.105,0.0,-0.5,0.0,Non-Toxin,0.0
NDM5_483_1,0.14,0.0,0.0,0.14,Non-Toxin,0.026
NDM5_484,0.71,0.0,-0.5,0.21,Non-Toxin,0.118
NDM5_484_0,0.145,0.0,-0.5,0.0,Non-Toxin,0.0
NDM5_484_1,0.17,0.0,-0.5,0.0,Non-Toxin,0.0
NDM5_485,0.15,0.0,-0.5,0.0,Non-Toxin,0.0
NDM5_485_0,0.175,0.0,-0.5,0.0,Non-Toxin,0.0
NDM5_485_1,0.205,0.0,-0.5,0.0,Non-Toxin,0.0
NDM5_486,0.31,0.0,-0.5,0.0,Non-Toxin,0.0
NDM5_4860,0.085,0.0,-0.5,0.0,Non-Toxin,0.0
NDM5_4860_2,0.125,0.0,-0.5,0.0,Non-Toxin,0.0
NDM5_4861,0.19,0.0,-0.5,0.0,Non-Toxin,0.0
NDM5_4862,0.1,0.0,-0.5,0.0,Non-Toxin,0.0
NDM5_4863,0.115,0.0,-0.5,0.0,Non-Toxin,0.0
NDM5_4863_2,0.065,0.0,-0.5,0.0,Non-Toxin,0.0
NDM5_4864,0.115,0.0,-0.5,0.0,Non-Toxin,0.0
NDM5_4865,0.07,0.0,-0.5,0.0,Non-Toxin,0.0
NDM5_4866,0.14,0.0,-0.5,0.0,Non-Toxin,0.0
NDM5_4866_2,0.115,0.0,-0.5,0.0,Non-Toxin,0.0
NDM5_4867,0.185,0.0,-0.5,0.0,Non-Toxin,0.0
NDM5_4868,0.19,0.0,-0.5,0.0,Non-Toxin,0.0
NDM5_4869,0.185,0.0,-0.5,0.0,Non-Toxin,0.0
NDM5_4869_2,0.115,0.0,-0.5,0.0,Non-Toxin,0.0
NDM5_486_0,0.12,0.0,-0.5,0.0,Non-Toxin,0.0
NDM5_486_1,0.1,0.0,-0.5,0.0,Non-Toxin,0.0
NDM5_487,0.18,0.0,-0.5,0.0,Non-Toxin,0.0
NDM5_487_0,0.08,0.0,-0.5,0.0,Non-Toxin,0.0
NDM5_487_1,0.1,0.0,-0.5,0.0,Non-Toxin,0.0
NDM5_488,0.135,0.0,-0.5,0.0,Non-Toxin,0.0
NDM5_488_0,0.25,0.0,-0.5,0.0,Non-Toxin,0.0
NDM5_488_1,0.19,0.0,-0.5,0.0,Non-Toxin,0.0
NDM5_489,0.25,0.0,-0.5,0.0,Non-Toxin,0.0
NDM5_4890,0.195,0.0,-0.5,0.0,Non-Toxin,0.0
NDM5_4891,0.14,0.0,0.0,0.14,Non-Toxin,0.026
NDM5_4892,0.165,0.0,-0.5,0.0,Non-Toxin,0.0
NDM5_4892_2,0.205,0.0,-0.5,0.0,Non-Toxin,0.0
NDM5_4893,0.11,0.0,0.0,0.11,Non-Toxin,0.0
NDM5_4894,0.19,0.0,-0.5,0.0,Non-Toxin,0.0
NDM5_4895,0.105,0.0,-0.5,0.0,Non-Toxin,0.0
NDM5_4895_2,0.08,0.0,-0.5,0.0,Non-Toxin,0.0
NDM5_4896,0.145,0.0,0.0,0.145,Non-Toxin,0.033
NDM5_4897,0.205,0.0,0.0,0.205,Non-Toxin,0.111
NDM5_4898,0.13,0.0,-0.5,0.0,Non-Toxin,0.0
NDM5_4898_2,0.135,0.0,-0.5,0.0,Non-Toxin,0.0
NDM5_4899,0.105,0.0,-0.5,0.0,Non-Toxin,0.0
NDM5_489_0,0.12,0.0,-0.5,0.0,Non-Toxin,0.0
NDM5_489_1,0.1,0.0,-0.5,0.0,Non-Toxin,0.0
NDM5_490,0.555,0.0,-0.5,0.055,Non-Toxin,0.0
NDM5_490_0,0.08,0.0,-0.5,0.0,Non-Toxin,0.0
NDM5_490_1,0.055,0.0,-0.5,0.0,Non-Toxin,0.0
NDM5_491,0.125,0.0,-0.5,0.0,Non-Toxin,0.0
NDM5_491_0,0.11,0.0,-0.5,0.0,Non-Toxin,0.0
NDM5_491_1,0.135,0.0,0.0,0.135,Non-Toxin,0.02
NDM5_492,0.695,0.5,0.0,1.0,Toxin,1.0
NDM5_4920,0.26,0.0,-0.5,0.0,Non-Toxin,0.0
NDM5_4921,0.215,0.0,-0.5,0.0,Non-Toxin,0.0
NDM5_4921_2,0.215,0.0,-0.5,0.0,Non-Toxin,0.0
NDM5_4922,0.085,0.0,-0.5,0.0,Non-Toxin,0.0
NDM5_4923,0.255,0.0,0.0,0.255,Non-Toxin,0.177
NDM5_4924,0.12,0.0,-0.5,0.0,Non-Toxin,0.0
NDM5_4924_2,0.185,0.0,0.0,0.185,Non-Toxin,0.085
NDM5_4925,0.245,0.0,-0.5,0.0,Non-Toxin,0.0
NDM5_4926,0.09,0.0,-0.5,0.0,Non-Toxin,0.0
NDM5_4927,0.18,0.0,-0.5,0.0,Non-Toxin,0.0
NDM5_4927_2,0.115,0.0,-0.5,0.0,Non-Toxin,0.0
NDM5_4928,0.14,0.0,0.0,0.14,Non-Toxin,0.026
NDM5_4929,0.265,0.0,-0.5,0.0,Non-Toxin,0.0
NDM5_492_0,0.165,0.0,-0.5,0.0,Non-Toxin,0.0
NDM5_492_1,0.215,0.0,-0.5,0.0,Non-Toxin,0.0
NDM5_493,0.13,0.0,0.0,0.13,Non-Toxin,0.013
NDM5_493_0,0.085,0.0,-0.5,0.0,Non-Toxin,0.0
NDM5_493_1,0.07,0.0,-0.5,0.0,Non-Toxin,0.0
NDM5_494,0.235,0.0,-0.5,0.0,Non-Toxin,0.0
NDM5_494_0,0.13,0.0,-0.5,0.0,Non-Toxin,0.0
NDM5_494_1,0.175,0.0,-0.5,0.0,Non-Toxin,0.0
NDM5_495,0.13,0.0,-0.5,0.0,Non-Toxin,0.0
NDM5_4950,0.23,0.0,-0.5,0.0,Non-Toxin,0.0
NDM5_4950_2,0.115,0.0,-0.5,0.0,Non-Toxin,0.0
NDM5_4951,0.165,0.0,-0.5,0.0,Non-Toxin,0.0
NDM5_4952,0.11,0.0,0.0,0.11,Non-Toxin,0.0
NDM5_4953,0.185,0.0,0.0,0.185,Non-Toxin,0.085
NDM5_4953_2,0.17,0.0,-0.5,0.0,Non-Toxin,0.0
NDM5_4954,0.105,0.0,-0.5,0.0,Non-Toxin,0.0
NDM5_4955,0.125,0.0,-0.5,0.0,Non-Toxin,0.0
NDM5_4956,0.135,0.0,0.0,0.135,Non-Toxin,0.02
NDM5_4956_2,0.21,0.0,-0.5,0.0,Non-Toxin,0.0
NDM5_4957,0.13,0.0,-0.5,0.0,Non-Toxin,0.0
NDM5_4958,0.1,0.0,0.0,0.1,Non-Toxin,0.0
NDM5_4959,0.15,0.0,-0.5,0.0,Non-Toxin,0.0
NDM5_4959_2,0.155,0.0,-0.5,0.0,Non-Toxin,0.0
NDM5_495_0,0.125,0.0,-0.5,0.0,Non-Toxin,0.0
NDM5_495_1,0.165,0.0,-0.5,0.0,Non-Toxin,0.0
NDM5_496,0.11,0.0,-0.5,0.0,Non-Toxin,0.0
NDM5_496_0,0.145,0.0,-0.5,0.0,Non-Toxin,0.0
NDM5_496_1,0.245,0.0,-0.5,0.0,Non-Toxin,0.0
NDM5_497,0.24,0.0,-0.5,0.0,Non-Toxin,0.0
NDM5_497_0,0.11,0.0,-0.5,0.0,Non-Toxin,0.0
NDM5_497_1,0.12,0.0,-0.5,0.0,Non-Toxin,0.0
NDM5_498,0.155,0.0,-0.5,0.0,Non-Toxin,0.0
NDM5_4980,0.315,0.0,-0.5,0.0,Non-Toxin,0.0
NDM5_4981,0.085,0.0,-0.5,0.0,Non-Toxin,0.0
NDM5_4982,0.145,0.0,-0.5,0.0,Non-Toxin,0.0
NDM5_4982_2,0.075,0.0,-0.5,0.0,Non-Toxin,0.0
NDM5_4983,0.12,0.0,-0.5,0.0,Non-Toxin,0.0
NDM5_4984,0.345,0.0,-0.5,0.0,Non-Toxin,0.0
NDM5_4985,0.115,0.0,-0.5,0.0,Non-Toxin,0.0
NDM5_4985_2,0.19,0.0,-0.5,0.0,Non-Toxin,0.0
NDM5_4986,0.135,0.0,-0.5,0.0,Non-Toxin,0.0
NDM5_4987,0.22,0.0,0.0,0.22,Non-Toxin,0.131
NDM5_4988,0.19,0.0,-0.5,0.0,Non-Toxin,0.0
NDM5_4988_2,0.12,0.0,-0.5,0.0,Non-Toxin,0.0
NDM5_4989,0.16,0.0,-0.5,0.0,Non-Toxin,0.0
NDM5_498_0,0.14,0.0,-0.5,0.0,Non-Toxin,0.0
NDM5_498_1,0.195,0.0,0.0,0.195,Non-Toxin,0.098
NDM5_499,0.085,0.0,0.0,0.085,Non-Toxin,0.0
NDM5_499_0,0.12,0.0,-0.5,0.0,Non-Toxin,0.0
NDM5_499_1,0.115,0.0,-0.5,0.0,Non-Toxin,0.0
NDM5_500,0.14,0.0,-0.5,0.0,Non-Toxin,0.0
NDM5_500_0,0.21,0.0,-0.5,0.0,Non-Toxin,0.0
NDM5_500_1,0.15,0.0,0.0,0.15,Non-Toxin,0.039
NDM5_501,0.185,0.0,0.0,0.185,Non-Toxin,0.085
NDM5_501_0,0.26,0.0,0.0,0.26,Non-Toxin,0.183
NDM5_501_1,0.11,0.0,0.0,0.11,Non-Toxin,0.0
NDM5_502,0.18,0.0,-0.5,0.0,Non-Toxin,0.0
NDM5_502_0,0.075,0.0,-0.5,0.0,Non-Toxin,0.0
NDM5_502_1,0.115,0.0,-0.5,0.0,Non-Toxin,0.0
NDM5_503,0.21,0.0,-0.5,0.0,Non-Toxin,0.0
NDM5_503_0,0.09,0.0,-0.5,0.0,Non-Toxin,0.0
NDM5_503_1,0.105,0.0,-0.5,0.0,Non-Toxin,0.0
NDM5_504,0.1,0.0,-0.5,0.0,Non-Toxin,0.0
NDM5_504_0,0.16,0.0,-0.5,0.0,Non-Toxin,0.0
NDM5_504_1,0.09,0.0,-0.5,0.0,Non-Toxin,0.0
NDM5_505,0.085,0.0,-0.5,0.0,Non-Toxin,0.0
NDM5_505_0,0.15,0.0,0.0,0.15,Non-Toxin,0.039
NDM5_505_1,0.15,0.0,-0.5,0.0,Non-Toxin,0.0
NDM5_506,0.425,0.0,0.0,0.425,Toxin,0.399
NDM5_506_0,0.195,0.0,0.0,0.195,Non-Toxin,0.098
NDM5_506_1,0.15,0.0,0.0,0.15,Non-Toxin,0.039
NDM5_507,0.395,0.0,-0.5,0.0,Non-Toxin,0.0
NDM5_507_0,0.09,0.0,-0.5,0.0,Non-Toxin,0.0
NDM5_507_1,0.235,0.0,0.0,0.235,Non-Toxin,0.151
NDM5_508,0.35,0.0,-0.5,0.0,Non-Toxin,0.0
NDM5_508_0,0.18,0.0,-0.5,0.0,Non-Toxin,0.0
NDM5_508_1,0.18,0.0,-0.5,0.0,Non-Toxin,0.0
NDM5_509,0.33,0.0,0.0,0.33,Non-Toxin,0.275
NDM5_509_0,0.13,0.0,-0.5,0.0,Non-Toxin,0.0
NDM5_509_1,0.12,0.0,0.0,0.12,Non-Toxin,0.0
NDM5_510,0.275,0.0,-0.5,0.0,Non-Toxin,0.0
NDM5_510_0,0.08,0.0,0.0,0.08,Non-Toxin,0.0
NDM5_510_1,0.29,0.0,0.0,0.29,Non-Toxin,0.222
NDM5_511,0.17,0.0,-0.5,0.0,Non-Toxin,0.0
NDM5_511_0,0.135,0.0,-0.5,0.0,Non-Toxin,0.0
NDM5_511_1,0.15,0.0,-0.5,0.0,Non-Toxin,0.0
NDM5_512,0.525,0.5,0.0,1.0,Toxin,1.0
NDM5_512_0,0.235,0.0,-0.5,0.0,Non-Toxin,0.0
NDM5_512_1,0.125,0.0,0.0,0.125,Non-Toxin,0.007
NDM5_513,0.1,0.0,0.0,0.1,Non-Toxin,0.0
NDM5_513_0,0.14,0.0,-0.5,0.0,Non-Toxin,0.0
NDM5_513_1,0.18,0.0,-0.5,0.0,Non-Toxin,0.0
NDM5_514,0.1,0.0,-0.5,0.0,Non-Toxin,0.0
NDM5_514_0,0.445,0.0,0.0,0.445,Toxin,0.425
NDM5_514_1,0.25,0.0,0.0,0.25,Non-Toxin,0.17
NDM5_515,0.075,0.0,-0.5,0.0,Non-Toxin,0.0
NDM5_515_0,0.26,0.0,-0.5,0.0,Non-Toxin,0.0
NDM5_515_1,0.27,0.0,-0.5,0.0,Non-Toxin,0.0
NDM5_516,0.16,0.0,-0.5,0.0,Non-Toxin,0.0
NDM5_516_0,0.315,0.0,-0.5,0.0,Non-Toxin,0.0
NDM5_516_1,0.165,0.0,-0.5,0.0,Non-Toxin,0.0
NDM5_517,0.14,0.0,0.0,0.14,Non-Toxin,0.026
NDM5_517_0,0.14,0.0,-0.5,0.0,Non-Toxin,0.0
NDM5_517_1,0.36,0.0,0.0,0.36,Non-Toxin,0.314
NDM5_518,0.405,0.0,-0.5,0.0,Non-Toxin,0.0
NDM5_518_0,0.15,0.0,0.0,0.15,Non-Toxin,0.039
NDM5_518_1,0.1,0.0,0.0,0.1,Non-Toxin,0.0
NDM5_519,0.585,0.0,0.0,0.585,Toxin,0.608
NDM5_519_0,0.155,0.0,-0.5,0.0,Non-Toxin,0.0
NDM5_519_1,0.19,0.0,-0.5,0.0,Non-Toxin,0.0
NDM5_520,0.34,0.0,-0.5,0.0,Non-Toxin,0.0
NDM5_520_0,0.225,0.0,0.0,0.225,Non-Toxin,0.137
NDM5_520_1,0.225,0.0,0.0,0.225,Non-Toxin,0.137
NDM5_521,0.165,0.0,-0.5,0.0,Non-Toxin,0.0
NDM5_521_0,0.175,0.0,-0.5,0.0,Non-Toxin,0.0
NDM5_521_1,0.235,0.0,-0.5,0.0,Non-Toxin,0.0
NDM5_522,0.195,0.0,-0.5,0.0,Non-Toxin,0.0
NDM5_522_0,0.14,0.0,-0.5,0.0,Non-Toxin,0.0
NDM5_522_1,0.165,0.0,-0.5,0.0,Non-Toxin,0.0
NDM5_523,0.11,0.0,-0.5,0.0,Non-Toxin,0.0
NDM5_523_0,0.25,0.0,-0.5,0.0,Non-Toxin,0.0
NDM5_523_1,0.215,0.0,-0.5,0.0,Non-Toxin,0.0
NDM5_524,0.11,0.0,-0.5,0.0,Non-Toxin,0.0
NDM5_524_0,0.37,0.0,-0.5,0.0,Non-Toxin,0.0
NDM5_524_1,0.27,0.0,-0.5,0.0,Non-Toxin,0.0
NDM5_525,0.155,0.0,0.0,0.155,Non-Toxin,0.046
NDM5_525_0,0.135,0.0,-0.5,0.0,Non-Toxin,0.0
NDM5_525_1,0.07,0.0,-0.5,0.0,Non-Toxin,0.0
NDM5_526,0.18,0.0,-0.5,0.0,Non-Toxin,0.0
NDM5_526_0,0.17,0.0,-0.5,0.0,Non-Toxin,0.0
NDM5_526_1,0.185,0.0,-0.5,0.0,Non-Toxin,0.0
NDM5_527,0.13,0.0,-0.5,0.0,Non-Toxin,0.0
NDM5_527_0,0.35,0.0,-0.5,0.0,Non-Toxin,0.0
NDM5_527_1,0.105,0.0,-0.5,0.0,Non-Toxin,0.0
NDM5_528,0.115,0.0,-0.5,0.0,Non-Toxin,0.0
NDM5_528_0,0.175,0.0,-0.5,0.0,Non-Toxin,0.0
NDM5_528_1,0.25,0.0,-0.5,0.0,Non-Toxin,0.0
NDM5_529,0.29,0.0,-0.5,0.0,Non-Toxin,0.0
NDM5_529_0,0.21,0.0,-0.5,0.0,Non-Toxin,0.0
NDM5_529_1,0.18,0.0,-0.5,0.0,Non-Toxin,0.0
NDM5_530,0.17,0.0,-0.5,0.0,Non-Toxin,0.0
NDM5_530_0,0.095,0.0,-0.5,0.0,Non-Toxin,0.0
NDM5_530_1,0.085,0.0,-0.5,0.0,Non-Toxin,0.0
NDM5_531,0.285,0.0,0.0,0.285,Non-Toxin,0.216
NDM5_531_0,0.1,0.0,-0.5,0.0,Non-Toxin,0.0
NDM5_531_1,0.22,0.0,-0.5,0.0,Non-Toxin,0.0
NDM5_532,0.435,0.0,-0.5,0.0,Non-Toxin,0.0
NDM5_532_0,0.14,0.0,-0.5,0.0,Non-Toxin,0.0
NDM5_532_1,0.09,0.0,-0.5,0.0,Non-Toxin,0.0
NDM5_533,0.16,0.0,-0.5,0.0,Non-Toxin,0.0
NDM5_533_0,0.245,0.0,0.0,0.245,Non-Toxin,0.164
NDM5_533_1,0.195,0.0,0.0,0.195,Non-Toxin,0.098
NDM5_534,0.255,0.0,-0.5,0.0,Non-Toxin,0.0
NDM5_534_0,0.135,0.0,-0.5,0.0,Non-Toxin,0.0
NDM5_534_1,0.135,0.0,-0.5,0.0,Non-Toxin,0.0
NDM5_535,0.835,0.5,-0.5,0.835,Toxin,0.935
NDM5_535_0,0.125,0.0,0.0,0.125,Non-Toxin,0.007
NDM5_535_1,0.16,0.0,-0.5,0.0,Non-Toxin,0.0
NDM5_536,0.085,0.0,-0.5,0.0,Non-Toxin,0.0
NDM5_536_0,0.225,0.0,-0.5,0.0,Non-Toxin,0.0
NDM5_536_1,0.155,0.0,-0.5,0.0,Non-Toxin,0.0
NDM5_537,0.06,0.0,-0.5,0.0,Non-Toxin,0.0
NDM5_537_0,0.365,0.0,-0.5,0.0,Non-Toxin,0.0
NDM5_537_1,0.3,0.0,0.0,0.3,Non-Toxin,0.235
NDM5_538,0.145,0.0,-0.5,0.0,Non-Toxin,0.0
NDM5_538_0,0.135,0.0,-0.5,0.0,Non-Toxin,0.0
NDM5_538_1,0.09,0.0,-0.5,0.0,Non-Toxin,0.0
NDM5_539,0.35,0.0,-0.5,0.0,Non-Toxin,0.0
NDM5_539_0,0.13,0.0,0.0,0.13,Non-Toxin,0.013
NDM5_539_1,0.165,0.0,0.0,0.165,Non-Toxin,0.059
NDM5_540,0.33,0.0,0.0,0.33,Non-Toxin,0.275
NDM5_540_0,0.235,0.0,0.0,0.235,Non-Toxin,0.151
NDM5_540_1,0.21,0.0,0.0,0.21,Non-Toxin,0.118
NDM5_541,0.24,0.0,0.0,0.24,Non-Toxin,0.157
NDM5_541_0,0.24,0.0,0.0,0.24,Non-Toxin,0.157
NDM5_541_1,0.205,0.0,0.0,0.205,Non-Toxin,0.111
NDM5_542,0.175,0.0,0.0,0.175,Non-Toxin,0.072
NDM5_542_0,0.14,0.0,0.0,0.14,Non-Toxin,0.026
NDM5_542_1,0.14,0.0,0.0,0.14,Non-Toxin,0.026
NDM5_543,0.145,0.0,0.0,0.145,Non-Toxin,0.033
NDM5_543_0,0.12,0.0,0.0,0.12,Non-Toxin,0.0
NDM5_543_1,0.12,0.0,0.0,0.12,Non-Toxin,0.0
NDM5_544,0.115,0.0,-0.5,0.0,Non-Toxin,0.0
NDM5_544_0,0.115,0.0,-0.5,0.0,Non-Toxin,0.0
NDM5_544_1,0.155,0.0,-0.5,0.0,Non-Toxin,0.0
NDM5_545,0.235,0.0,-0.5,0.0,Non-Toxin,0.0
NDM5_545_0,0.22,0.0,0.0,0.22,Non-Toxin,0.131
NDM5_545_1,0.12,0.0,0.0,0.12,Non-Toxin,0.0
NDM5_546,0.155,0.0,-0.5,0.0,Non-Toxin,0.0
NDM5_546_0,0.105,0.0,0.0,0.105,Non-Toxin,0.0
NDM5_546_1,0.14,0.0,0.0,0.14,Non-Toxin,0.026
NDM5_547,0.275,0.0,0.0,0.275,Non-Toxin,0.203
NDM5_547_0,0.135,0.0,0.0,0.135,Non-Toxin,0.02
NDM5_547_1,0.23,0.0,-0.5,0.0,Non-Toxin,0.0
NDM5_548,0.09,0.0,-0.5,0.0,Non-Toxin,0.0
NDM5_548_0,0.095,0.0,-0.5,0.0,Non-Toxin,0.0
NDM5_548_1,0.075,0.0,0.0,0.075,Non-Toxin,0.0
NDM5_549,0.17,0.0,-0.5,0.0,Non-Toxin,0.0
NDM5_549_0,0.095,0.0,0.0,0.095,Non-Toxin,0.0
NDM5_549_1,0.17,0.0,0.0,0.17,Non-Toxin,0.066
NDM5_550,0.41,0.0,-0.5,0.0,Non-Toxin,0.0
NDM5_550_0,0.09,0.0,-0.5,0.0,Non-Toxin,0.0
NDM5_550_1,0.1,0.0,0.0,0.1,Non-Toxin,0.0
NDM5_551,0.09,0.0,0.0,0.09,Non-Toxin,0.0
NDM5_551_0,0.29,0.0,-0.5,0.0,Non-Toxin,0.0
NDM5_551_1,0.21,0.0,-0.5,0.0,Non-Toxin,0.0
NDM5_552,0.18,0.0,-0.5,0.0,Non-Toxin,0.0
NDM5_552_0,0.225,0.0,0.0,0.225,Non-Toxin,0.137
NDM5_552_1,0.205,0.0,0.0,0.205,Non-Toxin,0.111
NDM5_553,0.17,0.0,-0.5,0.0,Non-Toxin,0.0
NDM5_553_0,0.135,0.0,-0.5,0.0,Non-Toxin,0.0
NDM5_553_1,0.225,0.0,0.0,0.225,Non-Toxin,0.137
NDM5_554,0.13,0.0,0.0,0.13,Non-Toxin,0.013
NDM5_554_0,0.205,0.0,0.0,0.205,Non-Toxin,0.111
NDM5_554_1,0.16,0.0,0.0,0.16,Non-Toxin,0.053
NDM5_555,0.365,0.0,0.0,0.365,Non-Toxin,0.32
NDM5_555_0,0.26,0.0,0.0,0.26,Non-Toxin,0.183
NDM5_555_1,0.12,0.0,0.0,0.12,Non-Toxin,0.0
NDM5_556,0.375,0.0,0.0,0.375,Non-Toxin,0.334
NDM5_556_0,0.115,0.0,-0.5,0.0,Non-Toxin,0.0
NDM5_556_1,0.08,0.0,-0.5,0.0,Non-Toxin,0.0
NDM5_557,0.475,0.0,-0.5,0.0,Non-Toxin,0.0
NDM5_557_0,0.215,0.0,0.0,0.215,Non-Toxin,0.124
NDM5_557_1,0.13,0.0,-0.5,0.0,Non-Toxin,0.0
NDM5_558,0.275,0.0,-0.5,0.0,Non-Toxin,0.0
NDM5_558_0,0.325,0.0,0.0,0.325,Non-Toxin,0.268
NDM5_558_1,0.185,0.0,-0.5,0.0,Non-Toxin,0.0
NDM5_559,0.385,0.0,-0.5,0.0,Non-Toxin,0.0
NDM5_559_0,0.2,0.0,0.0,0.2,Non-Toxin,0.105
NDM5_559_1,0.075,0.0,0.0,0.075,Non-Toxin,0.0
NDM5_560,0.13,0.0,-0.5,0.0,Non-Toxin,0.0
NDM5_560_0,0.17,0.0,0.0,0.17,Non-Toxin,0.066
NDM5_560_1,0.245,0.0,-0.5,0.0,Non-Toxin,0.0
NDM5_561,0.655,0.0,-0.5,0.155,Non-Toxin,0.046
NDM5_561_0,0.115,0.0,-0.5,0.0,Non-Toxin,0.0
NDM5_561_1,0.14,0.0,-0.5,0.0,Non-Toxin,0.0
NDM5_562,0.715,0.5,-0.5,0.715,Toxin,0.778
NDM5_562_0,0.15,0.0,-0.5,0.0,Non-Toxin,0.0
NDM5_562_1,0.14,0.0,-0.5,0.0,Non-Toxin,0.0
NDM5_563,0.54,0.0,-0.5,0.04,Non-Toxin,0.0
NDM5_563_0,0.13,0.0,-0.5,0.0,Non-Toxin,0.0
NDM5_563_1,0.14,0.0,-0.5,0.0,Non-Toxin,0.0
NDM5_564,0.165,0.0,-0.5,0.0,Non-Toxin,0.0
NDM5_564_0,0.115,0.0,0.0,0.115,Non-Toxin,0.0
NDM5_564_1,0.135,0.0,0.0,0.135,Non-Toxin,0.02
NDM5_565,0.24,0.0,-0.5,0.0,Non-Toxin,0.0
NDM5_565_0,0.165,0.0,-0.5,0.0,Non-Toxin,0.0
NDM5_565_1,0.1,0.0,-0.5,0.0,Non-Toxin,0.0
NDM5_566,0.31,0.5,-0.5,0.31,Non-Toxin,0.249
NDM5_566_0,0.11,0.0,-0.5,0.0,Non-Toxin,0.0
NDM5_566_1,0.22,0.0,-0.5,0.0,Non-Toxin,0.0
NDM5_567,0.405,0.0,-0.5,0.0,Non-Toxin,0.0
NDM5_567_0,0.1,0.0,-0.5,0.0,Non-Toxin,0.0
NDM5_567_1,0.17,0.0,-0.5,0.0,Non-Toxin,0.0
NDM5_568,0.41,0.5,-0.5,0.41,Toxin,0.379
NDM5_568_0,0.11,0.0,-0.5,0.0,Non-Toxin,0.0
NDM5_568_1,0.17,0.0,-0.5,0.0,Non-Toxin,0.0
NDM5_569,0.095,0.0,-0.5,0.0,Non-Toxin,0.0
NDM5_569_0,0.165,0.0,-0.5,0.0,Non-Toxin,0.0
NDM5_569_1,0.145,0.0,-0.5,0.0,Non-Toxin,0.0
NDM5_570,0.335,0.0,-0.5,0.0,Non-Toxin,0.0
NDM5_570_0,0.07,0.0,0.0,0.07,Non-Toxin,0.0
NDM5_570_1,0.065,0.0,0.0,0.065,Non-Toxin,0.0
NDM5_571,0.115,0.0,-0.5,0.0,Non-Toxin,0.0
NDM5_571_0,0.17,0.0,-0.5,0.0,Non-Toxin,0.0
NDM5_571_1,0.15,0.0,-0.5,0.0,Non-Toxin,0.0
NDM5_572,0.175,0.0,0.0,0.175,Non-Toxin,0.072
NDM5_572_0,0.325,0.0,-0.5,0.0,Non-Toxin,0.0
NDM5_572_1,0.155,0.0,-0.5,0.0,Non-Toxin,0.0
NDM5_573,0.205,0.0,-0.5,0.0,Non-Toxin,0.0
NDM5_573_0,0.09,0.0,0.0,0.09,Non-Toxin,0.0
NDM5_573_1,0.145,0.0,-0.5,0.0,Non-Toxin,0.0
NDM5_574,0.305,0.0,0.0,0.305,Non-Toxin,0.242
NDM5_574_0,0.1,0.0,-0.5,0.0,Non-Toxin,0.0
NDM5_574_1,0.125,0.0,0.0,0.125,Non-Toxin,0.007
NDM5_575,0.1,0.0,-0.5,0.0,Non-Toxin,0.0
NDM5_575_0,0.115,0.0,-0.5,0.0,Non-Toxin,0.0
NDM5_575_1,0.115,0.0,0.0,0.115,Non-Toxin,0.0
NDM5_576,0.535,0.0,-0.5,0.035,Non-Toxin,0.0
NDM5_576_0,0.15,0.0,0.0,0.15,Non-Toxin,0.039
NDM5_576_1,0.29,0.0,0.0,0.29,Non-Toxin,0.222
NDM5_577,0.105,0.0,-0.5,0.0,Non-Toxin,0.0
NDM5_577_0,0.14,0.0,-0.5,0.0,Non-Toxin,0.0
NDM5_577_1,0.195,0.0,0.0,0.195,Non-Toxin,0.098
NDM5_578,0.415,0.0,0.0,0.415,Toxin,0.386
NDM5_578_0,0.175,0.0,0.0,0.175,Non-Toxin,0.072
NDM5_578_1,0.07,0.0,0.0,0.07,Non-Toxin,0.0
NDM5_579,0.13,0.0,-0.5,0.0,Non-Toxin,0.0
NDM5_579_0,0.195,0.0,-0.5,0.0,Non-Toxin,0.0
NDM5_579_1,0.16,0.0,-0.5,0.0,Non-Toxin,0.0
NDM5_580,0.085,0.0,-0.5,0.0,Non-Toxin,0.0
NDM5_580_0,0.13,0.0,-0.5,0.0,Non-Toxin,0.0
NDM5_580_1,0.085,0.0,-0.5,0.0,Non-Toxin,0.0
NDM5_581,0.525,0.0,-0.5,0.025,Non-Toxin,0.0
NDM5_581_0,0.11,0.0,-0.5,0.0,Non-Toxin,0.0
NDM5_581_1,0.1,0.0,-0.5,0.0,Non-Toxin,0.0
NDM5_582,0.135,0.0,-0.5,0.0,Non-Toxin,0.0
NDM5_582_0,0.19,0.0,-0.5,0.0,Non-Toxin,0.0
NDM5_582_1,0.17,0.0,-0.5,0.0,Non-Toxin,0.0
NDM5_583,0.24,0.0,-0.5,0.0,Non-Toxin,0.0
NDM5_583_0,0.11,0.0,-0.5,0.0,Non-Toxin,0.0
NDM5_583_1,0.155,0.0,-0.5,0.0,Non-Toxin,0.0
NDM5_584,0.155,0.0,-0.5,0.0,Non-Toxin,0.0
NDM5_584_0,0.14,0.0,0.0,0.14,Non-Toxin,0.026
NDM5_584_1,0.15,0.0,-0.5,0.0,Non-Toxin,0.0
NDM5_585,0.2,0.0,-0.5,0.0,Non-Toxin,0.0
NDM5_585_0,0.185,0.0,-0.5,0.0,Non-Toxin,0.0
NDM5_585_1,0.14,0.0,-0.5,0.0,Non-Toxin,0.0
NDM5_586,0.29,0.0,-0.5,0.0,Non-Toxin,0.0
NDM5_586_0,0.175,0.0,-0.5,0.0,Non-Toxin,0.0
NDM5_586_1,0.16,0.0,-0.5,0.0,Non-Toxin,0.0
NDM5_587,0.245,0.0,0.0,0.245,Non-Toxin,0.164
NDM5_587_0,0.145,0.0,-0.5,0.0,Non-Toxin,0.0
NDM5_587_1,0.125,0.0,-0.5,0.0,Non-Toxin,0.0
NDM5_588,0.165,0.0,-0.5,0.0,Non-Toxin,0.0
NDM5_588_0,0.05,0.0,-0.5,0.0,Non-Toxin,0.0
NDM5_588_1,0.05,0.0,-0.5,0.0,Non-Toxin,0.0
NDM5_589,0.27,0.0,-0.5,0.0,Non-Toxin,0.0
NDM5_589_0,0.145,0.0,-0.5,0.0,Non-Toxin,0.0
NDM5_589_1,0.16,0.0,-0.5,0.0,Non-Toxin,0.0
NDM5_590,0.13,0.0,-0.5,0.0,Non-Toxin,0.0
NDM5_590_0,0.2,0.0,-0.5,0.0,Non-Toxin,0.0
NDM5_590_1,0.22,0.0,-0.5,0.0,Non-Toxin,0.0
NDM5_591,0.105,0.0,-0.5,0.0,Non-Toxin,0.0
NDM5_591_0,0.175,0.0,-0.5,0.0,Non-Toxin,0.0
NDM5_591_1,0.245,0.0,-0.5,0.0,Non-Toxin,0.0
NDM5_592,0.315,0.0,-0.5,0.0,Non-Toxin,0.0
NDM5_592_0,0.14,0.0,0.0,0.14,Non-Toxin,0.026
NDM5_592_1,0.145,0.0,0.0,0.145,Non-Toxin,0.033
NDM5_593,0.245,0.0,-0.5,0.0,Non-Toxin,0.0
NDM5_593_0,0.095,0.0,-0.5,0.0,Non-Toxin,0.0
NDM5_593_1,0.105,0.0,-0.5,0.0,Non-Toxin,0.0
NDM5_594,0.32,0.0,-0.5,0.0,Non-Toxin,0.0
NDM5_594_0,0.085,0.0,-0.5,0.0,Non-Toxin,0.0
NDM5_594_1,0.17,0.0,-0.5,0.0,Non-Toxin,0.0
NDM5_595,0.85,0.0,-0.5,0.35,Non-Toxin,0.301
NDM5_595_0,0.15,0.0,-0.5,0.0,Non-Toxin,0.0
NDM5_595_1,0.12,0.0,-0.5,0.0,Non-Toxin,0.0
NDM5_596,0.115,0.0,-0.5,0.0,Non-Toxin,0.0
NDM5_596_0,0.165,0.0,-0.5,0.0,Non-Toxin,0.0
NDM5_596_1,0.165,0.0,-0.5,0.0,Non-Toxin,0.0
NDM5_597,0.665,0.0,-0.5,0.165,Non-Toxin,0.059
NDM5_597_0,0.15,0.0,-0.5,0.0,Non-Toxin,0.0
NDM5_597_1,0.125,0.0,-0.5,0.0,Non-Toxin,0.0
NDM5_598,0.15,0.0,-0.5,0.0,Non-Toxin,0.0
NDM5_598_0,0.11,0.0,-0.5,0.0,Non-Toxin,0.0
NDM5_598_1,0.11,0.0,-0.5,0.0,Non-Toxin,0.0
NDM5_599,0.36,0.0,-0.5,0.0,Non-Toxin,0.0
NDM5_599_0,0.155,0.0,-0.5,0.0,Non-Toxin,0.0
NDM5_599_1,0.115,0.0,-0.5,0.0,Non-Toxin,0.0
NDM5_600,0.13,0.0,-0.5,0.0,Non-Toxin,0.0
NDM5_600_0,0.13,0.0,-0.5,0.0,Non-Toxin,0.0
NDM5_600_1,0.075,0.0,-0.5,0.0,Non-Toxin,0.0
NDM5_601,0.065,0.0,-0.5,0.0,Non-Toxin,0.0
NDM5_601_0,0.215,0.0,-0.5,0.0,Non-Toxin,0.0
NDM5_601_1,0.175,0.0,-0.5,0.0,Non-Toxin,0.0
NDM5_602,0.14,0.0,-0.5,0.0,Non-Toxin,0.0
NDM5_602_0,0.395,0.0,-0.5,0.0,Non-Toxin,0.0
NDM5_602_1,0.325,0.0,-0.5,0.0,Non-Toxin,0.0
NDM5_603,0.105,0.0,-0.5,0.0,Non-Toxin,0.0
NDM5_603_0,0.12,0.0,-0.5,0.0,Non-Toxin,0.0
NDM5_603_1,0.16,0.0,-0.5,0.0,Non-Toxin,0.0
NDM5_604,0.125,0.0,-0.5,0.0,Non-Toxin,0.0
NDM5_604_0,0.16,0.0,-0.5,0.0,Non-Toxin,0.0
NDM5_604_1,0.115,0.0,-0.5,0.0,Non-Toxin,0.0
NDM5_605,0.345,0.0,0.0,0.345,Non-Toxin,0.294
NDM5_605_0,0.165,0.0,-0.5,0.0,Non-Toxin,0.0
NDM5_605_1,0.205,0.0,-0.5,0.0,Non-Toxin,0.0
NDM5_606,0.525,0.0,-0.5,0.025,Non-Toxin,0.0
NDM5_606_0,0.155,0.0,-0.5,0.0,Non-Toxin,0.0
NDM5_606_1,0.105,0.0,-0.5,0.0,Non-Toxin,0.0
NDM5_607,0.245,0.0,0.0,0.245,Non-Toxin,0.164
NDM5_607_0,0.145,0.0,0.0,0.145,Non-Toxin,0.033
NDM5_607_1,0.085,0.0,-0.5,0.0,Non-Toxin,0.0
NDM5_608,0.29,0.0,0.0,0.29,Non-Toxin,0.222
NDM5_608_0,0.175,0.0,-0.5,0.0,Non-Toxin,0.0
NDM5_608_1,0.185,0.0,0.0,0.185,Non-Toxin,0.085
NDM5_609,0.215,0.0,-0.5,0.0,Non-Toxin,0.0
NDM5_609_0,0.27,0.0,0.0,0.27,Non-Toxin,0.196
NDM5_609_1,0.17,0.0,0.0,0.17,Non-Toxin,0.066
NDM5_610,0.305,0.0,-0.5,0.0,Non-Toxin,0.0
NDM5_610_0,0.145,0.0,-0.5,0.0,Non-Toxin,0.0
NDM5_610_1,0.125,0.0,-0.5,0.0,Non-Toxin,0.0
NDM5_611,0.27,0.0,-0.5,0.0,Non-Toxin,0.0
NDM5_611_0,0.12,0.0,-0.5,0.0,Non-Toxin,0.0
NDM5_611_1,0.175,0.0,-0.5,0.0,Non-Toxin,0.0
NDM5_612,0.61,0.0,-0.5,0.11,Non-Toxin,0.0
NDM5_612_0,0.1,0.0,-0.5,0.0,Non-Toxin,0.0
NDM5_612_1,0.21,0.0,-0.5,0.0,Non-Toxin,0.0
NDM5_613,0.115,0.0,-0.5,0.0,Non-Toxin,0.0
NDM5_613_0,0.29,0.0,-0.5,0.0,Non-Toxin,0.0
NDM5_613_1,0.165,0.0,0.0,0.165,Non-Toxin,0.059
NDM5_614,0.15,0.0,-0.5,0.0,Non-Toxin,0.0
NDM5_614_0,0.17,0.0,-0.5,0.0,Non-Toxin,0.0
NDM5_614_1,0.065,0.0,-0.5,0.0,Non-Toxin,0.0
NDM5_615,0.11,0.0,-0.5,0.0,Non-Toxin,0.0
NDM5_615_0,0.275,0.0,-0.5,0.0,Non-Toxin,0.0
NDM5_615_1,0.275,0.0,-0.5,0.0,Non-Toxin,0.0
NDM5_616,0.12,0.0,0.0,0.12,Non-Toxin,0.0
NDM5_616_0,0.205,0.0,-0.5,0.0,Non-Toxin,0.0
NDM5_616_1,0.095,0.0,-0.5,0.0,Non-Toxin,0.0
NDM5_617,0.155,0.0,-0.5,0.0,Non-Toxin,0.0
NDM5_617_0,0.265,0.0,-0.5,0.0,Non-Toxin,0.0
NDM5_617_1,0.265,0.0,-0.5,0.0,Non-Toxin,0.0
NDM5_618,0.14,0.0,-0.5,0.0,Non-Toxin,0.0
NDM5_618_0,0.125,0.0,-0.5,0.0,Non-Toxin,0.0
NDM5_618_1,0.195,0.0,-0.5,0.0,Non-Toxin,0.0
NDM5_619,0.495,0.0,-0.5,0.0,Non-Toxin,0.0
NDM5_619_0,0.33,0.0,-0.5,0.0,Non-Toxin,0.0
NDM5_619_1,0.3,0.0,-0.5,0.0,Non-Toxin,0.0
NDM5_620,0.485,0.0,-0.5,0.0,Non-Toxin,0.0
NDM5_620_0,0.125,0.0,-0.5,0.0,Non-Toxin,0.0
NDM5_620_1,0.17,0.0,-0.5,0.0,Non-Toxin,0.0
NDM5_621,0.255,0.0,-0.5,0.0,Non-Toxin,0.0
NDM5_621_0,0.2,0.0,-0.5,0.0,Non-Toxin,0.0
NDM5_621_1,0.23,0.0,-0.5,0.0,Non-Toxin,0.0
NDM5_622,0.335,0.0,-0.5,0.0,Non-Toxin,0.0
NDM5_622_0,0.125,0.0,0.0,0.125,Non-Toxin,0.007
NDM5_622_1,0.11,0.0,-0.5,0.0,Non-Toxin,0.0
NDM5_623,0.45,0.0,-0.5,0.0,Non-Toxin,0.0
NDM5_623_0,0.165,0.0,-0.5,0.0,Non-Toxin,0.0
NDM5_623_1,0.185,0.0,-0.5,0.0,Non-Toxin,0.0
NDM5_624,0.175,0.0,-0.5,0.0,Non-Toxin,0.0
NDM5_624_0,0.175,0.0,-0.5,0.0,Non-Toxin,0.0
NDM5_624_1,0.17,0.0,-0.5,0.0,Non-Toxin,0.0
NDM5_625,0.44,0.0,-0.5,0.0,Non-Toxin,0.0
NDM5_625_0,0.32,0.0,-0.5,0.0,Non-Toxin,0.0
NDM5_625_1,0.175,0.0,0.0,0.175,Non-Toxin,0.072
NDM5_626,0.3,0.0,-0.5,0.0,Non-Toxin,0.0
NDM5_626_0,0.155,0.0,-0.5,0.0,Non-Toxin,0.0
NDM5_626_1,0.1,0.0,-0.5,0.0,Non-Toxin,0.0
NDM5_627,0.43,0.0,-0.5,0.0,Non-Toxin,0.0
NDM5_627_0,0.25,0.0,-0.5,0.0,Non-Toxin,0.0
NDM5_627_1,0.235,0.0,-0.5,0.0,Non-Toxin,0.0
NDM5_628,0.545,0.0,-0.5,0.045,Non-Toxin,0.0
NDM5_628_0,0.145,0.0,-0.5,0.0,Non-Toxin,0.0
NDM5_628_1,0.135,0.0,-0.5,0.0,Non-Toxin,0.0
NDM5_629,0.095,0.0,-0.5,0.0,Non-Toxin,0.0
NDM5_629_0,0.075,0.0,-0.5,0.0,Non-Toxin,0.0
NDM5_629_1,0.08,0.0,-0.5,0.0,Non-Toxin,0.0
NDM5_630,0.68,0.0,-0.5,0.18,Non-Toxin,0.079
NDM5_630_0,0.16,0.0,-0.5,0.0,Non-Toxin,0.0
NDM5_630_1,0.115,0.0,-0.5,0.0,Non-Toxin,0.0
NDM5_631,0.22,0.0,-0.5,0.0,Non-Toxin,0.0
NDM5_631_0,0.135,0.0,-0.5,0.0,Non-Toxin,0.0
NDM5_631_1,0.145,0.0,-0.5,0.0,Non-Toxin,0.0
NDM5_632,0.215,0.0,-0.5,0.0,Non-Toxin,0.0
NDM5_632_0,0.335,0.0,-0.5,0.0,Non-Toxin,0.0
NDM5_632_1,0.17,0.0,-0.5,0.0,Non-Toxin,0.0
NDM5_633,0.33,0.0,-0.5,0.0,Non-Toxin,0.0
NDM5_633_0,0.13,0.0,0.0,0.13,Non-Toxin,0.013
NDM5_633_1,0.13,0.0,0.0,0.13,Non-Toxin,0.013
NDM5_634,0.73,0.0,0.0,0.73,Toxin,0.798
NDM5_634_0,0.29,0.0,-0.5,0.0,Non-Toxin,0.0
NDM5_634_1,0.2,0.0,0.0,0.2,Non-Toxin,0.105
NDM5_635,0.165,0.0,0.0,0.165,Non-Toxin,0.059
NDM5_635_0,0.135,0.0,0.0,0.135,Non-Toxin,0.02
NDM5_635_1,0.2,0.0,0.0,0.2,Non-Toxin,0.105
NDM5_636,0.225,0.0,0.0,0.225,Non-Toxin,0.137
NDM5_636_0,0.105,0.0,-0.5,0.0,Non-Toxin,0.0
NDM5_636_1,0.07,0.0,-0.5,0.0,Non-Toxin,0.0
NDM5_637,0.175,0.0,0.0,0.175,Non-Toxin,0.072
NDM5_637_0,0.175,0.0,-0.5,0.0,Non-Toxin,0.0
NDM5_637_1,0.11,0.0,-0.5,0.0,Non-Toxin,0.0
NDM5_638,0.61,0.0,-0.5,0.11,Non-Toxin,0.0
NDM5_638_0,0.1,0.0,0.0,0.1,Non-Toxin,0.0
NDM5_638_1,0.07,0.0,0.0,0.07,Non-Toxin,0.0
NDM5_639,0.175,0.0,0.0,0.175,Non-Toxin,0.072
NDM5_639_0,0.06,0.0,-0.5,0.0,Non-Toxin,0.0
NDM5_639_1,0.115,0.0,-0.5,0.0,Non-Toxin,0.0
NDM5_640,0.18,0.0,-0.5,0.0,Non-Toxin,0.0
NDM5_640_0,0.15,0.0,-0.5,0.0,Non-Toxin,0.0
NDM5_640_1,0.105,0.0,-0.5,0.0,Non-Toxin,0.0
NDM5_641,0.14,0.0,-0.5,0.0,Non-Toxin,0.0
NDM5_641_0,0.16,0.0,-0.5,0.0,Non-Toxin,0.0
NDM5_641_1,0.165,0.0,-0.5,0.0,Non-Toxin,0.0
NDM5_642,0.33,0.0,-0.5,0.0,Non-Toxin,0.0
NDM5_642_0,0.27,0.0,-0.5,0.0,Non-Toxin,0.0
NDM5_642_1,0.24,0.0,-0.5,0.0,Non-Toxin,0.0
NDM5_643,0.12,0.0,-0.5,0.0,Non-Toxin,0.0
NDM5_643_0,0.205,0.0,-0.5,0.0,Non-Toxin,0.0
NDM5_643_1,0.18,0.0,-0.5,0.0,Non-Toxin,0.0
NDM5_644,0.11,0.0,-0.5,0.0,Non-Toxin,0.0
NDM5_644_0,0.135,0.0,-0.5,0.0,Non-Toxin,0.0
NDM5_644_1,0.085,0.0,-0.5,0.0,Non-Toxin,0.0
NDM5_645,0.1,0.0,-0.5,0.0,Non-Toxin,0.0
NDM5_645_0,0.12,0.0,-0.5,0.0,Non-Toxin,0.0
NDM5_645_1,0.12,0.0,0.0,0.12,Non-Toxin,0.0
NDM5_646,0.785,0.0,-0.5,0.285,Non-Toxin,0.216
NDM5_646_0,0.13,0.0,-0.5,0.0,Non-Toxin,0.0
NDM5_646_1,0.085,0.0,-0.5,0.0,Non-Toxin,0.0
NDM5_647,0.565,0.0,-0.5,0.065,Non-Toxin,0.0
NDM5_647_0,0.055,0.0,-0.5,0.0,Non-Toxin,0.0
NDM5_647_1,0.06,0.0,-0.5,0.0,Non-Toxin,0.0
NDM5_648,0.125,0.0,-0.5,0.0,Non-Toxin,0.0
NDM5_648_0,0.165,0.0,-0.5,0.0,Non-Toxin,0.0
NDM5_648_1,0.165,0.0,-0.5,0.0,Non-Toxin,0.0
NDM5_649,0.42,0.0,-0.5,0.0,Non-Toxin,0.0
NDM5_649_0,0.115,0.0,-0.5,0.0,Non-Toxin,0.0
NDM5_649_1,0.11,0.0,-0.5,0.0,Non-Toxin,0.0
NDM5_650,0.32,0.0,-0.5,0.0,Non-Toxin,0.0
NDM5_650_0,0.25,0.0,-0.5,0.0,Non-Toxin,0.0
NDM5_650_1,0.23,0.0,-0.5,0.0,Non-Toxin,0.0
NDM5_651,0.425,0.0,-0.5,0.0,Non-Toxin,0.0
NDM5_651_0,0.27,0.0,-0.5,0.0,Non-Toxin,0.0
NDM5_651_1,0.24,0.0,-0.5,0.0,Non-Toxin,0.0
NDM5_652,0.135,0.0,-0.5,0.0,Non-Toxin,0.0
NDM5_652_0,0.215,0.0,-0.5,0.0,Non-Toxin,0.0
NDM5_652_1,0.145,0.0,-0.5,0.0,Non-Toxin,0.0
NDM5_653,0.155,0.0,0.0,0.155,Non-Toxin,0.046
NDM5_653_0,0.115,0.0,-0.5,0.0,Non-Toxin,0.0
NDM5_653_1,0.055,0.0,-0.5,0.0,Non-Toxin,0.0
NDM5_654,0.145,0.0,-0.5,0.0,Non-Toxin,0.0
NDM5_654_0,0.11,0.0,0.0,0.11,Non-Toxin,0.0
NDM5_654_1,0.165,0.0,-0.5,0.0,Non-Toxin,0.0
NDM5_655,0.145,0.0,0.0,0.145,Non-Toxin,0.033
NDM5_655_0,0.125,0.0,-0.5,0.0,Non-Toxin,0.0
NDM5_655_1,0.12,0.0,0.0,0.12,Non-Toxin,0.0
NDM5_656,0.18,0.0,-0.5,0.0,Non-Toxin,0.0
NDM5_656_0,0.13,0.0,-0.5,0.0,Non-Toxin,0.0
NDM5_656_1,0.105,0.0,-0.5,0.0,Non-Toxin,0.0
NDM5_657,0.235,0.0,0.0,0.235,Non-Toxin,0.151
NDM5_657_0,0.16,0.0,0.0,0.16,Non-Toxin,0.053
NDM5_657_1,0.22,0.0,-0.5,0.0,Non-Toxin,0.0
NDM5_658,0.14,0.0,0.0,0.14,Non-Toxin,0.026
NDM5_658_0,0.16,0.0,-0.5,0.0,Non-Toxin,0.0
NDM5_658_1,0.18,0.0,-0.5,0.0,Non-Toxin,0.0
NDM5_659,0.34,0.0,-0.5,0.0,Non-Toxin,0.0
NDM5_659_0,0.185,0.0,-0.5,0.0,Non-Toxin,0.0
NDM5_659_1,0.13,0.0,-0.5,0.0,Non-Toxin,0.0
NDM5_660,0.29,0.0,-0.5,0.0,Non-Toxin,0.0
NDM5_660_0,0.1,0.0,0.0,0.1,Non-Toxin,0.0
NDM5_660_1,0.095,0.0,0.0,0.095,Non-Toxin,0.0
NDM5_661,0.22,0.0,-0.5,0.0,Non-Toxin,0.0
NDM5_661_0,0.07,0.0,-0.5,0.0,Non-Toxin,0.0
NDM5_661_1,0.14,0.0,-0.5,0.0,Non-Toxin,0.0
NDM5_662,0.435,0.0,-0.5,0.0,Non-Toxin,0.0
NDM5_662_0,0.1,0.0,0.0,0.1,Non-Toxin,0.0
NDM5_662_1,0.1,0.0,-0.5,0.0,Non-Toxin,0.0
NDM5_663,0.17,0.0,-0.5,0.0,Non-Toxin,0.0
NDM5_663_0,0.155,0.0,-0.5,0.0,Non-Toxin,0.0
NDM5_663_1,0.245,0.0,0.0,0.245,Non-Toxin,0.164
NDM5_664,0.1,0.0,0.0,0.1,Non-Toxin,0.0
NDM5_664_0,0.145,0.0,0.0,0.145,Non-Toxin,0.033
NDM5_664_1,0.165,0.0,-0.5,0.0,Non-Toxin,0.0
NDM5_665,0.09,0.0,-0.5,0.0,Non-Toxin,0.0
NDM5_665_0,0.245,0.0,0.0,0.245,Non-Toxin,0.164
NDM5_665_1,0.34,0.0,0.0,0.34,Non-Toxin,0.288
NDM5_666,0.085,0.0,-0.5,0.0,Non-Toxin,0.0
NDM5_666_0,0.135,0.0,-0.5,0.0,Non-Toxin,0.0
NDM5_666_1,0.135,0.0,-0.5,0.0,Non-Toxin,0.0
NDM5_667,0.23,0.0,-0.5,0.0,Non-Toxin,0.0
NDM5_667_0,0.055,0.0,-0.5,0.0,Non-Toxin,0.0
NDM5_667_1,0.075,0.0,-0.5,0.0,Non-Toxin,0.0
NDM5_668,0.14,0.0,-0.5,0.0,Non-Toxin,0.0
NDM5_668_0,0.12,0.0,0.0,0.12,Non-Toxin,0.0
NDM5_668_1,0.075,0.0,-0.5,0.0,Non-Toxin,0.0
NDM5_669,0.26,0.0,-0.5,0.0,Non-Toxin,0.0
NDM5_669_0,0.08,0.0,0.0,0.08,Non-Toxin,0.0
NDM5_669_1,0.075,0.0,0.0,0.075,Non-Toxin,0.0
NDM5_670,0.305,0.0,-0.5,0.0,Non-Toxin,0.0
NDM5_670_0,0.205,0.0,-0.5,0.0,Non-Toxin,0.0
NDM5_670_1,0.215,0.0,-0.5,0.0,Non-Toxin,0.0
NDM5_671,0.355,0.5,0.0,0.855,Toxin,0.961
NDM5_671_0,0.21,0.0,-0.5,0.0,Non-Toxin,0.0
NDM5_671_1,0.08,0.0,-0.5,0.0,Non-Toxin,0.0
NDM5_672,0.255,0.0,-0.5,0.0,Non-Toxin,0.0
NDM5_672_0,0.11,0.0,-0.5,0.0,Non-Toxin,0.0
NDM5_672_1,0.125,0.0,-0.5,0.0,Non-Toxin,0.0
NDM5_673,0.63,0.0,-0.5,0.13,Non-Toxin,0.013
NDM5_673_0,0.3,0.0,-0.5,0.0,Non-Toxin,0.0
NDM5_673_1,0.245,0.0,-0.5,0.0,Non-Toxin,0.0
NDM5_674,0.86,0.0,-0.5,0.36,Non-Toxin,0.314
NDM5_674_0,0.125,0.0,-0.5,0.0,Non-Toxin,0.0
NDM5_674_1,0.135,0.0,-0.5,0.0,Non-Toxin,0.0
NDM5_675,0.29,0.0,-0.5,0.0,Non-Toxin,0.0
NDM5_675_0,0.205,0.0,-0.5,0.0,Non-Toxin,0.0
NDM5_675_1,0.22,0.0,-0.5,0.0,Non-Toxin,0.0
NDM5_676,0.13,0.0,0.0,0.13,Non-Toxin,0.013
NDM5_676_0,0.16,0.0,-0.5,0.0,Non-Toxin,0.0
NDM5_676_1,0.19,0.0,-0.5,0.0,Non-Toxin,0.0
NDM5_677,0.325,0.0,-0.5,0.0,Non-Toxin,0.0
NDM5_677_0,0.125,0.0,-0.5,0.0,Non-Toxin,0.0
NDM5_677_1,0.185,0.0,-0.5,0.0,Non-Toxin,0.0
NDM5_678,0.485,0.0,0.0,0.485,Toxin,0.477
NDM5_678_0,0.11,0.0,-0.5,0.0,Non-Toxin,0.0
NDM5_678_1,0.15,0.0,-0.5,0.0,Non-Toxin,0.0
NDM5_679,0.225,0.0,-0.5,0.0,Non-Toxin,0.0
NDM5_679_0,0.18,0.0,-0.5,0.0,Non-Toxin,0.0
NDM5_679_1,0.16,0.0,-0.5,0.0,Non-Toxin,0.0
NDM5_680,0.555,0.0,-0.5,0.055,Non-Toxin,0.0
NDM5_680_0,0.13,0.0,-0.5,0.0,Non-Toxin,0.0
NDM5_680_1,0.095,0.0,-0.5,0.0,Non-Toxin,0.0
NDM5_681,0.12,0.0,-0.5,0.0,Non-Toxin,0.0
NDM5_681_0,0.04,0.0,-0.5,0.0,Non-Toxin,0.0
NDM5_681_1,0.055,0.0,-0.5,0.0,Non-Toxin,0.0
NDM5_682,0.195,0.0,-0.5,0.0,Non-Toxin,0.0
NDM5_682_0,0.12,0.0,-0.5,0.0,Non-Toxin,0.0
NDM5_682_1,0.11,0.0,-0.5,0.0,Non-Toxin,0.0
NDM5_683,0.235,0.0,-0.5,0.0,Non-Toxin,0.0
NDM5_683_0,0.18,0.0,-0.5,0.0,Non-Toxin,0.0
NDM5_683_1,0.13,0.0,-0.5,0.0,Non-Toxin,0.0
NDM5_684,0.52,0.0,-0.5,0.02,Non-Toxin,0.0
NDM5_684_0,0.195,0.0,-0.5,0.0,Non-Toxin,0.0
NDM5_684_1,0.2,0.0,-0.5,0.0,Non-Toxin,0.0
NDM5_685,0.265,0.0,-0.5,0.0,Non-Toxin,0.0
NDM5_685_0,0.065,0.0,0.0,0.065,Non-Toxin,0.0
NDM5_685_1,0.09,0.0,0.0,0.09,Non-Toxin,0.0
NDM5_686,0.305,0.0,-0.5,0.0,Non-Toxin,0.0
NDM5_686_0,0.15,0.0,-0.5,0.0,Non-Toxin,0.0
NDM5_686_1,0.095,0.0,-0.5,0.0,Non-Toxin,0.0
NDM5_687,0.15,0.0,0.0,0.15,Non-Toxin,0.039
NDM5_687_0,0.15,0.0,-0.5,0.0,Non-Toxin,0.0
NDM5_687_1,0.27,0.0,0.0,0.27,Non-Toxin,0.196
NDM5_688,0.295,0.0,-0.5,0.0,Non-Toxin,0.0
NDM5_688_0,0.2,0.0,-0.5,0.0,Non-Toxin,0.0
NDM5_688_1,0.25,0.0,-0.5,0.0,Non-Toxin,0.0
NDM5_689,0.31,0.0,-0.5,0.0,Non-Toxin,0.0
NDM5_689_0,0.205,0.0,-0.5,0.0,Non-Toxin,0.0
NDM5_689_1,0.17,0.0,0.0,0.17,Non-Toxin,0.066
NDM5_690,0.125,0.0,-0.5,0.0,Non-Toxin,0.0
NDM5_690_0,0.15,0.0,-0.5,0.0,Non-Toxin,0.0
NDM5_690_1,0.08,0.0,-0.5,0.0,Non-Toxin,0.0
NDM5_691,0.195,0.0,-0.5,0.0,Non-Toxin,0.0
NDM5_691_0,0.145,0.0,-0.5,0.0,Non-Toxin,0.0
NDM5_691_1,0.145,0.0,-0.5,0.0,Non-Toxin,0.0
NDM5_692,0.18,0.0,-0.5,0.0,Non-Toxin,0.0
NDM5_692_0,0.12,0.0,-0.5,0.0,Non-Toxin,0.0
NDM5_692_1,0.15,0.0,-0.5,0.0,Non-Toxin,0.0
NDM5_693,0.42,0.5,-0.5,0.42,Toxin,0.392
NDM5_693_0,0.15,0.0,-0.5,0.0,Non-Toxin,0.0
NDM5_693_1,0.22,0.0,-0.5,0.0,Non-Toxin,0.0
NDM5_694,0.245,0.0,-0.5,0.0,Non-Toxin,0.0
NDM5_694_0,0.14,0.0,-0.5,0.0,Non-Toxin,0.0
NDM5_694_1,0.105,0.0,-0.5,0.0,Non-Toxin,0.0
NDM5_695,0.2,0.0,-0.5,0.0,Non-Toxin,0.0
NDM5_695_0,0.12,0.0,0.0,0.12,Non-Toxin,0.0
NDM5_695_1,0.115,0.0,-0.5,0.0,Non-Toxin,0.0
NDM5_696,0.355,0.0,-0.5,0.0,Non-Toxin,0.0
NDM5_696_0,0.2,0.0,-0.5,0.0,Non-Toxin,0.0
NDM5_696_1,0.27,0.0,-0.5,0.0,Non-Toxin,0.0
NDM5_697,0.22,0.0,-0.5,0.0,Non-Toxin,0.0
NDM5_697_0,0.115,0.0,-0.5,0.0,Non-Toxin,0.0
NDM5_697_1,0.1,0.0,-0.5,0.0,Non-Toxin,0.0
NDM5_698,0.11,0.0,-0.5,0.0,Non-Toxin,0.0
NDM5_698_0,0.08,0.0,-0.5,0.0,Non-Toxin,0.0
NDM5_698_1,0.085,0.0,-0.5,0.0,Non-Toxin,0.0
NDM5_699,0.24,0.0,-0.5,0.0,Non-Toxin,0.0
NDM5_699_0,0.225,0.0,-0.5,0.0,Non-Toxin,0.0
NDM5_699_1,0.23,0.0,-0.5,0.0,Non-Toxin,0.0
NDM5_700,0.34,0.0,-0.5,0.0,Non-Toxin,0.0
NDM5_700_0,0.15,0.0,0.0,0.15,Non-Toxin,0.039
NDM5_700_1,0.08,0.0,0.0,0.08,Non-Toxin,0.0
NDM5_701,0.115,0.0,-0.5,0.0,Non-Toxin,0.0
NDM5_701_0,0.12,0.0,-0.5,0.0,Non-Toxin,0.0
NDM5_701_1,0.09,0.0,-0.5,0.0,Non-Toxin,0.0
NDM5_702,0.26,0.0,-0.5,0.0,Non-Toxin,0.0
NDM5_702_0,0.135,0.0,-0.5,0.0,Non-Toxin,0.0
NDM5_702_1,0.185,0.0,-0.5,0.0,Non-Toxin,0.0
NDM5_703,0.31,0.0,-0.5,0.0,Non-Toxin,0.0
NDM5_703_0,0.18,0.0,-0.5,0.0,Non-Toxin,0.0
NDM5_703_1,0.225,0.0,-0.5,0.0,Non-Toxin,0.0
NDM5_704,0.41,0.0,-0.5,0.0,Non-Toxin,0.0
NDM5_704_0,0.12,0.0,-0.5,0.0,Non-Toxin,0.0
NDM5_704_1,0.105,0.0,-0.5,0.0,Non-Toxin,0.0
NDM5_705,0.39,0.0,-0.5,0.0,Non-Toxin,0.0
NDM5_705_0,0.165,0.0,-0.5,0.0,Non-Toxin,0.0
NDM5_705_1,0.13,0.0,-0.5,0.0,Non-Toxin,0.0
NDM5_706,0.095,0.0,-0.5,0.0,Non-Toxin,0.0
NDM5_706_0,0.18,0.5,-0.5,0.18,Non-Toxin,0.079
NDM5_706_1,0.14,0.5,-0.5,0.14,Non-Toxin,0.026
NDM5_707,0.72,0.0,0.0,0.72,Toxin,0.784
NDM5_707_0,0.105,0.0,-0.5,0.0,Non-Toxin,0.0
NDM5_707_1,0.13,0.0,0.0,0.13,Non-Toxin,0.013
NDM5_708,0.59,0.0,-0.5,0.09,Non-Toxin,0.0
NDM5_708_0,0.165,0.0,-0.5,0.0,Non-Toxin,0.0
NDM5_708_1,0.095,0.0,-0.5,0.0,Non-Toxin,0.0
NDM5_709,0.265,0.0,-0.5,0.0,Non-Toxin,0.0
NDM5_709_0,0.185,0.0,-0.5,0.0,Non-Toxin,0.0
NDM5_709_1,0.145,0.0,0.0,0.145,Non-Toxin,0.033
NDM5_710,0.605,0.0,-0.5,0.105,Non-Toxin,0.0
NDM5_710_0,0.055,0.0,-0.5,0.0,Non-Toxin,0.0
NDM5_710_1,0.055,0.0,-0.5,0.0,Non-Toxin,0.0
NDM5_711,0.305,0.0,-0.5,0.0,Non-Toxin,0.0
NDM5_711_0,0.155,0.0,0.0,0.155,Non-Toxin,0.046
NDM5_711_1,0.18,0.0,0.0,0.18,Non-Toxin,0.079
NDM5_712,0.14,0.0,0.0,0.14,Non-Toxin,0.026
NDM5_712_0,0.23,0.0,-0.5,0.0,Non-Toxin,0.0
NDM5_712_1,0.19,0.0,-0.5,0.0,Non-Toxin,0.0
NDM5_713,0.32,0.0,-0.5,0.0,Non-Toxin,0.0
NDM5_713_0,0.125,0.0,-0.5,0.0,Non-Toxin,0.0
NDM5_713_1,0.145,0.0,-0.5,0.0,Non-Toxin,0.0
NDM5_714,0.145,0.0,-0.5,0.0,Non-Toxin,0.0
NDM5_714_0,0.145,0.0,-0.5,0.0,Non-Toxin,0.0
NDM5_714_1,0.145,0.0,-0.5,0.0,Non-Toxin,0.0
NDM5_715,0.26,0.0,-0.5,0.0,Non-Toxin,0.0
NDM5_715_0,0.135,0.0,-0.5,0.0,Non-Toxin,0.0
NDM5_715_1,0.12,0.0,-0.5,0.0,Non-Toxin,0.0
NDM5_716,0.44,0.0,-0.5,0.0,Non-Toxin,0.0
NDM5_716_0,0.185,0.0,-0.5,0.0,Non-Toxin,0.0
NDM5_716_1,0.205,0.0,-0.5,0.0,Non-Toxin,0.0
NDM5_717,0.065,0.0,0.0,0.065,Non-Toxin,0.0
NDM5_717_0,0.26,0.0,0.0,0.26,Non-Toxin,0.183
NDM5_717_1,0.235,0.0,-0.5,0.0,Non-Toxin,0.0
NDM5_718,0.08,0.0,-0.5,0.0,Non-Toxin,0.0
NDM5_718_0,0.3,0.0,-0.5,0.0,Non-Toxin,0.0
NDM5_718_1,0.25,0.0,-0.5,0.0,Non-Toxin,0.0
NDM5_719,0.07,0.0,-0.5,0.0,Non-Toxin,0.0
NDM5_719_0,0.155,0.0,0.0,0.155,Non-Toxin,0.046
NDM5_719_1,0.135,0.0,0.0,0.135,Non-Toxin,0.02
NDM5_720,0.315,0.0,-0.5,0.0,Non-Toxin,0.0
NDM5_720_0,0.07,0.0,0.0,0.07,Non-Toxin,0.0
NDM5_720_1,0.07,0.0,0.0,0.07,Non-Toxin,0.0
NDM5_721,0.205,0.0,-0.5,0.0,Non-Toxin,0.0
NDM5_721_0,0.165,0.0,-0.5,0.0,Non-Toxin,0.0
NDM5_721_1,0.18,0.0,0.0,0.18,Non-Toxin,0.079
NDM5_722,0.1,0.0,-0.5,0.0,Non-Toxin,0.0
NDM5_722_0,0.235,0.0,0.0,0.235,Non-Toxin,0.151
NDM5_722_1,0.19,0.0,-0.5,0.0,Non-Toxin,0.0
NDM5_723,0.065,0.0,0.0,0.065,Non-Toxin,0.0
NDM5_723_0,0.12,0.0,0.0,0.12,Non-Toxin,0.0
NDM5_723_1,0.235,0.0,0.0,0.235,Non-Toxin,0.151
NDM5_724,0.13,0.0,-0.5,0.0,Non-Toxin,0.0
NDM5_724_0,0.25,0.0,0.0,0.25,Non-Toxin,0.17
NDM5_724_1,0.175,0.0,0.0,0.175,Non-Toxin,0.072
NDM5_725,0.165,0.0,-0.5,0.0,Non-Toxin,0.0
NDM5_725_0,0.245,0.0,-0.5,0.0,Non-Toxin,0.0
NDM5_725_1,0.245,0.0,-0.5,0.0,Non-Toxin,0.0
NDM5_726,0.74,0.5,-0.5,0.74,Toxin,0.811
NDM5_726_0,0.08,0.0,0.0,0.08,Non-Toxin,0.0
NDM5_726_1,0.105,0.0,0.0,0.105,Non-Toxin,0.0
NDM5_727,0.16,0.0,-0.5,0.0,Non-Toxin,0.0
NDM5_727_0,0.135,0.0,-0.5,0.0,Non-Toxin,0.0
NDM5_727_1,0.125,0.0,-0.5,0.0,Non-Toxin,0.0
NDM5_728,0.12,0.0,0.0,0.12,Non-Toxin,0.0
NDM5_728_0,0.175,0.0,-0.5,0.0,Non-Toxin,0.0
NDM5_728_1,0.125,0.0,0.0,0.125,Non-Toxin,0.007
NDM5_729,0.23,0.0,-0.5,0.0,Non-Toxin,0.0
NDM5_729_0,0.15,0.0,-0.5,0.0,Non-Toxin,0.0
NDM5_729_1,0.31,0.0,0.0,0.31,Non-Toxin,0.249
NDM5_730,0.12,0.0,0.0,0.12,Non-Toxin,0.0
NDM5_730_0,0.185,0.0,-0.5,0.0,Non-Toxin,0.0
NDM5_730_1,0.14,0.0,-0.5,0.0,Non-Toxin,0.0
NDM5_731,0.17,0.0,-0.5,0.0,Non-Toxin,0.0
NDM5_731_0,0.11,0.0,-0.5,0.0,Non-Toxin,0.0
NDM5_731_1,0.085,0.0,-0.5,0.0,Non-Toxin,0.0
NDM5_732,0.23,0.0,-0.5,0.0,Non-Toxin,0.0
NDM5_732_0,0.18,0.0,0.0,0.18,Non-Toxin,0.079
NDM5_732_1,0.125,0.0,-0.5,0.0,Non-Toxin,0.0
NDM5_733,0.115,0.0,-0.5,0.0,Non-Toxin,0.0
NDM5_733_0,0.165,0.0,-0.5,0.0,Non-Toxin,0.0
NDM5_733_1,0.165,0.0,-0.5,0.0,Non-Toxin,0.0
NDM5_734,0.21,0.0,-0.5,0.0,Non-Toxin,0.0
NDM5_734_0,0.11,0.0,-0.5,0.0,Non-Toxin,0.0
NDM5_734_1,0.15,0.0,-0.5,0.0,Non-Toxin,0.0
NDM5_735,0.31,0.0,-0.5,0.0,Non-Toxin,0.0
NDM5_735_0,0.14,0.0,-0.5,0.0,Non-Toxin,0.0
NDM5_735_1,0.2,0.0,-0.5,0.0,Non-Toxin,0.0
NDM5_736,0.105,0.0,-0.5,0.0,Non-Toxin,0.0
NDM5_736_0,0.16,0.0,-0.5,0.0,Non-Toxin,0.0
NDM5_736_1,0.24,0.0,-0.5,0.0,Non-Toxin,0.0
NDM5_737,0.705,0.0,-0.5,0.205,Non-Toxin,0.111
NDM5_737_0,0.12,0.0,-0.5,0.0,Non-Toxin,0.0
NDM5_737_1,0.1,0.0,0.0,0.1,Non-Toxin,0.0
NDM5_738,0.305,0.0,-0.5,0.0,Non-Toxin,0.0
NDM5_738_0,0.155,0.0,-0.5,0.0,Non-Toxin,0.0
NDM5_738_1,0.15,0.0,-0.5,0.0,Non-Toxin,0.0
NDM5_739,0.155,0.0,0.0,0.155,Non-Toxin,0.046
NDM5_739_0,0.045,0.0,-0.5,0.0,Non-Toxin,0.0
NDM5_739_1,0.1,0.0,-0.5,0.0,Non-Toxin,0.0
NDM5_740,0.15,0.0,-0.5,0.0,Non-Toxin,0.0
NDM5_740_0,0.215,0.0,-0.5,0.0,Non-Toxin,0.0
NDM5_740_1,0.275,0.0,-0.5,0.0,Non-Toxin,0.0
NDM5_741,0.14,0.0,-0.5,0.0,Non-Toxin,0.0
NDM5_741_0,0.2,0.0,-0.5,0.0,Non-Toxin,0.0
NDM5_741_1,0.23,0.0,-0.5,0.0,Non-Toxin,0.0
NDM5_742,0.12,0.0,-0.5,0.0,Non-Toxin,0.0
NDM5_742_0,0.15,0.0,-0.5,0.0,Non-Toxin,0.0
NDM5_742_1,0.16,0.0,-0.5,0.0,Non-Toxin,0.0
NDM5_743,0.155,0.0,-0.5,0.0,Non-Toxin,0.0
NDM5_743_0,0.15,0.0,0.0,0.15,Non-Toxin,0.039
NDM5_743_1,0.105,0.0,0.0,0.105,Non-Toxin,0.0
NDM5_744,0.065,0.0,-0.5,0.0,Non-Toxin,0.0
NDM5_744_0,0.23,0.0,-0.5,0.0,Non-Toxin,0.0
NDM5_744_1,0.17,0.0,-0.5,0.0,Non-Toxin,0.0
NDM5_745,0.135,0.0,-0.5,0.0,Non-Toxin,0.0
NDM5_745_0,0.175,0.0,-0.5,0.0,Non-Toxin,0.0
NDM5_745_1,0.185,0.0,-0.5,0.0,Non-Toxin,0.0
NDM5_746,0.265,0.0,-0.5,0.0,Non-Toxin,0.0
NDM5_746_0,0.15,0.0,0.0,0.15,Non-Toxin,0.039
NDM5_746_1,0.18,0.0,-0.5,0.0,Non-Toxin,0.0
NDM5_747,0.125,0.0,0.0,0.125,Non-Toxin,0.007
NDM5_747_0,0.155,0.0,0.0,0.155,Non-Toxin,0.046
NDM5_747_1,0.14,0.0,0.0,0.14,Non-Toxin,0.026
NDM5_748,0.2,0.0,-0.5,0.0,Non-Toxin,0.0
NDM5_748_0,0.25,0.0,0.0,0.25,Non-Toxin,0.17
NDM5_748_1,0.265,0.0,0.0,0.265,Non-Toxin,0.19
NDM5_749,0.23,0.0,0.0,0.23,Non-Toxin,0.144
NDM5_749_0,0.15,0.0,-0.5,0.0,Non-Toxin,0.0
NDM5_749_1,0.11,0.0,-0.5,0.0,Non-Toxin,0.0
NDM5_750,0.13,0.0,-0.5,0.0,Non-Toxin,0.0
NDM5_750_0,0.125,0.0,-0.5,0.0,Non-Toxin,0.0
NDM5_750_1,0.105,0.0,-0.5,0.0,Non-Toxin,0.0
NDM5_751,0.23,0.0,-0.5,0.0,Non-Toxin,0.0
NDM5_751_0,0.18,0.0,-0.5,0.0,Non-Toxin,0.0
NDM5_751_1,0.165,0.0,-0.5,0.0,Non-Toxin,0.0
NDM5_752,0.21,0.0,-0.5,0.0,Non-Toxin,0.0
NDM5_752_0,0.18,0.0,-0.5,0.0,Non-Toxin,0.0
NDM5_752_1,0.2,0.0,-0.5,0.0,Non-Toxin,0.0
NDM5_753,0.14,0.0,-0.5,0.0,Non-Toxin,0.0
NDM5_753_0,0.125,0.0,-0.5,0.0,Non-Toxin,0.0
NDM5_753_1,0.185,0.0,-0.5,0.0,Non-Toxin,0.0
NDM5_754,0.175,0.0,-0.5,0.0,Non-Toxin,0.0
NDM5_754_0,0.21,0.0,0.0,0.21,Non-Toxin,0.118
NDM5_754_1,0.25,0.0,0.0,0.25,Non-Toxin,0.17
NDM5_755,0.165,0.0,-0.5,0.0,Non-Toxin,0.0
NDM5_755_0,0.205,0.0,-0.5,0.0,Non-Toxin,0.0
NDM5_755_1,0.18,0.0,-0.5,0.0,Non-Toxin,0.0
NDM5_756,0.075,0.0,-0.5,0.0,Non-Toxin,0.0
NDM5_756_0,0.215,0.0,-0.5,0.0,Non-Toxin,0.0
NDM5_756_1,0.27,0.0,-0.5,0.0,Non-Toxin,0.0
NDM5_757,0.13,0.0,-0.5,0.0,Non-Toxin,0.0
NDM5_757_0,0.155,0.0,-0.5,0.0,Non-Toxin,0.0
NDM5_757_1,0.185,0.0,0.0,0.185,Non-Toxin,0.085
NDM5_758,0.19,0.0,-0.5,0.0,Non-Toxin,0.0
NDM5_758_0,0.155,0.0,-0.5,0.0,Non-Toxin,0.0
NDM5_758_1,0.2,0.0,-0.5,0.0,Non-Toxin,0.0
NDM5_759,0.35,0.0,-0.5,0.0,Non-Toxin,0.0
NDM5_759_0,0.08,0.0,-0.5,0.0,Non-Toxin,0.0
NDM5_759_1,0.12,0.0,-0.5,0.0,Non-Toxin,0.0
NDM5_760,0.15,0.0,-0.5,0.0,Non-Toxin,0.0
NDM5_760_0,0.08,0.0,0.0,0.08,Non-Toxin,0.0
NDM5_760_1,0.26,0.0,0.0,0.26,Non-Toxin,0.183
NDM5_761,0.135,0.0,0.0,0.135,Non-Toxin,0.02
NDM5_761_0,0.44,0.0,0.0,0.44,Toxin,0.418
NDM5_761_1,0.09,0.0,-0.5,0.0,Non-Toxin,0.0
NDM5_762,0.525,0.0,0.0,0.525,Toxin,0.53
NDM5_762_0,0.13,0.0,-0.5,0.0,Non-Toxin,0.0
NDM5_762_1,0.215,0.0,-0.5,0.0,Non-Toxin,0.0
NDM5_763,0.15,0.0,0.0,0.15,Non-Toxin,0.039
NDM5_763_0,0.11,0.0,0.0,0.11,Non-Toxin,0.0
NDM5_763_1,0.055,0.0,-0.5,0.0,Non-Toxin,0.0
NDM5_764,0.07,0.0,0.0,0.07,Non-Toxin,0.0
NDM5_764_0,0.18,0.0,0.0,0.18,Non-Toxin,0.079
NDM5_764_1,0.18,0.0,0.0,0.18,Non-Toxin,0.079
NDM5_765,0.19,0.0,0.0,0.19,Non-Toxin,0.092
NDM5_765_0,0.26,0.0,0.0,0.26,Non-Toxin,0.183
NDM5_765_1,0.345,0.0,0.0,0.345,Non-Toxin,0.294
NDM5_766,0.23,0.0,0.0,0.23,Non-Toxin,0.144
NDM5_766_0,0.245,0.0,0.0,0.245,Non-Toxin,0.164
NDM5_766_1,0.155,0.0,0.0,0.155,Non-Toxin,0.046
NDM5_767,0.26,0.0,0.0,0.26,Non-Toxin,0.183
NDM5_767_0,0.165,0.0,0.0,0.165,Non-Toxin,0.059
NDM5_767_1,0.185,0.0,-0.5,0.0,Non-Toxin,0.0
NDM5_768,0.14,0.0,0.0,0.14,Non-Toxin,0.026
NDM5_768_0,0.21,0.0,0.0,0.21,Non-Toxin,0.118
NDM5_768_1,0.165,0.0,0.0,0.165,Non-Toxin,0.059
NDM5_769,0.135,0.0,-0.5,0.0,Non-Toxin,0.0
NDM5_769_0,0.175,0.0,-0.5,0.0,Non-Toxin,0.0
NDM5_769_1,0.095,0.0,0.0,0.095,Non-Toxin,0.0
NDM5_770,0.76,0.0,0.0,0.76,Toxin,0.837
NDM5_770_0,0.125,0.0,-0.5,0.0,Non-Toxin,0.0
NDM5_770_1,0.105,0.0,-0.5,0.0,Non-Toxin,0.0
NDM5_771,0.355,0.0,-0.5,0.0,Non-Toxin,0.0
NDM5_771_0,0.13,0.0,-0.5,0.0,Non-Toxin,0.0
NDM5_771_1,0.18,0.0,-0.5,0.0,Non-Toxin,0.0
NDM5_772,0.31,0.0,-0.5,0.0,Non-Toxin,0.0
NDM5_772_0,0.145,0.0,-0.5,0.0,Non-Toxin,0.0
NDM5_772_1,0.155,0.0,-0.5,0.0,Non-Toxin,0.0
NDM5_773,0.66,0.0,-0.5,0.16,Non-Toxin,0.053
NDM5_773_0,0.23,0.0,-0.5,0.0,Non-Toxin,0.0
NDM5_773_1,0.19,0.0,-0.5,0.0,Non-Toxin,0.0
NDM5_774,0.225,0.0,-0.5,0.0,Non-Toxin,0.0
NDM5_774_0,0.13,0.0,-0.5,0.0,Non-Toxin,0.0
NDM5_774_1,0.16,0.0,-0.5,0.0,Non-Toxin,0.0
NDM5_775,0.34,0.0,-0.5,0.0,Non-Toxin,0.0
NDM5_775_0,0.175,0.0,-0.5,0.0,Non-Toxin,0.0
NDM5_775_1,0.18,0.0,-0.5,0.0,Non-Toxin,0.0
NDM5_776,0.125,0.0,-0.5,0.0,Non-Toxin,0.0
NDM5_776_0,0.18,0.0,-0.5,0.0,Non-Toxin,0.0
NDM5_776_1,0.175,0.0,-0.5,0.0,Non-Toxin,0.0
NDM5_777,0.26,0.0,-0.5,0.0,Non-Toxin,0.0
NDM5_777_0,0.165,0.0,-0.5,0.0,Non-Toxin,0.0
NDM5_777_1,0.15,0.0,-0.5,0.0,Non-Toxin,0.0
NDM5_778,0.08,0.0,-0.5,0.0,Non-Toxin,0.0
NDM5_778_0,0.145,0.0,-0.5,0.0,Non-Toxin,0.0
NDM5_778_1,0.135,0.0,-0.5,0.0,Non-Toxin,0.0
NDM5_779,0.575,0.0,-0.5,0.075,Non-Toxin,0.0
NDM5_779_0,0.185,0.0,-0.5,0.0,Non-Toxin,0.0
NDM5_779_1,0.08,0.0,-0.5,0.0,Non-Toxin,0.0
NDM5_780,0.105,0.0,-0.5,0.0,Non-Toxin,0.0
NDM5_780_0,0.155,0.0,-0.5,0.0,Non-Toxin,0.0
NDM5_780_1,0.2,0.0,-0.5,0.0,Non-Toxin,0.0
NDM5_781,0.115,0.0,-0.5,0.0,Non-Toxin,0.0
NDM5_781_0,0.18,0.0,-0.5,0.0,Non-Toxin,0.0
NDM5_781_1,0.32,0.0,-0.5,0.0,Non-Toxin,0.0
NDM5_782,0.195,0.0,0.0,0.195,Non-Toxin,0.098
NDM5_782_0,0.22,0.0,-0.5,0.0,Non-Toxin,0.0
NDM5_782_1,0.2,0.0,-0.5,0.0,Non-Toxin,0.0
NDM5_783,0.15,0.0,-0.5,0.0,Non-Toxin,0.0
NDM5_783_0,0.27,0.0,-0.5,0.0,Non-Toxin,0.0
NDM5_783_1,0.23,0.0,-0.5,0.0,Non-Toxin,0.0
NDM5_784,0.135,0.0,0.0,0.135,Non-Toxin,0.02
NDM5_784_0,0.21,0.0,0.0,0.21,Non-Toxin,0.118
NDM5_784_1,0.125,0.0,0.0,0.125,Non-Toxin,0.007
NDM5_785,0.21,0.0,0.0,0.21,Non-Toxin,0.118
NDM5_785_0,0.21,0.0,-0.5,0.0,Non-Toxin,0.0
NDM5_785_1,0.175,0.0,-0.5,0.0,Non-Toxin,0.0
NDM5_786,0.22,0.0,-0.5,0.0,Non-Toxin,0.0
NDM5_786_0,0.155,0.0,0.0,0.155,Non-Toxin,0.046
NDM5_786_1,0.19,0.0,-0.5,0.0,Non-Toxin,0.0
NDM5_787,0.155,0.0,0.0,0.155,Non-Toxin,0.046
NDM5_787_0,0.3,0.0,-0.5,0.0,Non-Toxin,0.0
NDM5_787_1,0.18,0.0,0.0,0.18,Non-Toxin,0.079
NDM5_788,0.31,0.0,0.0,0.31,Non-Toxin,0.249
NDM5_788_0,0.135,0.0,0.0,0.135,Non-Toxin,0.02
NDM5_788_1,0.225,0.0,0.0,0.225,Non-Toxin,0.137
NDM5_789,0.11,0.0,-0.5,0.0,Non-Toxin,0.0
NDM5_789_0,0.26,0.0,-0.5,0.0,Non-Toxin,0.0
NDM5_789_1,0.15,0.0,-0.5,0.0,Non-Toxin,0.0
NDM5_790,0.725,0.0,-0.5,0.225,Non-Toxin,0.137
NDM5_790_0,0.195,0.0,-0.5,0.0,Non-Toxin,0.0
NDM5_790_1,0.17,0.0,-0.5,0.0,Non-Toxin,0.0
NDM5_791,0.2,0.0,-0.5,0.0,Non-Toxin,0.0
NDM5_791_0,0.34,0.0,-0.5,0.0,Non-Toxin,0.0
NDM5_791_1,0.36,0.0,-0.5,0.0,Non-Toxin,0.0
NDM5_792,0.135,0.0,-0.5,0.0,Non-Toxin,0.0
NDM5_792_0,0.105,0.0,-0.5,0.0,Non-Toxin,0.0
NDM5_792_1,0.11,0.0,-0.5,0.0,Non-Toxin,0.0
NDM5_793,0.43,0.0,-0.5,0.0,Non-Toxin,0.0
NDM5_793_0,0.105,0.0,0.0,0.105,Non-Toxin,0.0
NDM5_793_1,0.09,0.0,-0.5,0.0,Non-Toxin,0.0
NDM5_794,0.375,0.0,-0.5,0.0,Non-Toxin,0.0
NDM5_794_0,0.185,0.0,0.0,0.185,Non-Toxin,0.085
NDM5_794_1,0.08,0.0,0.0,0.08,Non-Toxin,0.0
NDM5_795,0.29,0.0,-0.5,0.0,Non-Toxin,0.0
NDM5_795_0,0.125,0.0,-0.5,0.0,Non-Toxin,0.0
NDM5_795_1,0.15,0.0,-0.5,0.0,Non-Toxin,0.0
NDM5_796,0.065,0.0,-0.5,0.0,Non-Toxin,0.0
NDM5_796_0,0.11,0.0,-0.5,0.0,Non-Toxin,0.0
NDM5_796_1,0.21,0.0,-0.5,0.0,Non-Toxin,0.0
NDM5_797,0.17,0.0,0.0,0.17,Non-Toxin,0.066
NDM5_797_0,0.075,0.0,-0.5,0.0,Non-Toxin,0.0
NDM5_797_1,0.155,0.0,0.0,0.155,Non-Toxin,0.046
NDM5_798,0.825,0.5,-0.5,0.825,Toxin,0.922
NDM5_798_0,0.13,0.0,0.0,0.13,Non-Toxin,0.013
NDM5_798_1,0.125,0.0,-0.5,0.0,Non-Toxin,0.0
NDM5_799,0.135,0.0,-0.5,0.0,Non-Toxin,0.0
NDM5_799_0,0.14,0.0,0.0,0.14,Non-Toxin,0.026
NDM5_799_1,0.275,0.0,0.0,0.275,Non-Toxin,0.203
NDM5_800,0.165,0.0,-0.5,0.0,Non-Toxin,0.0
NDM5_800_0,0.105,0.0,-0.5,0.0,Non-Toxin,0.0
NDM5_800_1,0.09,0.0,-0.5,0.0,Non-Toxin,0.0
NDM5_801,0.375,0.0,-0.5,0.0,Non-Toxin,0.0
NDM5_801_0,0.13,0.0,-0.5,0.0,Non-Toxin,0.0
NDM5_801_1,0.23,0.0,-0.5,0.0,Non-Toxin,0.0
NDM5_802,0.48,0.0,-0.5,0.0,Non-Toxin,0.0
NDM5_802_0,0.165,0.0,0.0,0.165,Non-Toxin,0.059
NDM5_802_1,0.135,0.0,0.0,0.135,Non-Toxin,0.02
NDM5_803,0.165,0.0,-0.5,0.0,Non-Toxin,0.0
NDM5_803_0,0.13,0.0,-0.5,0.0,Non-Toxin,0.0
NDM5_803_1,0.14,0.0,-0.5,0.0,Non-Toxin,0.0
NDM5_804,0.285,0.5,-0.5,0.285,Non-Toxin,0.216
NDM5_804_0,0.26,0.0,0.0,0.26,Non-Toxin,0.183
NDM5_804_1,0.095,0.0,-0.5,0.0,Non-Toxin,0.0
NDM5_805,0.115,0.0,0.0,0.115,Non-Toxin,0.0
NDM5_805_0,0.18,0.0,-0.5,0.0,Non-Toxin,0.0
NDM5_805_1,0.125,0.0,-0.5,0.0,Non-Toxin,0.0
NDM5_806,0.415,0.0,-0.5,0.0,Non-Toxin,0.0
NDM5_806_0,0.255,0.0,0.0,0.255,Non-Toxin,0.177
NDM5_806_1,0.205,0.0,-0.5,0.0,Non-Toxin,0.0
NDM5_807,0.155,0.0,-0.5,0.0,Non-Toxin,0.0
NDM5_807_0,0.37,0.0,-0.5,0.0,Non-Toxin,0.0
NDM5_807_1,0.285,0.0,-0.5,0.0,Non-Toxin,0.0
NDM5_808,0.115,0.0,-0.5,0.0,Non-Toxin,0.0
NDM5_808_0,0.165,0.0,0.0,0.165,Non-Toxin,0.059
NDM5_808_1,0.165,0.0,-0.5,0.0,Non-Toxin,0.0
NDM5_809,0.35,0.0,-0.5,0.0,Non-Toxin,0.0
NDM5_809_0,0.095,0.0,-0.5,0.0,Non-Toxin,0.0
NDM5_809_1,0.285,0.0,-0.5,0.0,Non-Toxin,0.0
NDM5_810,0.75,0.0,-0.5,0.25,Non-Toxin,0.17
NDM5_810_0,0.145,0.0,-0.5,0.0,Non-Toxin,0.0
NDM5_810_1,0.21,0.0,-0.5,0.0,Non-Toxin,0.0
NDM5_811,0.76,0.0,0.0,0.76,Toxin,0.837
NDM5_811_0,0.155,0.0,-0.5,0.0,Non-Toxin,0.0
NDM5_811_1,0.205,0.0,-0.5,0.0,Non-Toxin,0.0
NDM5_812,0.615,0.0,-0.5,0.115,Non-Toxin,0.0
NDM5_812_0,0.13,0.0,-0.5,0.0,Non-Toxin,0.0
NDM5_812_1,0.1,0.0,-0.5,0.0,Non-Toxin,0.0
NDM5_813,0.55,0.0,-0.5,0.05,Non-Toxin,0.0
NDM5_813_0,0.08,0.0,-0.5,0.0,Non-Toxin,0.0
NDM5_813_1,0.09,0.0,-0.5,0.0,Non-Toxin,0.0
NDM5_814,0.425,0.0,-0.5,0.0,Non-Toxin,0.0
NDM5_814_0,0.13,0.0,-0.5,0.0,Non-Toxin,0.0
NDM5_814_1,0.125,0.0,-0.5,0.0,Non-Toxin,0.0
NDM5_815,0.47,0.0,-0.5,0.0,Non-Toxin,0.0
NDM5_815_0,0.085,0.0,-0.5,0.0,Non-Toxin,0.0
NDM5_815_1,0.12,0.0,-0.5,0.0,Non-Toxin,0.0
NDM5_816,0.76,0.0,-0.5,0.26,Non-Toxin,0.183
NDM5_816_0,0.23,0.0,-0.5,0.0,Non-Toxin,0.0
NDM5_816_1,0.17,0.0,0.0,0.17,Non-Toxin,0.066
NDM5_817,0.17,0.0,-0.5,0.0,Non-Toxin,0.0
NDM5_817_0,0.14,0.0,-0.5,0.0,Non-Toxin,0.0
NDM5_817_1,0.105,0.0,-0.5,0.0,Non-Toxin,0.0
NDM5_818,0.23,0.0,-0.5,0.0,Non-Toxin,0.0
NDM5_818_0,0.175,0.0,-0.5,0.0,Non-Toxin,0.0
NDM5_818_1,0.21,0.0,-0.5,0.0,Non-Toxin,0.0
NDM5_819,0.185,0.0,-0.5,0.0,Non-Toxin,0.0
NDM5_819_0,0.1,0.0,-0.5,0.0,Non-Toxin,0.0
NDM5_819_1,0.085,0.0,-0.5,0.0,Non-Toxin,0.0
NDM5_820,0.055,0.0,-0.5,0.0,Non-Toxin,0.0
NDM5_820_0,0.19,0.0,-0.5,0.0,Non-Toxin,0.0
NDM5_820_1,0.19,0.0,-0.5,0.0,Non-Toxin,0.0
NDM5_821,0.28,0.0,-0.5,0.0,Non-Toxin,0.0
NDM5_821_0,0.105,0.0,0.0,0.105,Non-Toxin,0.0
NDM5_821_1,0.12,0.0,0.0,0.12,Non-Toxin,0.0
NDM5_822,0.28,0.0,0.0,0.28,Non-Toxin,0.209
NDM5_822_0,0.15,0.0,-0.5,0.0,Non-Toxin,0.0
NDM5_822_1,0.1,0.0,-0.5,0.0,Non-Toxin,0.0
NDM5_823,0.205,0.0,0.0,0.205,Non-Toxin,0.111
NDM5_823_0,0.1,0.0,0.0,0.1,Non-Toxin,0.0
NDM5_823_1,0.09,0.0,0.0,0.09,Non-Toxin,0.0
NDM5_824,0.135,0.0,-0.5,0.0,Non-Toxin,0.0
NDM5_824_0,0.13,0.0,-0.5,0.0,Non-Toxin,0.0
NDM5_824_1,0.14,0.0,-0.5,0.0,Non-Toxin,0.0
NDM5_825,0.165,0.0,0.0,0.165,Non-Toxin,0.059
NDM5_825_0,0.105,0.0,0.0,0.105,Non-Toxin,0.0
NDM5_825_1,0.165,0.0,0.0,0.165,Non-Toxin,0.059
NDM5_826,0.48,0.0,0.0,0.48,Toxin,0.471
NDM5_826_0,0.245,0.0,0.0,0.245,Non-Toxin,0.164
NDM5_826_1,0.31,0.0,-0.5,0.0,Non-Toxin,0.0
NDM5_827,0.3,0.0,0.0,0.3,Non-Toxin,0.235
NDM5_827_0,0.21,0.0,0.0,0.21,Non-Toxin,0.118
NDM5_827_1,0.205,0.0,-0.5,0.0,Non-Toxin,0.0
NDM5_828,0.14,0.0,0.0,0.14,Non-Toxin,0.026
NDM5_828_0,0.175,0.0,-0.5,0.0,Non-Toxin,0.0
NDM5_828_1,0.17,0.0,0.0,0.17,Non-Toxin,0.066
NDM5_829,0.105,0.0,0.0,0.105,Non-Toxin,0.0
NDM5_829_0,0.11,0.0,0.0,0.11,Non-Toxin,0.0
NDM5_829_1,0.11,0.0,0.0,0.11,Non-Toxin,0.0
NDM5_830,0.285,0.0,-0.5,0.0,Non-Toxin,0.0
NDM5_830_0,0.11,0.0,-0.5,0.0,Non-Toxin,0.0
NDM5_830_1,0.08,0.0,-0.5,0.0,Non-Toxin,0.0
NDM5_831,0.29,0.0,-0.5,0.0,Non-Toxin,0.0
NDM5_831_0,0.145,0.0,0.0,0.145,Non-Toxin,0.033
NDM5_831_1,0.16,0.0,0.0,0.16,Non-Toxin,0.053
NDM5_832,0.19,0.0,-0.5,0.0,Non-Toxin,0.0
NDM5_832_0,0.115,0.0,-0.5,0.0,Non-Toxin,0.0
NDM5_832_1,0.15,0.0,-0.5,0.0,Non-Toxin,0.0
NDM5_833,0.465,0.0,-0.5,0.0,Non-Toxin,0.0
NDM5_833_0,0.11,0.0,-0.5,0.0,Non-Toxin,0.0
NDM5_833_1,0.175,0.0,-0.5,0.0,Non-Toxin,0.0
NDM5_834,0.33,0.0,-0.5,0.0,Non-Toxin,0.0
NDM5_834_0,0.135,0.0,-0.5,0.0,Non-Toxin,0.0
NDM5_834_1,0.15,0.0,-0.5,0.0,Non-Toxin,0.0
NDM5_835,0.135,0.0,0.0,0.135,Non-Toxin,0.02
NDM5_835_0,0.165,0.0,-0.5,0.0,Non-Toxin,0.0
NDM5_835_1,0.11,0.0,-0.5,0.0,Non-Toxin,0.0
NDM5_836,0.195,0.0,-0.5,0.0,Non-Toxin,0.0
NDM5_836_0,0.18,0.0,-0.5,0.0,Non-Toxin,0.0
NDM5_836_1,0.17,0.0,0.0,0.17,Non-Toxin,0.066
NDM5_837,0.375,0.0,-0.5,0.0,Non-Toxin,0.0
NDM5_837_0,0.185,0.0,-0.5,0.0,Non-Toxin,0.0
NDM5_837_1,0.145,0.0,-0.5,0.0,Non-Toxin,0.0
NDM5_838,0.165,0.0,0.0,0.165,Non-Toxin,0.059
NDM5_838_0,0.16,0.0,-0.5,0.0,Non-Toxin,0.0
NDM5_838_1,0.125,0.0,-0.5,0.0,Non-Toxin,0.0
NDM5_839,0.195,0.0,-0.5,0.0,Non-Toxin,0.0
NDM5_839_0,0.135,0.0,-0.5,0.0,Non-Toxin,0.0
NDM5_839_1,0.15,0.0,-0.5,0.0,Non-Toxin,0.0
NDM5_840,0.215,0.0,-0.5,0.0,Non-Toxin,0.0
NDM5_840_0,0.3,0.0,-0.5,0.0,Non-Toxin,0.0
NDM5_840_1,0.2,0.0,-0.5,0.0,Non-Toxin,0.0
NDM5_841,0.13,0.0,-0.5,0.0,Non-Toxin,0.0
NDM5_841_0,0.3,0.0,-0.5,0.0,Non-Toxin,0.0
NDM5_841_1,0.48,0.0,-0.5,0.0,Non-Toxin,0.0
NDM5_842,0.135,0.0,-0.5,0.0,Non-Toxin,0.0
NDM5_842_0,0.28,0.0,-0.5,0.0,Non-Toxin,0.0
NDM5_842_1,0.245,0.0,-0.5,0.0,Non-Toxin,0.0
NDM5_843,0.37,0.0,-0.5,0.0,Non-Toxin,0.0
NDM5_843_0,0.175,0.0,-0.5,0.0,Non-Toxin,0.0
NDM5_843_1,0.105,0.0,-0.5,0.0,Non-Toxin,0.0
NDM5_844,0.18,0.0,0.0,0.18,Non-Toxin,0.079
NDM5_844_0,0.1,0.0,-0.5,0.0,Non-Toxin,0.0
NDM5_844_1,0.19,0.0,-0.5,0.0,Non-Toxin,0.0
NDM5_845,0.095,0.0,-0.5,0.0,Non-Toxin,0.0
NDM5_845_0,0.1,0.0,-0.5,0.0,Non-Toxin,0.0
NDM5_845_1,0.08,0.0,-0.5,0.0,Non-Toxin,0.0
NDM5_846,0.32,0.0,-0.5,0.0,Non-Toxin,0.0
NDM5_846_0,0.13,0.0,-0.5,0.0,Non-Toxin,0.0
NDM5_846_1,0.225,0.0,0.0,0.225,Non-Toxin,0.137
NDM5_847,0.255,0.0,-0.5,0.0,Non-Toxin,0.0
NDM5_847_0,0.175,0.0,-0.5,0.0,Non-Toxin,0.0
NDM5_847_1,0.105,0.0,-0.5,0.0,Non-Toxin,0.0
NDM5_848,0.185,0.0,-0.5,0.0,Non-Toxin,0.0
NDM5_848_0,0.115,0.0,-0.5,0.0,Non-Toxin,0.0
NDM5_848_1,0.145,0.0,-0.5,0.0,Non-Toxin,0.0
NDM5_849,0.185,0.0,-0.5,0.0,Non-Toxin,0.0
NDM5_849_0,0.14,0.0,-0.5,0.0,Non-Toxin,0.0
NDM5_849_1,0.095,0.0,-0.5,0.0,Non-Toxin,0.0
NDM5_850,0.265,0.0,0.0,0.265,Non-Toxin,0.19
NDM5_850_0,0.245,0.0,-0.5,0.0,Non-Toxin,0.0
NDM5_850_1,0.315,0.0,-0.5,0.0,Non-Toxin,0.0
NDM5_851,0.115,0.0,0.0,0.115,Non-Toxin,0.0
NDM5_851_0,0.205,0.0,-0.5,0.0,Non-Toxin,0.0
NDM5_851_1,0.34,0.0,-0.5,0.0,Non-Toxin,0.0
NDM5_852,0.275,0.0,-0.5,0.0,Non-Toxin,0.0
NDM5_852_0,0.17,0.0,-0.5,0.0,Non-Toxin,0.0
NDM5_852_1,0.17,0.0,-0.5,0.0,Non-Toxin,0.0
NDM5_853,0.14,0.0,-0.5,0.0,Non-Toxin,0.0
NDM5_853_0,0.31,0.0,-0.5,0.0,Non-Toxin,0.0
NDM5_853_1,0.1,0.0,-0.5,0.0,Non-Toxin,0.0
NDM5_854,0.35,0.0,-0.5,0.0,Non-Toxin,0.0
NDM5_854_0,0.18,0.0,-0.5,0.0,Non-Toxin,0.0
NDM5_854_1,0.185,0.0,-0.5,0.0,Non-Toxin,0.0
NDM5_855,0.535,0.0,-0.5,0.035,Non-Toxin,0.0
NDM5_855_0,0.14,0.0,-0.5,0.0,Non-Toxin,0.0
NDM5_855_1,0.15,0.0,-0.5,0.0,Non-Toxin,0.0
NDM5_856,0.095,0.0,-0.5,0.0,Non-Toxin,0.0
NDM5_856_0,0.28,0.0,-0.5,0.0,Non-Toxin,0.0
NDM5_856_1,0.225,0.0,-0.5,0.0,Non-Toxin,0.0
NDM5_857,0.33,0.0,-0.5,0.0,Non-Toxin,0.0
NDM5_857_0,0.13,0.0,-0.5,0.0,Non-Toxin,0.0
NDM5_857_1,0.12,0.0,-0.5,0.0,Non-Toxin,0.0
NDM5_858,0.315,0.0,-0.5,0.0,Non-Toxin,0.0
NDM5_858_0,0.245,0.0,-0.5,0.0,Non-Toxin,0.0
NDM5_858_1,0.245,0.0,-0.5,0.0,Non-Toxin,0.0
NDM5_859,0.23,0.0,-0.5,0.0,Non-Toxin,0.0
NDM5_859_0,0.24,0.0,-0.5,0.0,Non-Toxin,0.0
NDM5_859_1,0.175,0.0,-0.5,0.0,Non-Toxin,0.0
NDM5_860,0.15,0.0,0.0,0.15,Non-Toxin,0.039
NDM5_860_0,0.19,0.0,0.0,0.19,Non-Toxin,0.092
NDM5_860_1,0.165,0.0,0.0,0.165,Non-Toxin,0.059
NDM5_861,0.18,0.0,0.0,0.18,Non-Toxin,0.079
NDM5_861_0,0.205,0.0,0.0,0.205,Non-Toxin,0.111
NDM5_861_1,0.255,0.0,-0.5,0.0,Non-Toxin,0.0
NDM5_862,0.465,0.0,-0.5,0.0,Non-Toxin,0.0
NDM5_862_0,0.13,0.0,-0.5,0.0,Non-Toxin,0.0
NDM5_862_1,0.15,0.0,0.0,0.15,Non-Toxin,0.039
NDM5_863,0.135,0.0,0.0,0.135,Non-Toxin,0.02
NDM5_863_0,0.12,0.0,-0.5,0.0,Non-Toxin,0.0
NDM5_864,0.22,0.0,-0.5,0.0,Non-Toxin,0.0
NDM5_864_0,0.335,0.0,-0.5,0.0,Non-Toxin,0.0
NDM5_865,0.61,0.0,-0.5,0.11,Non-Toxin,0.0
NDM5_865_0,0.125,0.0,-0.5,0.0,Non-Toxin,0.0
NDM5_866,0.135,0.0,-0.5,0.0,Non-Toxin,0.0
NDM5_866_0,0.295,0.0,-0.5,0.0,Non-Toxin,0.0
NDM5_867,0.12,0.0,-0.5,0.0,Non-Toxin,0.0
NDM5_867_0,0.155,0.0,-0.5,0.0,Non-Toxin,0.0
NDM5_868,0.145,0.0,-0.5,0.0,Non-Toxin,0.0
NDM5_868_0,0.1,0.0,-0.5,0.0,Non-Toxin,0.0
NDM5_869,0.16,0.0,-0.5,0.0,Non-Toxin,0.0
NDM5_869_0,0.15,0.0,0.0,0.15,Non-Toxin,0.039
NDM5_870,0.365,0.0,-0.5,0.0,Non-Toxin,0.0
NDM5_870_0,0.165,0.0,-0.5,0.0,Non-Toxin,0.0
NDM5_871,0.11,0.0,-0.5,0.0,Non-Toxin,0.0
NDM5_871_0,0.175,0.0,-0.5,0.0,Non-Toxin,0.0
NDM5_872,0.63,0.0,0.0,0.63,Toxin,0.667
NDM5_872_0,0.135,0.0,-0.5,0.0,Non-Toxin,0.0
NDM5_873,0.16,0.0,-0.5,0.0,Non-Toxin,0.0
NDM5_873_0,0.24,0.0,0.0,0.24,Non-Toxin,0.157
NDM5_874,0.11,0.0,-0.5,0.0,Non-Toxin,0.0
NDM5_874_0,0.17,0.0,-0.5,0.0,Non-Toxin,0.0
NDM5_875,0.425,0.0,-0.5,0.0,Non-Toxin,0.0
NDM5_875_0,0.16,0.0,0.0,0.16,Non-Toxin,0.053
NDM5_876,0.11,0.0,-0.5,0.0,Non-Toxin,0.0
NDM5_876_0,0.11,0.0,-0.5,0.0,Non-Toxin,0.0
NDM5_877,0.29,0.0,-0.5,0.0,Non-Toxin,0.0
NDM5_877_0,0.135,0.0,-0.5,0.0,Non-Toxin,0.0
NDM5_878,0.15,0.0,-0.5,0.0,Non-Toxin,0.0
NDM5_878_0,0.11,0.0,-0.5,0.0,Non-Toxin,0.0
NDM5_879,0.075,0.0,-0.5,0.0,Non-Toxin,0.0
NDM5_879_0,0.14,0.0,-0.5,0.0,Non-Toxin,0.0
NDM5_880,0.2,0.0,-0.5,0.0,Non-Toxin,0.0
NDM5_880_0,0.11,0.0,-0.5,0.0,Non-Toxin,0.0
NDM5_881,0.365,0.5,-0.5,0.365,Non-Toxin,0.32
NDM5_881_0,0.135,0.0,-0.5,0.0,Non-Toxin,0.0
NDM5_882,0.255,0.5,-0.5,0.255,Non-Toxin,0.177
NDM5_882_0,0.13,0.0,-0.5,0.0,Non-Toxin,0.0
NDM5_883,0.1,0.0,-0.5,0.0,Non-Toxin,0.0
NDM5_883_0,0.155,0.0,-0.5,0.0,Non-Toxin,0.0
NDM5_884,0.14,0.0,-0.5,0.0,Non-Toxin,0.0
NDM5_884_0,0.14,0.0,0.0,0.14,Non-Toxin,0.026
NDM5_885,0.275,0.0,-0.5,0.0,Non-Toxin,0.0
NDM5_885_0,0.165,0.0,-0.5,0.0,Non-Toxin,0.0
NDM5_886,0.095,0.0,-0.5,0.0,Non-Toxin,0.0
NDM5_886_0,0.095,0.0,-0.5,0.0,Non-Toxin,0.0
NDM5_887,0.81,0.0,-0.5,0.31,Non-Toxin,0.249
NDM5_887_0,0.295,0.0,-0.5,0.0,Non-Toxin,0.0
NDM5_888,0.725,0.0,-0.5,0.225,Non-Toxin,0.137
NDM5_888_0,0.155,0.0,-0.5,0.0,Non-Toxin,0.0
NDM5_889,0.605,0.0,-0.5,0.105,Non-Toxin,0.0
NDM5_889_0,0.18,0.0,-0.5,0.0,Non-Toxin,0.0
NDM5_890,0.13,0.0,-0.5,0.0,Non-Toxin,0.0
NDM5_890_0,0.165,0.0,-0.5,0.0,Non-Toxin,0.0
NDM5_891,0.29,0.0,-0.5,0.0,Non-Toxin,0.0
NDM5_891_0,0.085,0.0,-0.5,0.0,Non-Toxin,0.0
NDM5_892,0.135,0.0,0.0,0.135,Non-Toxin,0.02
NDM5_892_0,0.095,0.0,-0.5,0.0,Non-Toxin,0.0
NDM5_893,0.335,0.0,-0.5,0.0,Non-Toxin,0.0
NDM5_893_0,0.165,0.0,-0.5,0.0,Non-Toxin,0.0
NDM5_894,0.105,0.0,0.0,0.105,Non-Toxin,0.0
NDM5_894_0,0.055,0.0,-0.5,0.0,Non-Toxin,0.0
NDM5_895,0.27,0.0,0.0,0.27,Non-Toxin,0.196
NDM5_895_0,0.21,0.0,-0.5,0.0,Non-Toxin,0.0
NDM5_896,0.09,0.0,-0.5,0.0,Non-Toxin,0.0
NDM5_896_0,0.115,0.0,-0.5,0.0,Non-Toxin,0.0
NDM5_897,0.365,0.0,-0.5,0.0,Non-Toxin,0.0
NDM5_897_0,0.19,0.0,-0.5,0.0,Non-Toxin,0.0
NDM5_898,0.095,0.0,-0.5,0.0,Non-Toxin,0.0
NDM5_898_0,0.16,0.0,0.0,0.16,Non-Toxin,0.053
NDM5_899,0.135,0.0,-0.5,0.0,Non-Toxin,0.0
NDM5_899_0,0.17,0.0,0.0,0.17,Non-Toxin,0.066
NDM5_900,0.045,0.0,-0.5,0.0,Non-Toxin,0.0
NDM5_900_0,0.11,0.0,-0.5,0.0,Non-Toxin,0.0
NDM5_901,0.23,0.0,-0.5,0.0,Non-Toxin,0.0
NDM5_901_0,0.28,0.0,0.0,0.28,Non-Toxin,0.209
NDM5_902,0.08,0.0,0.0,0.08,Non-Toxin,0.0
NDM5_902_0,0.275,0.0,-0.5,0.0,Non-Toxin,0.0
NDM5_903,0.175,0.0,-0.5,0.0,Non-Toxin,0.0
NDM5_903_0,0.345,0.0,-0.5,0.0,Non-Toxin,0.0
NDM5_904,0.18,0.0,-0.5,0.0,Non-Toxin,0.0
NDM5_904_0,0.19,0.0,-0.5,0.0,Non-Toxin,0.0
NDM5_905,0.085,0.0,-0.5,0.0,Non-Toxin,0.0
NDM5_905_0,0.225,0.0,-0.5,0.0,Non-Toxin,0.0
NDM5_906,0.12,0.0,0.0,0.12,Non-Toxin,0.0
NDM5_906_0,0.14,0.0,0.0,0.14,Non-Toxin,0.026
NDM5_907,0.175,0.0,-0.5,0.0,Non-Toxin,0.0
NDM5_907_0,0.105,0.0,0.0,0.105,Non-Toxin,0.0
NDM5_908,0.135,0.0,-0.5,0.0,Non-Toxin,0.0
NDM5_908_0,0.17,0.0,-0.5,0.0,Non-Toxin,0.0
NDM5_909,0.185,0.0,-0.5,0.0,Non-Toxin,0.0
NDM5_909_0,0.115,0.0,0.0,0.115,Non-Toxin,0.0
NDM5_910,0.705,0.0,0.0,0.705,Toxin,0.765
NDM5_910_0,0.125,0.0,-0.5,0.0,Non-Toxin,0.0
NDM5_911,0.07,0.0,-0.5,0.0,Non-Toxin,0.0
NDM5_911_0,0.085,0.0,-0.5,0.0,Non-Toxin,0.0
NDM5_912,0.325,0.0,0.0,0.325,Non-Toxin,0.268
NDM5_912_0,0.23,0.0,-0.5,0.0,Non-Toxin,0.0
NDM5_913,0.11,0.0,-0.5,0.0,Non-Toxin,0.0
NDM5_913_0,0.17,0.0,-0.5,0.0,Non-Toxin,0.0
NDM5_914,0.37,0.0,-0.5,0.0,Non-Toxin,0.0
NDM5_914_0,0.09,0.0,-0.5,0.0,Non-Toxin,0.0
NDM5_915,0.365,0.0,-0.5,0.0,Non-Toxin,0.0
NDM5_915_0,0.155,0.0,-0.5,0.0,Non-Toxin,0.0
NDM5_916,0.19,0.0,-0.5,0.0,Non-Toxin,0.0
NDM5_916_0,0.11,0.0,0.0,0.11,Non-Toxin,0.0
NDM5_917,0.185,0.0,-0.5,0.0,Non-Toxin,0.0
NDM5_917_0,0.08,0.0,-0.5,0.0,Non-Toxin,0.0
NDM5_918,0.485,0.0,-0.5,0.0,Non-Toxin,0.0
NDM5_918_0,0.245,0.0,-0.5,0.0,Non-Toxin,0.0
NDM5_919,0.93,0.0,-0.5,0.43,Toxin,0.405
NDM5_919_0,0.125,0.0,0.0,0.125,Non-Toxin,0.007
NDM5_920,0.265,0.0,-0.5,0.0,Non-Toxin,0.0
NDM5_920_0,0.11,0.0,-0.5,0.0,Non-Toxin,0.0
NDM5_921,0.32,0.0,-0.5,0.0,Non-Toxin,0.0
NDM5_921_0,0.11,0.0,-0.5,0.0,Non-Toxin,0.0
NDM5_922,0.195,0.0,-0.5,0.0,Non-Toxin,0.0
NDM5_922_0,0.125,0.0,-0.5,0.0,Non-Toxin,0.0
NDM5_923,0.155,0.0,-0.5,0.0,Non-Toxin,0.0
NDM5_923_0,0.135,0.0,-0.5,0.0,Non-Toxin,0.0
NDM5_924,0.315,0.0,-0.5,0.0,Non-Toxin,0.0
NDM5_924_0,0.05,0.0,-0.5,0.0,Non-Toxin,0.0
NDM5_925,0.095,0.0,-0.5,0.0,Non-Toxin,0.0
NDM5_925_0,0.085,0.0,-0.5,0.0,Non-Toxin,0.0
NDM5_926,0.77,0.0,0.0,0.77,Toxin,0.85
NDM5_926_0,0.165,0.0,-0.5,0.0,Non-Toxin,0.0
NDM5_927,0.12,0.0,-0.5,0.0,Non-Toxin,0.0
NDM5_927_0,0.175,0.0,-0.5,0.0,Non-Toxin,0.0
NDM5_928,0.425,0.0,-0.5,0.0,Non-Toxin,0.0
NDM5_928_0,0.16,0.0,-0.5,0.0,Non-Toxin,0.0
NDM5_929,0.17,0.0,-0.5,0.0,Non-Toxin,0.0
NDM5_929_0,0.08,0.0,-0.5,0.0,Non-Toxin,0.0
NDM5_930,0.165,0.0,0.0,0.165,Non-Toxin,0.059
NDM5_930_0,0.195,0.0,0.0,0.195,Non-Toxin,0.098
NDM5_931,0.1,0.0,-0.5,0.0,Non-Toxin,0.0
NDM5_931_0,0.105,0.0,-0.5,0.0,Non-Toxin,0.0
NDM5_932,0.16,0.0,-0.5,0.0,Non-Toxin,0.0
NDM5_932_0,0.165,0.0,-0.5,0.0,Non-Toxin,0.0
NDM5_933,0.09,0.0,0.0,0.09,Non-Toxin,0.0
NDM5_933_0,0.17,0.0,0.0,0.17,Non-Toxin,0.066
NDM5_934,0.25,0.0,-0.5,0.0,Non-Toxin,0.0
NDM5_934_0,0.3,0.0,-0.5,0.0,Non-Toxin,0.0
NDM5_935,0.1,0.0,-0.5,0.0,Non-Toxin,0.0
NDM5_935_0,0.205,0.0,0.0,0.205,Non-Toxin,0.111
NDM5_936,0.2,0.0,-0.5,0.0,Non-Toxin,0.0
NDM5_936_0,0.18,0.0,0.0,0.18,Non-Toxin,0.079
NDM5_937,0.1,0.0,0.0,0.1,Non-Toxin,0.0
NDM5_937_0,0.19,0.0,-0.5,0.0,Non-Toxin,0.0
NDM5_938,0.195,0.0,-0.5,0.0,Non-Toxin,0.0
NDM5_938_0,0.165,0.0,-0.5,0.0,Non-Toxin,0.0
NDM5_939,0.13,0.0,0.0,0.13,Non-Toxin,0.013
NDM5_939_0,0.12,0.0,-0.5,0.0,Non-Toxin,0.0
NDM5_940,0.105,0.0,-0.5,0.0,Non-Toxin,0.0
NDM5_940_0,0.14,0.0,-0.5,0.0,Non-Toxin,0.0
NDM5_941,0.275,0.0,-0.5,0.0,Non-Toxin,0.0
NDM5_941_0,0.15,0.0,-0.5,0.0,Non-Toxin,0.0
NDM5_942,0.6,0.0,-0.5,0.1,Non-Toxin,0.0
NDM5_942_0,0.2,0.0,-0.5,0.0,Non-Toxin,0.0
NDM5_943,0.15,0.0,-0.5,0.0,Non-Toxin,0.0
NDM5_943_0,0.075,0.0,-0.5,0.0,Non-Toxin,0.0
NDM5_944,0.08,0.0,-0.5,0.0,Non-Toxin,0.0
NDM5_944_0,0.1,0.0,-0.5,0.0,Non-Toxin,0.0
NDM5_945,0.28,0.0,-0.5,0.0,Non-Toxin,0.0
NDM5_945_0,0.175,0.0,-0.5,0.0,Non-Toxin,0.0
NDM5_946,0.455,0.0,0.0,0.455,Toxin,0.438
NDM5_946_0,0.09,0.0,-0.5,0.0,Non-Toxin,0.0
NDM5_947,0.36,0.0,-0.5,0.0,Non-Toxin,0.0
NDM5_947_0,0.135,0.0,-0.5,0.0,Non-Toxin,0.0
NDM5_948,0.325,0.0,-0.5,0.0,Non-Toxin,0.0
NDM5_948_0,0.125,0.0,-0.5,0.0,Non-Toxin,0.0
NDM5_949,0.33,0.0,-0.5,0.0,Non-Toxin,0.0
NDM5_949_0,0.095,0.0,-0.5,0.0,Non-Toxin,0.0
NDM5_950,0.16,0.0,-0.5,0.0,Non-Toxin,0.0
NDM5_950_0,0.265,0.0,-0.5,0.0,Non-Toxin,0.0
NDM5_951,0.62,0.0,-0.5,0.12,Non-Toxin,0.0
NDM5_951_0,0.115,0.0,-0.5,0.0,Non-Toxin,0.0
NDM5_952,0.555,0.0,-0.5,0.055,Non-Toxin,0.0
NDM5_952_0,0.11,0.0,-0.5,0.0,Non-Toxin,0.0
NDM5_953,0.115,0.0,-0.5,0.0,Non-Toxin,0.0
NDM5_953_0,0.22,0.0,0.0,0.22,Non-Toxin,0.131
NDM5_954,0.42,0.0,-0.5,0.0,Non-Toxin,0.0
NDM5_954_0,0.185,0.0,-0.5,0.0,Non-Toxin,0.0
NDM5_955,0.14,0.0,-0.5,0.0,Non-Toxin,0.0
NDM5_955_0,0.085,0.0,-0.5,0.0,Non-Toxin,0.0
NDM5_956,0.09,0.0,-0.5,0.0,Non-Toxin,0.0
NDM5_956_0,0.09,0.0,-0.5,0.0,Non-Toxin,0.0
NDM5_957,0.295,0.0,-0.5,0.0,Non-Toxin,0.0
NDM5_957_0,0.11,0.0,-0.5,0.0,Non-Toxin,0.0
NDM5_958,0.11,0.0,-0.5,0.0,Non-Toxin,0.0
NDM5_958_0,0.225,0.0,-0.5,0.0,Non-Toxin,0.0
NDM5_959,0.375,0.0,-0.5,0.0,Non-Toxin,0.0
NDM5_959_0,0.115,0.0,-0.5,0.0,Non-Toxin,0.0
NDM5_960,0.35,0.0,0.0,0.35,Non-Toxin,0.301
NDM5_960_0,0.155,0.0,-0.5,0.0,Non-Toxin,0.0
NDM5_961,0.49,0.0,-0.5,0.0,Non-Toxin,0.0
NDM5_961_0,0.145,0.0,-0.5,0.0,Non-Toxin,0.0
NDM5_962,0.215,0.0,-0.5,0.0,Non-Toxin,0.0
NDM5_962_0,0.08,0.0,-0.5,0.0,Non-Toxin,0.0
NDM5_963,0.13,0.0,-0.5,0.0,Non-Toxin,0.0
NDM5_963_0,0.25,0.0,0.0,0.25,Non-Toxin,0.17
NDM5_964,0.105,0.0,-0.5,0.0,Non-Toxin,0.0
NDM5_964_0,0.11,0.0,0.0,0.11,Non-Toxin,0.0
NDM5_965,0.235,0.0,-0.5,0.0,Non-Toxin,0.0
NDM5_965_0,0.155,0.0,-0.5,0.0,Non-Toxin,0.0
NDM5_966,0.435,0.0,-0.5,0.0,Non-Toxin,0.0
NDM5_966_0,0.18,0.0,-0.5,0.0,Non-Toxin,0.0
NDM5_967,0.09,0.0,-0.5,0.0,Non-Toxin,0.0
NDM5_967_0,0.19,0.0,-0.5,0.0,Non-Toxin,0.0
NDM5_968,0.245,0.0,-0.5,0.0,Non-Toxin,0.0
NDM5_968_0,0.2,0.0,-0.5,0.0,Non-Toxin,0.0
NDM5_969,0.15,0.0,-0.5,0.0,Non-Toxin,0.0
NDM5_969_0,0.14,0.0,-0.5,0.0,Non-Toxin,0.0
NDM5_970,0.345,0.0,-0.5,0.0,Non-Toxin,0.0
NDM5_970_0,0.105,0.0,-0.5,0.0,Non-Toxin,0.0
NDM5_971,0.19,0.0,0.0,0.19,Non-Toxin,0.092
NDM5_971_0,0.205,0.0,0.0,0.205,Non-Toxin,0.111
NDM5_972,0.525,0.0,-0.5,0.025,Non-Toxin,0.0
NDM5_972_0,0.32,0.0,-0.5,0.0,Non-Toxin,0.0
NDM5_973,0.13,0.0,0.0,0.13,Non-Toxin,0.013
NDM5_973_0,0.24,0.0,-0.5,0.0,Non-Toxin,0.0
NDM5_974,0.17,0.0,-0.5,0.0,Non-Toxin,0.0
NDM5_974_0,0.15,0.0,0.0,0.15,Non-Toxin,0.039
NDM5_975,0.185,0.0,-0.5,0.0,Non-Toxin,0.0
NDM5_975_0,0.275,0.0,-0.5,0.0,Non-Toxin,0.0
NDM5_976,0.115,0.0,-0.5,0.0,Non-Toxin,0.0
NDM5_976_0,0.1,0.0,-0.5,0.0,Non-Toxin,0.0
NDM5_977,0.225,0.0,-0.5,0.0,Non-Toxin,0.0
NDM5_977_0,0.43,0.0,-0.5,0.0,Non-Toxin,0.0
NDM5_978,0.765,0.0,0.0,0.765,Toxin,0.843
NDM5_978_0,0.255,0.0,-0.5,0.0,Non-Toxin,0.0
NDM5_979,0.385,0.0,-0.5,0.0,Non-Toxin,0.0
NDM5_979_0,0.255,0.0,0.0,0.255,Non-Toxin,0.177
NDM5_980,0.47,0.0,-0.5,0.0,Non-Toxin,0.0
NDM5_980_0,0.105,0.0,-0.5,0.0,Non-Toxin,0.0
NDM5_981,0.07,0.0,0.0,0.07,Non-Toxin,0.0
NDM5_981_0,0.28,0.0,-0.5,0.0,Non-Toxin,0.0
NDM5_982,0.37,0.0,-0.5,0.0,Non-Toxin,0.0
NDM5_982_0,0.24,0.0,-0.5,0.0,Non-Toxin,0.0
NDM5_983,0.1,0.0,-0.5,0.0,Non-Toxin,0.0
NDM5_983_0,0.095,0.0,-0.5,0.0,Non-Toxin,0.0
NDM5_984,0.47,0.0,0.0,0.47,Toxin,0.458
NDM5_984_0,0.105,0.0,-0.5,0.0,Non-Toxin,0.0
NDM5_985,0.15,0.0,0.0,0.15,Non-Toxin,0.039
NDM5_985_0,0.14,0.0,0.0,0.14,Non-Toxin,0.026
NDM5_986,0.135,0.0,-0.5,0.0,Non-Toxin,0.0
NDM5_986_0,0.11,0.0,0.0,0.11,Non-Toxin,0.0
NDM5_987,0.17,0.0,-0.5,0.0,Non-Toxin,0.0
NDM5_987_0,0.105,0.0,-0.5,0.0,Non-Toxin,0.0
NDM5_988,0.185,0.0,-0.5,0.0,Non-Toxin,0.0
NDM5_988_0,0.07,0.0,-0.5,0.0,Non-Toxin,0.0
NDM5_989,0.095,0.0,-0.5,0.0,Non-Toxin,0.0
NDM5_989_0,0.25,0.0,-0.5,0.0,Non-Toxin,0.0
NDM5_990,0.72,0.0,-0.5,0.22,Non-Toxin,0.131
NDM5_990_0,0.085,0.0,-0.5,0.0,Non-Toxin,0.0
NDM5_991,0.57,0.5,0.0,1.0,Toxin,1.0
NDM5_991_0,0.145,0.0,-0.5,0.0,Non-Toxin,0.0
NDM5_992,0.19,0.0,-0.5,0.0,Non-Toxin,0.0
NDM5_992_0,0.17,0.0,-0.5,0.0,Non-Toxin,0.0
NDM5_993,0.11,0.0,-0.5,0.0,Non-Toxin,0.0
NDM5_993_0,0.14,0.0,-0.5,0.0,Non-Toxin,0.0
NDM5_994,0.17,0.0,-0.5,0.0,Non-Toxin,0.0
NDM5_994_0,0.295,0.0,-0.5,0.0,Non-Toxin,0.0
NDM5_995,0.13,0.0,-0.5,0.0,Non-Toxin,0.0
NDM5_995_0,0.2,0.0,-0.5,0.0,Non-Toxin,0.0
NDM5_996,0.205,0.0,-0.5,0.0,Non-Toxin,0.0
NDM5_996_0,0.19,0.0,-0.5,0.0,Non-Toxin,0.0
NDM5_997,0.18,0.0,-0.5,0.0,Non-Toxin,0.0
NDM5_997_0,0.2,0.0,-0.5,0.0,Non-Toxin,0.0
NDM5_998,0.13,0.0,-0.5,0.0,Non-Toxin,0.0
NDM5_998_0,0.14,0.0,-0.5,0.0,Non-Toxin,0.0
NDM5_999,0.195,0.5,-0.5,0.195,Non-Toxin,0.098
NDM5_999_0,0.12,0.0,-0.5,0.0,Non-Toxin,0.0
config_NDM5_000,0.215,0.0,-0.5,0.0,Non-Toxin,0.0
config_NDM5_000_2,0.1,0.0,-0.5,0.0,Non-Toxin,0.0
config_NDM5_001,0.195,0.0,-0.5,0.0,Non-Toxin,0.0
config_NDM5_001_2,0.095,0.0,-0.5,0.0,Non-Toxin,0.0
config_NDM5_002,0.095,0.0,-0.5,0.0,Non-Toxin,0.0
config_NDM5_002_2,0.1,0.0,-0.5,0.0,Non-Toxin,0.0
config_NDM5_003,0.125,0.0,-0.5,0.0,Non-Toxin,0.0
config_NDM5_004,0.22,0.0,-0.5,0.0,Non-Toxin,0.0
config_NDM5_004_2,0.21,0.0,-0.5,0.0,Non-Toxin,0.0
config_NDM5_005,0.135,0.0,-0.5,0.0,Non-Toxin,0.0
config_NDM5_006,0.16,0.0,-0.5,0.0,Non-Toxin,0.0
config_NDM5_006_2,0.125,0.0,-0.5,0.0,Non-Toxin,0.0
config_NDM5_007,0.12,0.0,-0.5,0.0,Non-Toxin,0.0
config_NDM5_007_2,0.1,0.0,-0.5,0.0,Non-Toxin,0.0
config_NDM5_008,0.045,0.0,-0.5,0.0,Non-Toxin,0.0
config_NDM5_008_2,0.08,0.0,-0.5,0.0,Non-Toxin,0.0
config_NDM5_009,0.16,0.0,-0.5,0.0,Non-Toxin,0.0
config_NDM5_020,0.12,0.0,-0.5,0.0,Non-Toxin,0.0
config_NDM5_020_2,0.185,0.0,-0.5,0.0,Non-Toxin,0.0
config_NDM5_021,0.195,0.0,-0.5,0.0,Non-Toxin,0.0
config_NDM5_022,0.09,0.0,-0.5,0.0,Non-Toxin,0.0
config_NDM5_022_2,0.085,0.0,-0.5,0.0,Non-Toxin,0.0
config_NDM5_023,0.09,0.0,-0.5,0.0,Non-Toxin,0.0
config_NDM5_023_2,0.08,0.0,-0.5,0.0,Non-Toxin,0.0
config_NDM5_024,0.2,0.0,-0.5,0.0,Non-Toxin,0.0
config_NDM5_024_2,0.17,0.0,-0.5,0.0,Non-Toxin,0.0
config_NDM5_025,0.2,0.0,-0.5,0.0,Non-Toxin,0.0
config_NDM5_026,0.24,0.0,-0.5,0.0,Non-Toxin,0.0
config_NDM5_026_2,0.06,0.0,-0.5,0.0,Non-Toxin,0.0
config_NDM5_027,0.075,0.0,-0.5,0.0,Non-Toxin,0.0
config_NDM5_028,0.2,0.0,-0.5,0.0,Non-Toxin,0.0
config_NDM5_028_2,0.14,0.0,-0.5,0.0,Non-Toxin,0.0
config_NDM5_029,0.13,0.0,0.0,0.13,Non-Toxin,0.013
config_NDM5_029_2,0.265,0.0,-0.5,0.0,Non-Toxin,0.0
config_NDM5_040,0.165,0.0,-0.5,0.0,Non-Toxin,0.0
config_NDM5_040_2,0.115,0.0,-0.5,0.0,Non-Toxin,0.0
config_NDM5_041,0.11,0.0,-0.5,0.0,Non-Toxin,0.0
config_NDM5_042,0.14,0.0,-0.5,0.0,Non-Toxin,0.0
config_NDM5_042_2,0.075,0.0,-0.5,0.0,Non-Toxin,0.0
config_NDM5_043,0.215,0.0,-0.5,0.0,Non-Toxin,0.0
config_NDM5_044,0.2,0.0,-0.5,0.0,Non-Toxin,0.0
config_NDM5_044_2,0.315,0.0,-0.5,0.0,Non-Toxin,0.0
config_NDM5_045,0.245,0.0,-0.5,0.0,Non-Toxin,0.0
config_NDM5_045_2,0.155,0.0,-0.5,0.0,Non-Toxin,0.0
config_NDM5_046,0.215,0.0,-0.5,0.0,Non-Toxin,0.0
config_NDM5_046_2,0.07,0.0,-0.5,0.0,Non-Toxin,0.0
config_NDM5_047,0.12,0.0,-0.5,0.0,Non-Toxin,0.0
config_NDM5_048,0.195,0.0,-0.5,0.0,Non-Toxin,0.0
config_NDM5_048_2,0.2,0.0,-0.5,0.0,Non-Toxin,0.0
config_NDM5_049,0.125,0.0,-0.5,0.0,Non-Toxin,0.0
config_NDM5_060,0.105,0.0,-0.5,0.0,Non-Toxin,0.0
config_NDM5_060_2,0.24,0.0,-0.5,0.0,Non-Toxin,0.0
config_NDM5_061,0.145,0.0,-0.5,0.0,Non-Toxin,0.0
config_NDM5_061_2,0.13,0.0,-0.5,0.0,Non-Toxin,0.0
config_NDM5_062,0.105,0.0,-0.5,0.0,Non-Toxin,0.0
config_NDM5_062_2,0.08,0.0,-0.5,0.0,Non-Toxin,0.0
config_NDM5_063,0.13,0.0,-0.5,0.0,Non-Toxin,0.0
config_NDM5_064,0.15,0.0,-0.5,0.0,Non-Toxin,0.0
config_NDM5_064_2,0.165,0.0,-0.5,0.0,Non-Toxin,0.0
config_NDM5_065,0.175,0.0,-0.5,0.0,Non-Toxin,0.0
config_NDM5_066,0.205,0.0,-0.5,0.0,Non-Toxin,0.0
config_NDM5_066_2,0.185,0.0,-0.5,0.0,Non-Toxin,0.0
config_NDM5_067,0.155,0.0,-0.5,0.0,Non-Toxin,0.0
config_NDM5_067_2,0.205,0.0,-0.5,0.0,Non-Toxin,0.0
config_NDM5_068,0.145,0.0,-0.5,0.0,Non-Toxin,0.0
config_NDM5_068_2,0.15,0.0,-0.5,0.0,Non-Toxin,0.0
config_NDM5_069,0.13,0.0,-0.5,0.0,Non-Toxin,0.0
config_NDM5_080,0.1,0.0,-0.5,0.0,Non-Toxin,0.0
config_NDM5_080_2,0.165,0.0,-0.5,0.0,Non-Toxin,0.0
config_NDM5_081,0.135,0.0,-0.5,0.0,Non-Toxin,0.0
config_NDM5_082,0.225,0.0,-0.5,0.0,Non-Toxin,0.0
config_NDM5_082_2,0.17,0.0,-0.5,0.0,Non-Toxin,0.0
config_NDM5_083,0.1,0.0,-0.5,0.0,Non-Toxin,0.0
config_NDM5_083_2,0.1,0.0,-0.5,0.0,Non-Toxin,0.0
config_NDM5_084,0.125,0.0,-0.5,0.0,Non-Toxin,0.0
config_NDM5_084_2,0.165,0.0,-0.5,0.0,Non-Toxin,0.0
config_NDM5_085,0.16,0.0,-0.5,0.0,Non-Toxin,0.0
config_NDM5_086,0.25,0.0,-0.5,0.0,Non-Toxin,0.0
config_NDM5_086_2,0.08,0.0,-0.5,0.0,Non-Toxin,0.0
config_NDM5_087,0.145,0.0,-0.5,0.0,Non-Toxin,0.0
config_NDM5_088,0.2,0.0,-0.5,0.0,Non-Toxin,0.0
config_NDM5_088_2,0.12,0.0,-0.5,0.0,Non-Toxin,0.0
config_NDM5_089,0.14,0.0,-0.5,0.0,Non-Toxin,0.0
config_NDM5_089_2,0.14,0.0,-0.5,0.0,Non-Toxin,0.0
config_NDM5_100,0.14,0.0,-0.5,0.0,Non-Toxin,0.0
config_NDM5_100_2,0.17,0.0,-0.5,0.0,Non-Toxin,0.0
config_NDM5_101,0.05,0.0,-0.5,0.0,Non-Toxin,0.0
config_NDM5_102,0.09,0.0,-0.5,0.0,Non-Toxin,0.0
config_NDM5_102_2,0.08,0.0,-0.5,0.0,Non-Toxin,0.0
config_NDM5_103,0.125,0.0,-0.5,0.0,Non-Toxin,0.0
config_NDM5_104,0.135,0.0,-0.5,0.0,Non-Toxin,0.0
config_NDM5_104_2,0.12,0.0,-0.5,0.0,Non-Toxin,0.0
config_NDM5_105,0.195,0.0,-0.5,0.0,Non-Toxin,0.0
config_NDM5_105_2,0.07,0.0,-0.5,0.0,Non-Toxin,0.0
config_NDM5_106,0.2,0.0,-0.5,0.0,Non-Toxin,0.0
config_NDM5_106_2,0.14,0.0,-0.5,0.0,Non-Toxin,0.0
config_NDM5_107,0.15,0.0,-0.5,0.0,Non-Toxin,0.0
config_NDM5_108,0.205,0.0,-0.5,0.0,Non-Toxin,0.0
config_NDM5_108_2,0.12,0.0,-0.5,0.0,Non-Toxin,0.0
config_NDM5_109,0.23,0.0,-0.5,0.0,Non-Toxin,0.0
config_NDM5_120,0.19,0.0,-0.5,0.0,Non-Toxin,0.0
config_NDM5_120_2,0.08,0.0,-0.5,0.0,Non-Toxin,0.0
config_NDM5_121,0.12,0.0,-0.5,0.0,Non-Toxin,0.0
config_NDM5_121_2,0.195,0.0,-0.5,0.0,Non-Toxin,0.0
config_NDM5_122,0.195,0.0,-0.5,0.0,Non-Toxin,0.0
config_NDM5_122_2,0.125,0.0,-0.5,0.0,Non-Toxin,0.0
config_NDM5_123,0.12,0.0,-0.5,0.0,Non-Toxin,0.0
config_NDM5_124,0.17,0.0,-0.5,0.0,Non-Toxin,0.0
config_NDM5_124_2,0.18,0.0,-0.5,0.0,Non-Toxin,0.0
config_NDM5_125,0.12,0.0,-0.5,0.0,Non-Toxin,0.0
config_NDM5_126,0.085,0.0,-0.5,0.0,Non-Toxin,0.0
config_NDM5_126_2,0.17,0.0,-0.5,0.0,Non-Toxin,0.0
config_NDM5_127,0.12,0.0,-0.5,0.0,Non-Toxin,0.0
config_NDM5_127_2,0.28,0.0,-0.5,0.0,Non-Toxin,0.0
config_NDM5_128,0.15,0.0,-0.5,0.0,Non-Toxin,0.0
config_NDM5_128_2,0.095,0.0,-0.5,0.0,Non-Toxin,0.0
config_NDM5_129,0.15,0.0,-0.5,0.0,Non-Toxin,0.0
config_NDM5_140,0.15,0.0,-0.5,0.0,Non-Toxin,0.0
config_NDM5_140_2,0.065,0.0,-0.5,0.0,Non-Toxin,0.0
config_NDM5_141,0.135,0.0,-0.5,0.0,Non-Toxin,0.0
config_NDM5_142,0.125,0.0,-0.5,0.0,Non-Toxin,0.0
config_NDM5_142_2,0.175,0.0,-0.5,0.0,Non-Toxin,0.0
config_NDM5_143,0.095,0.0,-0.5,0.0,Non-Toxin,0.0
config_NDM5_143_2,0.135,0.0,-0.5,0.0,Non-Toxin,0.0
config_NDM5_144,0.06,0.0,-0.5,0.0,Non-Toxin,0.0
config_NDM5_144_2,0.105,0.0,-0.5,0.0,Non-Toxin,0.0
config_NDM5_145,0.14,0.0,-0.5,0.0,Non-Toxin,0.0
config_NDM5_146,0.24,0.0,-0.5,0.0,Non-Toxin,0.0
config_NDM5_146_2,0.065,0.0,-0.5,0.0,Non-Toxin,0.0
config_NDM5_147,0.125,0.0,-0.5,0.0,Non-Toxin,0.0
config_NDM5_148,0.115,0.0,-0.5,0.0,Non-Toxin,0.0
config_NDM5_148_2,0.14,0.0,-0.5,0.0,Non-Toxin,0.0
config_NDM5_149,0.095,0.0,-0.5,0.0,Non-Toxin,0.0
config_NDM5_149_2,0.09,0.0,-0.5,0.0,Non-Toxin,0.0
config_NDM5_160,0.23,0.0,0.0,0.23,Non-Toxin,0.144
config_NDM5_160_2,0.135,0.0,-0.5,0.0,Non-Toxin,0.0
config_NDM5_161,0.105,0.0,-0.5,0.0,Non-Toxin,0.0
config_NDM5_162,0.155,0.0,-0.5,0.0,Non-Toxin,0.0
config_NDM5_162_2,0.12,0.0,-0.5,0.0,Non-Toxin,0.0
config_NDM5_163,0.065,0.0,-0.5,0.0,Non-Toxin,0.0
config_NDM5_164,0.135,0.0,-0.5,0.0,Non-Toxin,0.0
config_NDM5_164_2,0.18,0.0,-0.5,0.0,Non-Toxin,0.0
config_NDM5_165,0.165,0.0,-0.5,0.0,Non-Toxin,0.0
config_NDM5_165_2,0.295,0.0,0.0,0.295,Non-Toxin,0.229
config_NDM5_166,0.325,0.0,0.0,0.325,Non-Toxin,0.268
config_NDM5_166_2,0.11,0.0,0.0,0.11,Non-Toxin,0.0
config_NDM5_167,0.15,0.0,-0.5,0.0,Non-Toxin,0.0
config_NDM5_168,0.115,0.0,-0.5,0.0,Non-Toxin,0.0
config_NDM5_168_2,0.095,0.0,-0.5,0.0,Non-Toxin,0.0
config_NDM5_169,0.19,0.0,-0.5,0.0,Non-Toxin,0.0
config_NDM5_180,0.165,0.0,-0.5,0.0,Non-Toxin,0.0
config_NDM5_180_2,0.185,0.0,-0.5,0.0,Non-Toxin,0.0
config_NDM5_181,0.19,0.0,-0.5,0.0,Non-Toxin,0.0
config_NDM5_181_2,0.17,0.0,-0.5,0.0,Non-Toxin,0.0
config_NDM5_182,0.17,0.0,-0.5,0.0,Non-Toxin,0.0
config_NDM5_182_2,0.11,0.0,-0.5,0.0,Non-Toxin,0.0
config_NDM5_183,0.14,0.0,-0.5,0.0,Non-Toxin,0.0
config_NDM5_184,0.16,0.0,-0.5,0.0,Non-Toxin,0.0
config_NDM5_184_2,0.09,0.0,-0.5,0.0,Non-Toxin,0.0
config_NDM5_185,0.16,0.0,0.0,0.16,Non-Toxin,0.053
config_NDM5_186,0.255,0.0,-0.5,0.0,Non-Toxin,0.0
config_NDM5_186_2,0.12,0.0,-0.5,0.0,Non-Toxin,0.0
config_NDM5_187,0.105,0.0,-0.5,0.0,Non-Toxin,0.0
config_NDM5_187_2,0.045,0.0,-0.5,0.0,Non-Toxin,0.0
config_NDM5_188,0.095,0.0,-0.5,0.0,Non-Toxin,0.0
config_NDM5_188_2,0.115,0.0,-0.5,0.0,Non-Toxin,0.0
config_NDM5_189,0.15,0.0,-0.5,0.0,Non-Toxin,0.0
config_NDM5_200,0.125,0.0,-0.5,0.0,Non-Toxin,0.0
config_NDM5_200_2,0.115,0.0,-0.5,0.0,Non-Toxin,0.0
config_NDM5_201,0.17,0.0,-0.5,0.0,Non-Toxin,0.0
config_NDM5_202,0.135,0.0,-0.5,0.0,Non-Toxin,0.0
config_NDM5_202_2,0.11,0.0,-0.5,0.0,Non-Toxin,0.0
config_NDM5_203,0.135,0.0,-0.5,0.0,Non-Toxin,0.0
config_NDM5_203_2,0.155,0.0,-0.5,0.0,Non-Toxin,0.0
config_NDM5_204,0.19,0.0,-0.5,0.0,Non-Toxin,0.0
config_NDM5_204_2,0.095,0.0,-0.5,0.0,Non-Toxin,0.0
config_NDM5_205,0.09,0.0,-0.5,0.0,Non-Toxin,0.0
config_NDM5_206,0.16,0.0,-0.5,0.0,Non-Toxin,0.0
config_NDM5_206_2,0.18,0.0,-0.5,0.0,Non-Toxin,0.0
config_NDM5_207,0.155,0.0,-0.5,0.0,Non-Toxin,0.0
config_NDM5_208,0.155,0.0,-0.5,0.0,Non-Toxin,0.0
config_NDM5_208_2,0.135,0.0,-0.5,0.0,Non-Toxin,0.0
config_NDM5_209,0.1,0.0,-0.5,0.0,Non-Toxin,0.0
config_NDM5_209_2,0.105,0.0,-0.5,0.0,Non-Toxin,0.0
config_NDM5_220,0.09,0.0,-0.5,0.0,Non-Toxin,0.0
config_NDM5_220_2,0.225,0.0,-0.5,0.0,Non-Toxin,0.0
config_NDM5_221,0.195,0.0,-0.5,0.0,Non-Toxin,0.0
config_NDM5_222,0.3,0.0,-0.5,0.0,Non-Toxin,0.0
config_NDM5_222_2,0.245,0.0,0.0,0.245,Non-Toxin,0.164
config_NDM5_223,0.175,0.0,-0.5,0.0,Non-Toxin,0.0
config_NDM5_224,0.245,0.0,-0.5,0.0,Non-Toxin,0.0
config_NDM5_224_2,0.29,0.0,-0.5,0.0,Non-Toxin,0.0
config_NDM5_225,0.1,0.0,-0.5,0.0,Non-Toxin,0.0
config_NDM5_225_2,0.265,0.0,-0.5,0.0,Non-Toxin,0.0
config_NDM5_226,0.105,0.0,-0.5,0.0,Non-Toxin,0.0
config_NDM5_226_2,0.11,0.0,-0.5,0.0,Non-Toxin,0.0
config_NDM5_227,0.265,0.0,0.0,0.265,Non-Toxin,0.19
config_NDM5_228,0.165,0.0,-0.5,0.0,Non-Toxin,0.0
config_NDM5_228_2,0.14,0.0,-0.5,0.0,Non-Toxin,0.0
config_NDM5_229,0.2,0.0,-0.5,0.0,Non-Toxin,0.0
config_NDM5_240,0.165,0.0,-0.5,0.0,Non-Toxin,0.0
config_NDM5_240_2,0.105,0.0,-0.5,0.0,Non-Toxin,0.0
config_NDM5_241,0.15,0.0,-0.5,0.0,Non-Toxin,0.0
config_NDM5_241_2,0.1,0.0,-0.5,0.0,Non-Toxin,0.0
config_NDM5_242,0.225,0.0,-0.5,0.0,Non-Toxin,0.0
config_NDM5_242_2,0.25,0.0,-0.5,0.0,Non-Toxin,0.0
config_NDM5_243,0.235,0.0,-0.5,0.0,Non-Toxin,0.0
config_NDM5_244,0.055,0.0,-0.5,0.0,Non-Toxin,0.0
config_NDM5_244_2,0.065,0.5,-0.5,0.065,Non-Toxin,0.0
config_NDM5_245,0.17,0.0,-0.5,0.0,Non-Toxin,0.0
config_NDM5_246,0.12,0.0,-0.5,0.0,Non-Toxin,0.0
config_NDM5_246_2,0.24,0.0,-0.5,0.0,Non-Toxin,0.0
config_NDM5_247,0.115,0.0,-0.5,0.0,Non-Toxin,0.0
config_NDM5_247_2,0.135,0.0,-0.5,0.0,Non-Toxin,0.0
config_NDM5_248,0.16,0.0,-0.5,0.0,Non-Toxin,0.0
config_NDM5_248_2,0.135,0.0,-0.5,0.0,Non-Toxin,0.0
config_NDM5_249,0.195,0.0,-0.5,0.0,Non-Toxin,0.0
config_NDM5_260,0.17,0.0,-0.5,0.0,Non-Toxin,0.0
config_NDM5_260_2,0.095,0.0,-0.5,0.0,Non-Toxin,0.0
config_NDM5_261,0.195,0.0,-0.5,0.0,Non-Toxin,0.0
config_NDM5_262,0.155,0.0,-0.5,0.0,Non-Toxin,0.0
config_NDM5_262_2,0.145,0.0,-0.5,0.0,Non-Toxin,0.0
config_NDM5_263,0.165,0.0,-0.5,0.0,Non-Toxin,0.0
config_NDM5_263_2,0.145,0.0,-0.5,0.0,Non-Toxin,0.0
config_NDM5_264,0.055,0.0,-0.5,0.0,Non-Toxin,0.0
config_NDM5_264_2,0.14,0.0,-0.5,0.0,Non-Toxin,0.0
config_NDM5_265,0.18,0.0,-0.5,0.0,Non-Toxin,0.0
config_NDM5_266,0.1,0.0,-0.5,0.0,Non-Toxin,0.0
config_NDM5_266_2,0.255,0.0,0.0,0.255,Non-Toxin,0.177
config_NDM5_267,0.23,0.0,-0.5,0.0,Non-Toxin,0.0
config_NDM5_268,0.155,0.0,-0.5,0.0,Non-Toxin,0.0
config_NDM5_268_2,0.12,0.0,-0.5,0.0,Non-Toxin,0.0
config_NDM5_269,0.14,0.0,-0.5,0.0,Non-Toxin,0.0
config_NDM5_269_2,0.065,0.0,-0.5,0.0,Non-Toxin,0.0
config_NDM5_280,0.195,0.0,-0.5,0.0,Non-Toxin,0.0
config_NDM5_280_2,0.165,0.0,-0.5,0.0,Non-Toxin,0.0
config_NDM5_281,0.135,0.0,-0.5,0.0,Non-Toxin,0.0
config_NDM5_282,0.1,0.0,-0.5,0.0,Non-Toxin,0.0
config_NDM5_282_2,0.175,0.0,-0.5,0.0,Non-Toxin,0.0
config_NDM5_283,0.175,0.0,-0.5,0.0,Non-Toxin,0.0
config_NDM5_284,0.145,0.0,-0.5,0.0,Non-Toxin,0.0
config_NDM5_284_2,0.18,0.0,-0.5,0.0,Non-Toxin,0.0
config_NDM5_285,0.125,0.0,-0.5,0.0,Non-Toxin,0.0
config_NDM5_285_2,0.22,0.0,-0.5,0.0,Non-Toxin,0.0
config_NDM5_286,0.12,0.0,-0.5,0.0,Non-Toxin,0.0
config_NDM5_286_2,0.115,0.0,-0.5,0.0,Non-Toxin,0.0
config_NDM5_287,0.115,0.0,-0.5,0.0,Non-Toxin,0.0
config_NDM5_288,0.15,0.0,0.0,0.15,Non-Toxin,0.039
config_NDM5_288_2,0.165,0.0,-0.5,0.0,Non-Toxin,0.0
config_NDM5_289,0.165,0.0,-0.5,0.0,Non-Toxin,0.0
config_NDM5_300,0.25,0.0,-0.5,0.0,Non-Toxin,0.0
config_NDM5_300_2,0.3,0.0,0.0,0.3,Non-Toxin,0.235
config_NDM5_301,0.14,0.0,-0.5,0.0,Non-Toxin,0.0
config_NDM5_301_2,0.125,0.0,-0.5,0.0,Non-Toxin,0.0
config_NDM5_302,0.28,0.0,0.0,0.28,Non-Toxin,0.209
config_NDM5_302_2,0.31,0.0,0.0,0.31,Non-Toxin,0.249
config_NDM5_303,0.11,0.0,-0.5,0.0,Non-Toxin,0.0
config_NDM5_304,0.32,0.0,-0.5,0.0,Non-Toxin,0.0
config_NDM5_304_2,0.125,0.0,-0.5,0.0,Non-Toxin,0.0
config_NDM5_305,0.265,0.0,-0.5,0.0,Non-Toxin,0.0
config_NDM5_306,0.17,0.0,-0.5,0.0,Non-Toxin,0.0
config_NDM5_306_2,0.27,0.0,-0.5,0.0,Non-Toxin,0.0
config_NDM5_307,0.21,0.0,-0.5,0.0,Non-Toxin,0.0
config_NDM5_307_2,0.09,0.0,-0.5,0.0,Non-Toxin,0.0
config_NDM5_308,0.295,0.0,-0.5,0.0,Non-Toxin,0.0
config_NDM5_308_2,0.12,0.0,0.0,0.12,Non-Toxin,0.0
config_NDM5_309,0.205,0.0,-0.5,0.0,Non-Toxin,0.0
config_NDM5_320,0.145,0.0,-0.5,0.0,Non-Toxin,0.0
config_NDM5_320_2,0.17,0.0,-0.5,0.0,Non-Toxin,0.0
config_NDM5_321,0.19,0.0,0.0,0.19,Non-Toxin,0.092
config_NDM5_322,0.215,0.0,-0.5,0.0,Non-Toxin,0.0
config_NDM5_322_2,0.185,0.0,-0.5,0.0,Non-Toxin,0.0
config_NDM5_323,0.105,0.0,-0.5,0.0,Non-Toxin,0.0
config_NDM5_323_2,0.1,0.0,-0.5,0.0,Non-Toxin,0.0
config_NDM5_324,0.19,0.0,-0.5,0.0,Non-Toxin,0.0
config_NDM5_324_2,0.2,0.0,-0.5,0.0,Non-Toxin,0.0
config_NDM5_325,0.18,0.0,-0.5,0.0,Non-Toxin,0.0
config_NDM5_326,0.11,0.0,-0.5,0.0,Non-Toxin,0.0
config_NDM5_326_2,0.075,0.0,-0.5,0.0,Non-Toxin,0.0
config_NDM5_327,0.145,0.0,-0.5,0.0,Non-Toxin,0.0
config_NDM5_328,0.15,0.0,-0.5,0.0,Non-Toxin,0.0
config_NDM5_328_2,0.135,0.0,-0.5,0.0,Non-Toxin,0.0
config_NDM5_329,0.155,0.0,-0.5,0.0,Non-Toxin,0.0
config_NDM5_329_2,0.105,0.0,-0.5,0.0,Non-Toxin,0.0
config_NDM5_340,0.09,0.0,-0.5,0.0,Non-Toxin,0.0
config_NDM5_340_2,0.06,0.0,-0.5,0.0,Non-Toxin,0.0
config_NDM5_341,0.16,0.0,-0.5,0.0,Non-Toxin,0.0
config_NDM5_342,0.135,0.0,-0.5,0.0,Non-Toxin,0.0
config_NDM5_342_2,0.12,0.0,-0.5,0.0,Non-Toxin,0.0
config_NDM5_343,0.25,0.0,-0.5,0.0,Non-Toxin,0.0
config_NDM5_344,0.135,0.0,-0.5,0.0,Non-Toxin,0.0
config_NDM5_344_2,0.09,0.0,-0.5,0.0,Non-Toxin,0.0
config_NDM5_345,0.09,0.5,-0.5,0.09,Non-Toxin,0.0
config_NDM5_345_2,0.13,0.0,-0.5,0.0,Non-Toxin,0.0
config_NDM5_346,0.115,0.0,-0.5,0.0,Non-Toxin,0.0
config_NDM5_346_2,0.145,0.0,-0.5,0.0,Non-Toxin,0.0
config_NDM5_347,0.12,0.0,-0.5,0.0,Non-Toxin,0.0
config_NDM5_348,0.125,0.0,-0.5,0.0,Non-Toxin,0.0
config_NDM5_348_2,0.1,0.0,-0.5,0.0,Non-Toxin,0.0
config_NDM5_349,0.155,0.0,-0.5,0.0,Non-Toxin,0.0
config_NDM5_360,0.115,0.0,-0.5,0.0,Non-Toxin,0.0
config_NDM5_360_2,0.155,0.0,-0.5,0.0,Non-Toxin,0.0
config_NDM5_361,0.215,0.0,-0.5,0.0,Non-Toxin,0.0
config_NDM5_361_2,0.16,0.0,-0.5,0.0,Non-Toxin,0.0
config_NDM5_362,0.11,0.0,-0.5,0.0,Non-Toxin,0.0
config_NDM5_362_2,0.135,0.0,-0.5,0.0,Non-Toxin,0.0
config_NDM5_363,0.18,0.0,-0.5,0.0,Non-Toxin,0.0
config_NDM5_364,0.155,0.0,-0.5,0.0,Non-Toxin,0.0
config_NDM5_364_2,0.175,0.0,-0.5,0.0,Non-Toxin,0.0
config_NDM5_365,0.15,0.0,-0.5,0.0,Non-Toxin,0.0
config_NDM5_366,0.145,0.0,-0.5,0.0,Non-Toxin,0.0
config_NDM5_366_2,0.175,0.0,0.0,0.175,Non-Toxin,0.072
config_NDM5_367,0.165,0.0,-0.5,0.0,Non-Toxin,0.0
config_NDM5_367_2,0.175,0.0,-0.5,0.0,Non-Toxin,0.0
config_NDM5_368,0.13,0.0,-0.5,0.0,Non-Toxin,0.0
config_NDM5_368_2,0.195,0.0,-0.5,0.0,Non-Toxin,0.0
config_NDM5_369,0.15,0.0,-0.5,0.0,Non-Toxin,0.0
config_NDM5_380,0.145,0.0,-0.5,0.0,Non-Toxin,0.0
config_NDM5_380_2,0.215,0.0,-0.5,0.0,Non-Toxin,0.0
config_NDM5_381,0.155,0.0,-0.5,0.0,Non-Toxin,0.0
config_NDM5_382,0.225,0.0,-0.5,0.0,Non-Toxin,0.0
config_NDM5_382_2,0.14,0.0,-0.5,0.0,Non-Toxin,0.0
config_NDM5_383,0.115,0.0,-0.5,0.0,Non-Toxin,0.0
config_NDM5_383_2,0.06,0.0,-0.5,0.0,Non-Toxin,0.0
config_NDM5_384,0.265,0.0,-0.5,0.0,Non-Toxin,0.0
config_NDM5_384_2,0.09,0.0,-0.5,0.0,Non-Toxin,0.0
config_NDM5_385,0.1,0.0,-0.5,0.0,Non-Toxin,0.0
config_NDM5_386,0.235,0.0,-0.5,0.0,Non-Toxin,0.0
config_NDM5_386_2,0.165,0.0,-0.5,0.0,Non-Toxin,0.0
config_NDM5_387,0.175,0.0,-0.5,0.0,Non-Toxin,0.0
config_NDM5_388,0.155,0.0,-0.5,0.0,Non-Toxin,0.0
config_NDM5_388_2,0.205,0.0,0.0,0.205,Non-Toxin,0.111
config_NDM5_389,0.115,0.0,-0.5,0.0,Non-Toxin,0.0
config_NDM5_389_2,0.235,0.0,-0.5,0.0,Non-Toxin,0.0
config_NDM5_400,0.205,0.0,-0.5,0.0,Non-Toxin,0.0
config_NDM5_400_2,0.2,0.0,-0.5,0.0,Non-Toxin,0.0
config_NDM5_401,0.095,0.0,0.0,0.095,Non-Toxin,0.0
config_NDM5_402,0.165,0.0,-0.5,0.0,Non-Toxin,0.0
config_NDM5_402_2,0.17,0.0,-0.5,0.0,Non-Toxin,0.0
config_NDM5_403,0.105,0.0,-0.5,0.0,Non-Toxin,0.0
config_NDM5_404,0.295,0.0,-0.5,0.0,Non-Toxin,0.0
config_NDM5_404_2,0.24,0.0,-0.5,0.0,Non-Toxin,0.0
config_NDM5_405,0.17,0.0,-0.5,0.0,Non-Toxin,0.0
config_NDM5_405_2,0.11,0.0,-0.5,0.0,Non-Toxin,0.0
config_NDM5_406,0.135,0.0,-0.5,0.0,Non-Toxin,0.0
config_NDM5_406_2,0.23,0.0,-0.5,0.0,Non-Toxin,0.0
config_NDM5_407,0.145,0.0,-0.5,0.0,Non-Toxin,0.0
config_NDM5_408,0.19,0.0,-0.5,0.0,Non-Toxin,0.0
config_NDM5_408_2,0.12,0.0,-0.5,0.0,Non-Toxin,0.0
config_NDM5_409,0.105,0.0,-0.5,0.0,Non-Toxin,0.0
config_NDM5_420,0.345,0.0,-0.5,0.0,Non-Toxin,0.0
config_NDM5_420_2,0.33,0.0,-0.5,0.0,Non-Toxin,0.0
config_NDM5_421,0.34,0.0,0.0,0.34,Non-Toxin,0.288
config_NDM5_421_2,0.21,0.0,-0.5,0.0,Non-Toxin,0.0
config_NDM5_422,0.075,0.0,-0.5,0.0,Non-Toxin,0.0
config_NDM5_422_2,0.09,0.0,0.0,0.09,Non-Toxin,0.0
config_NDM5_423,0.12,0.0,-0.5,0.0,Non-Toxin,0.0
config_NDM5_424,0.365,0.0,0.0,0.365,Non-Toxin,0.32
config_NDM5_424_2,0.225,0.0,0.0,0.225,Non-Toxin,0.137
config_NDM5_425,0.465,0.0,0.0,0.465,Toxin,0.451
config_NDM5_426,0.38,0.0,0.0,0.38,Non-Toxin,0.34
config_NDM5_426_2,0.14,0.0,0.0,0.14,Non-Toxin,0.026
config_NDM5_427,0.315,0.0,-0.5,0.0,Non-Toxin,0.0
config_NDM5_427_2,0.3,0.0,-0.5,0.0,Non-Toxin,0.0
config_NDM5_428,0.28,0.0,-0.5,0.0,Non-Toxin,0.0
config_NDM5_428_2,0.19,0.0,0.0,0.19,Non-Toxin,0.092
config_NDM5_429,0.15,0.0,-0.5,0.0,Non-Toxin,0.0
config_NDM5_440,0.245,0.0,-0.5,0.0,Non-Toxin,0.0
config_NDM5_440_2,0.13,0.0,-0.5,0.0,Non-Toxin,0.0
config_NDM5_441,0.15,0.0,-0.5,0.0,Non-Toxin,0.0
config_NDM5_442,0.155,0.0,-0.5,0.0,Non-Toxin,0.0
config_NDM5_442_2,0.155,0.0,-0.5,0.0,Non-Toxin,0.0
config_NDM5_443,0.11,0.0,-0.5,0.0,Non-Toxin,0.0
config_NDM5_443_2,0.165,0.0,-0.5,0.0,Non-Toxin,0.0
config_NDM5_444,0.075,0.0,-0.5,0.0,Non-Toxin,0.0
config_NDM5_444_2,0.13,0.0,-0.5,0.0,Non-Toxin,0.0
config_NDM5_445,0.115,0.0,-0.5,0.0,Non-Toxin,0.0
config_NDM5_446,0.115,0.0,-0.5,0.0,Non-Toxin,0.0
config_NDM5_446_2,0.13,0.0,-0.5,0.0,Non-Toxin,0.0
config_NDM5_447,0.09,0.0,-0.5,0.0,Non-Toxin,0.0
config_NDM5_448,0.06,0.0,-0.5,0.0,Non-Toxin,0.0
config_NDM5_448_2,0.16,0.0,-0.5,0.0,Non-Toxin,0.0
config_NDM5_449,0.14,0.0,-0.5,0.0,Non-Toxin,0.0
config_NDM5_449_2,0.225,0.0,-0.5,0.0,Non-Toxin,0.0
config_NDM5_460,0.24,0.0,-0.5,0.0,Non-Toxin,0.0
config_NDM5_460_2,0.075,0.0,-0.5,0.0,Non-Toxin,0.0
config_NDM5_461,0.135,0.0,-0.5,0.0,Non-Toxin,0.0
config_NDM5_462,0.085,0.0,-0.5,0.0,Non-Toxin,0.0
config_NDM5_462_2,0.23,0.0,-0.5,0.0,Non-Toxin,0.0
config_NDM5_463,0.17,0.0,-0.5,0.0,Non-Toxin,0.0
config_NDM5_464,0.19,0.0,-0.5,0.0,Non-Toxin,0.0
config_NDM5_464_2,0.15,0.0,-0.5,0.0,Non-Toxin,0.0
config_NDM5_465,0.13,0.0,-0.5,0.0,Non-Toxin,0.0
config_NDM5_465_2,0.275,0.0,-0.5,0.0,Non-Toxin,0.0
config_NDM5_466,0.065,0.0,-0.5,0.0,Non-Toxin,0.0
config_NDM5_466_2,0.135,0.0,-0.5,0.0,Non-Toxin,0.0
config_NDM5_467,0.195,0.0,-0.5,0.0,Non-Toxin,0.0
config_NDM5_468,0.175,0.0,-0.5,0.0,Non-Toxin,0.0
config_NDM5_468_2,0.165,0.0,-0.5,0.0,Non-Toxin,0.0
config_NDM5_469,0.105,0.0,-0.5,0.0,Non-Toxin,0.0
config_NDM5_480,0.13,0.0,-0.5,0.0,Non-Toxin,0.0
config_NDM5_480_2,0.08,0.0,-0.5,0.0,Non-Toxin,0.0
config_NDM5_481,0.215,0.0,-0.5,0.0,Non-Toxin,0.0
config_NDM5_481_2,0.13,0.0,-0.5,0.0,Non-Toxin,0.0
config_NDM5_482,0.175,0.0,-0.5,0.0,Non-Toxin,0.0
config_NDM5_482_2,0.105,0.0,-0.5,0.0,Non-Toxin,0.0
config_NDM5_483,0.085,0.0,-0.5,0.0,Non-Toxin,0.0
config_NDM5_484,0.255,0.0,-0.5,0.0,Non-Toxin,0.0
config_NDM5_484_2,0.125,0.0,-0.5,0.0,Non-Toxin,0.0
config_NDM5_485,0.16,0.0,-0.5,0.0,Non-Toxin,0.0
config_NDM5_486,0.085,0.0,-0.5,0.0,Non-Toxin,0.0
config_NDM5_486_2,0.125,0.0,-0.5,0.0,Non-Toxin,0.0
config_NDM5_487,0.18,0.0,-0.5,0.0,Non-Toxin,0.0
config_NDM5_487_2,0.225,0.0,-0.5,0.0,Non-Toxin,0.0
config_NDM5_488,0.08,0.0,-0.5,0.0,Non-Toxin,0.0
config_NDM5_488_2,0.165,0.0,-0.5,0.0,Non-Toxin,0.0
config_NDM5_489,0.125,0.0,-0.5,0.0,Non-Toxin,0.0
config_NDM5_500,0.135,0.0,-0.5,0.0,Non-Toxin,0.0
config_NDM5_500_2,0.075,0.0,-0.5,0.0,Non-Toxin,0.0
config_NDM5_501,0.225,0.0,-0.5,0.0,Non-Toxin,0.0
config_NDM5_502,0.11,0.0,-0.5,0.0,Non-Toxin,0.0
config_NDM5_502_2,0.11,0.0,-0.5,0.0,Non-Toxin,0.0
config_NDM5_503,0.115,0.0,-0.5,0.0,Non-Toxin,0.0
config_NDM5_503_2,0.125,0.0,-0.5,0.0,Non-Toxin,0.0
config_NDM5_504,0.155,0.0,-0.5,0.0,Non-Toxin,0.0
config_NDM5_504_2,0.17,0.0,-0.5,0.0,Non-Toxin,0.0
config_NDM5_505,0.155,0.0,-0.5,0.0,Non-Toxin,0.0
config_NDM5_506,0.125,0.0,-0.5,0.0,Non-Toxin,0.0
config_NDM5_506_2,0.095,0.0,-0.5,0.0,Non-Toxin,0.0
config_NDM5_507,0.165,0.0,-0.5,0.0,Non-Toxin,0.0
config_NDM5_508,0.135,0.0,-0.5,0.0,Non-Toxin,0.0
config_NDM5_508_2,0.105,0.0,-0.5,0.0,Non-Toxin,0.0
config_NDM5_509,0.145,0.0,-0.5,0.0,Non-Toxin,0.0
config_NDM5_509_2,0.13,0.0,-0.5,0.0,Non-Toxin,0.0
config_NDM5_520,0.15,0.0,-0.5,0.0,Non-Toxin,0.0
config_NDM5_520_2,0.095,0.0,-0.5,0.0,Non-Toxin,0.0
config_NDM5_521,0.2,0.0,-0.5,0.0,Non-Toxin,0.0
config_NDM5_522,0.15,0.0,-0.5,0.0,Non-Toxin,0.0
config_NDM5_522_2,0.09,0.0,-0.5,0.0,Non-Toxin,0.0
config_NDM5_523,0.145,0.0,-0.5,0.0,Non-Toxin,0.0
config_NDM5_524,0.055,0.0,-0.5,0.0,Non-Toxin,0.0
config_NDM5_524_2,0.195,0.0,-0.5,0.0,Non-Toxin,0.0
config_NDM5_525,0.125,0.0,-0.5,0.0,Non-Toxin,0.0
config_NDM5_525_2,0.115,0.0,-0.5,0.0,Non-Toxin,0.0
config_NDM5_526,0.055,0.0,-0.5,0.0,Non-Toxin,0.0
config_NDM5_526_2,0.105,0.0,-0.5,0.0,Non-Toxin,0.0
config_NDM5_527,0.085,0.0,-0.5,0.0,Non-Toxin,0.0
config_NDM5_528,0.12,0.0,-0.5,0.0,Non-Toxin,0.0
config_NDM5_528_2,0.16,0.0,-0.5,0.0,Non-Toxin,0.0
config_NDM5_529,0.1,0.0,0.0,0.1,Non-Toxin,0.0
config_NDM5_540,0.075,0.0,-0.5,0.0,Non-Toxin,0.0
config_NDM5_540_2,0.08,0.0,-0.5,0.0,Non-Toxin,0.0
config_NDM5_541,0.105,0.0,-0.5,0.0,Non-Toxin,0.0
config_NDM5_541_2,0.135,0.0,-0.5,0.0,Non-Toxin,0.0
config_NDM5_542,0.165,0.0,-0.5,0.0,Non-Toxin,0.0
config_NDM5_542_2,0.105,0.0,-0.5,0.0,Non-Toxin,0.0
config_NDM5_543,0.11,0.0,-0.5,0.0,Non-Toxin,0.0
config_NDM5_544,0.105,0.0,-0.5,0.0,Non-Toxin,0.0
config_NDM5_544_2,0.125,0.0,-0.5,0.0,Non-Toxin,0.0
config_NDM5_545,0.125,0.0,-0.5,0.0,Non-Toxin,0.0
config_NDM5_546,0.175,0.0,0.0,0.175,Non-Toxin,0.072
config_NDM5_546_2,0.125,0.0,-0.5,0.0,Non-Toxin,0.0
config_NDM5_547,0.145,0.0,-0.5,0.0,Non-Toxin,0.0
config_NDM5_547_2,0.105,0.0,-0.5,0.0,Non-Toxin,0.0
config_NDM5_548,0.16,0.0,-0.5,0.0,Non-Toxin,0.0
config_NDM5_548_2,0.16,0.0,-0.5,0.0,Non-Toxin,0.0
config_NDM5_549,0.12,0.0,-0.5,0.0,Non-Toxin,0.0
config_NDM5_560,0.135,0.0,-0.5,0.0,Non-Toxin,0.0
config_NDM5_560_2,0.135,0.0,-0.5,0.0,Non-Toxin,0.0
config_NDM5_561,0.11,0.0,-0.5,0.0,Non-Toxin,0.0
config_NDM5_562,0.185,0.0,-0.5,0.0,Non-Toxin,0.0
config_NDM5_562_2,0.115,0.0,-0.5,0.0,Non-Toxin,0.0
config_NDM5_563,0.11,0.0,-0.5,0.0,Non-Toxin,0.0
config_NDM5_563_2,0.175,0.0,-0.5,0.0,Non-Toxin,0.0
config_NDM5_564,0.145,0.0,-0.5,0.0,Non-Toxin,0.0
config_NDM5_564_2,0.175,0.0,-0.5,0.0,Non-Toxin,0.0
config_NDM5_565,0.17,0.0,-0.5,0.0,Non-Toxin,0.0
config_NDM5_566,0.11,0.0,-0.5,0.0,Non-Toxin,0.0
config_NDM5_566_2,0.21,0.0,-0.5,0.0,Non-Toxin,0.0
config_NDM5_567,0.205,0.0,-0.5,0.0,Non-Toxin,0.0
config_NDM5_568,0.21,0.0,-0.5,0.0,Non-Toxin,0.0
config_NDM5_568_2,0.095,0.0,-0.5,0.0,Non-Toxin,0.0
config_NDM5_569,0.085,0.0,-0.5,0.0,Non-Toxin,0.0
config_NDM5_569_2,0.1,0.0,-0.5,0.0,Non-Toxin,0.0
config_NDM5_580,0.085,0.0,-0.5,0.0,Non-Toxin,0.0
config_NDM5_580_2,0.155,0.0,-0.5,0.0,Non-Toxin,0.0
config_NDM5_581,0.15,0.0,-0.5,0.0,Non-Toxin,0.0
config_NDM5_582,0.315,0.0,-0.5,0.0,Non-Toxin,0.0
config_NDM5_582_2,0.14,0.0,-0.5,0.0,Non-Toxin,0.0
config_NDM5_583,0.24,0.0,-0.5,0.0,Non-Toxin,0.0
config_NDM5_584,0.12,0.0,-0.5,0.0,Non-Toxin,0.0
config_NDM5_584_2,0.18,0.0,-0.5,0.0,Non-Toxin,0.0
config_NDM5_585,0.18,0.0,-0.5,0.0,Non-Toxin,0.0
config_NDM5_585_2,0.22,0.0,-0.5,0.0,Non-Toxin,0.0
config_NDM5_586,0.085,0.0,-0.5,0.0,Non-Toxin,0.0
config_NDM5_586_2,0.14,0.0,-0.5,0.0,Non-Toxin,0.0
config_NDM5_587,0.135,0.0,-0.5,0.0,Non-Toxin,0.0
config_NDM5_588,0.1,0.0,-0.5,0.0,Non-Toxin,0.0
config_NDM5_588_2,0.095,0.0,0.0,0.095,Non-Toxin,0.0
config_NDM5_589,0.31,0.0,-0.5,0.0,Non-Toxin,0.0
config_NDM5_600,0.15,0.0,-0.5,0.0,Non-Toxin,0.0
config_NDM5_600_2,0.065,0.0,-0.5,0.0,Non-Toxin,0.0
config_NDM5_601,0.225,0.0,-0.5,0.0,Non-Toxin,0.0
config_NDM5_601_2,0.12,0.0,-0.5,0.0,Non-Toxin,0.0
config_NDM5_602,0.115,0.0,-0.5,0.0,Non-Toxin,0.0
config_NDM5_602_2,0.13,0.0,-0.5,0.0,Non-Toxin,0.0
config_NDM5_603,0.195,0.0,-0.5,0.0,Non-Toxin,0.0
config_NDM5_604,0.25,0.0,-0.5,0.0,Non-Toxin,0.0
config_NDM5_604_2,0.195,0.0,-0.5,0.0,Non-Toxin,0.0
config_NDM5_605,0.215,0.0,-0.5,0.0,Non-Toxin,0.0
config_NDM5_606,0.16,0.0,-0.5,0.0,Non-Toxin,0.0
config_NDM5_606_2,0.235,0.0,-0.5,0.0,Non-Toxin,0.0
config_NDM5_607,0.14,0.0,-0.5,0.0,Non-Toxin,0.0
config_NDM5_607_2,0.315,0.0,-0.5,0.0,Non-Toxin,0.0
config_NDM5_608,0.26,0.0,0.0,0.26,Non-Toxin,0.183
config_NDM5_608_2,0.235,0.0,0.0,0.235,Non-Toxin,0.151
config_NDM5_609,0.15,0.0,-0.5,0.0,Non-Toxin,0.0
config_NDM5_620,0.18,0.0,-0.5,0.0,Non-Toxin,0.0
config_NDM5_620_2,0.11,0.0,-0.5,0.0,Non-Toxin,0.0
config_NDM5_621,0.13,0.0,-0.5,0.0,Non-Toxin,0.0
config_NDM5_622,0.125,0.0,-0.5,0.0,Non-Toxin,0.0
config_NDM5_622_2,0.105,0.0,-0.5,0.0,Non-Toxin,0.0
config_NDM5_623,0.19,0.0,-0.5,0.0,Non-Toxin,0.0
config_NDM5_623_2,0.35,0.0,0.0,0.35,Non-Toxin,0.301
config_NDM5_624,0.115,0.0,-0.5,0.0,Non-Toxin,0.0
config_NDM5_624_2,0.11,0.0,-0.5,0.0,Non-Toxin,0.0
config_NDM5_625,0.12,0.0,-0.5,0.0,Non-Toxin,0.0
config_NDM5_626,0.195,0.0,-0.5,0.0,Non-Toxin,0.0
config_NDM5_626_2,0.1,0.0,-0.5,0.0,Non-Toxin,0.0
config_NDM5_627,0.1,0.0,-0.5,0.0,Non-Toxin,0.0
config_NDM5_628,0.08,0.0,-0.5,0.0,Non-Toxin,0.0
config_NDM5_628_2,0.095,0.0,-0.5,0.0,Non-Toxin,0.0
config_NDM5_629,0.19,0.0,-0.5,0.0,Non-Toxin,0.0
config_NDM5_629_2,0.27,0.0,-0.5,0.0,Non-Toxin,0.0
config_NDM5_640,0.11,0.0,-0.5,0.0,Non-Toxin,0.0
config_NDM5_640_2,0.115,0.0,-0.5,0.0,Non-Toxin,0.0
config_NDM5_641,0.11,0.0,-0.5,0.0,Non-Toxin,0.0
config_NDM5_642,0.23,0.0,-0.5,0.0,Non-Toxin,0.0
config_NDM5_642_2,0.1,0.0,-0.5,0.0,Non-Toxin,0.0
config_NDM5_643,0.165,0.0,-0.5,0.0,Non-Toxin,0.0
config_NDM5_644,0.12,0.0,-0.5,0.0,Non-Toxin,0.0
config_NDM5_644_2,0.225,0.0,-0.5,0.0,Non-Toxin,0.0
config_NDM5_645,0.125,0.0,-0.5,0.0,Non-Toxin,0.0
config_NDM5_645_2,0.05,0.0,-0.5,0.0,Non-Toxin,0.0
config_NDM5_646,0.13,0.0,-0.5,0.0,Non-Toxin,0.0
config_NDM5_646_2,0.09,0.0,-0.5,0.0,Non-Toxin,0.0
config_NDM5_647,0.205,0.0,-0.5,0.0,Non-Toxin,0.0
config_NDM5_648,0.105,0.0,-0.5,0.0,Non-Toxin,0.0
config_NDM5_648_2,0.095,0.0,-0.5,0.0,Non-Toxin,0.0
config_NDM5_649,0.15,0.0,-0.5,0.0,Non-Toxin,0.0
config_NDM5_660,0.105,0.0,-0.5,0.0,Non-Toxin,0.0
config_NDM5_660_2,0.09,0.0,-0.5,0.0,Non-Toxin,0.0
config_NDM5_661,0.14,0.0,-0.5,0.0,Non-Toxin,0.0
config_NDM5_661_2,0.14,0.0,-0.5,0.0,Non-Toxin,0.0
config_NDM5_662,0.11,0.0,-0.5,0.0,Non-Toxin,0.0
config_NDM5_662_2,0.08,0.0,-0.5,0.0,Non-Toxin,0.0
config_NDM5_663,0.1,0.0,-0.5,0.0,Non-Toxin,0.0
config_NDM5_664,0.12,0.0,-0.5,0.0,Non-Toxin,0.0
config_NDM5_664_2,0.07,0.0,-0.5,0.0,Non-Toxin,0.0
config_NDM5_665,0.11,0.0,-0.5,0.0,Non-Toxin,0.0
config_NDM5_666,0.185,0.0,-0.5,0.0,Non-Toxin,0.0
config_NDM5_666_2,0.18,0.0,-0.5,0.0,Non-Toxin,0.0
config_NDM5_667,0.12,0.0,-0.5,0.0,Non-Toxin,0.0
config_NDM5_667_2,0.215,0.0,-0.5,0.0,Non-Toxin,0.0
config_NDM5_668,0.085,0.0,-0.5,0.0,Non-Toxin,0.0
config_NDM5_668_2,0.135,0.0,-0.5,0.0,Non-Toxin,0.0
config_NDM5_669,0.125,0.0,-0.5,0.0,Non-Toxin,0.0
config_NDM5_680,0.11,0.0,-0.5,0.0,Non-Toxin,0.0
config_NDM5_680_2,0.115,0.0,-0.5,0.0,Non-Toxin,0.0
config_NDM5_681,0.195,0.0,0.0,0.195,Non-Toxin,0.098
config_NDM5_682,0.19,0.0,-0.5,0.0,Non-Toxin,0.0
config_NDM5_682_2,0.14,0.0,-0.5,0.0,Non-Toxin,0.0
config_NDM5_683,0.115,0.0,-0.5,0.0,Non-Toxin,0.0
config_NDM5_683_2,0.09,0.0,-0.5,0.0,Non-Toxin,0.0
config_NDM5_684,0.08,0.0,-0.5,0.0,Non-Toxin,0.0
config_NDM5_684_2,0.105,0.0,-0.5,0.0,Non-Toxin,0.0
config_NDM5_685,0.13,0.0,-0.5,0.0,Non-Toxin,0.0
config_NDM5_686,0.085,0.0,0.0,0.085,Non-Toxin,0.0
config_NDM5_686_2,0.09,0.0,-0.5,0.0,Non-Toxin,0.0
config_NDM5_687,0.105,0.0,-0.5,0.0,Non-Toxin,0.0
config_NDM5_688,0.16,0.0,-0.5,0.0,Non-Toxin,0.0
config_NDM5_688_2,0.1,0.0,-0.5,0.0,Non-Toxin,0.0
config_NDM5_689,0.155,0.0,0.0,0.155,Non-Toxin,0.046
config_NDM5_689_2,0.09,0.0,-0.5,0.0,Non-Toxin,0.0
config_NDM5_700,0.215,0.0,-0.5,0.0,Non-Toxin,0.0
config_NDM5_700_2,0.16,0.0,-0.5,0.0,Non-Toxin,0.0
config_NDM5_701,0.165,0.0,-0.5,0.0,Non-Toxin,0.0
config_NDM5_702,0.24,0.0,-0.5,0.0,Non-Toxin,0.0
config_NDM5_702_2,0.23,0.0,-0.5,0.0,Non-Toxin,0.0
config_NDM5_703,0.15,0.0,-0.5,0.0,Non-Toxin,0.0
config_NDM5_704,0.215,0.0,-0.5,0.0,Non-Toxin,0.0
config_NDM5_704_2,0.16,0.0,-0.5,0.0,Non-Toxin,0.0
config_NDM5_705,0.085,0.0,-0.5,0.0,Non-Toxin,0.0
config_NDM5_705_2,0.105,0.0,-0.5,0.0,Non-Toxin,0.0
config_NDM5_706,0.2,0.0,-0.5,0.0,Non-Toxin,0.0
config_NDM5_706_2,0.13,0.0,-0.5,0.0,Non-Toxin,0.0
config_NDM5_707,0.115,0.0,-0.5,0.0,Non-Toxin,0.0
config_NDM5_708,0.18,0.0,-0.5,0.0,Non-Toxin,0.0
config_NDM5_708_2,0.09,0.0,-0.5,0.0,Non-Toxin,0.0
config_NDM5_709,0.155,0.0,-0.5,0.0,Non-Toxin,0.0
config_NDM5_720,0.21,0.0,-0.5,0.0,Non-Toxin,0.0
config_NDM5_720_2,0.19,0.0,-0.5,0.0,Non-Toxin,0.0
config_NDM5_721,0.18,0.0,-0.5,0.0,Non-Toxin,0.0
config_NDM5_721_2,0.16,0.0,-0.5,0.0,Non-Toxin,0.0
config_NDM5_722,0.14,0.0,-0.5,0.0,Non-Toxin,0.0
config_NDM5_722_2,0.21,0.0,-0.5,0.0,Non-Toxin,0.0
config_NDM5_723,0.16,0.0,-0.5,0.0,Non-Toxin,0.0
config_NDM5_724,0.125,0.0,-0.5,0.0,Non-Toxin,0.0
config_NDM5_724_2,0.145,0.0,-0.5,0.0,Non-Toxin,0.0
config_NDM5_725,0.09,0.0,-0.5,0.0,Non-Toxin,0.0
config_NDM5_726,0.13,0.0,0.0,0.13,Non-Toxin,0.013
config_NDM5_726_2,0.105,0.0,-0.5,0.0,Non-Toxin,0.0
config_NDM5_727,0.095,0.0,-0.5,0.0,Non-Toxin,0.0
config_NDM5_727_2,0.11,0.0,-0.5,0.0,Non-Toxin,0.0
config_NDM5_728,0.175,0.0,-0.5,0.0,Non-Toxin,0.0
config_NDM5_728_2,0.07,0.0,-0.5,0.0,Non-Toxin,0.0
config_NDM5_729,0.175,0.0,0.0,0.175,Non-Toxin,0.072
config_NDM5_740,0.33,0.0,-0.5,0.0,Non-Toxin,0.0
config_NDM5_740_2,0.17,0.0,-0.5,0.0,Non-Toxin,0.0
config_NDM5_741,0.225,0.0,-0.5,0.0,Non-Toxin,0.0
config_NDM5_742,0.18,0.0,-0.5,0.0,Non-Toxin,0.0
config_NDM5_742_2,0.215,0.0,-0.5,0.0,Non-Toxin,0.0
config_NDM5_743,0.38,0.0,-0.5,0.0,Non-Toxin,0.0
config_NDM5_743_2,0.195,0.0,-0.5,0.0,Non-Toxin,0.0
config_NDM5_744,0.18,0.0,-0.5,0.0,Non-Toxin,0.0
config_NDM5_744_2,0.2,0.0,-0.5,0.0,Non-Toxin,0.0
config_NDM5_745,0.205,0.0,-0.5,0.0,Non-Toxin,0.0
config_NDM5_746,0.235,0.0,-0.5,0.0,Non-Toxin,0.0
config_NDM5_746_2,0.175,0.0,-0.5,0.0,Non-Toxin,0.0
config_NDM5_747,0.15,0.0,-0.5,0.0,Non-Toxin,0.0
config_NDM5_748,0.185,0.0,-0.5,0.0,Non-Toxin,0.0
config_NDM5_748_2,0.195,0.0,-0.5,0.0,Non-Toxin,0.0
config_NDM5_749,0.255,0.0,-0.5,0.0,Non-Toxin,0.0
config_NDM5_749_2,0.245,0.0,0.0,0.245,Non-Toxin,0.164
config_NDM5_760,0.22,0.0,-0.5,0.0,Non-Toxin,0.0
config_NDM5_760_2,0.165,0.0,-0.5,0.0,Non-Toxin,0.0
config_NDM5_761,0.09,0.0,-0.5,0.0,Non-Toxin,0.0
config_NDM5_762,0.14,0.0,-0.5,0.0,Non-Toxin,0.0
config_NDM5_762_2,0.11,0.0,-0.5,0.0,Non-Toxin,0.0
config_NDM5_763,0.165,0.0,-0.5,0.0,Non-Toxin,0.0
config_NDM5_764,0.175,0.0,-0.5,0.0,Non-Toxin,0.0
config_NDM5_764_2,0.28,0.0,-0.5,0.0,Non-Toxin,0.0
config_NDM5_765,0.235,0.0,-0.5,0.0,Non-Toxin,0.0
config_NDM5_765_2,0.16,0.0,-0.5,0.0,Non-Toxin,0.0
config_NDM5_766,0.13,0.0,-0.5,0.0,Non-Toxin,0.0
config_NDM5_766_2,0.13,0.0,-0.5,0.0,Non-Toxin,0.0
config_NDM5_767,0.13,0.0,-0.5,0.0,Non-Toxin,0.0
config_NDM5_768,0.125,0.0,-0.5,0.0,Non-Toxin,0.0
config_NDM5_768_2,0.11,0.0,-0.5,0.0,Non-Toxin,0.0
config_NDM5_769,0.13,0.0,-0.5,0.0,Non-Toxin,0.0
config_NDM5_780,0.125,0.0,-0.5,0.0,Non-Toxin,0.0
config_NDM5_780_2,0.155,0.0,-0.5,0.0,Non-Toxin,0.0
config_NDM5_781,0.105,0.0,-0.5,0.0,Non-Toxin,0.0
config_NDM5_781_2,0.155,0.0,-0.5,0.0,Non-Toxin,0.0
config_NDM5_782,0.105,0.0,-0.5,0.0,Non-Toxin,0.0
config_NDM5_782_2,0.21,0.0,-0.5,0.0,Non-Toxin,0.0
config_NDM5_783,0.165,0.0,-0.5,0.0,Non-Toxin,0.0
config_NDM5_784,0.13,0.0,-0.5,0.0,Non-Toxin,0.0
config_NDM5_784_2,0.115,0.0,-0.5,0.0,Non-Toxin,0.0
config_NDM5_785,0.135,0.0,-0.5,0.0,Non-Toxin,0.0
config_NDM5_786,0.125,0.0,-0.5,0.0,Non-Toxin,0.0
config_NDM5_786_2,0.145,0.0,-0.5,0.0,Non-Toxin,0.0
config_NDM5_787,0.115,0.0,-0.5,0.0,Non-Toxin,0.0
config_NDM5_787_2,0.13,0.0,-0.5,0.0,Non-Toxin,0.0
config_NDM5_788,0.115,0.0,-0.5,0.0,Non-Toxin,0.0
config_NDM5_788_2,0.12,0.0,-0.5,0.0,Non-Toxin,0.0
config_NDM5_789,0.09,0.0,-0.5,0.0,Non-Toxin,0.0
config_NDM5_800,0.31,0.0,-0.5,0.0,Non-Toxin,0.0
config_NDM5_800_2,0.185,0.0,0.0,0.185,Non-Toxin,0.085
config_NDM5_801,0.08,0.0,-0.5,0.0,Non-Toxin,0.0
config_NDM5_802,0.12,0.0,0.0,0.12,Non-Toxin,0.0
config_NDM5_802_2,0.155,0.0,-0.5,0.0,Non-Toxin,0.0
config_NDM5_803,0.13,0.0,0.0,0.13,Non-Toxin,0.013
config_NDM5_803_2,0.2,0.0,0.0,0.2,Non-Toxin,0.105
config_NDM5_804,0.15,0.0,0.0,0.15,Non-Toxin,0.039
config_NDM5_804_2,0.355,0.0,-0.5,0.0,Non-Toxin,0.0
config_NDM5_805,0.115,0.0,-0.5,0.0,Non-Toxin,0.0
config_NDM5_806,0.12,0.0,0.0,0.12,Non-Toxin,0.0
config_NDM5_806_2,0.255,0.0,0.0,0.255,Non-Toxin,0.177
config_NDM5_807,0.105,0.0,-0.5,0.0,Non-Toxin,0.0
config_NDM5_808,0.085,0.0,-0.5,0.0,Non-Toxin,0.0
config_NDM5_808_2,0.185,0.0,-0.5,0.0,Non-Toxin,0.0
config_NDM5_809,0.285,0.0,0.0,0.285,Non-Toxin,0.216
config_NDM5_809_2,0.145,0.0,-0.5,0.0,Non-Toxin,0.0
config_NDM5_820,0.16,0.0,-0.5,0.0,Non-Toxin,0.0
config_NDM5_820_2,0.2,0.0,0.0,0.2,Non-Toxin,0.105
config_NDM5_821,0.225,0.0,-0.5,0.0,Non-Toxin,0.0
config_NDM5_822,0.26,0.0,-0.5,0.0,Non-Toxin,0.0
config_NDM5_822_2,0.13,0.0,-0.5,0.0,Non-Toxin,0.0
config_NDM5_823,0.245,0.0,-0.5,0.0,Non-Toxin,0.0
config_NDM5_824,0.2,0.0,-0.5,0.0,Non-Toxin,0.0
config_NDM5_824_2,0.145,0.0,-0.5,0.0,Non-Toxin,0.0
config_NDM5_825,0.285,0.0,-0.5,0.0,Non-Toxin,0.0
config_NDM5_825_2,0.235,0.0,-0.5,0.0,Non-Toxin,0.0
config_NDM5_826,0.355,0.0,-0.5,0.0,Non-Toxin,0.0
config_NDM5_826_2,0.225,0.0,0.0,0.225,Non-Toxin,0.137
config_NDM5_827,0.13,0.0,0.0,0.13,Non-Toxin,0.013
config_NDM5_828,0.36,0.0,0.0,0.36,Non-Toxin,0.314
config_NDM5_828_2,0.165,0.0,0.0,0.165,Non-Toxin,0.059
config_NDM5_829,0.195,0.0,0.0,0.195,Non-Toxin,0.098
config_NDM5_840,0.17,0.0,-0.5,0.0,Non-Toxin,0.0
config_NDM5_840_2,0.2,0.0,-0.5,0.0,Non-Toxin,0.0
config_NDM5_841,0.135,0.0,-0.5,0.0,Non-Toxin,0.0
config_NDM5_841_2,0.125,0.0,-0.5,0.0,Non-Toxin,0.0
config_NDM5_842,0.105,0.0,-0.5,0.0,Non-Toxin,0.0
config_NDM5_842_2,0.135,0.0,-0.5,0.0,Non-Toxin,0.0
config_NDM5_843,0.115,0.0,-0.5,0.0,Non-Toxin,0.0
config_NDM5_844,0.07,0.0,-0.5,0.0,Non-Toxin,0.0
config_NDM5_844_2,0.065,0.0,-0.5,0.0,Non-Toxin,0.0
config_NDM5_845,0.09,0.0,-0.5,0.0,Non-Toxin,0.0
config_NDM5_846,0.09,0.0,-0.5,0.0,Non-Toxin,0.0
config_NDM5_846_2,0.07,0.0,-0.5,0.0,Non-Toxin,0.0
config_NDM5_847,0.125,0.0,-0.5,0.0,Non-Toxin,0.0
config_NDM5_847_2,0.155,0.0,-0.5,0.0,Non-Toxin,0.0
config_NDM5_848,0.095,0.0,-0.5,0.0,Non-Toxin,0.0
config_NDM5_848_2,0.225,0.0,-0.5,0.0,Non-Toxin,0.0
config_NDM5_849,0.085,0.0,-0.5,0.0,Non-Toxin,0.0
config_NDM5_860,0.07,0.0,-0.5,0.0,Non-Toxin,0.0
config_NDM5_860_2,0.17,0.0,-0.5,0.0,Non-Toxin,0.0
config_NDM5_861,0.07,0.0,-0.5,0.0,Non-Toxin,0.0
config_NDM5_862,0.145,0.0,-0.5,0.0,Non-Toxin,0.0
config_NDM5_862_2,0.165,0.0,-0.5,0.0,Non-Toxin,0.0
config_NDM5_863,0.155,0.0,-0.5,0.0,Non-Toxin,0.0
config_NDM5_863_2,0.18,0.0,-0.5,0.0,Non-Toxin,0.0
config_NDM5_864,0.32,0.0,-0.5,0.0,Non-Toxin,0.0
config_NDM5_864_2,0.16,0.0,-0.5,0.0,Non-Toxin,0.0
config_NDM5_865,0.07,0.0,-0.5,0.0,Non-Toxin,0.0
config_NDM5_866,0.22,0.0,-0.5,0.0,Non-Toxin,0.0
config_NDM5_866_2,0.165,0.0,-0.5,0.0,Non-Toxin,0.0
config_NDM5_867,0.22,0.0,-0.5,0.0,Non-Toxin,0.0
config_NDM5_868,0.075,0.0,-0.5,0.0,Non-Toxin,0.0
config_NDM5_868_2,0.11,0.0,-0.5,0.0,Non-Toxin,0.0
config_NDM5_869,0.21,0.0,-0.5,0.0,Non-Toxin,0.0
config_NDM5_869_2,0.13,0.0,-0.5,0.0,Non-Toxin,0.0
config_NDM5_880,0.15,0.0,-0.5,0.0,Non-Toxin,0.0
config_NDM5_880_2,0.15,0.0,-0.5,0.0,Non-Toxin,0.0
config_NDM5_881,0.15,0.0,-0.5,0.0,Non-Toxin,0.0
config_NDM5_882,0.075,0.0,-0.5,0.0,Non-Toxin,0.0
config_NDM5_882_2,0.145,0.0,-0.5,0.0,Non-Toxin,0.0
config_NDM5_883,0.195,0.0,-0.5,0.0,Non-Toxin,0.0
config_NDM5_884,0.2,0.0,-0.5,0.0,Non-Toxin,0.0
config_NDM5_884_2,0.175,0.0,-0.5,0.0,Non-Toxin,0.0
config_NDM5_885,0.135,0.0,-0.5,0.0,Non-Toxin,0.0
config_NDM5_885_2,0.08,0.0,-0.5,0.0,Non-Toxin,0.0
config_NDM5_886,0.25,0.0,-0.5,0.0,Non-Toxin,0.0
config_NDM5_886_2,0.34,0.0,-0.5,0.0,Non-Toxin,0.0
config_NDM5_887,0.07,0.0,-0.5,0.0,Non-Toxin,0.0
config_NDM5_888,0.1,0.0,-0.5,0.0,Non-Toxin,0.0
config_NDM5_888_2,0.11,0.0,-0.5,0.0,Non-Toxin,0.0
config_NDM5_889,0.185,0.0,-0.5,0.0,Non-Toxin,0.0
config_NDM5_900,0.155,0.0,-0.5,0.0,Non-Toxin,0.0
config_NDM5_900_2,0.15,0.0,-0.5,0.0,Non-Toxin,0.0
config_NDM5_901,0.09,0.0,-0.5,0.0,Non-Toxin,0.0
config_NDM5_901_2,0.135,0.0,-0.5,0.0,Non-Toxin,0.0
config_NDM5_902,0.085,0.0,-0.5,0.0,Non-Toxin,0.0
config_NDM5_902_2,0.115,0.0,-0.5,0.0,Non-Toxin,0.0
config_NDM5_903,0.14,0.0,-0.5,0.0,Non-Toxin,0.0
config_NDM5_904,0.17,0.0,-0.5,0.0,Non-Toxin,0.0
config_NDM5_904_2,0.1,0.0,-0.5,0.0,Non-Toxin,0.0
config_NDM5_905,0.1,0.0,-0.5,0.0,Non-Toxin,0.0
config_NDM5_906,0.17,0.0,-0.5,0.0,Non-Toxin,0.0
config_NDM5_906_2,0.235,0.0,-0.5,0.0,Non-Toxin,0.0
config_NDM5_907,0.15,0.0,-0.5,0.0,Non-Toxin,0.0
config_NDM5_907_2,0.15,0.0,-0.5,0.0,Non-Toxin,0.0
config_NDM5_908,0.14,0.0,-0.5,0.0,Non-Toxin,0.0
config_NDM5_908_2,0.2,0.0,-0.5,0.0,Non-Toxin,0.0
config_NDM5_909,0.125,0.0,-0.5,0.0,Non-Toxin,0.0
config_NDM5_920,0.19,0.0,0.0,0.19,Non-Toxin,0.092
config_NDM5_920_2,0.09,0.0,-0.5,0.0,Non-Toxin,0.0
config_NDM5_921,0.165,0.0,-0.5,0.0,Non-Toxin,0.0
config_NDM5_922,0.13,0.0,-0.5,0.0,Non-Toxin,0.0
config_NDM5_922_2,0.28,0.0,-0.5,0.0,Non-Toxin,0.0
config_NDM5_923,0.13,0.0,-0.5,0.0,Non-Toxin,0.0
config_NDM5_923_2,0.115,0.0,-0.5,0.0,Non-Toxin,0.0
config_NDM5_924,0.27,0.0,-0.5,0.0,Non-Toxin,0.0
config_NDM5_924_2,0.245,0.0,-0.5,0.0,Non-Toxin,0.0
config_NDM5_925,0.085,0.0,-0.5,0.0,Non-Toxin,0.0
config_NDM5_926,0.155,0.0,-0.5,0.0,Non-Toxin,0.0
config_NDM5_926_2,0.285,0.0,-0.5,0.0,Non-Toxin,0.0
config_NDM5_927,0.385,0.0,-0.5,0.0,Non-Toxin,0.0
config_NDM5_928,0.135,0.0,-0.5,0.0,Non-Toxin,0.0
config_NDM5_928_2,0.215,0.0,-0.5,0.0,Non-Toxin,0.0
config_NDM5_929,0.1,0.0,-0.5,0.0,Non-Toxin,0.0
config_NDM5_929_2,0.24,0.0,-0.5,0.0,Non-Toxin,0.0
config_NDM5_940,0.29,0.0,-0.5,0.0,Non-Toxin,0.0
config_NDM5_940_2,0.32,0.0,-0.5,0.0,Non-Toxin,0.0
config_NDM5_941,0.22,0.0,-0.5,0.0,Non-Toxin,0.0
config_NDM5_942,0.09,0.0,-0.5,0.0,Non-Toxin,0.0
config_NDM5_942_2,0.235,0.0,-0.5,0.0,Non-Toxin,0.0
config_NDM5_943,0.105,0.0,-0.5,0.0,Non-Toxin,0.0
config_NDM5_944,0.165,0.0,-0.5,0.0,Non-Toxin,0.0
config_NDM5_944_2,0.13,0.0,-0.5,0.0,Non-Toxin,0.0
config_NDM5_945,0.185,0.0,0.0,0.185,Non-Toxin,0.085
config_NDM5_945_2,0.08,0.0,-0.5,0.0,Non-Toxin,0.0
config_NDM5_946,0.12,0.0,-0.5,0.0,Non-Toxin,0.0
config_NDM5_946_2,0.2,0.0,-0.5,0.0,Non-Toxin,0.0
config_NDM5_947,0.095,0.0,-0.5,0.0,Non-Toxin,0.0
config_NDM5_948,0.12,0.0,-0.5,0.0,Non-Toxin,0.0
config_NDM5_948_2,0.185,0.0,-0.5,0.0,Non-Toxin,0.0
config_NDM5_949,0.09,0.0,-0.5,0.0,Non-Toxin,0.0
config_NDM5_960,0.14,0.0,-0.5,0.0,Non-Toxin,0.0
config_NDM5_960_2,0.155,0.0,-0.5,0.0,Non-Toxin,0.0
config_NDM5_961,0.13,0.0,-0.5,0.0,Non-Toxin,0.0
config_NDM5_961_2,0.14,0.0,-0.5,0.0,Non-Toxin,0.0
config_NDM5_962,0.145,0.0,-0.5,0.0,Non-Toxin,0.0
config_NDM5_962_2,0.145,0.0,-0.5,0.0,Non-Toxin,0.0
config_NDM5_963,0.125,0.0,-0.5,0.0,Non-Toxin,0.0
config_NDM5_964,0.19,0.0,-0.5,0.0,Non-Toxin,0.0
config_NDM5_964_2,0.2,0.0,-0.5,0.0,Non-Toxin,0.0
config_NDM5_965,0.115,0.0,-0.5,0.0,Non-Toxin,0.0
config_NDM5_966,0.175,0.0,-0.5,0.0,Non-Toxin,0.0
config_NDM5_966_2,0.12,0.0,-0.5,0.0,Non-Toxin,0.0
config_NDM5_967,0.115,0.0,-0.5,0.0,Non-Toxin,0.0
config_NDM5_967_2,0.125,0.0,-0.5,0.0,Non-Toxin,0.0
config_NDM5_968,0.065,0.0,-0.5,0.0,Non-Toxin,0.0
config_NDM5_968_2,0.15,0.0,-0.5,0.0,Non-Toxin,0.0
config_NDM5_969,0.1,0.0,-0.5,0.0,Non-Toxin,0.0
config_NDM5_980,0.11,0.0,-0.5,0.0,Non-Toxin,0.0
config_NDM5_980_2,0.195,0.0,-0.5,0.0,Non-Toxin,0.0
config_NDM5_981,0.245,0.0,-0.5,0.0,Non-Toxin,0.0
config_NDM5_982,0.115,0.0,-0.5,0.0,Non-Toxin,0.0
config_NDM5_982_2,0.135,0.0,-0.5,0.0,Non-Toxin,0.0
config_NDM5_983,0.145,0.0,-0.5,0.0,Non-Toxin,0.0
config_NDM5_983_2,0.105,0.0,-0.5,0.0,Non-Toxin,0.0
config_NDM5_984,0.13,0.0,-0.5,0.0,Non-Toxin,0.0
config_NDM5_984_2,0.215,0.0,-0.5,0.0,Non-Toxin,0.0
config_NDM5_985,0.23,0.0,-0.5,0.0,Non-Toxin,0.0
config_NDM5_986,0.16,0.0,-0.5,0.0,Non-Toxin,0.0
config_NDM5_986_2,0.165,0.0,-0.5,0.0,Non-Toxin,0.0
config_NDM5_987,0.14,0.0,0.0,0.14,Non-Toxin,0.026
config_NDM5_988,0.15,0.0,-0.5,0.0,Non-Toxin,0.0
config_NDM5_988_2,0.16,0.0,-0.5,0.0,Non-Toxin,0.0
config_NDM5_989,0.065,0.0,-0.5,0.0,Non-Toxin,0.0
config_NDM5_989_2,0.08,0.0,-0.5,0.0,Non-Toxin,0.0
