design_id,length,net_charge_pH7.4,gravy,hydrophobic_moment,aggregation_proxy,cys_count,delivery_proxy,n_liabilities,liabilities
NDM5_000,39,-1.03,0.023,0.296,1.2,0,0.247,1,motif_DS
NDM5_001,39,-3.1,-0.005,0.471,1.7,1,0.392,2,odd_Cys(free_thiol);motif_DP
NDM5_002,39,-2.17,-0.028,0.453,1.557,2,0.378,1,motif_DS
NDM5_003,39,-1.02,0.579,0.554,1.629,0,0.462,0,
NDM5_004,39,-1.99,0.005,0.297,1.5,0,0.248,2,motif_DG;motif_DP
NDM5_005,39,-5.02,0.449,0.304,1.614,0,0.253,2,N-term_Q/E(pyroglutamate);motif_DG
NDM5_006,39,2.97,-0.356,0.678,1.3,0,0.748,0,
NDM5_007,39,-4.02,0.079,0.48,2.514,0,0.4,1,motif_DG
NDM5_008,39,-2.25,0.351,0.359,1.729,2,0.299,1,motif_DG
NDM5_009,39,-4.36,-0.421,0.374,0.514,3,0.312,2,odd_Cys(free_thiol);3_Cys
NDM5_010,43,-1.14,0.651,0.341,1.671,1,0.284,3,odd_Cys(free_thiol);motif_DG;homopolymer_run>=4
NDM5_011,43,-4.02,0.447,0.812,1.957,0,0.5,1,motif_DG
NDM5_012,43,1.98,0.193,0.547,1.957,0,0.621,1,motif_NG
NDM5_013,43,-1.77,0.047,0.481,1.243,7,0.401,3,odd_Cys(free_thiol);7_Cys;N-term_Q/E(pyroglutamate)
NDM5_014,43,-4.32,0.144,0.561,1.157,3,0.467,5,odd_Cys(free_thiol);3_Cys;motif_NG;motif_DG;motif_NS
NDM5_015,43,-1.03,-0.002,0.362,1.343,0,0.302,1,motif_DG
NDM5_016,43,-5.02,0.235,0.278,1.471,0,0.232,1,motif_DG
NDM5_017,43,-0.81,0.2,0.401,1.029,7,0.334,2,odd_Cys(free_thiol);7_Cys
NDM5_018,43,2.01,-0.009,0.67,1.886,0,0.667,2,N-term_Met(ox);oxidation_prone(M/W)
NDM5_019,43,0.86,0.705,0.44,1.9,1,0.439,2,odd_Cys(free_thiol);homopolymer_run>=4
NDM5_020,19,-2.02,0.063,0.256,0.771,0,0.213,1,homopolymer_run>=4
NDM5_021,19,-3.02,-1.232,0.424,0.257,0,0.353,1,motif_NS
NDM5_022,19,-0.02,0.158,0.329,1.171,0,0.274,2,motif_NG;motif_DS
NDM5_023,19,-0.02,-0.5,0.484,0.757,0,0.404,1,motif_DG
NDM5_024,19,-0.03,-0.711,0.48,0.1,0,0.4,1,motif_DG
NDM5_025,19,-0.99,-0.258,0.163,1.571,0,0.136,1,motif_DP
NDM5_026,19,-2.02,-0.232,0.531,1.071,0,0.442,2,N-term_Q/E(pyroglutamate);motif_DG
NDM5_027,19,-1.1,0.789,0.227,1.4,1,0.189,2,odd_Cys(free_thiol);motif_DG
NDM5_028,19,-2.02,-0.526,0.294,1.0,0,0.245,1,motif_DG
NDM5_029,19,0.86,1.0,0.438,1.6,1,0.437,1,odd_Cys(free_thiol)
NDM5_030,20,-1.95,-0.03,0.314,0.771,0,0.262,1,motif_DG
NDM5_031,20,-1.99,0.12,0.307,1.0,0,0.256,0,
NDM5_032,20,3.97,-0.265,0.605,0.429,0,0.831,0,
NDM5_033,20,1.98,-0.44,0.326,0.871,0,0.437,1,N-term_Q/E(pyroglutamate)
NDM5_034,20,-2.02,0.035,0.623,0.614,0,0.5,1,N-term_Met(ox)
NDM5_035,20,-1.02,-0.095,0.274,0.786,0,0.228,0,
NDM5_036,20,-1.99,-0.295,0.41,0.4,0,0.342,1,motif_DS
NDM5_037,20,1.86,-0.78,0.549,1.6,1,0.613,1,odd_Cys(free_thiol)
NDM5_038,20,-1.02,-0.46,0.161,-0.086,0,0.134,1,homopolymer_run>=4
NDM5_039,20,-3.25,-0.805,0.225,0.9,2,0.187,2,motif_NG;motif_DP
NDM5_040,21,-1.02,0.281,0.628,2.414,0,0.5,1,N-term_Q/E(pyroglutamate)
NDM5_041,21,-1.02,-0.743,0.464,0.114,0,0.386,1,motif_DG
NDM5_042,21,0.86,0.319,0.322,2.843,1,0.34,1,odd_Cys(free_thiol)
NDM5_043,21,-1.02,-0.281,0.594,0.243,0,0.495,1,motif_NG
NDM5_044,21,-1.14,-0.052,0.484,1.314,1,0.403,1,odd_Cys(free_thiol)
NDM5_045,21,-0.99,-1.438,0.485,-0.014,0,0.404,1,motif_DS
NDM5_046,21,1.01,0.162,0.332,0.657,0,0.361,0,
NDM5_047,21,-1.03,-0.181,0.266,1.371,0,0.222,0,
NDM5_048,21,-1.1,-0.12,0.363,0.557,1,0.302,1,odd_Cys(free_thiol)
NDM5_049,21,-2.14,-0.376,0.193,0.686,1,0.161,2,odd_Cys(free_thiol);motif_NG
NDM5_050,12,-1.99,0.417,0.156,1.029,0,0.13,0,
NDM5_051,12,-0.03,0.617,0.102,0.829,0,0.085,0,
NDM5_052,12,1.01,-0.475,0.447,0.1,0,0.457,1,motif_NG
NDM5_053,12,-0.99,0.258,0.287,0.657,0,0.239,0,
NDM5_054,12,-0.02,0.1,0.141,0.129,0,0.118,0,
NDM5_055,12,-0.02,0.783,0.231,1.057,0,0.193,0,
NDM5_056,12,-1.02,0.125,0.232,0.386,0,0.193,0,
NDM5_057,12,-2.02,-0.642,0.13,0.786,0,0.109,0,
NDM5_058,12,-0.14,1.958,0.205,2.529,1,0.171,1,odd_Cys(free_thiol)
NDM5_059,12,-0.02,-0.867,0.137,-0.486,0,0.114,0,
NDM5_060,24,0.97,0.188,0.548,1.3,0,0.537,1,motif_DG
NDM5_061,24,3.01,0.392,0.73,1.9,0,0.751,0,
NDM5_062,24,-0.25,0.117,0.289,1.371,2,0.241,1,motif_NG
NDM5_063,24,-5.02,-1.458,0.425,-0.614,0,0.354,3,motif_DG;motif_DS;oxidation_prone(M/W)
NDM5_064,24,-4.02,-0.633,0.272,0.186,0,0.227,0,
NDM5_065,24,-5.02,-0.517,0.557,0.771,0,0.464,0,
NDM5_066,24,-4.1,0.217,0.214,1.471,1,0.178,1,odd_Cys(free_thiol)
NDM5_067,24,-1.25,-0.283,0.302,1.471,2,0.252,1,motif_DG
NDM5_068,24,-3.02,-0.638,0.34,0.186,0,0.283,0,
NDM5_069,24,-3.02,-0.842,0.226,0.343,0,0.189,3,motif_DG;motif_DP;homopolymer_run>=4
NDM5_070,42,2.64,0.886,0.518,2.114,3,0.651,2,odd_Cys(free_thiol);3_Cys
NDM5_071,42,-0.02,0.976,0.062,1.8,0,0.052,1,homopolymer_run>=4
NDM5_072,42,3.97,-0.348,0.685,1.686,0,0.831,0,
NDM5_073,42,3.01,0.11,0.687,2.129,0,0.751,0,
NDM5_074,42,-3.95,-0.148,0.541,1.271,0,0.451,1,motif_NG
NDM5_075,42,-3.02,0.402,0.575,1.714,0,0.479,1,N-term_Met(ox)
NDM5_076,42,-2.33,-0.707,0.323,0.786,3,0.269,4,odd_Cys(free_thiol);3_Cys;motif_NG;motif_DG
NDM5_077,42,-1.02,0.693,0.425,2.3,0,0.354,1,motif_DS
NDM5_078,42,1.97,-0.295,0.677,1.614,0,0.664,1,motif_NG
NDM5_079,42,-3.1,0.214,0.592,3.086,1,0.493,1,odd_Cys(free_thiol)
NDM5_080,37,-1.02,0.957,0.479,3.4,0,0.399,2,N-term_Q/E(pyroglutamate);oxidation_prone(M/W)
NDM5_081,37,-0.95,0.008,0.413,1.786,0,0.344,0,
NDM5_082,37,0.75,-0.354,0.352,0.486,2,0.356,1,motif_NG
NDM5_083,37,-1.25,-0.592,0.294,0.957,2,0.245,1,motif_DP
NDM5_084,37,-1.02,0.7,0.277,2.2,0,0.23,1,motif_NS
NDM5_085,37,-1.1,0.189,0.276,1.543,1,0.23,3,odd_Cys(free_thiol);motif_DG;oxidation_prone(M/W)
NDM5_086,37,-3.02,-0.024,0.412,1.329,1,0.343,3,odd_Cys(free_thiol);motif_NG;motif_DG
NDM5_087,37,-2.02,-0.084,0.449,1.186,0,0.374,0,
NDM5_088,37,-8.47,-0.208,0.455,0.757,4,0.379,2,4_Cys;motif_DG
NDM5_089,37,-0.21,-0.486,0.377,0.643,2,0.314,2,homopolymer_run>=4;oxidation_prone(M/W)
NDM5_090,13,-2.02,-0.831,0.3,-0.529,0,0.25,1,motif_NG
NDM5_091,13,-1.02,0.354,0.336,0.871,0,0.28,0,
NDM5_092,13,-1.02,-0.177,0.158,0.457,0,0.131,0,
NDM5_093,13,0.98,0.485,0.288,1.2,0,0.322,1,homopolymer_run>=4
NDM5_094,13,0.01,-0.569,0.222,-0.0,0,0.186,0,
NDM5_095,13,-0.03,0.438,0.176,1.414,0,0.146,0,
NDM5_096,13,-0.02,0.3,0.126,0.5,0,0.105,0,
NDM5_097,13,-1.02,-0.346,0.168,0.114,0,0.14,0,
NDM5_098,13,-1.03,0.438,0.341,0.571,0,0.284,2,motif_NG;motif_DG
NDM5_099,13,-0.03,1.177,0.156,1.914,0,0.13,0,
NDM5_100,18,0.98,0.167,0.551,0.886,0,0.54,0,
NDM5_101,18,-4.02,-0.667,0.144,0.686,0,0.12,0,
NDM5_102,18,-2.99,0.233,0.247,1.529,0,0.206,0,
NDM5_103,18,-1.02,0.522,0.2,1.314,0,0.167,0,
NDM5_104,18,-0.14,0.783,0.45,1.586,1,0.375,1,odd_Cys(free_thiol)
NDM5_105,18,2.97,-1.2,0.467,-0.143,0,0.637,1,motif_NS
NDM5_106,18,-1.06,0.222,0.213,0.971,1,0.178,1,odd_Cys(free_thiol)
NDM5_107,18,-0.02,-0.4,0.278,-0.043,0,0.232,2,motif_NG;motif_NS
NDM5_108,18,-3.02,0.617,0.304,1.714,0,0.253,1,motif_DG
NDM5_109,18,-2.02,-0.022,0.195,0.257,0,0.162,0,
NDM5_110,36,0.97,0.206,0.511,1.443,0,0.507,0,
NDM5_111,36,-1.99,0.125,0.378,1.729,0,0.315,0,
NDM5_112,36,-0.99,0.111,0.471,1.686,0,0.392,0,
NDM5_113,36,-4.02,-0.119,0.406,0.971,0,0.338,2,motif_NG;motif_DG
NDM5_114,36,-4.43,0.377,0.407,1.286,4,0.339,2,4_Cys;motif_DG
NDM5_115,36,-2.1,-0.033,0.448,1.414,1,0.373,1,odd_Cys(free_thiol)
NDM5_116,36,-0.14,0.253,0.711,2.186,1,0.5,2,odd_Cys(free_thiol);motif_DG
NDM5_117,36,-0.25,0.608,0.441,2.4,2,0.367,1,N-term_Q/E(pyroglutamate)
NDM5_118,36,-2.98,-0.367,0.295,0.429,0,0.246,3,motif_NG;motif_DG;motif_DP
NDM5_119,36,0.82,-0.611,0.592,1.657,2,0.562,1,motif_DG
NDM5_120,15,-0.02,0.993,0.242,1.329,0,0.201,0,
NDM5_121,15,-2.14,0.133,0.236,0.171,1,0.197,1,odd_Cys(free_thiol)
NDM5_122,15,1.97,-0.427,0.321,0.314,0,0.432,1,motif_NG
NDM5_123,15,-1.06,-0.993,0.223,-0.214,1,0.186,2,odd_Cys(free_thiol);homopolymer_run>=4
NDM5_124,15,-3.03,-0.507,0.111,-0.029,0,0.092,1,motif_DG
NDM5_125,15,-1.1,0.873,0.404,1.071,1,0.337,1,odd_Cys(free_thiol)
NDM5_126,15,-0.03,1.093,0.161,1.871,0,0.134,0,
NDM5_127,15,-0.14,-0.153,0.201,0.657,1,0.167,2,odd_Cys(free_thiol);motif_NG
NDM5_128,15,0.97,0.6,0.547,1.471,0,0.537,0,
NDM5_129,15,0.01,-0.847,0.298,0.1,0,0.25,2,N-term_Q/E(pyroglutamate);motif_DG
NDM5_130,39,-3.36,-0.169,0.332,1.243,3,0.277,4,odd_Cys(free_thiol);3_Cys;motif_DG;motif_NS
NDM5_131,39,0.97,0.351,0.3,1.614,0,0.331,1,motif_NS
NDM5_132,39,2.01,-0.241,0.463,2.014,0,0.554,0,
NDM5_133,39,-8.25,-0.405,0.317,0.871,2,0.264,2,motif_DG;motif_DS
NDM5_134,39,-2.54,0.377,0.489,1.714,5,0.407,3,odd_Cys(free_thiol);5_Cys;motif_NG
NDM5_135,39,-5.36,0.049,0.302,1.486,3,0.251,3,odd_Cys(free_thiol);3_Cys;motif_DG
NDM5_136,39,0.05,-1.187,0.495,1.186,0,0.417,0,
NDM5_137,39,-2.03,0.185,0.708,1.543,0,0.5,0,
NDM5_138,39,-2.14,0.195,0.466,1.629,1,0.388,2,odd_Cys(free_thiol);motif_DG
NDM5_139,39,-0.58,0.554,0.439,1.757,5,0.366,3,odd_Cys(free_thiol);5_Cys;motif_DG
NDM5_140,40,-0.02,-0.05,0.601,1.9,0,0.5,3,N-term_Met(ox);motif_NG;motif_DG
NDM5_141,40,-0.36,-0.37,0.48,0.9,3,0.4,3,odd_Cys(free_thiol);3_Cys;motif_NG
NDM5_142,40,-2.14,-0.122,0.481,1.671,1,0.401,2,odd_Cys(free_thiol);motif_DS
NDM5_143,40,-2.02,-0.593,0.429,1.271,1,0.358,2,odd_Cys(free_thiol);N-term_Q/E(pyroglutamate)
NDM5_144,40,-1.32,-0.202,0.325,1.329,3,0.271,2,odd_Cys(free_thiol);3_Cys
NDM5_145,40,-2.02,0.807,0.385,3.957,1,0.321,3,odd_Cys(free_thiol);motif_DS;homopolymer_run>=4
NDM5_146,40,-0.95,-0.693,0.499,0.971,0,0.415,3,N-term_Q/E(pyroglutamate);motif_NG;homopolymer_run>=4
NDM5_147,40,-2.02,0.0,0.623,2.229,0,0.5,0,
NDM5_148,40,-3.21,-0.307,0.39,0.786,2,0.325,1,motif_DG
NDM5_149,40,-0.99,-0.035,0.413,1.757,0,0.344,1,motif_DP
NDM5_150,40,-1.99,0.547,0.361,2.071,0,0.301,0,
NDM5_151,40,0.71,0.408,0.559,2.114,3,0.525,3,odd_Cys(free_thiol);3_Cys;homopolymer_run>=4
NDM5_152,40,-1.06,0.057,0.289,2.543,1,0.241,3,odd_Cys(free_thiol);motif_NG;motif_NS
NDM5_153,40,-2.25,0.4,0.406,1.8,2,0.339,1,motif_DS
NDM5_154,40,1.53,0.255,0.548,1.914,4,0.584,3,4_Cys;motif_DG;oxidation_prone(M/W)
NDM5_155,40,-1.21,0.39,0.528,1.757,2,0.44,0,
NDM5_156,40,-0.1,0.257,0.354,2.2,1,0.295,2,odd_Cys(free_thiol);motif_NG
NDM5_157,40,-6.02,-0.608,0.526,0.771,0,0.439,3,motif_NG;motif_DS;motif_NS
NDM5_158,40,-4.62,-0.085,0.357,0.971,6,0.297,3,6_Cys;motif_DG;motif_DS
NDM5_159,40,-4.02,-0.347,0.449,0.986,0,0.374,0,
NDM5_160,28,-3.03,-0.696,0.608,0.714,0,0.5,4,N-term_Q/E(pyroglutamate);motif_NG;motif_DG;motif_DS
NDM5_161,28,2.05,-0.95,0.271,1.186,0,0.396,1,motif_DP
NDM5_162,28,-0.36,0.096,0.302,1.6,3,0.252,3,odd_Cys(free_thiol);3_Cys;N-term_Met(ox)
NDM5_163,28,-0.99,0.55,0.272,2.086,0,0.227,2,motif_DP;homopolymer_run>=4
NDM5_164,28,0.86,0.693,0.146,1.8,1,0.193,2,odd_Cys(free_thiol);homopolymer_run>=4
NDM5_165,28,-1.02,0.914,0.409,2.714,0,0.341,2,motif_DP;oxidation_prone(M/W)
NDM5_166,28,-0.02,0.936,0.589,2.414,0,0.491,1,homopolymer_run>=4
NDM5_167,28,-1.06,-0.539,0.471,1.486,1,0.393,1,odd_Cys(free_thiol)
NDM5_168,28,-1.03,-0.139,0.646,0.729,0,0.5,1,motif_NS
NDM5_169,28,-2.32,0.425,0.362,1.614,3,0.302,3,odd_Cys(free_thiol);3_Cys;motif_DG
NDM5_170,42,-1.21,0.129,0.639,1.671,2,0.5,0,
NDM5_171,42,-6.13,-0.407,0.361,1.9,1,0.301,3,odd_Cys(free_thiol);motif_DG;motif_DS
NDM5_172,42,2.9,0.114,0.507,1.143,1,0.664,3,odd_Cys(free_thiol);motif_DG;oxidation_prone(M/W)
NDM5_173,42,2.98,-0.114,0.754,0.971,0,0.748,0,
NDM5_174,42,-0.99,-0.586,0.405,1.229,0,0.338,3,N-term_Q/E(pyroglutamate);motif_NG;motif_DG
NDM5_175,42,-3.21,0.164,0.476,0.843,2,0.396,1,motif_NS
NDM5_176,42,-6.03,-0.883,0.474,0.714,0,0.395,1,motif_DG
NDM5_177,42,0.97,0.5,0.754,2.743,0,0.581,0,
NDM5_178,42,-7.02,-0.462,0.388,1.057,0,0.323,1,motif_DG
NDM5_179,42,-2.1,-1.214,0.537,0.457,1,0.447,2,odd_Cys(free_thiol);motif_DP
NDM5_180,45,0.19,0.009,0.294,1.357,7,0.261,3,odd_Cys(free_thiol);7_Cys;motif_NG
NDM5_181,45,0.01,-0.007,0.508,2.329,0,0.424,1,motif_DP
NDM5_182,45,-3.55,-0.431,0.432,0.614,5,0.36,3,odd_Cys(free_thiol);5_Cys;motif_NG
NDM5_183,45,-4.98,0.644,0.384,2.143,0,0.32,1,motif_DP
NDM5_184,45,-2.7,0.451,0.394,1.671,6,0.328,2,6_Cys;motif_NS
NDM5_185,45,-0.1,0.08,0.415,2.157,1,0.346,1,odd_Cys(free_thiol)
NDM5_186,45,-2.54,0.691,0.285,1.871,5,0.238,3,odd_Cys(free_thiol);5_Cys;motif_DG
NDM5_187,45,0.97,0.216,0.444,2.143,0,0.451,3,motif_NG;motif_DP;homopolymer_run>=4
NDM5_188,45,-0.14,0.182,0.555,1.514,1,0.463,2,odd_Cys(free_thiol);motif_NG
NDM5_189,45,-0.59,-0.567,0.324,1.157,5,0.27,2,odd_Cys(free_thiol);5_Cys
NDM5_190,23,-1.03,-0.426,0.484,0.357,0,0.404,0,
NDM5_191,23,-2.03,0.083,0.304,1.314,0,0.253,0,
NDM5_192,23,-0.02,-0.235,0.458,0.914,0,0.382,0,
NDM5_193,23,-2.03,0.352,0.251,1.686,0,0.209,1,motif_DG
NDM5_194,23,0.9,0.352,0.387,1.886,1,0.397,1,odd_Cys(free_thiol)
NDM5_195,23,0.97,0.539,0.449,1.357,0,0.456,1,homopolymer_run>=4
NDM5_196,23,-2.14,-0.004,0.222,0.914,1,0.185,2,odd_Cys(free_thiol);motif_DS
NDM5_197,23,-2.99,-0.809,0.378,-0.0,0,0.315,1,motif_DG
NDM5_198,23,-3.02,0.157,0.17,1.686,0,0.142,1,motif_NG
NDM5_199,23,-1.03,0.809,0.322,2.843,0,0.268,0,
NDM5_200,33,-0.02,0.009,0.386,1.557,0,0.321,1,N-term_Q/E(pyroglutamate)
NDM5_201,33,-1.03,-0.442,0.305,1.357,0,0.254,1,motif_DS
NDM5_202,33,1.05,0.009,0.724,1.414,0,0.588,1,N-term_Met(ox)
NDM5_203,33,1.97,-0.339,0.728,1.214,0,0.665,1,motif_DG
NDM5_204,33,-2.36,0.5,0.613,2.029,3,0.5,2,odd_Cys(free_thiol);3_Cys
NDM5_205,33,2.01,0.164,0.588,1.457,0,0.658,1,oxidation_prone(M/W)
NDM5_206,33,-2.25,0.312,0.341,1.214,2,0.284,1,N-term_Met(ox)
NDM5_207,33,1.75,-0.503,0.635,0.514,2,0.646,1,motif_DS
NDM5_208,33,-1.14,0.494,0.534,2.086,1,0.445,2,odd_Cys(free_thiol);motif_DP
NDM5_209,33,0.98,1.406,0.338,1.814,0,0.363,1,homopolymer_run>=4
NDM5_210,12,-1.02,-0.408,0.269,0.257,0,0.224,0,
NDM5_211,12,-0.02,0.242,0.193,0.657,0,0.161,0,
NDM5_212,12,-0.02,-0.025,0.153,1.043,0,0.127,0,
NDM5_213,12,-1.02,0.508,0.06,1.414,0,0.05,0,
NDM5_214,12,1.01,-0.133,0.213,0.029,0,0.262,0,
NDM5_215,12,0.97,0.692,0.301,1.457,0,0.332,0,
NDM5_216,12,0.97,-0.567,0.212,-0.329,0,0.258,0,
NDM5_217,12,-0.02,0.55,0.164,1.129,0,0.137,0,
NDM5_218,12,-3.14,-0.542,0.148,0.271,1,0.123,1,odd_Cys(free_thiol)
NDM5_219,12,0.01,1.308,0.216,2.157,0,0.182,0,
NDM5_220,38,-2.99,-0.597,0.462,0.729,0,0.385,2,motif_NG;motif_NS
NDM5_221,38,-1.03,-0.268,0.275,0.786,0,0.229,1,motif_DG
NDM5_222,38,-4.95,-0.363,0.478,1.814,0,0.398,1,motif_DG
NDM5_223,38,-1.95,-0.937,0.445,0.386,0,0.371,3,motif_NG;motif_DG;homopolymer_run>=4
NDM5_224,38,0.01,0.984,0.341,1.886,0,0.285,1,homopolymer_run>=4
NDM5_225,38,0.3,-0.295,0.455,1.414,6,0.405,1,6_Cys
NDM5_226,38,-2.02,-0.458,0.367,0.671,0,0.305,1,motif_DG
NDM5_227,38,-2.91,0.274,0.347,2.129,0,0.289,4,motif_NG;motif_DP;motif_DS;oxidation_prone(M/W)
NDM5_228,38,0.75,0.605,0.426,1.6,2,0.417,1,homopolymer_run>=4
NDM5_229,38,-1.99,-0.292,0.45,0.971,0,0.375,1,motif_DS
NDM5_230,14,-0.02,0.007,0.339,0.571,0,0.282,0,
NDM5_231,14,-0.02,1.386,0.077,1.957,0,0.064,0,
NDM5_232,14,-2.03,0.214,0.318,1.557,0,0.265,0,
NDM5_233,14,1.01,-0.229,0.275,1.014,0,0.314,0,
NDM5_234,14,-3.14,-0.157,0.077,0.371,1,0.064,1,odd_Cys(free_thiol)
NDM5_235,14,-2.02,0.114,0.304,0.314,0,0.254,0,
NDM5_236,14,-2.02,-0.671,0.189,-0.257,0,0.158,2,motif_DG;motif_DS
NDM5_237,14,0.01,-0.571,0.205,0.571,0,0.171,2,N-term_Met(ox);motif_DG
NDM5_238,14,-1.02,-0.929,0.107,-0.629,0,0.089,2,motif_DS;homopolymer_run>=4
NDM5_239,14,-2.02,0.543,0.351,0.7,0,0.292,0,
NDM5_240,13,-1.02,0.085,0.392,0.586,0,0.326,1,motif_DG
NDM5_241,13,-1.02,0.492,0.181,0.414,0,0.151,1,motif_DG
NDM5_242,13,0.98,-1.477,0.744,-0.443,0,0.581,1,N-term_Q/E(pyroglutamate)
NDM5_243,13,-2.99,-1.585,0.123,-0.657,0,0.102,0,
NDM5_244,13,-1.02,0.023,0.122,0.371,0,0.102,1,homopolymer_run>=4
NDM5_245,13,-1.03,-0.815,0.123,-0.029,0,0.102,0,
NDM5_246,13,0.01,-0.646,0.27,0.229,0,0.226,0,
NDM5_247,13,1.05,-0.638,0.221,1.257,0,0.272,0,
NDM5_248,13,-1.03,0.038,0.226,0.386,0,0.189,1,motif_NG
NDM5_249,13,-0.02,0.5,0.094,0.529,0,0.079,1,motif_NG
NDM5_250,16,-2.02,-0.975,0.463,0.9,0,0.386,1,motif_DG
NDM5_251,16,0.98,0.375,0.433,0.771,0,0.443,1,motif_NG
NDM5_252,16,-0.02,-0.581,0.171,0.971,0,0.142,2,motif_NG;motif_DP
NDM5_253,16,-2.02,0.106,0.453,0.8,0,0.377,3,N-term_Q/E(pyroglutamate);motif_DG;motif_NS
NDM5_254,16,-2.02,0.312,0.2,0.857,0,0.167,0,
NDM5_255,16,1.13,-1.325,0.434,0.314,0,0.455,1,homopolymer_run>=4
NDM5_256,16,-0.99,0.387,0.168,1.214,0,0.14,0,
NDM5_257,16,2.01,-1.119,0.376,-0.471,0,0.481,1,motif_NG
NDM5_258,16,-1.02,1.087,0.211,2.086,0,0.176,0,
NDM5_259,16,-0.03,0.444,0.254,1.114,0,0.212,0,
NDM5_260,27,0.97,-0.011,0.354,1.814,0,0.376,2,N-term_Met(ox);oxidation_prone(M/W)
NDM5_261,27,-3.25,0.119,0.304,1.143,2,0.254,1,motif_DG
NDM5_262,27,-0.14,-1.081,0.578,1.057,1,0.481,1,odd_Cys(free_thiol)
NDM5_263,27,0.9,0.907,0.292,2.714,1,0.318,4,odd_Cys(free_thiol);N-term_Q/E(pyroglutamate);motif_NS;oxidation_prone(M/W)
NDM5_264,27,-2.02,-0.0,0.255,1.186,0,0.212,1,motif_NG
NDM5_265,27,2.97,-0.478,0.4,0.586,0,0.581,1,motif_NG
NDM5_266,27,0.97,0.933,0.163,1.871,0,0.217,0,
NDM5_267,27,-0.03,0.278,0.39,1.143,0,0.325,0,
NDM5_268,27,-1.03,0.685,0.299,1.257,0,0.249,0,
NDM5_269,27,-1.02,0.993,0.51,2.843,0,0.425,2,homopolymer_run>=4;oxidation_prone(M/W)
NDM5_270,19,-0.02,0.709,0.122,1.4,0,0.101,0,
NDM5_271,19,-1.02,0.216,0.266,1.043,0,0.222,0,
NDM5_272,19,-4.03,-0.805,0.189,0.429,0,0.158,1,motif_NG
NDM5_273,19,-1.14,-0.679,0.318,0.829,1,0.265,2,odd_Cys(free_thiol);motif_DS
NDM5_274,19,-0.02,0.637,0.67,1.457,0,0.5,0,
NDM5_275,19,0.98,-0.289,0.838,0.443,0,0.581,0,
NDM5_276,19,1.01,-0.616,0.198,1.2,0,0.249,0,
NDM5_277,19,-1.03,-0.437,0.712,1.614,0,0.5,1,motif_DG
NDM5_278,19,-2.02,0.426,0.281,1.186,0,0.234,0,
NDM5_279,19,-2.02,-0.111,0.437,1.043,0,0.364,1,motif_DG
NDM5_280,19,-0.99,0.311,0.283,1.2,0,0.236,1,motif_DG
NDM5_281,19,0.97,-0.574,0.434,0.957,0,0.442,1,motif_DS
NDM5_282,19,-1.02,0.574,0.207,1.286,0,0.172,0,
NDM5_283,19,-2.02,-0.3,0.232,1.3,0,0.193,1,motif_DG
NDM5_284,19,1.01,-0.4,0.381,0.657,0,0.402,1,motif_NG
NDM5_285,19,-2.98,-0.532,0.343,0.429,0,0.286,0,
NDM5_286,19,0.98,0.395,0.304,1.5,0,0.335,0,
NDM5_287,19,0.01,0.353,0.403,1.143,0,0.337,0,
NDM5_288,19,2.01,-1.242,0.349,0.714,0,0.459,0,
NDM5_289,19,-0.14,-0.916,0.273,-0.486,1,0.228,2,odd_Cys(free_thiol);homopolymer_run>=4
NDM5_290,19,-2.02,-0.068,0.404,0.671,0,0.337,1,motif_DG
NDM5_291,19,-3.02,-0.416,0.253,-0.029,0,0.211,1,motif_DG
NDM5_292,19,0.97,0.974,0.346,1.857,0,0.369,0,
NDM5_293,19,1.01,-0.784,0.365,0.114,0,0.389,0,
NDM5_294,19,-2.02,0.4,0.363,1.229,0,0.302,1,homopolymer_run>=4
NDM5_295,19,-2.99,-0.521,0.37,0.9,0,0.308,0,
NDM5_296,19,0.01,-0.732,0.278,0.357,0,0.233,1,motif_NG
NDM5_297,19,-0.03,-0.684,0.374,-0.2,0,0.311,0,
NDM5_298,19,-2.02,0.089,0.504,0.686,0,0.42,0,
NDM5_299,19,-1.02,0.426,0.307,2.114,0,0.256,0,
NDM5_300,32,3.97,0.053,0.671,1.743,0,0.831,0,
NDM5_301,32,-6.1,-0.234,0.609,1.629,1,0.5,2,odd_Cys(free_thiol);motif_DG
NDM5_302,32,2.97,0.162,0.66,1.029,0,0.748,1,N-term_Met(ox)
NDM5_303,32,1.01,-0.266,0.489,1.343,0,0.491,1,motif_NG
NDM5_304,32,-3.02,-0.644,0.483,0.643,0,0.403,1,motif_DP
NDM5_305,32,-1.1,0.156,0.567,1.914,1,0.472,1,odd_Cys(free_thiol)
NDM5_306,32,3.9,-0.175,0.802,1.329,1,0.825,1,odd_Cys(free_thiol)
NDM5_307,32,-0.99,0.037,0.439,2.257,0,0.366,1,motif_NS
NDM5_308,32,-0.14,-0.152,0.458,1.743,1,0.382,2,odd_Cys(free_thiol);motif_DS
NDM5_309,32,-0.02,0.541,0.536,1.914,0,0.446,1,motif_DP
NDM5_310,16,-1.02,-0.488,0.283,0.257,0,0.235,0,
NDM5_311,16,-0.14,0.162,0.24,0.786,1,0.2,2,odd_Cys(free_thiol);motif_NS
NDM5_312,16,2.01,-1.475,0.317,-1.029,0,0.432,1,motif_NG
NDM5_313,16,-0.1,-0.531,0.311,-0.043,1,0.26,1,odd_Cys(free_thiol)
NDM5_314,16,-4.98,-1.481,0.279,-0.486,0,0.233,1,motif_DG
NDM5_315,16,-1.02,0.044,0.127,0.8,0,0.106,0,
NDM5_316,16,-1.02,0.169,0.436,0.543,0,0.364,0,
NDM5_317,16,-0.99,-0.425,0.266,0.129,0,0.222,1,motif_NG
NDM5_318,16,-0.02,-0.7,0.157,0.314,0,0.131,0,
NDM5_319,16,-0.14,0.838,0.276,1.871,1,0.23,1,odd_Cys(free_thiol)
NDM5_320,20,-3.98,-0.23,0.295,0.571,0,0.246,1,motif_NG
NDM5_321,20,-1.03,0.465,0.252,1.086,0,0.21,0,
NDM5_322,20,1.01,0.225,0.465,1.657,0,0.472,1,N-term_Met(ox)
NDM5_323,20,-0.1,-0.475,0.362,0.471,1,0.302,2,odd_Cys(free_thiol);motif_NG
NDM5_324,20,-1.02,1.045,0.235,3.071,0,0.195,0,
NDM5_325,20,-0.14,0.485,0.337,2.143,1,0.281,1,odd_Cys(free_thiol)
NDM5_326,20,1.98,-0.195,0.73,0.257,0,0.665,0,
NDM5_327,20,-1.02,-0.59,0.378,1.1,0,0.315,1,motif_NG
NDM5_328,20,-2.03,0.295,0.227,2.414,0,0.189,1,motif_DG
NDM5_329,20,-2.02,0.065,0.318,0.543,0,0.265,1,motif_DP
NDM5_330,20,-0.02,0.375,0.36,2.243,0,0.3,0,
NDM5_331,20,-4.14,0.385,0.281,1.443,1,0.234,2,odd_Cys(free_thiol);motif_DG
NDM5_332,20,-3.02,0.295,0.286,1.557,0,0.239,0,
NDM5_333,20,-2.02,0.485,0.194,2.086,0,0.162,2,N-term_Q/E(pyroglutamate);homopolymer_run>=4
NDM5_334,20,-0.02,0.605,0.211,1.543,0,0.176,2,N-term_Met(ox);motif_DS
NDM5_335,20,-2.02,-0.285,0.347,0.486,0,0.289,1,motif_DG
NDM5_336,20,-0.99,-0.055,0.254,1.2,0,0.212,1,motif_DG
NDM5_337,20,-3.02,-0.8,0.516,0.629,0,0.43,1,motif_NG
NDM5_338,20,0.98,-1.56,0.501,-0.557,0,0.499,0,
NDM5_339,20,-1.02,-0.58,0.411,1.029,0,0.342,1,N-term_Q/E(pyroglutamate)
NDM5_340,23,1.86,0.617,0.245,2.443,1,0.359,1,odd_Cys(free_thiol)
NDM5_341,23,-2.02,0.539,0.455,1.643,0,0.379,0,
NDM5_342,23,-1.98,-0.596,0.654,1.186,0,0.5,2,motif_DG;homopolymer_run>=4
NDM5_343,23,0.97,0.343,0.284,1.257,0,0.318,1,motif_NS
NDM5_344,23,-0.02,-0.187,0.493,0.843,0,0.411,1,motif_DG
NDM5_345,23,-1.02,0.326,0.293,1.871,0,0.244,1,homopolymer_run>=4
NDM5_346,23,-2.1,0.952,0.244,2.457,1,0.203,2,odd_Cys(free_thiol);motif_DS
NDM5_347,23,-1.14,1.313,0.347,2.643,1,0.29,1,odd_Cys(free_thiol)
NDM5_348,23,-1.98,-0.643,0.54,0.671,0,0.45,1,motif_DG
NDM5_349,23,-1.02,-0.27,0.545,0.543,0,0.454,0,
NDM5_350,16,-1.02,-0.269,0.399,0.443,0,0.332,3,N-term_Met(ox);motif_DG;motif_NS
NDM5_351,16,1.98,-0.819,0.551,-0.457,0,0.624,1,motif_DP
NDM5_352,16,-0.99,0.419,0.267,0.843,0,0.222,1,homopolymer_run>=4
NDM5_353,16,-1.02,0.119,0.481,0.657,0,0.401,0,
NDM5_354,16,-2.14,-0.55,0.201,0.057,1,0.168,1,odd_Cys(free_thiol)
NDM5_355,16,-0.02,0.044,0.088,0.171,0,0.073,1,motif_NG
NDM5_356,16,0.86,-0.137,0.307,0.871,1,0.328,1,odd_Cys(free_thiol)
NDM5_357,16,1.97,-0.544,0.168,0.286,0,0.304,0,
NDM5_358,16,-1.03,-0.388,0.53,0.214,0,0.442,2,N-term_Met(ox);motif_DG
NDM5_359,16,-0.02,0.387,0.172,1.667,0,0.143,1,motif_NS
NDM5_360,20,-0.02,1.095,0.372,2.914,0,0.31,1,motif_NG
NDM5_361,20,-3.95,-1.47,0.277,-0.871,0,0.23,2,motif_NG;motif_DG
NDM5_362,20,-1.02,0.015,0.35,0.829,0,0.292,1,motif_NS
NDM5_363,20,0.9,0.57,0.238,1.671,1,0.273,2,odd_Cys(free_thiol);motif_DG
NDM5_364,20,-3.02,-0.455,0.444,0.743,0,0.37,0,
NDM5_365,20,-2.02,0.39,0.222,1.1,0,0.185,0,
NDM5_366,20,-0.14,-0.23,0.204,0.329,1,0.17,2,odd_Cys(free_thiol);motif_DP
NDM5_367,20,-2.02,0.145,0.451,1.486,0,0.376,0,
NDM5_368,20,-1.99,-0.945,0.172,0.229,0,0.143,2,motif_NG;motif_DP
NDM5_369,20,-2.99,0.245,0.482,1.643,0,0.402,1,motif_DP
NDM5_370,15,1.86,0.313,0.448,1.343,1,0.528,2,odd_Cys(free_thiol);motif_NS
NDM5_371,15,-1.02,0.033,0.29,0.629,0,0.242,0,
NDM5_372,15,0.01,-0.167,0.327,0.214,0,0.274,0,
NDM5_373,15,0.01,-0.2,0.211,0.571,0,0.177,0,
NDM5_374,15,-0.02,0.367,0.097,0.543,0,0.081,1,homopolymer_run>=4
NDM5_375,15,-0.03,0.833,0.184,1.429,0,0.154,0,
NDM5_376,15,-2.02,-0.633,0.241,0.414,0,0.2,1,motif_DG
NDM5_377,15,-2.02,-0.4,0.205,0.243,0,0.171,1,motif_DP
NDM5_378,15,-2.14,-0.353,0.207,0.929,1,0.172,1,odd_Cys(free_thiol)
NDM5_379,15,-1.1,-0.487,0.218,0.3,1,0.182,1,odd_Cys(free_thiol)
NDM5_380,45,-6.1,0.184,0.526,3.243,1,0.438,3,odd_Cys(free_thiol);N-term_Q/E(pyroglutamate);motif_NG
NDM5_381,45,1.01,0.42,0.467,2.329,0,0.474,0,
NDM5_382,45,1.98,0.069,0.475,1.629,0,0.56,1,motif_NG
NDM5_383,45,1.75,0.436,0.417,1.543,2,0.494,1,homopolymer_run>=4
NDM5_384,45,-2.14,0.327,0.479,1.686,1,0.399,3,odd_Cys(free_thiol);motif_DG;motif_DS
NDM5_385,45,-1.02,0.16,0.626,2.243,0,0.5,2,motif_DG;motif_NS
NDM5_386,45,0.98,0.142,0.403,2.014,0,0.418,0,
NDM5_387,45,-2.14,0.609,0.477,3.114,1,0.397,3,odd_Cys(free_thiol);motif_NG;motif_NS
NDM5_388,45,0.98,0.847,0.678,2.186,0,0.581,0,
NDM5_389,45,-1.62,0.764,0.388,2.057,6,0.324,1,6_Cys
NDM5_390,44,-5.09,-0.477,0.519,1.143,2,0.433,3,motif_DG;motif_DP;homopolymer_run>=4
NDM5_391,44,-1.1,0.157,0.406,1.471,1,0.338,1,odd_Cys(free_thiol)
NDM5_392,44,-3.03,0.032,0.695,1.686,0,0.5,1,motif_DG
NDM5_393,44,-2.14,0.373,0.329,1.429,1,0.274,1,odd_Cys(free_thiol)
NDM5_394,44,-3.17,-0.261,0.398,1.871,2,0.331,2,motif_DG;motif_DS
NDM5_395,44,3.01,0.095,0.694,2.857,0,0.751,0,
NDM5_396,44,0.64,0.009,0.354,1.4,3,0.348,4,odd_Cys(free_thiol);3_Cys;motif_DG;motif_NS
NDM5_397,44,1.98,-0.636,0.722,1.829,0,0.665,1,motif_DG
NDM5_398,44,-3.98,0.773,0.385,2.157,0,0.321,0,
NDM5_399,44,2.79,0.375,0.288,1.557,2,0.472,0,
NDM5_400,21,3.05,-0.59,0.844,0.129,0,0.754,1,homopolymer_run>=4
NDM5_401,21,-1.02,1.129,0.286,1.929,0,0.238,0,
NDM5_402,21,-5.02,-0.967,0.453,0.4,0,0.378,2,N-term_Met(ox);motif_DG
NDM5_403,21,-1.98,0.114,0.674,0.729,0,0.5,0,
NDM5_404,21,2.01,0.41,0.465,2.014,0,0.555,0,
NDM5_405,21,-3.02,-0.462,0.422,0.443,0,0.352,1,motif_DG
NDM5_406,21,-0.14,0.219,0.309,1.286,1,0.258,1,odd_Cys(free_thiol)
NDM5_407,21,-0.02,0.71,0.512,1.971,0,0.427,0,
NDM5_408,21,0.86,-0.195,0.472,1.029,1,0.465,2,odd_Cys(free_thiol);motif_DG
NDM5_409,21,0.86,0.495,0.395,1.243,1,0.401,1,odd_Cys(free_thiol)
NDM5_410,33,-1.14,0.167,0.367,1.657,1,0.306,3,odd_Cys(free_thiol);motif_NG;motif_DG
NDM5_411,33,-4.21,0.185,0.32,1.743,2,0.266,0,
NDM5_412,33,-0.14,-0.021,0.594,1.7,1,0.495,1,odd_Cys(free_thiol)
NDM5_413,33,-5.1,0.391,0.475,2.971,1,0.396,1,odd_Cys(free_thiol)
NDM5_414,33,2.01,-0.885,0.778,1.771,0,0.668,0,
NDM5_415,33,-1.03,0.152,0.694,2.086,0,0.5,2,motif_NS;homopolymer_run>=4
NDM5_416,33,2.01,-0.085,0.366,1.214,0,0.473,1,motif_NG
NDM5_417,33,2.86,-0.603,0.475,1.771,1,0.634,2,odd_Cys(free_thiol);motif_DP
NDM5_418,33,-0.21,0.045,0.448,1.629,2,0.373,1,oxidation_prone(M/W)
NDM5_419,33,1.97,0.37,0.515,2.429,0,0.593,1,motif_DG
NDM5_420,33,-1.03,0.018,0.437,1.8,0,0.364,0,
NDM5_421,33,0.98,-0.379,0.63,0.671,0,0.581,3,motif_NG;motif_DS;oxidation_prone(M/W)
NDM5_422,33,-2.03,0.124,0.574,1.157,0,0.478,0,
NDM5_423,33,-1.99,0.121,0.262,1.529,0,0.218,0,
NDM5_424,33,-0.25,-0.106,0.42,1.3,2,0.35,3,N-term_Q/E(pyroglutamate);motif_DG;homopolymer_run>=4
NDM5_425,33,1.97,0.018,0.465,2.086,0,0.552,0,
NDM5_426,33,-3.02,-0.245,0.457,1.0,0,0.381,1,motif_NG
NDM5_427,33,-5.02,-0.082,0.368,1.329,0,0.306,1,motif_DG
NDM5_428,33,-2.02,1.112,0.284,2.371,0,0.237,1,homopolymer_run>=4
NDM5_429,33,-1.02,-0.006,0.311,1.757,0,0.259,0,
NDM5_430,36,-3.03,-0.044,0.604,2.071,0,0.5,1,motif_DG
NDM5_431,36,1.01,-0.783,0.55,0.543,0,0.543,2,motif_NG;oxidation_prone(M/W)
NDM5_432,36,-3.1,0.511,0.397,1.7,1,0.331,4,odd_Cys(free_thiol);N-term_Met(ox);homopolymer_run>=4;oxidation_prone(M/W)
NDM5_433,36,-5.1,-0.125,0.243,1.543,1,0.202,2,odd_Cys(free_thiol);motif_DP
NDM5_434,36,-2.25,0.408,0.179,1.614,2,0.149,2,motif_DG;homopolymer_run>=4
NDM5_435,36,-1.95,-0.053,0.601,2.143,0,0.5,1,motif_DG
NDM5_436,36,-3.25,0.483,0.342,2.143,2,0.285,1,motif_DG
NDM5_437,36,-3.14,-0.411,0.366,0.943,1,0.305,2,odd_Cys(free_thiol);motif_DG
NDM5_438,36,-0.21,-0.656,0.55,1.414,2,0.459,3,motif_NG;motif_DG;motif_NS
NDM5_439,36,-0.21,0.383,0.467,1.643,2,0.389,1,motif_DG
NDM5_440,31,-2.03,0.69,0.418,2.714,0,0.348,1,motif_NG
NDM5_441,31,0.93,-1.119,0.585,0.443,1,0.565,3,odd_Cys(free_thiol);N-term_Met(ox);motif_DS
NDM5_442,31,1.52,-0.129,0.334,1.386,4,0.406,1,4_Cys
NDM5_443,31,-0.14,0.523,0.12,2.1,1,0.1,2,odd_Cys(free_thiol);homopolymer_run>=4
NDM5_444,31,-0.02,0.458,0.497,2.1,0,0.414,3,N-term_Q/E(pyroglutamate);motif_NS;oxidation_prone(M/W)
NDM5_445,31,-2.14,1.161,0.375,2.686,1,0.313,1,odd_Cys(free_thiol)
NDM5_446,31,-3.02,-0.803,0.647,1.443,0,0.5,1,oxidation_prone(M/W)
NDM5_447,31,0.97,0.681,0.381,3.029,0,0.399,0,
NDM5_448,31,-2.03,-0.377,0.403,0.286,0,0.336,4,N-term_Q/E(pyroglutamate);motif_NG;motif_DG;motif_DP
NDM5_449,31,-0.36,0.042,0.374,0.786,3,0.312,2,odd_Cys(free_thiol);3_Cys
NDM5_450,36,-2.02,-0.786,0.264,0.829,0,0.22,1,motif_DG
NDM5_451,36,-4.99,-0.775,0.369,0.4,0,0.307,1,motif_DG
NDM5_452,36,-2.02,0.339,0.279,2.114,0,0.233,2,motif_DG;motif_NS
NDM5_453,36,0.97,-0.589,0.593,1.057,0,0.575,2,N-term_Q/E(pyroglutamate);motif_DG
NDM5_454,36,3.01,0.031,0.386,1.657,0,0.573,1,oxidation_prone(M/W)
NDM5_455,36,-3.02,0.089,0.363,2.143,0,0.303,0,
NDM5_456,36,-6.14,0.153,0.586,1.229,1,0.489,2,odd_Cys(free_thiol);motif_DP
NDM5_457,36,1.97,0.344,0.462,1.086,0,0.55,3,N-term_Met(ox);homopolymer_run>=4;oxidation_prone(M/W)
NDM5_458,36,-2.99,-0.064,0.277,1.343,0,0.231,2,motif_DG;homopolymer_run>=4
NDM5_459,36,2.97,-0.036,0.74,1.6,0,0.748,2,motif_DP;homopolymer_run>=4
NDM5_460,22,-0.25,-1.15,0.491,-0.229,2,0.41,1,motif_DG
NDM5_461,22,-5.02,-0.891,0.308,0.571,0,0.257,2,N-term_Q/E(pyroglutamate);motif_DG
NDM5_462,22,-1.95,-0.533,0.537,1.329,0,0.448,0,
NDM5_463,22,2.01,-0.941,0.484,0.214,0,0.571,1,motif_DG
NDM5_464,22,-2.98,0.473,0.494,1.829,0,0.412,0,
NDM5_465,22,2.97,0.536,0.505,2.2,0,0.669,1,motif_NG
NDM5_466,22,1.98,0.186,0.428,1.386,0,0.521,1,homopolymer_run>=4
NDM5_467,22,-0.02,-0.318,0.518,0.714,0,0.432,0,
NDM5_468,22,-1.14,0.824,0.249,1.386,1,0.207,2,odd_Cys(free_thiol);motif_DG
NDM5_469,22,-0.99,-1.236,0.58,-0.114,0,0.483,2,motif_NG;motif_DG
NDM5_470,44,0.79,-0.386,0.515,1.457,2,0.495,1,motif_DP
NDM5_471,44,-1.98,0.627,0.497,2.171,0,0.414,0,
NDM5_472,44,-1.36,0.027,0.618,1.0,3,0.5,3,odd_Cys(free_thiol);3_Cys;motif_NG
NDM5_473,44,-4.14,0.568,0.306,1.729,1,0.255,3,odd_Cys(free_thiol);motif_NG;homopolymer_run>=4
NDM5_474,44,-0.02,-0.202,0.517,0.971,0,0.431,3,N-term_Met(ox);motif_NG;oxidation_prone(M/W)
NDM5_475,44,-4.32,-0.23,0.489,1.443,3,0.408,3,odd_Cys(free_thiol);3_Cys;motif_NG
NDM5_476,44,3.01,-0.598,0.486,0.543,0,0.656,1,motif_NS
NDM5_477,44,1.53,-0.289,0.436,1.457,4,0.491,4,4_Cys;motif_DG;motif_NS;homopolymer_run>=4
NDM5_478,44,-3.1,0.152,0.715,1.3,1,0.5,1,odd_Cys(free_thiol)
NDM5_479,44,-4.99,0.664,0.317,2.357,0,0.264,2,N-term_Q/E(pyroglutamate);motif_DG
NDM5_480,45,-0.32,-0.32,0.489,0.786,3,0.408,3,odd_Cys(free_thiol);3_Cys;motif_NG
NDM5_481,45,-8.02,-0.276,0.489,2.243,0,0.408,2,motif_DP;motif_DS
NDM5_482,45,-6.58,-0.771,0.37,0.829,5,0.309,4,odd_Cys(free_thiol);5_Cys;motif_DG;homopolymer_run>=4
NDM5_483,45,-0.02,-0.007,0.559,2.071,0,0.466,0,
NDM5_484,45,-2.69,0.229,0.451,1.943,6,0.376,2,6_Cys;motif_DG
NDM5_485,45,-0.99,-0.493,0.454,1.914,0,0.378,1,motif_DP
NDM5_486,45,-0.1,-0.047,0.365,1.086,1,0.304,3,odd_Cys(free_thiol);motif_DP;motif_NS
NDM5_487,45,-5.1,-0.222,0.363,1.314,1,0.303,2,odd_Cys(free_thiol);motif_DG
NDM5_488,45,-1.02,-0.033,0.542,1.671,0,0.451,2,motif_DG;homopolymer_run>=4
NDM5_489,45,-5.13,0.191,0.297,1.743,1,0.247,3,odd_Cys(free_thiol);N-term_Q/E(pyroglutamate);motif_DP
NDM5_490,38,-1.47,-0.029,0.527,1.371,4,0.439,2,4_Cys;motif_NG
NDM5_491,38,0.01,-0.345,0.511,1.7,0,0.426,1,motif_DP
NDM5_492,38,0.45,-0.184,0.405,0.971,5,0.375,2,odd_Cys(free_thiol);5_Cys
NDM5_493,38,-2.03,-0.387,0.534,0.471,0,0.445,1,motif_DP
NDM5_494,38,5.01,0.039,0.623,2.357,0,0.918,0,
NDM5_495,38,-3.03,-0.116,0.181,0.857,0,0.151,2,N-term_Q/E(pyroglutamate);motif_DP
NDM5_496,38,-2.02,-0.134,0.514,1.843,0,0.429,1,N-term_Q/E(pyroglutamate)
NDM5_497,38,0.01,1.15,0.499,2.314,0,0.417,1,motif_DP
NDM5_498,38,-3.98,0.187,0.388,1.329,0,0.323,0,
NDM5_499,38,-2.03,-0.332,0.566,0.886,0,0.472,3,N-term_Q/E(pyroglutamate);motif_DG;oxidation_prone(M/W)
NDM5_500,14,-2.02,-0.0,0.266,0.486,0,0.222,0,
NDM5_501,14,0.98,0.193,0.293,1.129,0,0.326,0,
NDM5_502,14,-1.02,0.579,0.103,1.129,0,0.086,0,
NDM5_503,14,-0.02,-0.329,0.218,0.4,0,0.181,0,
NDM5_504,14,-1.02,-0.557,0.177,0.071,0,0.148,2,motif_NG;motif_NS
NDM5_505,14,-2.02,0.65,0.278,0.871,0,0.232,1,motif_DS
NDM5_506,14,-2.06,0.236,0.193,0.743,1,0.161,1,odd_Cys(free_thiol)
NDM5_507,14,-1.14,0.757,0.264,2.429,1,0.22,2,odd_Cys(free_thiol);motif_DP
NDM5_508,14,0.97,1.229,0.2,1.514,0,0.248,0,
NDM5_509,14,1.97,0.357,0.303,0.786,0,0.417,1,motif_NG
NDM5_510,12,0.97,-0.842,0.147,-0.086,0,0.204,0,
NDM5_511,12,-2.02,0.042,0.26,0.343,0,0.217,1,motif_DG
NDM5_512,12,-1.14,-0.625,0.327,0.0,1,0.273,1,odd_Cys(free_thiol)
NDM5_513,12,-3.02,-0.4,0.206,-0.486,0,0.172,1,motif_DG
NDM5_514,12,-1.02,0.625,0.189,1.271,0,0.157,1,N-term_Q/E(pyroglutamate)
NDM5_515,12,-1.02,0.108,0.222,0.457,0,0.185,0,
NDM5_516,12,-0.02,0.5,0.163,1.371,0,0.136,1,homopolymer_run>=4
NDM5_517,12,-0.02,-0.125,0.084,0.543,0,0.07,1,homopolymer_run>=4
NDM5_518,12,-0.02,0.892,0.12,1.243,0,0.1,0,
NDM5_519,12,-0.14,0.825,0.067,1.171,1,0.055,1,odd_Cys(free_thiol)
NDM5_520,31,-0.1,0.284,0.766,2.271,1,0.5,3,odd_Cys(free_thiol);N-term_Q/E(pyroglutamate);motif_NG
NDM5_521,31,-4.02,-0.361,0.473,1.571,0,0.394,1,motif_NG
NDM5_522,31,-0.02,0.51,0.152,1.243,0,0.127,0,
NDM5_523,31,-3.03,0.171,0.585,1.614,0,0.488,2,motif_DG;motif_DS
NDM5_524,31,-1.02,0.968,0.252,2.871,0,0.21,0,
NDM5_525,31,-1.99,-0.932,0.278,0.029,0,0.231,1,motif_NS
NDM5_526,31,-3.99,0.123,0.364,1.743,0,0.303,1,motif_DG
NDM5_527,31,-3.02,0.565,0.561,2.0,0,0.468,0,
NDM5_528,31,0.02,-0.077,0.491,3.514,0,0.41,0,
NDM5_529,31,-2.14,0.529,0.397,1.543,1,0.331,2,odd_Cys(free_thiol);motif_DP
NDM5_530,34,-1.03,0.556,0.354,1.543,0,0.295,1,oxidation_prone(M/W)
NDM5_531,34,-0.03,0.153,0.242,1.757,0,0.202,1,motif_DG
NDM5_532,34,-1.25,0.626,0.204,1.729,2,0.17,1,oxidation_prone(M/W)
NDM5_533,34,-0.02,-0.347,0.664,1.129,0,0.5,1,motif_DP
NDM5_534,34,-1.13,-0.109,0.546,1.257,1,0.455,1,odd_Cys(free_thiol)
NDM5_535,34,0.3,-0.444,0.352,0.843,6,0.319,1,6_Cys
NDM5_536,34,-1.02,0.321,0.621,1.071,0,0.5,1,motif_NG
NDM5_537,34,-1.02,0.468,0.51,1.986,0,0.425,2,N-term_Q/E(pyroglutamate);motif_DG
NDM5_538,34,-2.03,-0.338,0.213,1.043,0,0.178,1,motif_DS
NDM5_539,34,-1.14,-0.568,0.381,1.1,1,0.317,2,odd_Cys(free_thiol);motif_DP
NDM5_540,12,1.97,-0.183,0.173,1.343,0,0.309,0,
NDM5_541,12,-1.02,-0.108,0.205,0.771,0,0.171,1,motif_DP
NDM5_542,12,-0.99,-0.6,0.205,0.229,0,0.171,2,N-term_Q/E(pyroglutamate);motif_DG
NDM5_543,12,0.98,-1.158,0.422,-0.3,0,0.433,2,motif_NG;motif_DS
NDM5_544,12,-2.02,0.9,0.058,1.214,0,0.048,0,
NDM5_545,12,-0.99,0.283,0.237,1.057,0,0.198,0,
NDM5_546,12,-1.99,-1.367,0.513,-0.514,0,0.427,0,
NDM5_547,12,-1.03,-0.225,0.209,0.271,0,0.174,1,motif_NG
NDM5_548,12,-2.02,0.025,0.277,0.886,0,0.231,0,
NDM5_549,12,-0.03,1.292,0.063,1.757,0,0.052,0,
NDM5_550,15,-0.14,0.253,0.371,0.629,1,0.309,1,odd_Cys(free_thiol)
NDM5_551,15,-2.02,-1.147,0.361,-0.3,0,0.301,1,motif_DG
NDM5_552,15,-1.02,0.28,0.28,0.786,0,0.234,0,
NDM5_553,15,1.97,0.12,0.607,1.886,0,0.665,0,
NDM5_554,15,-0.99,0.233,0.187,1.043,0,0.156,1,motif_DG
NDM5_555,15,-3.13,0.207,0.15,2.071,1,0.125,1,odd_Cys(free_thiol)
NDM5_556,15,-0.14,0.36,0.164,0.714,1,0.137,2,odd_Cys(free_thiol);motif_NG
NDM5_557,15,0.86,0.193,0.255,1.271,1,0.285,1,odd_Cys(free_thiol)
NDM5_558,15,-2.99,-0.24,0.186,1.343,0,0.155,0,
NDM5_559,15,-0.14,0.44,0.368,1.014,1,0.306,1,odd_Cys(free_thiol)
NDM5_560,37,-2.02,0.8,0.282,1.6,0,0.235,3,motif_NG;motif_DG;homopolymer_run>=4
NDM5_561,37,-1.58,0.546,0.443,2.871,5,0.369,3,odd_Cys(free_thiol);5_Cys;motif_DG
NDM5_562,37,0.42,-0.151,0.664,1.257,5,0.535,2,odd_Cys(free_thiol);5_Cys
NDM5_563,37,-7.28,-0.481,0.346,1.257,3,0.289,3,odd_Cys(free_thiol);3_Cys;motif_DG
NDM5_564,37,-2.03,-0.889,0.421,0.214,0,0.351,2,motif_NG;motif_DG
NDM5_565,37,-2.14,0.376,0.382,1.757,1,0.318,1,odd_Cys(free_thiol)
NDM5_566,37,-3.14,0.33,0.492,1.614,1,0.41,2,odd_Cys(free_thiol);motif_DG
NDM5_567,37,-1.25,-0.027,0.423,1.343,2,0.353,2,motif_DG;homopolymer_run>=4
NDM5_568,37,0.75,-0.357,0.484,1.286,2,0.465,0,
NDM5_569,37,-3.02,0.308,0.451,1.886,0,0.376,2,N-term_Met(ox);motif_NG
NDM5_570,17,-1.1,0.159,0.23,1.043,1,0.192,1,odd_Cys(free_thiol)
NDM5_571,17,-1.02,-0.282,0.402,0.171,0,0.335,1,motif_DG
NDM5_572,17,-0.02,-0.0,0.271,1.386,0,0.226,0,
NDM5_573,17,0.98,0.429,0.313,1.8,0,0.342,0,
NDM5_574,17,-2.14,0.118,0.304,1.3,1,0.254,2,odd_Cys(free_thiol);N-term_Q/E(pyroglutamate)
NDM5_575,17,0.01,-1.153,0.352,0.057,0,0.295,1,motif_NG
NDM5_576,17,-1.25,0.818,0.221,1.8,2,0.184,0,
NDM5_577,17,-2.98,-0.176,0.527,0.614,0,0.439,1,motif_DG
NDM5_578,17,-0.1,0.329,0.175,0.857,1,0.145,2,odd_Cys(free_thiol);motif_DP
NDM5_579,17,-1.02,-0.094,0.214,0.471,0,0.178,2,motif_DG;homopolymer_run>=4
NDM5_580,35,-5.02,0.391,0.413,1.814,0,0.344,1,motif_DG
NDM5_581,35,-1.36,0.571,0.492,1.957,3,0.41,3,odd_Cys(free_thiol);3_Cys;homopolymer_run>=4
NDM5_582,35,1.01,-0.64,0.549,0.771,0,0.542,1,motif_NG
NDM5_583,35,-1.14,0.451,0.605,2.771,1,0.5,2,odd_Cys(free_thiol);motif_NG
NDM5_584,35,-2.95,-0.137,0.44,1.571,0,0.367,1,motif_DS
NDM5_585,35,-1.1,0.006,0.328,1.029,1,0.274,2,odd_Cys(free_thiol);motif_DS
NDM5_586,35,-4.13,-0.717,0.506,0.4,1,0.422,2,odd_Cys(free_thiol);oxidation_prone(M/W)
NDM5_587,35,-1.14,-0.769,0.47,0.214,1,0.392,5,odd_Cys(free_thiol);N-term_Q/E(pyroglutamate);motif_DG;motif_NS;homopolymer_run>=4
NDM5_588,35,-0.02,-0.503,0.578,1.586,0,0.482,0,
NDM5_589,35,-2.13,-0.523,0.498,1.3,1,0.415,2,odd_Cys(free_thiol);N-term_Q/E(pyroglutamate)
NDM5_590,39,-6.03,0.172,0.348,1.357,0,0.29,1,motif_DG
NDM5_591,39,-4.02,-0.015,0.574,1.786,0,0.478,1,motif_DG
NDM5_592,39,0.86,-0.064,0.583,2.386,1,0.558,2,odd_Cys(free_thiol);motif_DG
NDM5_593,39,1.05,-0.41,0.428,0.8,0,0.444,1,motif_DG
NDM5_594,39,-2.17,0.367,0.4,2.143,2,0.333,2,motif_DP;motif_DS
NDM5_595,39,0.19,0.218,0.324,1.443,7,0.286,2,odd_Cys(free_thiol);7_Cys
NDM5_596,39,-3.02,0.554,0.604,2.514,0,0.5,1,motif_DS
NDM5_597,39,-3.47,0.085,0.368,1.5,4,0.306,2,4_Cys;motif_NG
NDM5_598,39,-2.14,0.413,0.338,2.257,1,0.282,2,odd_Cys(free_thiol);motif_DG
NDM5_599,39,1.9,-0.477,0.329,1.286,1,0.433,3,odd_Cys(free_thiol);motif_DS;motif_NS
NDM5_600,15,-0.99,-0.58,0.346,0.229,0,0.289,2,motif_DG;motif_DS
NDM5_601,15,-2.02,0.067,0.211,0.757,0,0.176,2,N-term_Met(ox);motif_DP
NDM5_602,15,-3.02,0.067,0.45,0.643,0,0.375,1,motif_DG
NDM5_603,15,-4.02,-1.527,0.136,-0.429,0,0.113,1,motif_DG
NDM5_604,15,0.98,-0.173,0.343,0.714,0,0.367,1,motif_DG
NDM5_605,15,-1.02,0.187,0.399,1.386,0,0.333,1,motif_DP
NDM5_606,15,0.86,-0.333,0.303,0.114,1,0.324,2,odd_Cys(free_thiol);homopolymer_run>=4
NDM5_607,15,0.01,0.093,0.465,0.971,0,0.389,0,
NDM5_608,15,-2.14,0.54,0.251,1.971,1,0.209,1,odd_Cys(free_thiol)
NDM5_609,15,0.01,0.387,0.238,1.243,0,0.2,0,
NDM5_610,30,0.86,-0.773,0.344,0.757,1,0.359,2,odd_Cys(free_thiol);motif_DS
NDM5_611,30,-1.1,0.25,0.195,1.843,1,0.163,2,odd_Cys(free_thiol);motif_DP
NDM5_612,30,0.68,-0.027,0.52,1.243,3,0.49,2,odd_Cys(free_thiol);3_Cys
NDM5_613,30,-0.03,-0.683,0.375,0.657,0,0.313,2,motif_DG;motif_NS
NDM5_614,30,4.05,-0.427,0.626,1.386,0,0.838,0,
NDM5_615,30,-2.99,-0.76,0.361,1.086,0,0.301,1,motif_DS
NDM5_616,30,-0.99,-0.743,0.291,1.671,0,0.242,1,motif_NS
NDM5_617,30,-0.02,0.843,0.464,1.543,0,0.386,0,
NDM5_618,30,-0.02,0.853,0.633,2.114,0,0.5,0,
NDM5_619,30,1.64,0.95,0.545,2.671,3,0.591,2,odd_Cys(free_thiol);3_Cys
NDM5_620,39,-3.24,-0.295,0.48,1.429,3,0.4,2,odd_Cys(free_thiol);3_Cys
NDM5_621,39,-2.14,-0.177,0.62,1.543,1,0.5,1,odd_Cys(free_thiol)
NDM5_622,39,-1.1,-0.413,0.203,0.9,1,0.169,2,odd_Cys(free_thiol);motif_NS
NDM5_623,39,-3.21,-0.233,0.275,1.943,2,0.229,2,motif_DP;motif_DS
NDM5_624,39,1.01,0.359,0.54,1.971,0,0.534,0,
NDM5_625,39,-2.21,-0.223,0.335,1.043,2,0.279,1,oxidation_prone(M/W)
NDM5_626,39,0.86,0.172,0.502,1.629,1,0.49,1,odd_Cys(free_thiol)
NDM5_627,39,-1.25,-0.021,0.43,1.729,2,0.358,2,motif_NS;oxidation_prone(M/W)
NDM5_628,39,-2.36,-0.0,0.3,0.957,3,0.25,3,odd_Cys(free_thiol);3_Cys;motif_NG
NDM5_629,39,-2.03,0.185,0.231,1.757,0,0.193,3,motif_DS;motif_NS;oxidation_prone(M/W)
NDM5_630,18,-1.25,0.972,0.24,1.957,2,0.2,3,N-term_Q/E(pyroglutamate);motif_DP;oxidation_prone(M/W)
NDM5_631,18,-3.02,0.983,0.289,1.943,0,0.241,0,
NDM5_632,18,-1.02,0.583,0.312,1.271,0,0.26,0,
NDM5_633,18,0.9,0.556,0.453,1.229,1,0.453,1,odd_Cys(free_thiol)
NDM5_634,18,-1.36,0.239,0.278,1.029,3,0.232,3,odd_Cys(free_thiol);3_Cys;motif_DG
NDM5_635,18,-0.03,-0.611,0.439,0.686,0,0.366,1,motif_DG
NDM5_636,18,0.98,-0.2,0.506,1.071,0,0.503,1,N-term_Q/E(pyroglutamate)
NDM5_637,18,-0.02,0.006,0.183,0.371,0,0.153,1,homopolymer_run>=4
NDM5_638,18,-0.25,0.733,0.201,1.414,2,0.167,0,
NDM5_639,18,-0.99,-0.644,0.313,0.229,0,0.261,1,motif_DG
NDM5_640,33,-1.1,-0.23,0.308,0.514,1,0.256,2,odd_Cys(free_thiol);motif_DG
NDM5_641,33,1.01,0.042,0.666,2.414,0,0.585,1,motif_NG
NDM5_642,33,0.86,0.791,0.767,1.871,1,0.572,1,odd_Cys(free_thiol)
NDM5_643,33,-2.02,-0.327,0.594,1.671,0,0.495,0,
NDM5_644,33,-3.02,-0.373,0.378,0.971,0,0.315,0,
NDM5_645,33,-1.03,-0.073,0.421,1.143,0,0.35,1,motif_DG
NDM5_646,33,-3.81,0.467,0.249,1.829,7,0.208,3,odd_Cys(free_thiol);7_Cys;homopolymer_run>=4
NDM5_647,33,-2.36,-0.212,0.271,1.357,3,0.226,4,odd_Cys(free_thiol);3_Cys;motif_NG;motif_NS
NDM5_648,33,-0.02,-0.267,0.669,1.014,0,0.5,0,
NDM5_649,33,-2.25,-0.052,0.521,1.071,2,0.434,2,N-term_Met(ox);motif_NG
NDM5_650,20,0.05,0.16,0.195,1.286,0,0.166,0,
NDM5_651,20,-0.1,-0.315,0.242,0.829,1,0.201,1,odd_Cys(free_thiol)
NDM5_652,20,-0.02,0.458,0.242,1.314,0,0.202,0,
NDM5_653,20,-0.03,-0.4,0.467,1.014,0,0.389,1,motif_DG
NDM5_654,20,-0.02,0.665,0.332,1.843,0,0.277,0,
NDM5_655,20,-4.02,-0.29,0.341,0.171,0,0.284,1,motif_DG
NDM5_656,20,-1.99,0.235,0.339,1.957,0,0.283,1,motif_DG
NDM5_657,20,-0.99,0.295,0.494,0.543,0,0.411,0,
NDM5_658,20,-0.02,-1.06,0.229,-0.371,0,0.191,1,motif_DP
NDM5_659,20,3.05,-0.89,0.444,1.0,0,0.624,0,
NDM5_660,18,1.01,-0.167,0.344,1.386,0,0.371,0,
NDM5_661,18,-0.02,1.411,0.158,2.043,0,0.132,0,
NDM5_662,18,-2.14,0.106,0.235,1.386,1,0.196,1,odd_Cys(free_thiol)
NDM5_663,18,1.97,-0.428,0.439,0.8,0,0.53,1,N-term_Met(ox)
NDM5_664,18,-2.02,-0.772,0.389,0.771,0,0.324,2,N-term_Q/E(pyroglutamate);motif_DG
NDM5_665,18,-0.02,-1.306,0.303,-0.429,0,0.252,1,motif_DP
NDM5_666,18,-3.02,-0.011,0.235,0.914,0,0.196,1,motif_DG
NDM5_667,18,2.01,-1.422,0.392,-0.329,0,0.495,0,
NDM5_668,18,-1.02,0.761,0.081,1.6,0,0.068,1,homopolymer_run>=4
NDM5_669,18,0.97,0.017,0.256,0.8,0,0.294,0,
NDM5_670,37,-1.14,-0.511,0.746,1.014,1,0.5,1,odd_Cys(free_thiol)
NDM5_671,37,1.93,-0.33,0.247,1.657,1,0.367,1,odd_Cys(free_thiol)
NDM5_672,37,-4.1,0.057,0.265,1.529,1,0.221,3,odd_Cys(free_thiol);motif_DP;homopolymer_run>=4
NDM5_673,37,-2.47,0.124,0.514,1.286,4,0.428,2,4_Cys;motif_DG
NDM5_674,37,-2.88,0.351,0.517,2.0,8,0.431,3,8_Cys;motif_DG;motif_DP
NDM5_675,37,-0.14,0.408,0.55,1.457,1,0.459,3,odd_Cys(free_thiol);motif_DG;motif_DP
NDM5_676,37,-4.98,-0.168,0.167,1.086,0,0.14,1,motif_NG
NDM5_677,37,-3.1,0.23,0.369,1.586,1,0.308,2,odd_Cys(free_thiol);motif_DP
NDM5_678,37,-5.25,-0.162,0.257,0.829,2,0.214,2,N-term_Met(ox);motif_DG
NDM5_679,37,1.09,-0.554,0.377,1.043,0,0.405,1,motif_NG
NDM5_680,35,-0.36,0.074,0.414,1.057,3,0.345,3,odd_Cys(free_thiol);3_Cys;motif_NG
NDM5_681,35,-1.99,0.434,0.438,1.357,0,0.365,0,
NDM5_682,35,0.01,0.091,0.442,1.986,0,0.369,0,
NDM5_683,35,-1.14,0.1,0.372,1.4,1,0.31,3,odd_Cys(free_thiol);motif_DP;motif_DS
NDM5_684,35,-0.25,0.16,0.429,1.371,2,0.358,1,motif_NG
NDM5_685,35,-1.06,0.117,0.57,1.614,1,0.475,1,odd_Cys(free_thiol)
NDM5_686,35,-5.1,-0.109,0.462,1.5,1,0.385,2,odd_Cys(free_thiol);N-term_Q/E(pyroglutamate)
NDM5_687,35,-6.99,-0.986,0.269,0.8,0,0.224,2,N-term_Met(ox);motif_DG
NDM5_688,35,-2.02,0.443,0.519,1.357,0,0.432,1,motif_DG
NDM5_689,35,-2.14,0.657,0.445,2.729,1,0.371,1,odd_Cys(free_thiol)
NDM5_690,43,-2.95,-0.219,0.466,1.314,0,0.388,1,oxidation_prone(M/W)
NDM5_691,43,0.05,0.147,0.449,2.743,0,0.378,2,motif_NG;motif_DG
NDM5_692,43,-2.14,0.27,0.574,2.043,1,0.478,1,odd_Cys(free_thiol)
NDM5_693,43,0.72,0.605,0.245,2.714,3,0.263,2,odd_Cys(free_thiol);3_Cys
NDM5_694,43,3.97,0.214,0.478,2.114,0,0.729,0,
NDM5_695,43,-2.95,-0.916,0.509,1.457,0,0.424,1,oxidation_prone(M/W)
NDM5_696,43,-5.25,-0.009,0.351,1.943,2,0.292,2,motif_NG;homopolymer_run>=4
NDM5_697,43,-1.03,0.284,0.323,1.786,0,0.269,1,motif_DS
NDM5_698,43,-9.03,-0.684,0.525,1.2,0,0.438,2,N-term_Q/E(pyroglutamate);motif_NG
NDM5_699,43,7.97,-0.974,0.684,0.986,0,1.0,0,
NDM5_700,40,-1.25,0.175,0.228,1.586,2,0.19,1,motif_DG
NDM5_701,40,-1.99,0.242,0.506,2.157,0,0.422,2,motif_DP;homopolymer_run>=4
NDM5_702,40,-9.02,-1.005,0.372,0.886,1,0.31,5,odd_Cys(free_thiol);N-term_Q/E(pyroglutamate);motif_DG;motif_DP;motif_DS
NDM5_703,40,-0.1,0.752,0.369,2.157,1,0.307,2,odd_Cys(free_thiol);homopolymer_run>=4
NDM5_704,40,-1.25,0.257,0.618,2.614,2,0.5,2,motif_DG;motif_DP
NDM5_705,40,1.68,-0.025,0.454,2.129,3,0.518,2,odd_Cys(free_thiol);3_Cys
NDM5_706,40,1.97,0.005,0.695,2.186,0,0.664,0,
NDM5_707,40,-4.62,-0.315,0.276,1.2,6,0.23,3,6_Cys;motif_NG;motif_DG
NDM5_708,40,-1.47,0.483,0.564,2.071,4,0.47,2,4_Cys;motif_DS
NDM5_709,40,-2.14,-0.348,0.481,0.829,1,0.401,4,odd_Cys(free_thiol);N-term_Met(ox);motif_DG;motif_DP
NDM5_710,21,-2.21,-0.019,0.204,0.857,2,0.17,1,motif_NS
NDM5_711,21,4.97,-0.662,0.567,2.129,0,0.887,0,
NDM5_712,21,-0.02,-1.014,0.492,-0.157,0,0.41,2,motif_DG;motif_DP
NDM5_713,21,0.97,0.452,0.215,0.871,0,0.26,0,
NDM5_714,21,0.97,0.029,0.42,0.771,0,0.431,1,motif_NS
NDM5_715,21,-0.02,0.09,0.225,0.886,0,0.187,2,N-term_Met(ox);homopolymer_run>=4
NDM5_716,21,-1.21,-0.324,0.55,1.214,2,0.458,1,oxidation_prone(M/W)
NDM5_717,21,-1.02,-0.51,0.245,-0.143,0,0.204,1,motif_DG
NDM5_718,21,-2.03,-0.405,0.443,0.743,0,0.369,2,N-term_Met(ox);motif_DS
NDM5_719,21,-1.03,-0.257,0.328,0.514,0,0.273,0,
NDM5_720,17,-2.14,0.106,0.319,1.171,1,0.266,2,odd_Cys(free_thiol);motif_DG
NDM5_721,17,-2.02,0.882,0.41,1.529,0,0.342,1,motif_DS
NDM5_722,17,0.97,0.047,0.238,1.157,0,0.28,0,
NDM5_723,17,-3.03,-1.512,0.541,-0.229,0,0.451,2,motif_DG;motif_DP
NDM5_724,17,-1.02,0.806,0.188,1.2,0,0.157,0,
NDM5_725,17,-0.02,-0.159,0.166,0.729,0,0.138,1,homopolymer_run>=4
NDM5_726,17,-0.25,-0.176,0.334,0.829,2,0.278,1,motif_DG
NDM5_727,17,-1.03,0.794,0.135,2.486,0,0.112,1,motif_DG
NDM5_728,17,-3.98,-0.994,0.194,-0.486,0,0.162,1,motif_DS
NDM5_729,17,0.01,-0.4,0.269,0.886,0,0.225,1,motif_NG
NDM5_730,21,1.98,-1.043,0.519,0.171,0,0.597,0,
NDM5_731,21,-0.02,0.119,0.477,1.014,0,0.397,3,N-term_Met(ox);homopolymer_run>=4;oxidation_prone(M/W)
NDM5_732,21,-1.02,-0.405,0.211,0.343,0,0.176,1,motif_DG
NDM5_733,21,0.01,0.086,0.358,0.486,0,0.299,1,motif_NG
NDM5_734,21,-0.03,-0.7,0.257,0.414,0,0.214,0,
NDM5_735,21,0.98,1.157,0.425,2.171,0,0.435,0,
NDM5_736,21,0.01,0.09,0.267,1.1,0,0.223,0,
NDM5_737,21,-1.43,0.633,0.268,1.2,4,0.223,2,4_Cys;motif_NG
NDM5_738,21,-0.03,-0.929,0.349,-0.243,0,0.291,1,motif_DG
NDM5_739,21,1.05,-0.829,0.498,0.729,0,0.503,1,motif_DG
NDM5_740,24,-2.02,-0.283,0.565,0.986,0,0.471,1,motif_DG
NDM5_741,24,0.97,0.708,0.216,1.429,0,0.261,0,
NDM5_742,24,-1.03,-0.742,0.395,-0.2,0,0.329,1,homopolymer_run>=4
NDM5_743,24,-3.02,-1.008,0.34,-0.071,0,0.283,2,motif_NG;motif_DG
NDM5_744,24,-0.03,-0.479,0.339,0.414,0,0.282,2,N-term_Q/E(pyroglutamate);motif_DG
NDM5_745,24,-1.02,0.842,0.255,1.657,0,0.213,1,homopolymer_run>=4
NDM5_746,24,-0.02,-0.583,0.689,1.543,0,0.5,1,oxidation_prone(M/W)
NDM5_747,24,-1.03,-0.679,0.572,0.743,0,0.477,0,
NDM5_748,24,-3.99,-0.263,0.386,0.757,0,0.322,2,motif_DG;motif_DS
NDM5_749,24,-1.99,-0.704,0.277,0.771,0,0.231,0,
NDM5_750,36,-2.02,-0.506,0.526,0.557,0,0.438,2,motif_DG;homopolymer_run>=4
NDM5_751,36,-3.03,-0.192,0.296,0.929,0,0.247,2,motif_DG;motif_NS
NDM5_752,36,-3.14,-0.311,0.313,0.471,1,0.261,3,odd_Cys(free_thiol);motif_DG;homopolymer_run>=4
NDM5_753,36,-1.02,-0.275,0.397,1.371,0,0.331,3,motif_NG;motif_DG;motif_DP
NDM5_754,36,-1.02,-1.492,0.582,-0.329,0,0.485,2,motif_DG;motif_DS
NDM5_755,36,0.09,-0.056,0.899,1.386,0,0.507,1,motif_DG
NDM5_756,36,-3.02,0.161,0.468,1.457,0,0.39,0,
NDM5_757,36,-2.03,-0.536,0.38,0.714,0,0.316,1,motif_NS
NDM5_758,36,2.09,-0.364,0.553,1.4,0,0.635,1,oxidation_prone(M/W)
NDM5_759,36,-3.25,0.453,0.411,2.186,2,0.342,1,motif_DG
NDM5_760,12,0.01,0.842,0.048,1.157,0,0.041,0,
NDM5_761,12,-0.95,-0.5,0.18,-0.314,0,0.15,1,motif_NS
NDM5_762,12,-0.14,0.008,0.082,0.286,1,0.068,1,odd_Cys(free_thiol)
NDM5_763,12,-0.02,0.783,0.047,0.857,0,0.039,1,homopolymer_run>=4
NDM5_764,12,0.97,0.2,0.318,0.3,0,0.346,0,
NDM5_765,12,-2.02,0.392,0.326,1.7,0,0.272,0,
NDM5_766,12,0.05,0.025,0.047,0.1,0,0.044,0,
NDM5_767,12,-0.03,0.483,0.11,1.214,0,0.091,0,
NDM5_768,12,-1.02,-0.158,0.264,0.214,0,0.22,1,motif_DG
NDM5_769,12,-1.99,-0.242,0.195,0.571,0,0.162,0,
NDM5_770,42,-1.51,-0.088,0.47,1.871,5,0.392,3,odd_Cys(free_thiol);5_Cys;motif_DG
NDM5_771,42,4.05,0.04,0.725,2.0,0,0.837,2,N-term_Q/E(pyroglutamate);motif_DS
NDM5_772,42,-2.1,-0.25,0.339,1.9,1,0.283,2,odd_Cys(free_thiol);motif_DG
NDM5_773,42,-1.58,0.144,0.41,1.271,5,0.342,4,odd_Cys(free_thiol);5_Cys;motif_DS;motif_NS
NDM5_774,42,-2.1,-0.657,0.621,0.657,1,0.5,2,odd_Cys(free_thiol);motif_DG
NDM5_775,42,-0.21,-0.152,0.353,1.857,2,0.294,1,motif_DP
NDM5_776,42,-4.99,-0.124,0.435,1.257,0,0.362,0,
NDM5_777,42,-2.14,0.55,0.467,2.314,1,0.389,1,odd_Cys(free_thiol)
NDM5_778,42,-2.03,0.645,0.462,2.186,0,0.385,0,
NDM5_779,42,-8.47,-0.114,0.193,2.014,4,0.161,2,4_Cys;motif_DG
NDM5_780,17,0.97,0.006,0.282,0.843,0,0.316,0,
NDM5_781,17,-2.02,-0.141,0.382,0.6,0,0.318,0,
NDM5_782,17,-1.02,0.506,0.285,1.814,0,0.237,1,motif_DP
NDM5_783,17,0.98,-0.559,0.482,-0.357,0,0.483,1,motif_NG
NDM5_784,17,-0.03,-1.0,0.37,-0.114,0,0.308,2,motif_DG;homopolymer_run>=4
NDM5_785,17,1.97,0.194,0.545,1.271,0,0.618,0,
NDM5_786,17,0.98,0.247,0.522,0.929,0,0.516,2,N-term_Met(ox);motif_DP
NDM5_787,17,-1.99,-0.229,0.231,0.5,0,0.192,1,motif_DG
NDM5_788,17,-1.1,0.129,0.244,0.614,1,0.204,1,odd_Cys(free_thiol)
NDM5_789,17,-0.03,-1.312,0.477,-0.914,0,0.397,0,
NDM5_790,29,1.64,-0.214,0.495,1.443,4,0.549,1,4_Cys
NDM5_791,29,-0.02,0.6,0.496,1.629,0,0.413,0,
NDM5_792,29,3.05,-1.183,0.632,0.257,0,0.754,1,motif_DG
NDM5_793,29,-0.25,-0.7,0.553,0.129,2,0.461,0,
NDM5_794,29,-2.06,0.114,0.313,1.657,1,0.261,2,odd_Cys(free_thiol);motif_DG
NDM5_795,29,-4.06,0.269,0.424,0.886,1,0.353,2,odd_Cys(free_thiol);motif_DG
NDM5_796,29,-0.02,0.121,0.318,1.114,0,0.265,0,
NDM5_797,29,-1.99,-0.448,0.472,1.214,0,0.394,1,motif_NG
NDM5_798,29,-0.66,-0.669,0.495,1.314,6,0.413,2,6_Cys;motif_NG
NDM5_799,29,3.09,-0.5,0.997,1.2,0,0.758,0,
NDM5_800,23,-4.02,-0.209,0.431,0.957,0,0.36,1,motif_DG
NDM5_801,23,-3.14,0.97,0.272,2.671,1,0.227,1,odd_Cys(free_thiol)
NDM5_802,23,-1.21,0.83,0.217,1.786,2,0.181,1,motif_DG
NDM5_803,23,0.97,-0.352,0.476,0.714,0,0.477,2,N-term_Met(ox);oxidation_prone(M/W)
NDM5_804,23,-2.14,-0.93,0.315,0.629,1,0.263,2,odd_Cys(free_thiol);motif_NS
NDM5_805,23,-1.03,0.274,0.317,1.657,0,0.264,0,
NDM5_806,23,2.9,-0.239,0.42,0.986,1,0.592,3,odd_Cys(free_thiol);N-term_Q/E(pyroglutamate);motif_NS
NDM5_807,23,1.98,0.009,0.581,1.057,0,0.649,0,
NDM5_808,23,-1.03,0.478,0.298,1.843,0,0.248,0,
NDM5_809,23,-1.02,0.296,0.365,1.929,0,0.304,0,
NDM5_810,41,-1.69,0.454,0.831,1.214,6,0.5,2,6_Cys;motif_NS
NDM5_811,41,-1.55,-0.541,0.357,0.657,5,0.298,4,odd_Cys(free_thiol);5_Cys;motif_DG;motif_DP
NDM5_812,41,-2.47,0.061,0.597,2.543,4,0.498,3,4_Cys;N-term_Met(ox);motif_DS
NDM5_813,41,-7.32,-0.283,0.46,1.686,3,0.384,3,odd_Cys(free_thiol);3_Cys;motif_DG
NDM5_814,41,2.75,-0.171,0.667,1.129,2,0.729,2,motif_NG;motif_NS
NDM5_815,41,-5.32,-0.841,0.421,0.629,3,0.35,4,odd_Cys(free_thiol);3_Cys;motif_DG;homopolymer_run>=4
NDM5_816,41,-3.69,0.615,0.302,1.829,6,0.252,2,6_Cys;motif_NG
NDM5_817,41,-2.13,0.239,0.514,1.643,1,0.428,2,odd_Cys(free_thiol);motif_DS
NDM5_818,41,-3.02,0.022,0.464,1.486,0,0.386,0,
NDM5_819,41,-1.02,0.388,0.426,1.914,0,0.355,2,motif_NG;homopolymer_run>=4
NDM5_820,16,-3.03,-0.713,0.154,0.271,0,0.128,0,
NDM5_821,16,-0.02,1.169,0.217,1.714,0,0.181,1,homopolymer_run>=4
NDM5_822,16,1.05,-0.013,0.421,0.771,0,0.439,0,
NDM5_823,16,-0.95,-0.988,0.179,-0.014,0,0.149,0,
NDM5_824,16,-0.02,-0.169,0.313,0.429,0,0.261,1,motif_DG
NDM5_825,16,-2.03,-0.644,0.404,-0.0,0,0.337,1,motif_DG
NDM5_826,16,-1.14,0.4,0.268,1.129,1,0.223,2,odd_Cys(free_thiol);motif_NS
NDM5_827,16,0.98,-0.4,0.228,0.771,0,0.271,0,
NDM5_828,16,-2.03,-0.425,0.268,0.286,0,0.223,1,motif_NG
NDM5_829,16,-2.02,-0.388,0.476,0.029,0,0.397,3,N-term_Met(ox);motif_DS;motif_NS
NDM5_830,37,0.86,-0.357,0.464,1.1,1,0.459,1,odd_Cys(free_thiol)
NDM5_831,37,-0.14,-0.243,0.619,1.586,1,0.5,1,odd_Cys(free_thiol)
NDM5_832,37,-4.02,-0.0,0.303,1.029,0,0.253,1,N-term_Q/E(pyroglutamate)
NDM5_833,37,0.79,0.149,0.702,1.857,2,0.566,3,motif_NG;motif_DG;homopolymer_run>=4
NDM5_834,37,1.97,0.557,0.462,2.5,0,0.549,0,
NDM5_835,37,0.01,-0.17,0.354,1.386,0,0.296,3,N-term_Met(ox);motif_NG;oxidation_prone(M/W)
NDM5_836,37,-0.14,-0.543,0.456,0.871,1,0.38,1,odd_Cys(free_thiol)
NDM5_837,37,3.93,-0.019,0.382,1.443,1,0.646,1,odd_Cys(free_thiol)
NDM5_838,37,-1.95,0.272,0.323,2.157,0,0.269,1,motif_DG
NDM5_839,37,-0.14,-0.032,0.347,2.043,1,0.29,2,odd_Cys(free_thiol);motif_DP
NDM5_840,31,-0.02,-0.026,0.921,1.143,0,0.5,0,
NDM5_841,31,-2.02,1.068,0.511,2.014,0,0.426,0,
NDM5_842,31,-0.03,0.194,0.295,1.457,0,0.246,0,
NDM5_843,31,-0.14,0.387,0.578,1.443,1,0.482,1,odd_Cys(free_thiol)
NDM5_844,31,-3.03,-0.119,0.336,1.3,0,0.28,0,
NDM5_845,31,-3.03,-0.045,0.233,1.443,0,0.194,0,
NDM5_846,31,-1.14,-0.587,0.221,1.429,1,0.184,4,odd_Cys(free_thiol);N-term_Q/E(pyroglutamate);motif_NG;motif_DS
NDM5_847,31,0.86,0.335,0.54,2.414,1,0.522,2,odd_Cys(free_thiol);motif_DG
NDM5_848,31,-1.99,0.135,0.28,1.043,0,0.234,1,motif_DG
NDM5_849,31,1.01,0.465,0.482,1.886,0,0.486,1,motif_DG
NDM5_850,26,-2.14,-0.604,0.397,1.371,1,0.331,3,odd_Cys(free_thiol);motif_DG;motif_DP
NDM5_851,26,0.97,-1.308,0.734,0.4,0,0.581,2,motif_DG;motif_DS
NDM5_852,26,-1.1,-0.073,0.282,0.9,1,0.235,2,odd_Cys(free_thiol);motif_DS
NDM5_853,26,-0.95,0.865,0.164,2.657,0,0.136,1,motif_DG
NDM5_854,26,-3.25,0.454,0.233,1.471,2,0.194,0,
NDM5_855,26,-1.25,0.338,0.281,1.243,2,0.234,1,motif_DG
NDM5_856,26,0.98,0.938,0.464,2.129,0,0.468,2,motif_DG;homopolymer_run>=4
NDM5_857,26,-3.14,0.304,0.317,2.271,1,0.264,2,odd_Cys(free_thiol);motif_NG
NDM5_858,26,-1.14,0.112,0.274,1.771,1,0.228,2,odd_Cys(free_thiol);motif_DG
NDM5_859,26,2.01,0.038,0.593,1.2,0,0.662,2,N-term_Met(ox);motif_NS
NDM5_860,37,-4.91,-1.07,0.41,0.043,0,0.342,1,motif_NG
NDM5_861,37,-2.03,0.03,0.532,1.286,0,0.444,1,motif_DS
NDM5_862,37,3.75,0.614,0.521,2.671,2,0.746,1,motif_DG
NDM5_863,37,-2.02,-0.041,0.601,0.986,0,0.5,2,N-term_Met(ox);motif_DG
NDM5_864,37,-0.83,-0.192,0.273,1.057,0,0.227,0,
NDM5_865,37,-2.32,0.016,0.346,1.643,3,0.289,5,odd_Cys(free_thiol);3_Cys;motif_DS;motif_NS;homopolymer_run>=4
NDM5_866,37,2.97,-0.078,0.364,0.986,0,0.551,1,N-term_Met(ox)
NDM5_867,37,-2.03,-0.362,0.522,0.957,0,0.435,1,motif_DS
NDM5_868,37,-5.02,-0.405,0.358,1.757,0,0.298,2,motif_NG;motif_DP
NDM5_869,37,0.01,-0.914,0.379,0.643,0,0.317,3,motif_NG;motif_DG;oxidation_prone(M/W)
NDM5_870,30,-3.06,-0.207,0.561,1.143,1,0.467,2,odd_Cys(free_thiol);motif_DG
NDM5_871,30,-3.02,-1.037,0.556,0.014,0,0.464,1,motif_NG
NDM5_872,30,-2.47,-0.203,0.49,1.557,4,0.409,1,4_Cys
NDM5_873,30,-3.03,1.15,0.288,2.671,0,0.24,2,motif_DG;homopolymer_run>=4
NDM5_874,30,2.02,-1.223,0.525,0.343,0,0.605,0,
NDM5_875,30,-2.25,0.83,0.335,1.829,2,0.279,0,
NDM5_876,30,-0.99,0.44,0.589,2.5,0,0.491,1,motif_DG
NDM5_877,30,-0.1,-0.177,0.237,1.357,1,0.198,3,odd_Cys(free_thiol);motif_DG;motif_NS
NDM5_878,30,-2.02,0.263,0.704,1.114,0,0.5,0,
NDM5_879,30,-3.02,0.263,0.361,1.614,0,0.301,2,N-term_Q/E(pyroglutamate);motif_DP
NDM5_880,40,-1.1,0.32,0.365,1.514,1,0.304,1,odd_Cys(free_thiol)
NDM5_881,40,-3.21,-0.133,0.574,1.086,2,0.479,2,motif_DG;motif_DP
NDM5_882,40,-1.1,0.242,0.391,2.129,1,0.326,2,odd_Cys(free_thiol);N-term_Met(ox)
NDM5_883,40,0.01,0.062,0.67,1.586,0,0.501,0,
NDM5_884,40,-3.02,0.305,0.403,2.086,0,0.336,3,motif_NG;motif_DP;motif_DS
NDM5_885,40,-2.14,0.472,0.458,1.7,1,0.382,2,odd_Cys(free_thiol);motif_DG
NDM5_886,40,-3.03,0.667,0.288,2.114,0,0.24,1,motif_NG
NDM5_887,40,-2.55,-0.398,0.351,1.686,5,0.292,5,odd_Cys(free_thiol);5_Cys;motif_NG;motif_DS;homopolymer_run>=4
NDM5_888,40,-2.58,-0.425,0.294,1.457,5,0.245,4,odd_Cys(free_thiol);5_Cys;motif_NG;motif_DS
NDM5_889,40,-3.43,-0.078,0.388,1.171,4,0.323,2,4_Cys;motif_DP
NDM5_890,29,0.98,1.231,0.585,2.086,0,0.569,0,
NDM5_891,29,-2.02,0.09,0.395,2.229,1,0.329,1,odd_Cys(free_thiol)
NDM5_892,29,-1.02,-0.0,0.286,1.643,0,0.238,1,motif_DG
NDM5_893,29,-0.14,0.017,0.402,1.786,1,0.335,2,odd_Cys(free_thiol);motif_DG
NDM5_894,29,1.98,-0.034,0.761,1.029,0,0.665,0,
NDM5_895,29,-2.14,0.314,0.403,1.057,1,0.336,2,odd_Cys(free_thiol);motif_DS
NDM5_896,29,-3.03,-0.052,0.393,1.186,0,0.327,1,motif_DS
NDM5_897,29,-0.14,-0.507,0.485,0.657,1,0.404,1,odd_Cys(free_thiol)
NDM5_898,29,-1.98,-0.045,0.68,1.371,0,0.5,0,
NDM5_899,29,0.05,-0.175,0.546,0.614,0,0.459,1,motif_DG
NDM5_900,17,-3.02,-0.706,0.195,1.129,0,0.163,0,
NDM5_901,17,0.01,-0.312,0.247,0.257,0,0.207,1,motif_DG
NDM5_902,17,-3.02,-0.506,0.401,-0.057,0,0.334,0,
NDM5_903,17,-1.02,-0.694,0.281,-0.029,0,0.234,0,
NDM5_904,17,-0.02,0.118,0.186,0.671,0,0.155,0,
NDM5_905,17,-0.02,0.2,0.311,1.486,0,0.259,0,
NDM5_906,17,-1.03,-0.712,0.343,-0.357,0,0.286,0,
NDM5_907,17,-3.02,-0.753,0.419,0.114,0,0.349,1,motif_DS
NDM5_908,17,-0.02,-0.141,0.258,0.771,0,0.215,1,motif_NG
NDM5_909,17,-1.02,-0.476,0.328,0.186,0,0.273,1,motif_DP
NDM5_910,34,-0.7,-0.074,0.419,1.4,6,0.349,2,6_Cys;motif_DG
NDM5_911,34,-2.02,0.697,0.486,1.986,0,0.405,2,N-term_Met(ox);oxidation_prone(M/W)
NDM5_912,34,-0.14,-0.541,0.432,0.414,1,0.36,1,odd_Cys(free_thiol)
NDM5_913,34,-3.99,-0.238,0.575,1.171,0,0.479,1,motif_DG
NDM5_914,34,-2.14,0.235,0.49,1.214,1,0.409,2,odd_Cys(free_thiol);motif_NG
NDM5_915,34,1.94,0.697,0.403,2.471,1,0.497,1,odd_Cys(free_thiol)
NDM5_916,34,-0.03,0.15,0.272,1.371,0,0.227,0,
NDM5_917,34,1.97,-0.488,0.564,0.729,0,0.634,0,
NDM5_918,34,0.75,-0.268,0.545,2.529,2,0.517,2,N-term_Q/E(pyroglutamate);motif_DG
NDM5_919,34,-1.03,0.553,0.451,2.171,9,0.376,3,odd_Cys(free_thiol);9_Cys;homopolymer_run>=4
NDM5_920,29,-4.13,-0.503,0.532,0.757,1,0.444,2,odd_Cys(free_thiol);motif_DS
NDM5_921,29,4.86,-0.517,0.626,0.843,1,0.905,1,odd_Cys(free_thiol)
NDM5_922,29,3.01,-0.403,0.85,1.343,0,0.751,0,
NDM5_923,29,-4.02,-0.583,0.487,0.6,0,0.406,1,motif_DG
NDM5_924,29,-2.14,0.445,0.367,1.9,1,0.306,2,odd_Cys(free_thiol);motif_DG
NDM5_925,29,1.98,0.417,0.771,1.543,0,0.665,0,
NDM5_926,29,0.19,0.503,0.262,1.129,7,0.234,2,odd_Cys(free_thiol);7_Cys
NDM5_927,29,-0.99,0.59,0.454,2.071,0,0.378,2,motif_DS;oxidation_prone(M/W)
NDM5_928,29,-0.21,0.283,0.672,2.1,2,0.5,0,
NDM5_929,29,1.05,0.448,0.406,2.429,0,0.426,1,homopolymer_run>=4
NDM5_930,18,-3.98,-1.233,0.344,-0.171,0,0.287,1,motif_NS
NDM5_931,18,-2.03,-0.7,0.412,0.086,0,0.343,2,motif_DG;motif_DP
NDM5_932,18,-0.02,1.944,0.129,2.486,0,0.108,1,homopolymer_run>=4
NDM5_933,18,-1.02,-0.133,0.16,0.543,0,0.133,1,homopolymer_run>=4
NDM5_934,18,-2.02,0.544,0.453,1.6,0,0.378,1,motif_DG
NDM5_935,18,-1.02,-1.028,0.454,0.3,0,0.379,0,
NDM5_936,18,-1.02,-0.411,0.324,1.214,0,0.27,0,
NDM5_937,18,-4.02,-0.872,0.344,-0.029,0,0.286,3,motif_NG;motif_DG;motif_NS
NDM5_938,18,-1.02,1.094,0.285,1.543,0,0.237,0,
NDM5_939,18,-0.99,-0.833,0.268,-0.871,0,0.223,0,
NDM5_940,42,-2.02,0.695,0.43,1.8,0,0.358,1,oxidation_prone(M/W)
NDM5_941,42,-2.14,0.267,0.301,1.471,1,0.251,3,odd_Cys(free_thiol);N-term_Met(ox);oxidation_prone(M/W)
NDM5_942,42,-4.58,0.086,0.626,1.286,5,0.5,2,odd_Cys(free_thiol);5_Cys
NDM5_943,42,-1.03,0.312,0.53,1.986,0,0.442,1,motif_NG
NDM5_944,42,-3.99,-0.088,0.512,1.4,0,0.427,0,
NDM5_945,42,-2.1,0.345,0.539,2.471,1,0.449,2,odd_Cys(free_thiol);motif_DP
NDM5_946,42,-0.36,-0.221,0.383,1.129,3,0.319,4,odd_Cys(free_thiol);3_Cys;motif_DG;oxidation_prone(M/W)
NDM5_947,42,0.86,0.417,0.275,2.257,1,0.301,1,odd_Cys(free_thiol)
NDM5_948,42,-5.17,-0.24,0.438,1.743,2,0.365,1,homopolymer_run>=4
NDM5_949,42,2.9,0.276,0.379,2.271,1,0.557,1,odd_Cys(free_thiol)
NDM5_950,37,-0.1,-0.251,0.641,0.886,1,0.5,5,odd_Cys(free_thiol);motif_NG;motif_DG;motif_DP;homopolymer_run>=4
NDM5_951,37,-2.47,0.362,0.429,1.543,4,0.358,2,4_Cys;motif_NG
NDM5_952,37,-2.32,-0.559,0.486,1.329,3,0.405,3,odd_Cys(free_thiol);3_Cys;motif_DG
NDM5_953,37,-0.03,-0.035,0.544,2.129,0,0.453,0,
NDM5_954,37,0.75,0.057,0.654,1.743,2,0.563,0,
NDM5_955,37,-2.02,0.035,0.563,1.429,0,0.469,1,motif_DG
NDM5_956,37,-3.02,-0.5,0.646,0.643,0,0.5,1,motif_DG
NDM5_957,37,-0.1,0.597,0.326,1.8,1,0.272,1,odd_Cys(free_thiol)
NDM5_958,37,-4.02,-0.281,0.648,1.329,0,0.5,3,N-term_Met(ox);motif_DG;motif_DS
NDM5_959,37,-3.25,0.322,0.416,1.771,2,0.347,3,motif_DG;motif_DP;motif_DS
NDM5_960,15,-0.14,0.48,0.249,1.343,1,0.207,1,odd_Cys(free_thiol)
NDM5_961,15,-0.14,0.257,0.275,1.033,1,0.23,1,odd_Cys(free_thiol)
NDM5_962,15,0.98,-0.667,0.317,0.343,0,0.346,1,motif_NS
NDM5_963,15,-3.02,-0.227,0.247,0.057,0,0.206,1,motif_DS
NDM5_964,15,-1.02,1.387,0.108,2.9,0,0.09,0,
NDM5_965,15,-1.02,0.007,0.144,0.614,0,0.12,1,motif_DG
NDM5_966,15,-1.14,-0.433,0.365,0.9,1,0.304,1,odd_Cys(free_thiol)
NDM5_967,15,0.97,-0.567,0.546,0.1,0,0.536,1,motif_DG
NDM5_968,15,2.97,-0.767,0.428,0.786,0,0.604,0,
NDM5_969,15,-1.02,0.413,0.247,1.529,0,0.206,0,
NDM5_970,16,-2.14,-0.65,0.408,-0.029,1,0.34,1,odd_Cys(free_thiol)
NDM5_971,16,-0.02,-0.713,0.362,0.414,0,0.301,1,N-term_Met(ox)
NDM5_972,16,-2.14,-1.431,0.189,0.586,1,0.158,2,odd_Cys(free_thiol);motif_DP
NDM5_973,16,0.01,-0.681,0.188,-0.243,0,0.158,1,oxidation_prone(M/W)
NDM5_974,16,-2.02,-0.456,0.39,0.543,0,0.325,0,
NDM5_975,16,1.01,0.537,0.338,2.429,0,0.367,0,
NDM5_976,16,0.98,0.562,0.222,1.729,0,0.266,1,N-term_Met(ox)
NDM5_977,16,-0.02,0.875,0.174,2.029,0,0.145,0,
NDM5_978,16,-0.25,0.356,0.172,1.586,2,0.144,0,
NDM5_979,16,0.86,-0.388,0.292,0.043,1,0.315,2,odd_Cys(free_thiol);motif_NG
NDM5_980,17,-0.1,0.006,0.454,0.8,1,0.378,1,odd_Cys(free_thiol)
NDM5_981,17,-3.02,-0.312,0.445,0.229,0,0.371,0,
NDM5_982,17,-3.14,0.524,0.371,1.157,1,0.309,2,odd_Cys(free_thiol);motif_DG
NDM5_983,17,-1.02,0.853,0.249,1.786,0,0.208,0,
NDM5_984,17,-1.14,0.541,0.195,1.371,1,0.162,1,odd_Cys(free_thiol)
NDM5_985,17,-0.02,0.476,0.409,1.843,0,0.34,1,oxidation_prone(M/W)
NDM5_986,17,-1.98,-1.671,0.451,-0.643,0,0.376,2,N-term_Q/E(pyroglutamate);motif_NG
NDM5_987,17,-0.02,-0.106,0.581,1.471,0,0.484,2,N-term_Q/E(pyroglutamate);motif_NS
NDM5_988,17,-0.02,-0.959,0.5,-0.571,0,0.416,0,
NDM5_989,17,-0.02,0.512,0.208,2.286,0,0.173,1,motif_NG
NDM5_990,41,0.31,0.195,0.372,1.643,6,0.335,3,6_Cys;N-term_Q/E(pyroglutamate);motif_DG
NDM5_991,41,-4.43,0.127,0.407,2.357,4,0.339,2,4_Cys;motif_DG
NDM5_992,41,-0.99,-1.329,0.562,0.014,0,0.468,2,motif_NG;motif_DG
NDM5_993,41,-3.02,-0.395,0.404,2.1,0,0.337,2,motif_DG;oxidation_prone(M/W)
NDM5_994,41,-0.02,0.79,0.528,2.4,0,0.44,3,N-term_Q/E(pyroglutamate);motif_NG;oxidation_prone(M/W)
NDM5_995,41,-1.03,0.241,0.377,1.014,0,0.314,1,motif_DG
NDM5_996,41,2.9,-0.163,0.542,1.443,1,0.693,3,odd_Cys(free_thiol);N-term_Met(ox);oxidation_prone(M/W)
NDM5_997,41,-1.03,0.361,0.286,1.571,0,0.239,1,oxidation_prone(M/W)
NDM5_998,41,-3.02,-0.276,0.476,2.6,0,0.397,2,motif_DP;motif_NS
NDM5_999,41,-0.02,0.405,0.449,2.129,0,0.374,1,motif_NS
NDM5_0000,17,-1.02,0.859,0.259,1.443,0,0.216,0,
NDM5_0001,17,-0.02,0.988,0.149,1.314,0,0.124,1,homopolymer_run>=4
NDM5_0002,17,1.01,0.488,0.376,1.914,0,0.398,0,
NDM5_0003,17,-1.02,0.729,0.218,2.229,0,0.182,1,motif_DG
NDM5_0004,17,-0.25,0.882,0.138,1.557,2,0.115,0,
NDM5_0005,17,-0.02,0.112,0.312,0.429,0,0.26,0,
NDM5_0006,17,0.98,0.218,0.491,0.714,0,0.491,0,
NDM5_0007,17,-1.02,0.471,0.19,1.043,0,0.159,0,
NDM5_0008,17,-0.02,1.188,0.159,1.457,0,0.133,0,
NDM5_0009,17,-0.02,0.935,0.221,1.671,0,0.184,0,
NDM5_0030,20,-0.99,-0.01,0.373,0.929,0,0.311,0,
NDM5_0031,20,-0.02,0.855,0.205,1.6,0,0.171,0,
NDM5_0032,20,-1.02,-0.595,0.689,0.286,0,0.5,1,motif_NG
NDM5_0033,20,-2.03,-0.755,0.307,-0.143,0,0.256,0,
NDM5_0034,20,-0.02,0.97,0.209,1.6,0,0.174,1,homopolymer_run>=4
NDM5_0035,20,-0.02,1.17,0.136,1.771,0,0.113,1,homopolymer_run>=4
NDM5_0036,20,-2.14,0.2,0.308,1.886,1,0.257,1,odd_Cys(free_thiol)
NDM5_0037,20,-0.03,0.55,0.48,2.057,0,0.4,0,
NDM5_0038,20,-0.02,0.795,0.381,1.357,0,0.317,0,
NDM5_0039,20,-0.99,0.435,0.434,1.4,0,0.362,0,
NDM5_0060,33,2.98,-0.285,0.907,1.471,0,0.748,0,
NDM5_0061,33,-0.02,0.576,0.611,1.329,0,0.5,1,homopolymer_run>=4
NDM5_0062,33,-0.14,0.906,0.474,1.8,1,0.395,2,odd_Cys(free_thiol);homopolymer_run>=4
NDM5_0063,33,-1.02,0.655,0.471,1.386,0,0.393,2,motif_DP;homopolymer_run>=4
NDM5_0064,33,-3.02,0.406,0.524,1.9,0,0.437,0,
NDM5_0065,33,-3.02,0.355,0.481,1.343,0,0.401,1,homopolymer_run>=4
NDM5_0066,33,-2.02,0.836,0.347,1.8,0,0.29,1,homopolymer_run>=4
NDM5_0067,33,1.98,1.37,0.358,2.429,0,0.463,1,homopolymer_run>=4
NDM5_0068,33,0.98,1.342,0.306,1.8,0,0.336,1,homopolymer_run>=4
NDM5_0069,33,0.82,0.636,0.449,2.014,2,0.442,0,
NDM5_0090,19,-0.02,0.0,0.304,0.829,0,0.254,1,motif_DG
NDM5_0091,19,0.97,0.126,0.42,1.586,0,0.432,1,motif_DG
NDM5_0092,19,-1.02,0.505,0.219,1.343,0,0.183,1,motif_DG
NDM5_0093,19,-1.02,0.953,0.218,1.686,0,0.182,0,
NDM5_0094,19,-0.02,0.653,0.372,1.029,0,0.31,0,
NDM5_0095,19,-0.02,0.358,0.487,0.971,0,0.406,1,motif_DG
NDM5_0096,19,-0.02,0.3,0.299,1.071,0,0.249,0,
NDM5_0097,19,-1.02,0.384,0.181,1.471,0,0.151,1,motif_DG
NDM5_0098,19,-1.02,1.505,0.185,2.371,0,0.154,1,homopolymer_run>=4
NDM5_0099,19,-1.02,1.153,0.158,2.086,0,0.132,2,motif_DP;homopolymer_run>=4
NDM5_0120,20,1.86,-0.065,0.359,1.071,1,0.455,2,odd_Cys(free_thiol);motif_DP
NDM5_0121,20,0.98,0.565,0.329,1.8,0,0.355,0,
NDM5_0122,20,0.97,0.485,0.382,0.971,0,0.399,0,
NDM5_0123,20,-0.02,1.415,0.111,3.029,0,0.093,0,
NDM5_0124,20,-1.02,0.375,0.286,0.943,0,0.238,0,
NDM5_0125,20,-1.02,0.54,0.234,1.029,0,0.195,0,
NDM5_0126,20,-3.02,-0.28,0.407,0.529,0,0.339,1,motif_DP
NDM5_0127,20,-1.02,0.985,0.135,1.829,0,0.113,1,homopolymer_run>=4
NDM5_0128,20,-0.02,0.79,0.216,1.3,0,0.18,0,
NDM5_0129,20,-0.02,0.34,0.216,1.843,0,0.18,0,
NDM5_0150,26,-2.02,0.508,0.691,1.643,0,0.5,1,motif_DG
NDM5_0151,26,2.05,0.915,0.576,1.8,0,0.651,0,
NDM5_0152,26,0.01,0.573,0.258,1.543,0,0.216,0,
NDM5_0153,26,-2.03,0.281,0.364,1.929,0,0.303,0,
NDM5_0154,26,-1.02,0.892,0.407,2.371,0,0.339,2,motif_DG;homopolymer_run>=4
NDM5_0155,26,-0.02,1.123,0.097,1.814,0,0.081,1,homopolymer_run>=4
NDM5_0156,26,-1.02,0.569,0.544,2.371,0,0.453,3,motif_DG;motif_DP;homopolymer_run>=4
NDM5_0157,26,-3.02,1.308,0.271,2.371,0,0.226,2,motif_DG;homopolymer_run>=4
NDM5_0158,26,-2.02,0.373,0.733,1.614,0,0.5,0,
NDM5_0159,26,-0.02,1.462,0.032,1.8,0,0.027,1,homopolymer_run>=4
NDM5_0180,33,-2.02,0.403,0.385,1.771,0,0.32,1,homopolymer_run>=4
NDM5_0181,33,-1.47,0.33,0.321,0.943,4,0.268,2,4_Cys;motif_DG
NDM5_0182,33,-1.98,0.03,0.626,2.043,0,0.5,1,motif_DS
NDM5_0183,33,-1.03,1.233,0.201,2.086,0,0.167,1,homopolymer_run>=4
NDM5_0184,33,-2.81,0.336,0.262,1.343,7,0.219,3,odd_Cys(free_thiol);7_Cys;motif_NG
NDM5_0185,33,-1.99,0.324,0.493,0.986,0,0.411,1,N-term_Met(ox)
NDM5_0186,33,-0.99,1.421,0.324,2.371,0,0.27,1,homopolymer_run>=4
NDM5_0187,33,-2.02,0.215,0.596,2.086,0,0.497,1,homopolymer_run>=4
NDM5_0188,33,-1.02,1.239,0.526,2.086,0,0.438,1,homopolymer_run>=4
NDM5_0189,33,-0.02,0.912,0.449,1.8,0,0.374,1,homopolymer_run>=4
NDM5_0210,44,-1.02,1.484,0.149,1.829,0,0.124,1,homopolymer_run>=4
NDM5_0211,44,-0.02,1.6,0.029,1.8,0,0.024,1,homopolymer_run>=4
NDM5_0212,44,-0.95,1.336,0.219,2.371,0,0.182,1,homopolymer_run>=4
NDM5_0213,44,-2.02,0.923,0.42,2.114,0,0.35,1,homopolymer_run>=4
NDM5_0214,44,-3.02,0.677,0.493,3.257,0,0.411,1,motif_DS
NDM5_0215,44,-0.02,1.543,0.069,1.8,0,0.057,1,homopolymer_run>=4
NDM5_0216,44,-1.02,1.166,0.419,1.8,0,0.349,1,homopolymer_run>=4
NDM5_0217,44,0.98,1.607,0.266,2.429,0,0.303,1,homopolymer_run>=4
NDM5_0218,44,-0.02,1.5,0.024,1.8,0,0.02,1,homopolymer_run>=4
NDM5_0219,44,-0.02,1.65,0.034,1.8,0,0.028,1,homopolymer_run>=4
NDM5_0240,45,-6.02,0.704,0.302,2.857,0,0.251,2,N-term_Met(ox);motif_DG
NDM5_0241,45,-0.02,1.062,0.296,1.8,0,0.247,1,homopolymer_run>=4
NDM5_0242,45,0.53,0.524,0.312,2.043,4,0.304,1,4_Cys
NDM5_0243,45,-1.02,1.58,0.149,2.086,0,0.124,1,homopolymer_run>=4
NDM5_0244,45,0.98,1.356,0.299,2.086,0,0.331,1,homopolymer_run>=4
NDM5_0245,45,0.98,1.16,0.459,2.5,0,0.464,1,homopolymer_run>=4
NDM5_0246,45,-2.02,1.202,0.509,2.629,0,0.424,0,
NDM5_0247,45,-1.02,1.336,0.459,2.429,0,0.382,1,homopolymer_run>=4
NDM5_0248,45,0.98,1.231,0.547,2.714,0,0.537,1,homopolymer_run>=4
NDM5_0249,45,2.98,1.253,0.394,2.2,0,0.576,1,homopolymer_run>=4
NDM5_0270,16,-0.02,1.175,0.211,1.9,0,0.176,0,
NDM5_0271,16,-1.02,1.137,0.18,2.114,0,0.15,0,
NDM5_0272,16,0.98,0.594,0.243,1.429,0,0.284,0,
NDM5_0273,16,0.98,0.475,0.348,0.871,0,0.371,1,motif_NS
NDM5_0274,16,-0.03,0.794,0.155,1.371,0,0.129,0,
NDM5_0275,16,-0.02,1.106,0.178,1.571,0,0.148,0,
NDM5_0276,16,-0.02,0.963,0.131,1.129,0,0.109,0,
NDM5_0277,16,-0.02,0.212,0.311,0.729,0,0.259,0,
NDM5_0278,16,-0.02,0.119,0.167,0.886,0,0.139,0,
NDM5_0279,16,1.01,0.562,0.386,1.171,0,0.406,0,
NDM5_0300,14,-0.02,1.314,0.07,1.514,0,0.059,0,
NDM5_0301,14,-0.03,0.414,0.205,0.7,0,0.171,0,
NDM5_0302,14,0.97,0.264,0.173,0.829,0,0.226,0,
NDM5_0303,14,-1.02,0.093,0.279,0.686,0,0.232,0,
NDM5_0304,14,-1.02,0.514,0.294,1.6,0,0.245,1,motif_DP
NDM5_0305,14,0.97,0.886,0.355,0.943,0,0.377,0,
NDM5_0306,14,-0.25,1.236,0.134,1.557,2,0.112,0,
NDM5_0307,14,0.64,0.793,0.238,1.171,3,0.252,2,odd_Cys(free_thiol);3_Cys
NDM5_0308,14,-0.02,0.393,0.108,1.114,0,0.09,0,
NDM5_0309,14,0.75,0.264,0.36,0.314,2,0.362,0,
NDM5_0330,26,-2.02,0.919,0.309,1.8,0,0.258,1,N-term_Met(ox)
NDM5_0331,26,-2.02,1.373,0.322,2.914,0,0.268,0,
NDM5_0332,26,-3.98,0.638,0.366,1.657,0,0.305,0,
NDM5_0333,26,-1.02,1.308,0.324,2.371,0,0.27,1,homopolymer_run>=4
NDM5_0334,26,-0.02,1.042,0.295,2.257,0,0.245,1,motif_DS
NDM5_0335,26,-2.02,-0.227,0.434,1.9,0,0.361,2,motif_DG;motif_DS
NDM5_0336,26,0.97,0.512,0.363,1.114,0,0.383,1,homopolymer_run>=4
NDM5_0337,26,-0.02,0.931,0.291,2.1,0,0.242,0,
NDM5_0338,26,-1.02,1.462,0.18,2.371,0,0.15,1,homopolymer_run>=4
NDM5_0339,26,-0.02,0.338,0.462,1.529,0,0.385,0,
NDM5_0360,28,-2.02,0.161,0.416,1.671,0,0.346,0,
NDM5_0361,28,-3.02,1.171,0.328,1.957,0,0.273,0,
NDM5_0362,28,-0.02,1.125,0.312,1.957,0,0.26,0,
NDM5_0363,28,-1.02,1.043,0.371,2.686,0,0.309,1,motif_DG
NDM5_0364,28,-0.02,0.496,0.419,1.614,0,0.349,0,
NDM5_0365,28,-0.02,1.271,0.389,2.3,0,0.324,1,motif_DG
NDM5_0366,28,-0.02,1.064,0.409,2.1,0,0.341,1,homopolymer_run>=4
NDM5_0367,28,-2.03,0.3,0.392,1.557,0,0.326,1,motif_DS
NDM5_0368,28,-1.02,1.175,0.416,2.086,0,0.347,1,homopolymer_run>=4
NDM5_0369,28,-0.02,1.15,0.414,1.8,0,0.345,2,motif_DG;homopolymer_run>=4
NDM5_0390,26,-0.02,1.069,0.399,2.286,0,0.333,0,
NDM5_0391,26,-1.02,0.819,0.517,1.8,0,0.431,0,
NDM5_0392,26,-0.02,1.681,0.097,2.114,0,0.08,1,homopolymer_run>=4
NDM5_0393,26,-2.03,1.181,0.148,2.086,0,0.123,1,homopolymer_run>=4
NDM5_0394,26,-0.03,1.073,0.458,2.086,0,0.381,1,homopolymer_run>=4
NDM5_0395,26,0.98,0.858,0.335,2.114,0,0.361,1,homopolymer_run>=4
NDM5_0396,26,-1.02,1.212,0.357,2.657,0,0.298,0,
NDM5_0397,26,-1.02,1.408,0.378,2.086,0,0.315,2,motif_DG;homopolymer_run>=4
NDM5_0398,26,-0.02,1.077,0.571,2.686,0,0.475,1,motif_DG
NDM5_0399,26,-2.02,0.688,0.249,2.086,0,0.208,3,motif_DG;motif_DP;homopolymer_run>=4
NDM5_0420,30,-1.02,1.55,0.149,1.8,0,0.124,1,homopolymer_run>=4
NDM5_0421,30,-1.02,1.087,0.411,2.086,0,0.342,2,motif_DP;homopolymer_run>=4
NDM5_0422,30,1.97,0.083,0.594,1.429,0,0.66,0,
NDM5_0423,30,-1.03,0.203,0.494,1.243,0,0.412,0,
NDM5_0424,30,-3.02,0.233,0.292,1.471,0,0.244,0,
NDM5_0425,30,-1.02,1.373,0.148,1.8,0,0.123,1,homopolymer_run>=4
NDM5_0426,30,-2.02,0.583,0.489,1.9,0,0.407,2,motif_DG;homopolymer_run>=4
NDM5_0427,30,1.98,0.65,0.431,1.671,0,0.524,1,motif_NS
NDM5_0428,30,-3.02,0.203,0.587,1.643,0,0.489,1,motif_DG
NDM5_0429,30,-0.99,0.487,0.565,2.714,0,0.471,2,motif_DG;homopolymer_run>=4
NDM5_0450,29,-4.02,0.686,0.485,1.9,0,0.404,0,
NDM5_0451,29,-4.02,0.234,0.386,1.9,0,0.321,0,
NDM5_0452,29,-0.02,1.686,0.169,2.371,0,0.141,1,homopolymer_run>=4
NDM5_0453,29,-1.02,1.245,0.585,2.371,0,0.487,2,motif_DG;motif_DP
NDM5_0454,29,-1.02,0.548,0.477,2.0,0,0.398,1,motif_DS
NDM5_0455,29,-2.02,0.855,0.216,1.957,0,0.18,0,
NDM5_0456,29,-0.02,1.486,0.085,1.8,0,0.071,1,homopolymer_run>=4
NDM5_0457,29,0.98,-0.169,0.562,1.186,0,0.549,1,homopolymer_run>=4
NDM5_0458,29,-0.02,1.652,0.253,2.371,0,0.211,2,motif_NS;homopolymer_run>=4
NDM5_0459,29,-0.02,0.641,0.597,2.386,0,0.498,2,motif_DG;motif_DP
NDM5_0480,30,-0.02,0.613,0.467,2.229,0,0.39,2,motif_NG;homopolymer_run>=4
NDM5_0481,30,1.98,0.997,0.71,2.429,0,0.665,1,homopolymer_run>=4
NDM5_0482,30,-3.02,0.577,0.537,2.286,0,0.447,1,motif_NG
NDM5_0483,30,-1.14,1.603,0.205,2.429,1,0.171,1,odd_Cys(free_thiol)
NDM5_0484,30,0.98,1.027,0.383,2.429,0,0.401,1,homopolymer_run>=4
NDM5_0485,30,-2.02,1.497,0.358,2.371,0,0.298,1,homopolymer_run>=4
NDM5_0486,30,1.98,1.233,0.398,2.5,0,0.496,1,homopolymer_run>=4
NDM5_0487,30,-2.02,0.743,0.297,1.7,0,0.248,1,motif_DG
NDM5_0488,30,-1.02,1.437,0.163,2.186,0,0.136,2,motif_DG;homopolymer_run>=4
NDM5_0489,30,2.98,1.09,0.553,2.786,0,0.709,1,homopolymer_run>=4
NDM5_0510,20,-1.02,0.91,0.21,1.543,0,0.175,0,
NDM5_0511,20,-0.03,0.155,0.351,1.257,0,0.293,0,
NDM5_0512,20,0.98,0.47,0.454,1.2,0,0.459,0,
NDM5_0513,20,1.01,0.035,0.363,1.2,0,0.387,0,
NDM5_0514,20,-1.02,0.965,0.253,2.429,0,0.211,2,motif_NG;homopolymer_run>=4
NDM5_0515,20,-2.03,0.155,0.215,0.543,0,0.18,1,motif_DG
NDM5_0516,20,-1.03,-0.645,0.409,0.471,0,0.341,0,
NDM5_0517,20,-3.02,0.3,0.271,0.971,0,0.226,2,motif_DP;homopolymer_run>=4
NDM5_0518,20,-2.03,-0.73,0.448,-0.057,0,0.373,1,motif_DS
NDM5_0519,20,-3.02,0.4,0.318,1.457,0,0.265,1,motif_DG
NDM5_0540,20,-1.02,0.78,0.372,2.114,0,0.31,1,motif_DG
NDM5_0541,20,-2.14,0.035,0.285,0.743,1,0.237,2,odd_Cys(free_thiol);motif_DG
NDM5_0542,20,0.98,0.27,0.2,0.957,0,0.248,0,
NDM5_0543,20,0.98,0.58,0.435,0.643,0,0.443,0,
NDM5_0544,20,-0.02,1.31,0.108,1.971,0,0.09,1,homopolymer_run>=4
NDM5_0545,20,-3.02,0.4,0.315,2.0,0,0.263,1,motif_DG
NDM5_0546,20,-3.02,0.35,0.354,1.986,0,0.295,1,motif_DG
NDM5_0547,20,-0.02,1.02,0.183,2.529,0,0.153,0,
NDM5_0548,20,-0.02,1.195,0.154,2.143,0,0.128,0,
NDM5_0549,20,-0.03,1.7,0.179,2.771,0,0.149,0,
NDM5_0570,30,-1.02,0.617,0.522,2.086,0,0.435,2,motif_DP;homopolymer_run>=4
NDM5_0571,30,0.98,0.873,0.366,2.086,0,0.387,2,motif_NG;homopolymer_run>=4
NDM5_0572,30,1.98,1.183,0.38,2.371,0,0.481,1,homopolymer_run>=4
NDM5_0573,30,2.42,-0.077,0.319,0.771,5,0.467,2,odd_Cys(free_thiol);5_Cys
NDM5_0574,30,-2.98,-0.173,0.607,1.171,0,0.5,0,
NDM5_0575,30,-3.03,0.817,0.421,1.786,0,0.351,0,
NDM5_0576,30,-0.02,1.57,0.147,2.086,0,0.123,1,homopolymer_run>=4
NDM5_0577,30,-1.02,1.477,0.139,1.8,0,0.116,1,homopolymer_run>=4
NDM5_0578,30,-2.03,0.493,0.48,1.829,0,0.4,2,motif_DG;motif_DP
NDM5_0579,30,-0.02,0.483,0.482,1.671,0,0.402,0,
NDM5_0600,24,1.98,-0.042,0.384,1.371,0,0.484,0,
NDM5_0601,24,-1.02,1.242,0.389,2.657,0,0.324,1,motif_DG
NDM5_0602,24,2.97,0.092,0.734,0.943,0,0.748,0,
NDM5_0603,24,0.98,0.579,0.438,1.743,0,0.446,1,motif_DG
NDM5_0604,24,-1.03,-0.367,0.581,0.957,0,0.484,2,motif_NG;motif_DG
NDM5_0605,24,-2.03,0.921,0.256,2.157,0,0.213,1,motif_DG
NDM5_0606,24,-0.02,0.188,0.416,1.043,0,0.347,1,motif_DG
NDM5_0607,24,-1.02,0.758,0.247,1.8,0,0.206,3,motif_NG;motif_DP;homopolymer_run>=4
NDM5_0608,24,-1.02,1.021,0.209,1.614,0,0.174,1,motif_DG
NDM5_0609,24,-1.02,1.163,0.156,1.8,0,0.13,2,motif_DP;homopolymer_run>=4
NDM5_0630,26,0.97,1.238,0.243,2.186,0,0.283,1,homopolymer_run>=4
NDM5_0631,26,-2.02,1.365,0.227,2.486,0,0.189,1,homopolymer_run>=4
NDM5_0632,26,0.98,1.15,0.348,1.8,0,0.371,1,homopolymer_run>=4
NDM5_0633,26,-1.99,0.142,0.478,0.857,0,0.398,1,motif_NG
NDM5_0634,26,-0.02,1.246,0.357,2.086,0,0.297,2,motif_DG;homopolymer_run>=4
NDM5_0635,26,-2.02,0.719,0.285,1.3,0,0.237,3,motif_DG;motif_DP;homopolymer_run>=4
NDM5_0636,26,-0.02,1.677,0.138,2.086,0,0.115,1,homopolymer_run>=4
NDM5_0637,26,-1.02,1.462,0.208,2.086,0,0.174,1,homopolymer_run>=4
NDM5_0638,26,1.98,0.623,0.566,2.286,0,0.636,0,
NDM5_0639,26,0.98,1.165,0.445,1.8,0,0.452,1,homopolymer_run>=4
NDM5_0660,39,-2.02,1.426,0.186,2.086,0,0.155,2,motif_DP;homopolymer_run>=4
NDM5_0661,39,-1.02,1.485,0.142,2.086,0,0.119,2,motif_DG;homopolymer_run>=4
NDM5_0662,39,-0.98,0.333,0.696,2.757,0,0.5,2,motif_DG;homopolymer_run>=4
NDM5_0663,39,-2.02,1.41,0.149,2.229,0,0.124,2,motif_DG;homopolymer_run>=4
NDM5_0664,39,1.98,0.444,0.689,1.914,0,0.665,0,
NDM5_0665,39,-0.02,1.208,0.282,2.5,0,0.235,1,homopolymer_run>=4
NDM5_0666,39,-0.02,0.559,0.425,1.829,0,0.354,2,motif_DG;homopolymer_run>=4
NDM5_0667,39,-0.02,1.215,0.294,2.114,0,0.245,1,homopolymer_run>=4
NDM5_0668,39,1.01,1.49,0.408,2.657,0,0.424,1,homopolymer_run>=4
NDM5_0669,39,-1.02,1.21,0.47,2.186,0,0.392,1,homopolymer_run>=4
NDM5_0690,42,-0.02,1.174,0.303,2.171,0,0.253,1,homopolymer_run>=4
NDM5_0691,42,-0.03,0.731,0.446,2.086,0,0.371,1,homopolymer_run>=4
NDM5_0692,42,-1.02,1.438,0.14,2.086,0,0.117,2,motif_DG;homopolymer_run>=4
NDM5_0693,42,-3.14,0.695,0.347,2.514,1,0.29,3,odd_Cys(free_thiol);N-term_Met(ox);motif_DP
NDM5_0694,42,-0.02,1.59,0.034,1.8,0,0.028,1,homopolymer_run>=4
NDM5_0695,42,0.98,1.288,0.392,2.114,0,0.408,1,homopolymer_run>=4
NDM5_0696,42,-5.02,0.41,0.35,1.614,0,0.291,1,homopolymer_run>=4
NDM5_0697,42,-3.02,1.107,0.575,2.543,0,0.479,1,homopolymer_run>=4
NDM5_0698,42,-1.02,1.307,0.128,1.8,0,0.107,1,homopolymer_run>=4
NDM5_0699,42,-0.02,1.583,0.081,1.8,0,0.067,1,homopolymer_run>=4
NDM5_0720,21,-0.14,0.919,0.234,2.8,1,0.195,1,odd_Cys(free_thiol)
NDM5_0721,21,2.98,0.957,0.702,1.714,0,0.748,0,
NDM5_0722,21,-2.02,1.129,0.204,1.971,0,0.17,1,motif_DG
NDM5_0723,21,0.98,1.243,0.253,2.443,0,0.293,0,
NDM5_0724,21,-1.03,0.143,0.333,1.214,0,0.277,2,motif_DS;homopolymer_run>=4
NDM5_0725,21,-0.02,1.486,0.173,2.229,0,0.144,0,
NDM5_0726,21,-4.02,0.714,0.22,1.914,0,0.183,0,
NDM5_0727,21,0.01,0.857,0.15,1.457,0,0.126,1,homopolymer_run>=4
NDM5_0728,21,-1.02,0.995,0.273,2.086,0,0.228,1,motif_DP
NDM5_0729,21,-0.02,0.105,0.249,0.971,0,0.208,1,motif_DP
NDM5_0750,41,0.01,1.571,0.104,1.8,0,0.088,1,homopolymer_run>=4
NDM5_0751,41,-3.02,0.946,0.435,2.486,0,0.363,1,homopolymer_run>=4
NDM5_0752,41,-2.02,1.237,0.214,2.229,0,0.178,1,homopolymer_run>=4
NDM5_0753,41,-1.02,1.529,0.149,2.371,0,0.124,1,homopolymer_run>=4
NDM5_0754,41,-1.02,1.515,0.149,1.829,0,0.124,1,homopolymer_run>=4
NDM5_0755,41,-2.02,0.798,0.502,2.057,0,0.418,1,homopolymer_run>=4
NDM5_0756,41,-1.02,1.495,0.146,2.086,0,0.121,1,homopolymer_run>=4
NDM5_0757,41,-0.02,1.524,0.131,2.086,0,0.109,1,homopolymer_run>=4
NDM5_0758,41,-0.02,1.402,0.123,1.8,0,0.103,1,homopolymer_run>=4
NDM5_0759,41,-1.02,1.188,0.183,2.186,0,0.152,1,homopolymer_run>=4
NDM5_0780,28,-1.02,0.871,0.412,2.086,0,0.343,1,homopolymer_run>=4
NDM5_0781,28,0.97,0.457,0.421,2.343,0,0.432,1,motif_DS
NDM5_0782,28,-2.02,0.586,0.424,1.686,0,0.353,1,motif_DG
NDM5_0783,28,0.98,0.361,0.669,2.371,0,0.581,0,
NDM5_0784,28,-0.02,1.407,0.04,1.8,0,0.033,1,homopolymer_run>=4
NDM5_0785,28,-1.02,0.825,0.411,2.086,0,0.342,2,motif_DG;homopolymer_run>=4
NDM5_0786,28,-3.95,0.814,0.399,2.043,0,0.332,1,motif_DG
NDM5_0787,28,-2.02,1.057,0.444,2.371,0,0.37,2,motif_DG;homopolymer_run>=4
NDM5_0788,28,-0.02,0.657,0.514,1.043,0,0.429,1,homopolymer_run>=4
NDM5_0789,28,0.98,1.293,0.44,2.529,0,0.448,1,motif_DS
NDM5_0810,16,0.98,0.187,0.178,0.814,0,0.23,0,
NDM5_0811,16,-2.03,0.081,0.132,0.286,0,0.11,1,motif_DG
NDM5_0812,16,-0.02,0.925,0.049,1.486,0,0.041,1,homopolymer_run>=4
NDM5_0813,16,-0.02,1.35,0.151,1.6,0,0.126,1,homopolymer_run>=4
NDM5_0814,16,-0.14,0.6,0.064,1.871,1,0.053,1,odd_Cys(free_thiol)
NDM5_0815,16,-0.02,0.575,0.152,1.086,0,0.127,1,homopolymer_run>=4
NDM5_0816,16,-0.02,0.45,0.332,0.914,0,0.277,1,motif_DG
NDM5_0817,16,0.98,0.362,0.225,0.771,0,0.269,0,
NDM5_0818,16,-0.02,0.075,0.207,0.443,0,0.173,0,
NDM5_0819,16,0.98,0.412,0.342,0.843,0,0.366,0,
NDM5_0840,19,-0.02,0.479,0.427,1.514,0,0.356,1,motif_DG
NDM5_0841,19,0.98,0.542,0.332,1.643,0,0.358,0,
NDM5_0842,19,-1.03,-0.0,0.253,1.371,0,0.211,1,motif_DG
NDM5_0843,19,0.98,0.826,0.173,1.614,0,0.225,1,homopolymer_run>=4
NDM5_0844,19,-1.02,0.358,0.216,1.086,0,0.18,1,homopolymer_run>=4
NDM5_0845,19,-0.99,0.374,0.301,0.614,0,0.251,0,
NDM5_0846,19,2.97,0.268,0.472,1.757,0,0.641,0,
NDM5_0847,19,-0.02,1.121,0.312,2.414,0,0.26,1,motif_DG
NDM5_0848,19,-1.02,1.121,0.382,1.857,0,0.319,1,homopolymer_run>=4
NDM5_0849,19,-0.02,1.468,0.12,2.629,0,0.1,0,
NDM5_0870,41,-0.02,0.912,0.702,2.343,0,0.5,2,motif_DP;homopolymer_run>=4
NDM5_0871,41,-0.03,1.302,0.321,2.429,0,0.268,1,homopolymer_run>=4
NDM5_0872,41,-2.02,1.215,0.222,2.371,0,0.185,1,homopolymer_run>=4
NDM5_0873,41,-0.02,1.829,0.513,2.486,0,0.428,1,homopolymer_run>=4
NDM5_0874,41,-1.02,1.19,0.295,2.086,0,0.246,1,homopolymer_run>=4
NDM5_0875,41,-5.02,0.188,0.537,2.3,0,0.447,0,
NDM5_0876,41,-2.02,1.541,0.185,2.143,0,0.154,2,motif_DG;homopolymer_run>=4
NDM5_0877,41,0.98,0.783,0.676,2.371,0,0.581,1,homopolymer_run>=4
NDM5_0878,41,-0.02,1.585,0.026,1.8,0,0.021,1,homopolymer_run>=4
NDM5_0879,41,-0.02,0.771,0.279,2.714,0,0.233,0,
NDM5_0900,16,-0.02,1.119,0.247,1.714,0,0.206,1,motif_NG
NDM5_0901,16,-0.02,0.938,0.097,1.314,0,0.081,1,homopolymer_run>=4
NDM5_0902,16,-0.02,0.106,0.282,0.243,0,0.235,1,motif_DS
NDM5_0903,16,0.98,0.169,0.253,1.086,0,0.292,0,
NDM5_0904,16,-0.02,1.2,0.161,1.6,0,0.134,1,homopolymer_run>=4
NDM5_0905,16,0.98,0.425,0.258,0.757,0,0.296,0,
NDM5_0906,16,0.98,0.819,0.287,2.143,0,0.32,1,homopolymer_run>=4
NDM5_0907,16,-0.25,0.694,0.21,1.343,2,0.175,0,
NDM5_0908,16,0.98,-0.069,0.559,0.286,0,0.547,0,
NDM5_0909,16,-0.02,0.831,0.362,1.3,0,0.302,1,motif_DG
NDM5_0930,44,-1.02,1.336,0.385,2.086,0,0.321,1,homopolymer_run>=4
NDM5_0931,44,-2.02,1.339,0.149,1.8,0,0.124,1,homopolymer_run>=4
NDM5_0932,44,-1.02,0.7,0.432,1.729,0,0.36,2,motif_NG;homopolymer_run>=4
NDM5_0933,44,-1.02,1.507,0.158,2.143,0,0.132,1,homopolymer_run>=4
NDM5_0934,44,-2.02,1.486,0.171,2.143,0,0.142,1,homopolymer_run>=4
NDM5_0935,44,-1.02,1.182,0.323,2.4,0,0.269,1,homopolymer_run>=4
NDM5_0936,44,0.98,1.205,0.511,2.686,0,0.508,1,homopolymer_run>=4
NDM5_0937,44,0.97,0.852,0.572,2.714,0,0.557,2,motif_NG;homopolymer_run>=4
NDM5_0938,44,-0.02,1.48,0.303,2.371,0,0.252,1,homopolymer_run>=4
NDM5_0939,44,-0.02,1.341,0.377,2.143,0,0.314,1,homopolymer_run>=4
NDM5_0960,14,0.98,0.786,0.318,1.343,0,0.346,0,
NDM5_0961,14,-0.02,0.3,0.383,0.943,0,0.319,0,
NDM5_0962,14,-0.02,0.771,0.313,1.014,0,0.26,0,
NDM5_0963,14,-1.02,1.257,0.182,1.314,0,0.152,0,
NDM5_0964,14,-0.02,0.564,0.23,1.086,0,0.191,0,
NDM5_0965,14,-4.02,-0.271,0.086,0.114,0,0.072,1,motif_DP
NDM5_0966,14,-0.02,1.557,0.149,2.343,0,0.125,0,
NDM5_0967,14,-1.02,-0.229,0.331,0.186,0,0.276,0,
NDM5_0968,14,-2.02,0.307,0.199,0.771,0,0.166,1,N-term_Met(ox)
NDM5_0969,14,1.98,-0.143,0.325,0.286,0,0.435,0,
NDM5_0990,39,-0.02,1.323,0.259,2.371,0,0.216,1,homopolymer_run>=4
NDM5_0991,39,-0.02,1.241,0.296,2.086,0,0.246,1,homopolymer_run>=4
NDM5_0992,39,-1.02,0.805,0.474,2.343,0,0.395,1,homopolymer_run>=4
NDM5_0993,39,-2.02,0.756,0.471,2.443,0,0.392,0,
NDM5_0994,39,-3.02,1.167,0.149,1.8,0,0.124,2,motif_DG;homopolymer_run>=4
NDM5_0995,39,-1.02,1.592,0.242,2.143,0,0.202,1,homopolymer_run>=4
NDM5_0996,39,-0.02,1.415,0.41,2.086,0,0.342,1,homopolymer_run>=4
NDM5_0997,39,-1.02,1.321,0.149,1.8,0,0.124,1,homopolymer_run>=4
NDM5_0998,39,-1.02,1.354,0.149,2.086,0,0.124,1,homopolymer_run>=4
NDM5_0999,39,2.97,1.156,0.311,2.529,0,0.507,0,
NDM5_1020,39,-0.02,0.546,0.775,1.786,0,0.5,0,
NDM5_1021,39,-1.02,1.326,0.159,1.8,0,0.132,1,homopolymer_run>=4
NDM5_1022,39,-1.02,1.144,0.211,2.714,0,0.176,0,
NDM5_1023,39,-1.66,1.436,0.259,2.271,6,0.216,1,6_Cys
NDM5_1024,39,-0.99,1.426,0.216,2.486,0,0.18,1,homopolymer_run>=4
NDM5_1025,39,-6.02,0.941,0.535,2.8,0,0.446,0,
NDM5_1026,39,0.97,1.318,0.328,1.829,0,0.355,1,homopolymer_run>=4
NDM5_1027,39,1.98,0.887,0.486,2.371,0,0.57,1,homopolymer_run>=4
NDM5_1028,39,2.98,0.574,0.719,2.057,0,0.748,0,
NDM5_1029,39,0.98,-0.044,0.728,1.343,0,0.581,1,motif_DP
NDM5_1050,28,1.01,1.089,0.296,1.829,0,0.331,1,homopolymer_run>=4
NDM5_1051,28,1.97,1.304,0.242,2.057,0,0.367,0,
NDM5_1052,28,0.98,0.821,0.567,2.0,0,0.554,0,
NDM5_1053,28,-0.02,0.714,0.331,1.471,0,0.276,1,homopolymer_run>=4
NDM5_1054,28,-2.02,1.243,0.282,2.086,0,0.235,2,motif_DG;homopolymer_run>=4
NDM5_1055,28,-0.99,1.157,0.272,1.8,0,0.226,1,homopolymer_run>=4
NDM5_1056,28,-2.02,1.257,0.4,2.429,0,0.333,2,motif_NG;homopolymer_run>=4
NDM5_1057,28,0.01,0.95,0.372,1.771,0,0.311,1,homopolymer_run>=4
NDM5_1058,28,-4.02,-0.596,0.704,1.143,0,0.5,0,
NDM5_1059,28,-0.99,0.018,0.505,0.929,0,0.42,1,motif_DP
NDM5_1080,26,-1.02,1.258,0.164,1.8,0,0.136,1,homopolymer_run>=4
NDM5_1081,26,-1.02,0.327,0.493,2.657,0,0.411,0,
NDM5_1082,26,0.98,1.123,0.277,1.8,0,0.312,1,homopolymer_run>=4
NDM5_1083,26,0.98,1.035,0.294,1.8,0,0.326,1,homopolymer_run>=4
NDM5_1084,26,-2.14,1.2,0.264,2.671,1,0.22,1,odd_Cys(free_thiol)
NDM5_1085,26,-0.02,-0.135,0.543,1.5,0,0.453,1,motif_NS
NDM5_1086,26,-0.03,-0.096,0.578,1.414,0,0.482,0,
NDM5_1087,26,-5.02,-0.127,0.385,1.7,0,0.321,0,
NDM5_1088,26,1.01,0.569,0.43,1.429,0,0.443,1,homopolymer_run>=4
NDM5_1089,26,0.98,1.173,0.326,2.371,0,0.353,1,homopolymer_run>=4
NDM5_1110,23,-3.02,-0.622,0.562,0.514,0,0.468,1,motif_DG
NDM5_1111,23,-0.02,0.643,0.447,1.643,0,0.372,0,
NDM5_1112,23,-0.99,0.77,0.292,1.771,0,0.243,1,homopolymer_run>=4
NDM5_1113,23,-0.02,1.091,0.406,2.371,0,0.339,1,homopolymer_run>=4
NDM5_1114,23,-0.02,0.496,0.152,0.886,0,0.127,0,
NDM5_1115,23,-0.02,0.791,0.616,2.0,0,0.5,1,motif_DG
NDM5_1116,23,0.75,1.039,0.327,2.086,2,0.335,1,homopolymer_run>=4
NDM5_1117,23,-0.02,0.8,0.312,1.4,0,0.26,1,motif_NG
NDM5_1118,23,-2.02,-0.461,0.649,0.786,0,0.5,1,N-term_Q/E(pyroglutamate)
NDM5_1119,23,-3.02,1.248,0.38,2.443,0,0.317,1,motif_DG
NDM5_1140,36,0.98,1.231,0.475,2.014,0,0.477,2,motif_NS;homopolymer_run>=4
NDM5_1141,36,1.98,0.789,0.91,1.614,0,0.665,1,homopolymer_run>=4
NDM5_1142,36,-0.02,1.522,0.074,1.8,0,0.062,1,homopolymer_run>=4
NDM5_1143,36,-2.02,0.833,0.418,2.114,0,0.349,1,homopolymer_run>=4
NDM5_1144,36,-3.02,0.361,0.439,2.371,0,0.366,1,motif_DG
NDM5_1145,36,-0.02,1.033,0.365,2.086,0,0.304,1,homopolymer_run>=4
NDM5_1146,36,1.98,0.906,0.573,1.8,0,0.642,1,homopolymer_run>=4
NDM5_1147,36,-0.02,0.656,0.379,1.557,0,0.315,0,
NDM5_1148,36,-1.03,-0.642,0.85,0.643,0,0.5,1,motif_DG
NDM5_1149,36,-1.02,1.497,0.192,2.343,0,0.16,1,homopolymer_run>=4
NDM5_1170,17,-0.02,1.247,0.125,1.8,0,0.104,1,homopolymer_run>=4
NDM5_1171,17,-1.02,-0.671,0.515,0.1,0,0.429,1,motif_DG
NDM5_1172,17,0.98,-0.112,0.415,1.043,0,0.427,1,motif_NG
NDM5_1173,17,-0.02,0.135,0.401,0.7,0,0.334,1,motif_DG
NDM5_1174,17,-0.02,0.888,0.196,1.757,0,0.163,0,
NDM5_1175,17,-0.14,1.618,0.112,2.057,1,0.093,2,odd_Cys(free_thiol);homopolymer_run>=4
NDM5_1176,17,0.98,0.782,0.33,1.3,0,0.357,0,
NDM5_1177,17,-1.02,0.118,0.311,0.743,0,0.259,0,
NDM5_1178,17,-1.02,1.229,0.191,1.829,0,0.159,1,motif_DS
NDM5_1179,17,-0.02,0.653,0.29,1.2,0,0.241,0,
NDM5_1200,31,-1.02,0.245,0.754,1.729,0,0.5,1,motif_DG
NDM5_1201,31,-1.02,1.674,0.23,2.371,0,0.192,2,motif_DG;homopolymer_run>=4
NDM5_1202,31,-0.02,1.858,0.054,2.657,0,0.045,1,homopolymer_run>=4
NDM5_1203,31,-0.03,1.332,0.089,1.8,0,0.074,1,homopolymer_run>=4
NDM5_1204,31,-1.02,1.477,0.146,2.086,0,0.122,1,homopolymer_run>=4
NDM5_1205,31,-1.02,1.487,0.149,1.8,0,0.124,1,homopolymer_run>=4
NDM5_1206,31,-0.02,0.906,0.464,2.086,0,0.386,1,homopolymer_run>=4
NDM5_1207,31,-1.02,1.616,0.158,2.086,0,0.131,1,homopolymer_run>=4
NDM5_1208,31,-2.02,1.239,0.184,1.8,0,0.153,1,homopolymer_run>=4
NDM5_1209,31,-0.02,1.516,0.026,1.8,0,0.021,1,homopolymer_run>=4
NDM5_1230,19,0.01,0.947,0.243,1.714,0,0.204,0,
NDM5_1231,19,-0.02,0.521,0.189,1.357,0,0.158,0,
NDM5_1232,19,-0.99,-0.147,0.392,0.371,0,0.327,0,
NDM5_1233,19,-0.02,0.889,0.262,1.257,0,0.218,1,motif_NG
NDM5_1234,19,2.01,-0.005,0.552,0.457,0,0.628,1,motif_NS
NDM5_1235,19,-0.02,0.858,0.078,1.471,0,0.065,0,
NDM5_1236,19,-1.99,0.084,0.132,1.643,0,0.11,0,
NDM5_1237,19,0.97,0.447,0.249,1.271,0,0.289,1,motif_DP
NDM5_1238,19,-2.02,-0.426,0.246,-0.171,0,0.205,0,
NDM5_1239,19,0.98,-0.089,0.382,0.957,0,0.4,1,motif_DG
NDM5_1260,15,-1.02,0.367,0.3,0.843,0,0.25,1,motif_DG
NDM5_1261,15,-0.02,0.667,0.092,1.486,0,0.077,1,homopolymer_run>=4
NDM5_1262,15,-1.02,0.267,0.314,0.386,0,0.262,0,
NDM5_1263,15,0.97,0.74,0.187,1.886,0,0.237,0,
NDM5_1264,15,0.98,1.153,0.331,1.629,0,0.357,1,homopolymer_run>=4
NDM5_1265,15,-0.02,0.707,0.398,0.943,0,0.331,0,
NDM5_1266,15,0.98,0.433,0.295,0.529,0,0.327,0,
NDM5_1267,15,0.98,0.7,0.402,1.029,0,0.416,0,
NDM5_1268,15,-1.02,1.633,0.14,2.186,0,0.116,1,motif_DG
NDM5_1269,15,-0.02,1.387,0.099,2.114,0,0.083,0,
NDM5_1290,30,-0.02,0.923,0.319,2.157,0,0.266,1,homopolymer_run>=4
NDM5_1291,30,0.98,0.82,0.569,1.771,0,0.556,1,homopolymer_run>=4
NDM5_1292,30,-3.02,-0.07,0.468,1.429,0,0.39,0,
NDM5_1293,30,-1.02,1.03,0.462,2.371,0,0.385,0,
NDM5_1294,30,-1.02,1.543,0.183,2.086,0,0.152,1,homopolymer_run>=4
NDM5_1295,30,-0.99,0.943,0.643,1.471,0,0.5,1,homopolymer_run>=4
NDM5_1296,30,-0.99,1.207,0.428,2.714,0,0.357,1,homopolymer_run>=4
NDM5_1297,30,0.97,0.757,0.429,1.329,0,0.439,0,
NDM5_1298,30,-1.02,0.717,0.513,1.671,0,0.428,2,motif_DG;homopolymer_run>=4
NDM5_1299,30,-0.02,1.507,0.03,1.8,0,0.025,1,homopolymer_run>=4
NDM5_1320,19,-1.02,0.258,0.289,1.014,0,0.241,2,motif_NG;homopolymer_run>=4
NDM5_1321,19,-1.02,0.495,0.182,1.5,0,0.152,1,motif_DG
NDM5_1322,19,-2.02,1.0,0.292,2.371,0,0.244,1,motif_DG
NDM5_1323,19,1.98,0.905,0.315,1.8,0,0.427,1,homopolymer_run>=4
NDM5_1324,19,-0.03,0.389,0.145,0.8,0,0.121,0,
NDM5_1325,19,-0.02,0.637,0.135,1.271,0,0.112,0,
NDM5_1326,19,-1.02,-0.016,0.145,0.829,0,0.121,0,
NDM5_1327,19,-0.02,0.8,0.348,1.343,0,0.29,0,
NDM5_1328,19,-1.02,0.711,0.203,1.714,0,0.169,0,
NDM5_1329,19,-0.02,0.553,0.286,1.486,0,0.239,1,motif_DG
NDM5_1350,42,-0.02,1.538,0.026,1.8,0,0.021,1,homopolymer_run>=4
NDM5_1351,42,1.98,1.379,0.358,2.457,0,0.463,1,homopolymer_run>=4
NDM5_1352,42,0.98,1.021,0.56,2.486,0,0.548,2,motif_DP;homopolymer_run>=4
NDM5_1353,42,0.97,1.205,0.426,2.471,0,0.436,1,homopolymer_run>=4
NDM5_1354,42,-0.02,1.181,0.296,1.8,0,0.247,1,homopolymer_run>=4
NDM5_1355,42,-1.02,1.407,0.146,2.086,0,0.122,1,homopolymer_run>=4
NDM5_1356,42,0.98,0.779,0.475,2.257,0,0.477,0,
NDM5_1357,42,0.98,1.379,0.372,2.371,0,0.392,1,homopolymer_run>=4
NDM5_1358,42,-1.02,1.243,0.21,2.371,0,0.175,1,homopolymer_run>=4
NDM5_1359,42,-3.02,1.176,0.229,2.657,0,0.191,2,motif_DG;homopolymer_run>=4
NDM5_1380,28,0.98,1.254,0.342,2.371,0,0.366,1,motif_DG
NDM5_1381,28,-1.02,0.725,0.302,1.8,0,0.252,1,motif_DG
NDM5_1382,28,-2.21,-0.043,0.284,1.129,2,0.237,2,motif_DG;motif_DP
NDM5_1383,28,-1.02,1.089,0.337,2.086,0,0.281,1,homopolymer_run>=4
NDM5_1384,28,0.01,0.786,0.429,1.371,0,0.359,1,homopolymer_run>=4
NDM5_1385,28,-0.02,1.614,0.1,2.371,0,0.084,1,homopolymer_run>=4
NDM5_1386,28,-1.02,1.361,0.256,2.371,0,0.213,0,
NDM5_1387,28,-1.02,1.607,0.157,2.371,0,0.131,1,homopolymer_run>=4
NDM5_1388,28,-0.99,0.943,0.302,1.8,0,0.252,1,homopolymer_run>=4
NDM5_1389,28,-1.02,0.986,0.433,2.086,0,0.361,1,homopolymer_run>=4
NDM5_1410,22,-0.02,1.468,0.238,2.043,0,0.198,0,
NDM5_1411,22,2.01,0.718,0.701,1.4,0,0.668,0,
NDM5_1412,22,-0.47,2.041,0.139,2.686,4,0.115,1,4_Cys
NDM5_1413,22,-0.02,1.055,0.083,1.8,0,0.069,1,homopolymer_run>=4
NDM5_1414,22,0.75,0.809,0.11,1.714,2,0.154,0,
NDM5_1415,22,-2.02,0.532,0.43,1.586,0,0.358,0,
NDM5_1416,22,-1.02,1.305,0.166,1.829,0,0.139,2,motif_DP;homopolymer_run>=4
NDM5_1417,22,-0.02,1.873,0.107,2.371,0,0.089,1,homopolymer_run>=4
NDM5_1418,22,-0.02,1.023,0.294,1.486,0,0.245,1,homopolymer_run>=4
NDM5_1419,22,-1.02,0.245,0.408,0.829,0,0.34,1,motif_DP
NDM5_1440,32,-2.02,0.522,0.449,1.529,0,0.374,0,
NDM5_1441,32,2.97,-1.006,0.55,0.543,0,0.707,1,motif_DG
NDM5_1442,32,-4.02,0.728,0.37,2.586,0,0.309,1,N-term_Met(ox)
NDM5_1443,32,-1.28,0.684,0.243,1.557,3,0.203,4,odd_Cys(free_thiol);3_Cys;N-term_Met(ox);motif_DG
NDM5_1444,32,-2.13,0.309,0.567,2.157,1,0.473,2,odd_Cys(free_thiol);motif_DG
NDM5_1445,32,-0.99,0.7,0.491,2.429,0,0.41,2,motif_DG;homopolymer_run>=4
NDM5_1446,32,-1.02,0.4,0.491,2.057,0,0.409,0,
NDM5_1447,32,-0.02,1.725,0.057,1.8,0,0.047,1,homopolymer_run>=4
NDM5_1448,32,1.98,1.194,0.381,2.086,0,0.482,1,homopolymer_run>=4
NDM5_1449,32,0.98,1.384,0.308,1.8,0,0.338,1,homopolymer_run>=4
NDM5_1470,26,-1.02,0.562,0.275,2.514,0,0.229,1,homopolymer_run>=4
NDM5_1471,26,1.01,0.238,0.741,1.429,0,0.584,0,
NDM5_1472,26,1.98,0.919,0.558,1.786,0,0.63,2,motif_DS;homopolymer_run>=4
NDM5_1473,26,-1.02,-0.427,0.567,0.571,0,0.473,0,
NDM5_1474,26,-1.02,-0.046,0.386,1.714,0,0.321,1,homopolymer_run>=4
NDM5_1475,26,-3.02,-0.477,0.528,0.8,0,0.44,2,N-term_Met(ox);motif_DG
NDM5_1476,26,-0.02,0.438,0.597,1.643,0,0.498,0,
NDM5_1477,26,-2.02,0.035,0.395,0.857,0,0.329,1,motif_DG
NDM5_1478,26,-1.02,0.469,0.304,2.0,0,0.253,0,
NDM5_1479,26,1.97,0.542,0.639,2.429,0,0.665,2,motif_NG;homopolymer_run>=4
NDM5_1500,14,-2.02,0.629,0.244,1.3,0,0.203,1,motif_DG
NDM5_1501,14,0.98,0.579,0.264,1.257,0,0.301,0,
NDM5_1502,14,-0.02,-0.371,0.367,-0.229,0,0.306,1,motif_DP
NDM5_1503,14,-1.99,-0.271,0.269,0.414,0,0.224,1,motif_DP
NDM5_1504,14,0.98,0.764,0.289,1.4,0,0.322,0,
NDM5_1505,14,0.98,0.957,0.29,1.414,0,0.323,0,
NDM5_1506,14,0.98,0.464,0.356,0.743,0,0.378,0,
NDM5_1507,14,-0.02,0.443,0.318,0.7,0,0.265,0,
NDM5_1508,14,0.98,0.636,0.354,1.4,0,0.376,1,motif_NS
NDM5_1509,14,-1.03,-0.279,0.246,-0.214,0,0.205,0,
NDM5_1530,16,-1.02,0.637,0.209,1.329,0,0.175,1,motif_DG
NDM5_1531,16,0.98,0.425,0.254,0.943,0,0.293,0,
NDM5_1532,16,-0.02,0.512,0.184,1.143,0,0.153,1,homopolymer_run>=4
NDM5_1533,16,-0.02,1.031,0.093,1.457,0,0.078,0,
NDM5_1534,16,-1.03,1.069,0.15,1.386,0,0.125,1,motif_DG
NDM5_1535,16,-0.02,0.856,0.094,1.086,0,0.079,0,
NDM5_1536,16,-0.02,0.456,0.444,0.686,0,0.37,0,
NDM5_1537,16,-0.02,0.631,0.51,1.657,0,0.425,1,motif_DS
NDM5_1538,16,-0.02,0.894,0.087,1.457,0,0.073,1,homopolymer_run>=4
NDM5_1539,16,-0.02,0.15,0.351,0.557,0,0.293,0,
NDM5_1560,23,-1.02,1.243,0.3,2.2,0,0.25,0,
NDM5_1561,23,-1.02,0.357,0.487,1.329,0,0.406,0,
NDM5_1562,23,-1.02,0.687,0.355,1.329,0,0.296,1,homopolymer_run>=4
NDM5_1563,23,0.97,0.791,0.248,1.657,0,0.288,0,
NDM5_1564,23,-1.99,0.548,0.543,1.186,0,0.453,1,motif_DG
NDM5_1565,23,-0.03,0.543,0.528,1.586,0,0.44,0,
NDM5_1566,23,-0.02,0.97,0.619,2.371,0,0.5,0,
NDM5_1567,23,-0.02,0.391,0.581,1.614,0,0.484,0,
NDM5_1568,23,0.97,1.183,0.53,2.657,0,0.523,2,motif_DG;homopolymer_run>=4
NDM5_1569,23,-0.02,0.852,0.134,1.514,0,0.112,0,
NDM5_1590,35,0.97,0.277,0.403,1.586,0,0.417,1,motif_DG
NDM5_1591,35,-1.02,1.58,0.298,2.886,0,0.248,0,
NDM5_1592,35,-2.02,0.746,0.406,2.3,0,0.338,0,
NDM5_1593,35,-0.03,0.714,0.469,1.671,0,0.391,1,homopolymer_run>=4
NDM5_1594,35,-2.02,0.94,0.225,2.4,0,0.188,2,motif_DP;homopolymer_run>=4
NDM5_1595,35,-0.32,0.011,0.348,1.714,3,0.29,3,odd_Cys(free_thiol);3_Cys;motif_DG
NDM5_1596,35,-1.99,0.229,0.4,1.329,0,0.334,2,motif_DG;homopolymer_run>=4
NDM5_1597,35,0.98,1.083,0.634,1.8,0,0.581,1,homopolymer_run>=4
NDM5_1598,35,-0.03,0.134,0.459,1.014,0,0.382,0,
NDM5_1599,35,-0.02,1.011,0.627,2.0,0,0.5,0,
NDM5_1620,18,-0.02,0.733,0.266,1.143,0,0.222,0,
NDM5_1621,18,0.97,0.806,0.121,1.886,0,0.182,0,
NDM5_1622,18,0.98,0.983,0.445,1.629,0,0.452,0,
NDM5_1623,18,0.97,0.839,0.402,1.4,0,0.416,0,
NDM5_1624,18,-1.02,0.378,0.174,0.986,0,0.145,0,
NDM5_1625,18,0.98,1.161,0.332,1.771,0,0.358,1,homopolymer_run>=4
NDM5_1626,18,-1.02,1.194,0.25,1.729,0,0.208,1,motif_DG
NDM5_1627,18,-1.02,0.461,0.096,1.257,0,0.08,0,
NDM5_1628,18,-0.02,0.811,0.255,1.243,0,0.212,0,
NDM5_1629,18,0.97,0.3,0.376,0.743,0,0.394,0,
NDM5_1650,22,-1.02,0.859,0.243,1.271,0,0.202,0,
NDM5_1651,22,0.98,1.314,0.252,2.371,0,0.291,1,homopolymer_run>=4
NDM5_1652,22,0.01,-0.114,0.301,1.757,0,0.252,1,motif_DP
NDM5_1653,22,0.97,0.891,0.326,1.457,0,0.352,0,
NDM5_1654,22,-0.02,1.745,0.088,2.143,0,0.073,1,homopolymer_run>=4
NDM5_1655,22,-2.02,0.909,0.255,2.443,0,0.212,1,motif_DG
NDM5_1656,22,0.01,0.959,0.19,2.114,0,0.159,1,homopolymer_run>=4
NDM5_1657,22,0.97,-0.045,0.347,2.4,0,0.37,0,
NDM5_1658,22,-4.02,0.568,0.246,1.3,0,0.205,1,motif_DG
NDM5_1659,22,-1.02,0.355,0.311,1.086,0,0.259,1,motif_DP
NDM5_1680,23,-3.02,0.2,0.27,1.071,0,0.225,0,
NDM5_1681,23,-1.02,0.443,0.169,1.257,0,0.141,1,motif_DG
NDM5_1682,23,-0.02,1.465,0.218,2.714,0,0.182,0,
NDM5_1683,23,-3.25,0.1,0.274,1.0,2,0.229,1,motif_DS
NDM5_1684,23,-0.02,1.083,0.336,2.086,0,0.28,1,homopolymer_run>=4
NDM5_1685,23,-0.02,0.552,0.202,1.857,0,0.168,0,
NDM5_1686,23,-0.02,0.243,0.463,1.7,0,0.386,0,
NDM5_1687,23,-0.02,1.139,0.407,2.4,0,0.339,0,
NDM5_1688,23,-2.02,0.774,0.119,1.814,0,0.099,1,motif_DP
NDM5_1689,23,0.98,0.974,0.398,1.486,0,0.413,1,homopolymer_run>=4
NDM5_1710,22,1.01,0.75,0.38,2.0,0,0.401,1,motif_NS
NDM5_1711,22,-2.02,0.895,0.237,1.486,0,0.198,1,homopolymer_run>=4
NDM5_1712,22,-3.02,1.118,0.236,2.571,0,0.197,1,N-term_Met(ox)
NDM5_1713,22,-2.99,0.564,0.227,1.543,0,0.189,0,
NDM5_1714,22,-1.03,0.264,0.414,0.757,0,0.345,1,motif_NS
NDM5_1715,22,-0.03,1.673,0.263,2.171,0,0.219,0,
NDM5_1716,22,-0.02,0.882,0.5,2.014,0,0.417,0,
NDM5_1717,22,0.98,0.695,0.611,1.186,0,0.581,0,
NDM5_1718,22,-1.02,0.582,0.355,1.686,0,0.296,2,motif_DG;motif_NS
NDM5_1719,22,0.97,0.945,0.463,2.343,0,0.467,0,
NDM5_1740,23,-0.02,1.061,0.358,1.814,0,0.298,0,
NDM5_1741,23,0.98,0.696,0.791,1.8,0,0.581,0,
NDM5_1742,23,-1.99,0.043,0.197,0.843,0,0.164,0,
NDM5_1743,23,2.98,0.243,0.496,1.8,0,0.661,1,homopolymer_run>=4
NDM5_1744,23,-2.02,1.057,0.291,2.086,0,0.242,2,motif_DG;homopolymer_run>=4
NDM5_1745,23,0.98,0.783,0.434,2.057,0,0.443,0,
NDM5_1746,23,-2.02,0.67,0.292,1.671,0,0.243,1,motif_DG
NDM5_1747,23,-0.02,1.235,0.346,1.771,0,0.288,1,homopolymer_run>=4
NDM5_1748,23,0.98,-0.213,0.477,1.329,0,0.479,3,motif_DG;motif_DP;homopolymer_run>=4
NDM5_1749,23,-2.02,0.557,0.681,1.529,0,0.5,1,motif_DG
NDM5_1770,27,-3.02,0.448,0.241,2.1,0,0.201,0,
NDM5_1771,27,-0.02,1.6,0.385,2.429,0,0.321,2,motif_DS;homopolymer_run>=4
NDM5_1772,27,-1.02,0.959,0.413,1.614,0,0.344,0,
NDM5_1773,27,-2.02,1.289,0.199,2.371,0,0.166,1,homopolymer_run>=4
NDM5_1774,27,-1.02,0.774,0.277,1.614,0,0.23,1,homopolymer_run>=4
NDM5_1775,27,-4.02,0.559,0.396,1.757,0,0.33,0,
NDM5_1776,27,-1.02,1.03,0.305,2.086,0,0.254,1,homopolymer_run>=4
NDM5_1777,27,-0.02,1.252,0.107,1.8,0,0.089,1,homopolymer_run>=4
NDM5_1778,27,-1.02,0.756,0.402,2.657,0,0.335,2,motif_DS;homopolymer_run>=4
NDM5_1779,27,-0.99,0.5,0.654,1.329,0,0.5,1,motif_DG
NDM5_1800,38,-1.02,1.258,0.305,2.843,0,0.254,0,
NDM5_1801,38,-2.02,0.805,0.326,2.371,0,0.272,2,motif_DG;homopolymer_run>=4
NDM5_1802,38,-0.02,1.203,0.275,2.086,0,0.229,2,motif_DG;homopolymer_run>=4
NDM5_1803,38,-0.02,1.574,0.058,1.829,0,0.049,1,homopolymer_run>=4
NDM5_1804,38,-2.02,1.245,0.249,2.471,0,0.208,2,motif_DP;homopolymer_run>=4
NDM5_1805,38,-5.02,1.016,0.294,2.771,0,0.245,2,N-term_Q/E(pyroglutamate);motif_DG
NDM5_1806,38,-0.02,1.329,0.356,2.114,0,0.297,1,homopolymer_run>=4
NDM5_1807,38,-1.58,0.816,0.351,2.357,5,0.293,2,odd_Cys(free_thiol);5_Cys
NDM5_1808,38,1.97,0.526,0.451,1.786,0,0.541,0,
NDM5_1809,38,-2.02,0.597,0.313,1.471,0,0.261,1,motif_NG
NDM5_1830,19,-0.02,0.658,0.171,1.357,0,0.143,0,
NDM5_1831,19,-0.02,0.842,0.151,1.457,0,0.126,0,
NDM5_1832,19,-0.02,0.584,0.229,1.014,0,0.191,0,
NDM5_1833,19,-2.02,0.495,0.137,2.086,0,0.115,1,motif_DP
NDM5_1834,19,-1.02,0.616,0.291,1.229,0,0.242,0,
NDM5_1835,19,-1.02,0.721,0.333,0.957,0,0.278,1,homopolymer_run>=4
NDM5_1836,19,-0.02,0.795,0.147,1.457,0,0.122,0,
NDM5_1837,19,-1.02,0.868,0.229,1.6,0,0.191,0,
NDM5_1838,19,-1.02,0.258,0.179,1.571,0,0.149,1,motif_DP
NDM5_1839,19,-0.02,0.553,0.401,1.643,0,0.334,1,motif_DG
NDM5_1860,20,-1.02,-0.075,0.26,0.929,0,0.216,1,motif_DP
NDM5_1861,20,0.98,0.365,0.229,1.271,0,0.272,1,homopolymer_run>=4
NDM5_1862,20,-0.03,0.03,0.503,1.671,0,0.42,1,motif_NG
NDM5_1863,20,-2.02,0.92,0.255,2.014,0,0.213,1,motif_DP
NDM5_1864,20,1.98,0.42,0.433,1.457,0,0.526,0,
NDM5_1865,20,-0.99,0.585,0.201,2.114,0,0.168,0,
NDM5_1866,20,0.98,1.115,0.369,2.057,0,0.389,0,
NDM5_1867,20,-0.02,0.02,0.303,1.671,0,0.252,2,motif_NG;motif_DS
NDM5_1868,20,-1.02,1.205,0.146,1.8,0,0.122,1,homopolymer_run>=4
NDM5_1869,20,1.01,1.05,0.271,2.343,0,0.31,0,
NDM5_1890,35,-1.03,1.203,0.29,2.371,0,0.242,0,
NDM5_1891,35,-2.02,0.577,0.365,2.057,0,0.304,1,motif_DG
NDM5_1892,35,-4.98,0.191,0.447,2.143,0,0.373,1,motif_DS
NDM5_1893,35,1.98,0.709,0.42,1.857,0,0.514,2,motif_DG;homopolymer_run>=4
NDM5_1894,35,-2.02,0.171,0.72,1.714,0,0.5,0,
NDM5_1895,35,0.09,0.426,0.26,1.586,0,0.224,0,
NDM5_1896,35,-0.03,0.549,0.472,2.086,0,0.393,1,homopolymer_run>=4
NDM5_1897,35,-0.02,0.614,0.576,2.086,0,0.48,1,homopolymer_run>=4
NDM5_1898,35,-0.02,1.086,0.448,1.8,0,0.373,1,homopolymer_run>=4
NDM5_1899,35,-1.02,1.254,0.322,2.186,0,0.268,2,motif_DG;homopolymer_run>=4
NDM5_1920,19,0.01,-0.016,0.286,1.314,0,0.239,1,motif_DP
NDM5_1921,19,-1.03,0.363,0.198,1.271,0,0.165,0,
NDM5_1922,19,-1.02,0.411,0.413,1.314,0,0.344,0,
NDM5_1923,19,-0.02,-0.511,0.434,0.943,0,0.362,1,motif_DP
NDM5_1924,19,-0.02,0.911,0.219,1.486,0,0.182,0,
NDM5_1925,19,-0.14,1.153,0.232,2.0,1,0.193,1,odd_Cys(free_thiol)
NDM5_1926,19,-0.02,0.484,0.241,1.7,0,0.201,1,homopolymer_run>=4
NDM5_1927,19,0.98,0.426,0.483,1.743,0,0.484,0,
NDM5_1928,19,-0.02,0.653,0.105,2.4,0,0.088,1,homopolymer_run>=4
NDM5_1929,19,-3.02,0.468,0.289,1.371,0,0.241,1,motif_DG
NDM5_1950,41,-0.02,1.376,0.33,2.229,0,0.275,1,homopolymer_run>=4
NDM5_1951,41,-0.02,0.978,0.318,2.057,0,0.265,1,homopolymer_run>=4
NDM5_1952,41,-3.02,1.746,0.296,2.629,0,0.247,0,
NDM5_1953,41,-0.02,1.627,0.176,2.086,0,0.147,1,homopolymer_run>=4
NDM5_1954,41,-1.03,0.907,0.418,2.4,0,0.349,0,
NDM5_1955,41,-0.95,1.085,0.426,2.943,0,0.355,1,homopolymer_run>=4
NDM5_1956,41,-1.02,1.554,0.149,2.086,0,0.124,1,homopolymer_run>=4
NDM5_1957,41,-0.02,0.744,0.742,2.471,0,0.5,2,motif_NG;homopolymer_run>=4
NDM5_1958,41,-2.03,0.185,0.418,1.043,0,0.348,2,motif_NG;homopolymer_run>=4
NDM5_1959,41,-2.14,0.602,0.327,1.814,1,0.273,1,odd_Cys(free_thiol)
NDM5_1980,36,2.98,0.675,0.493,2.586,0,0.659,1,homopolymer_run>=4
NDM5_1981,36,-1.02,1.531,0.149,1.8,0,0.124,1,homopolymer_run>=4
NDM5_1982,36,-0.02,1.689,0.123,2.471,0,0.103,1,homopolymer_run>=4
NDM5_1983,36,-0.02,1.606,0.083,1.8,0,0.069,1,homopolymer_run>=4
NDM5_1984,36,-0.02,0.903,0.386,2.071,0,0.321,0,
NDM5_1985,36,-2.02,1.006,0.36,2.657,0,0.3,1,motif_NS
NDM5_1986,36,-1.99,0.117,0.653,1.614,0,0.5,1,motif_NG
NDM5_1987,36,-3.02,1.286,0.298,2.086,0,0.248,1,homopolymer_run>=4
NDM5_1988,36,0.98,1.208,0.456,1.8,0,0.461,1,homopolymer_run>=4
NDM5_1989,36,-0.02,1.556,0.029,1.8,0,0.024,1,homopolymer_run>=4
NDM5_2010,40,-1.02,1.295,0.48,2.371,0,0.4,0,
NDM5_2011,40,-1.02,1.343,0.149,1.829,0,0.124,1,homopolymer_run>=4
NDM5_2012,40,-0.02,1.28,0.445,2.143,0,0.371,1,homopolymer_run>=4
NDM5_2013,40,-1.02,1.515,0.29,2.514,0,0.242,2,motif_DP;homopolymer_run>=4
NDM5_2014,40,0.98,0.767,0.57,2.371,0,0.557,0,
NDM5_2015,40,-3.02,0.052,0.313,1.543,0,0.26,2,motif_DG;motif_DP
NDM5_2016,40,-2.02,1.312,0.184,2.143,0,0.154,2,motif_DG;homopolymer_run>=4
NDM5_2017,40,0.98,1.33,0.327,2.714,0,0.354,1,homopolymer_run>=4
NDM5_2018,40,-2.02,1.32,0.249,2.714,0,0.208,1,homopolymer_run>=4
NDM5_2019,40,0.98,0.713,0.356,2.057,0,0.378,3,motif_DG;motif_DP;homopolymer_run>=4
NDM5_2040,26,-1.02,0.712,0.259,2.0,0,0.216,2,motif_DG;homopolymer_run>=4
NDM5_2041,26,-4.02,-0.258,0.742,0.643,0,0.5,0,
NDM5_2042,26,-3.02,0.973,0.341,1.629,0,0.284,1,homopolymer_run>=4
NDM5_2043,26,-3.02,0.458,0.339,1.957,0,0.283,0,
NDM5_2044,26,-0.02,0.762,0.476,2.057,0,0.397,0,
NDM5_2045,26,-0.02,0.327,0.605,1.729,0,0.5,1,motif_DP
NDM5_2046,26,0.97,0.469,0.234,1.8,0,0.276,1,homopolymer_run>=4
NDM5_2047,26,-1.99,0.692,0.271,2.371,0,0.225,1,homopolymer_run>=4
NDM5_2048,26,-0.02,1.535,0.206,2.086,0,0.172,1,homopolymer_run>=4
NDM5_2049,26,-1.02,0.731,0.275,1.7,0,0.23,1,motif_DG
NDM5_2070,37,-1.99,0.843,0.283,2.114,0,0.236,2,motif_DP;homopolymer_run>=4
NDM5_2071,37,-0.99,1.251,0.119,1.8,0,0.099,1,homopolymer_run>=4
NDM5_2072,37,-0.02,1.622,0.036,1.8,0,0.03,1,homopolymer_run>=4
NDM5_2073,37,-0.02,0.997,0.385,2.086,0,0.321,2,motif_DP;homopolymer_run>=4
NDM5_2074,37,0.98,1.449,0.293,1.814,0,0.325,1,homopolymer_run>=4
NDM5_2075,37,1.87,0.008,0.583,1.186,1,0.642,2,odd_Cys(free_thiol);motif_DP
NDM5_2076,37,-3.02,1.416,0.164,2.5,0,0.136,1,homopolymer_run>=4
NDM5_2077,37,-0.02,0.919,0.374,2.657,0,0.312,1,motif_NG
NDM5_2078,37,4.98,-1.222,0.636,0.471,0,0.915,1,motif_DP
NDM5_2079,37,-0.99,0.541,0.496,2.014,0,0.413,3,motif_NG;motif_DP;homopolymer_run>=4
NDM5_2100,25,-2.03,0.012,0.545,1.429,0,0.454,2,motif_NG;motif_NS
NDM5_2101,25,0.98,0.952,0.286,2.086,0,0.319,1,homopolymer_run>=4
NDM5_2102,25,-2.02,0.212,0.456,1.971,0,0.38,0,
NDM5_2103,25,-1.02,0.248,0.731,0.871,0,0.5,1,motif_DG
NDM5_2104,25,0.98,1.5,0.349,2.4,0,0.372,0,
NDM5_2105,25,-2.03,0.12,0.642,1.271,0,0.5,0,
NDM5_2106,25,-0.02,0.536,0.651,2.229,0,0.5,1,homopolymer_run>=4
NDM5_2107,25,-0.02,0.848,0.242,2.271,0,0.201,1,motif_NG
NDM5_2108,25,-1.03,-0.22,0.391,1.443,0,0.326,0,
NDM5_2109,25,-0.02,0.064,0.327,1.0,0,0.273,1,motif_DG
NDM5_2130,16,-0.02,0.019,0.467,1.171,0,0.389,0,
NDM5_2131,16,-0.02,0.5,0.557,1.2,0,0.464,1,motif_DS
NDM5_2132,16,-0.02,0.875,0.198,1.471,0,0.165,0,
NDM5_2133,16,0.98,0.344,0.207,1.0,0,0.254,1,homopolymer_run>=4
NDM5_2134,16,-0.02,0.875,0.161,1.314,0,0.134,1,homopolymer_run>=4
NDM5_2135,16,0.98,0.463,0.245,1.586,0,0.285,0,
NDM5_2136,16,-0.02,1.413,0.177,1.629,0,0.148,0,
NDM5_2137,16,-1.02,0.9,0.208,1.486,0,0.173,1,motif_DS
NDM5_2138,16,-2.03,0.219,0.218,0.7,0,0.182,1,motif_DG
NDM5_2139,16,0.97,0.688,0.245,1.243,0,0.285,0,
NDM5_2160,43,-1.02,1.37,0.149,1.8,0,0.124,1,homopolymer_run>=4
NDM5_2161,43,-0.02,1.544,0.042,1.8,0,0.035,1,homopolymer_run>=4
NDM5_2162,43,-0.02,1.374,0.408,2.714,0,0.34,1,homopolymer_run>=4
NDM5_2163,43,-1.02,1.142,0.303,2.657,0,0.253,1,homopolymer_run>=4
NDM5_2164,43,-1.02,1.409,0.149,1.8,0,0.124,1,homopolymer_run>=4
NDM5_2165,43,0.98,1.372,0.393,1.8,0,0.409,1,homopolymer_run>=4
NDM5_2166,43,-1.99,0.905,0.402,2.371,0,0.335,1,homopolymer_run>=4
NDM5_2167,43,-1.02,1.677,0.146,2.171,0,0.122,1,homopolymer_run>=4
NDM5_2168,43,-2.02,0.558,0.464,2.4,0,0.387,1,motif_DP
NDM5_2169,43,-1.02,1.367,0.246,2.943,0,0.205,0,
NDM5_2190,19,1.86,0.279,0.378,0.8,1,0.47,2,odd_Cys(free_thiol);homopolymer_run>=4
NDM5_2191,19,-0.02,0.021,0.38,0.514,0,0.317,0,
NDM5_2192,19,-0.02,0.8,0.146,1.629,0,0.122,0,
NDM5_2193,19,0.98,0.084,0.258,1.271,0,0.296,0,
NDM5_2194,19,-0.03,0.226,0.299,1.429,0,0.249,0,
NDM5_2195,19,-2.99,-0.332,0.364,0.629,0,0.303,1,motif_DP
NDM5_2196,19,-0.02,1.374,0.129,1.8,0,0.108,1,homopolymer_run>=4
NDM5_2197,19,-2.03,0.784,0.256,1.929,0,0.213,0,
NDM5_2198,19,-2.02,-0.279,0.301,0.871,0,0.251,2,motif_DG;motif_DP
NDM5_2199,19,-1.03,0.163,0.45,1.0,0,0.375,1,motif_NS
NDM5_2220,28,-1.02,1.407,0.378,2.529,0,0.315,1,motif_DS
NDM5_2221,28,-0.03,0.9,0.576,2.0,0,0.48,0,
NDM5_2222,28,-3.14,-0.068,0.373,0.914,1,0.311,1,odd_Cys(free_thiol)
NDM5_2223,28,-3.02,0.414,0.584,1.143,0,0.487,1,motif_NS
NDM5_2224,28,-0.1,0.229,0.65,1.9,1,0.5,1,odd_Cys(free_thiol)
NDM5_2225,28,0.98,0.864,0.456,2.086,0,0.461,1,homopolymer_run>=4
NDM5_2226,28,-0.25,0.893,0.35,2.471,2,0.291,1,motif_DP
NDM5_2227,28,-2.02,0.871,0.538,2.143,0,0.448,2,motif_DG;homopolymer_run>=4
NDM5_2228,28,-2.02,1.386,0.198,1.9,0,0.165,1,homopolymer_run>=4
NDM5_2229,28,0.05,1.35,0.245,2.086,0,0.208,1,homopolymer_run>=4
NDM5_2250,37,-4.02,-0.484,0.701,0.743,0,0.5,1,motif_DP
NDM5_2251,37,2.98,1.081,0.319,2.086,0,0.514,1,homopolymer_run>=4
NDM5_2252,37,-0.99,0.678,0.597,1.743,0,0.498,1,motif_DG
NDM5_2253,37,-0.02,1.049,0.311,2.371,0,0.259,0,
NDM5_2254,37,-2.02,1.243,0.199,1.8,0,0.166,2,motif_DP;homopolymer_run>=4
NDM5_2255,37,-1.02,1.3,0.225,2.371,0,0.188,1,homopolymer_run>=4
NDM5_2256,37,-0.13,0.541,0.433,2.1,1,0.361,3,odd_Cys(free_thiol);motif_DG;motif_DS
NDM5_2257,37,-0.03,-0.092,0.673,1.6,0,0.5,0,
NDM5_2258,37,-3.03,0.941,0.337,2.786,0,0.281,2,motif_DG;homopolymer_run>=4
NDM5_2259,37,-0.03,0.419,0.225,1.7,0,0.187,1,motif_DG
NDM5_2280,12,-1.02,0.708,0.128,0.729,0,0.107,2,motif_DG;homopolymer_run>=4
NDM5_2281,12,-0.02,-0.175,0.097,0.714,0,0.081,1,homopolymer_run>=4
NDM5_2282,12,-1.02,0.417,0.305,0.986,0,0.254,0,
NDM5_2283,12,-0.14,1.125,0.079,1.3,1,0.066,1,odd_Cys(free_thiol)
NDM5_2284,12,-1.02,1.083,0.241,1.371,0,0.201,1,motif_DG
NDM5_2285,12,-1.02,0.35,0.376,1.029,0,0.313,0,
NDM5_2286,12,-0.02,-0.117,0.147,0.114,0,0.123,0,
NDM5_2287,12,-0.02,1.275,0.183,1.8,0,0.152,0,
NDM5_2288,12,-0.02,0.2,0.227,1.1,0,0.189,0,
NDM5_2289,12,-1.02,1.592,0.187,1.929,0,0.156,2,motif_DG;homopolymer_run>=4
NDM5_2310,17,-0.03,-0.494,0.268,-0.057,0,0.223,1,motif_DG
NDM5_2311,17,-0.03,0.759,0.097,1.671,0,0.081,1,motif_DG
NDM5_2312,17,-1.03,0.324,0.13,1.1,0,0.109,0,
NDM5_2313,17,-0.02,0.629,0.333,1.171,0,0.277,0,
NDM5_2314,17,-0.02,1.006,0.14,1.357,0,0.117,0,
NDM5_2315,17,-1.02,0.1,0.421,0.7,0,0.351,2,motif_DP;motif_DS
NDM5_2316,17,-0.02,1.206,0.096,2.143,0,0.08,1,homopolymer_run>=4
NDM5_2317,17,-1.02,0.035,0.231,0.9,0,0.193,0,
NDM5_2318,17,0.98,0.535,0.449,1.1,0,0.456,0,
NDM5_2319,17,-2.02,0.724,0.322,1.586,0,0.268,1,motif_DG
NDM5_2340,35,-2.02,0.626,0.365,1.614,0,0.304,1,homopolymer_run>=4
NDM5_2341,35,-0.02,1.569,0.116,1.829,0,0.096,1,homopolymer_run>=4
NDM5_2342,35,0.97,-0.317,0.68,2.114,0,0.581,0,
NDM5_2343,35,2.01,-0.16,0.554,1.657,0,0.63,0,
NDM5_2344,35,-1.02,0.577,0.699,1.457,0,0.5,1,motif_DS
NDM5_2345,35,-3.02,0.994,0.254,2.057,0,0.212,1,homopolymer_run>=4
NDM5_2346,35,0.01,-0.843,0.739,1.129,0,0.501,3,motif_NG;motif_DG;motif_DP
NDM5_2347,35,-5.02,0.274,0.31,1.086,0,0.258,2,motif_DG;motif_DP
NDM5_2348,35,-1.02,1.569,0.182,2.429,0,0.152,1,homopolymer_run>=4
NDM5_2349,35,2.98,1.263,0.468,2.629,0,0.638,0,
NDM5_2370,38,-1.02,1.147,0.307,2.143,0,0.255,1,homopolymer_run>=4
NDM5_2371,38,-1.02,0.408,0.353,2.0,0,0.294,0,
NDM5_2372,38,1.05,1.15,0.495,2.914,0,0.5,1,motif_DG
NDM5_2373,38,-1.02,1.055,0.392,2.371,0,0.327,1,homopolymer_run>=4
NDM5_2374,38,0.98,0.984,0.333,2.143,0,0.359,1,homopolymer_run>=4
NDM5_2375,38,-0.02,0.918,0.71,1.629,0,0.5,0,
NDM5_2376,38,2.98,0.711,0.53,2.114,0,0.69,1,homopolymer_run>=4
NDM5_2377,38,1.98,0.937,0.404,2.086,0,0.501,2,motif_DG;homopolymer_run>=4
NDM5_2378,38,-1.02,1.429,0.146,1.8,0,0.122,2,motif_DG;homopolymer_run>=4
NDM5_2379,38,-2.02,1.258,0.15,1.8,0,0.125,2,motif_DP;homopolymer_run>=4
NDM5_2400,40,-1.99,0.28,0.303,1.729,0,0.252,2,motif_DG;homopolymer_run>=4
NDM5_2401,40,1.97,1.002,0.483,1.7,0,0.567,0,
NDM5_2402,40,-1.02,1.435,0.308,2.429,0,0.257,1,homopolymer_run>=4
NDM5_2403,40,-3.02,1.238,0.189,1.8,0,0.158,1,homopolymer_run>=4
NDM5_2404,40,0.98,1.673,0.239,2.657,0,0.28,1,homopolymer_run>=4
NDM5_2405,40,-0.02,0.887,0.459,1.814,0,0.382,1,homopolymer_run>=4
NDM5_2406,40,-1.02,1.325,0.233,2.114,0,0.194,1,homopolymer_run>=4
NDM5_2407,40,-0.02,1.085,0.624,2.429,0,0.5,0,
NDM5_2408,40,-1.02,1.448,0.141,1.8,0,0.117,1,homopolymer_run>=4
NDM5_2409,40,-0.14,1.66,0.122,2.371,1,0.102,2,odd_Cys(free_thiol);homopolymer_run>=4
NDM5_2430,30,-0.02,1.653,0.032,1.8,0,0.027,1,homopolymer_run>=4
NDM5_2431,30,-0.14,0.223,0.41,1.271,1,0.342,2,odd_Cys(free_thiol);motif_NS
NDM5_2432,30,-1.02,1.257,0.143,1.8,0,0.119,1,homopolymer_run>=4
NDM5_2433,30,-2.02,1.347,0.226,2.086,0,0.188,2,motif_DG;homopolymer_run>=4
NDM5_2434,30,0.02,0.337,0.628,1.414,0,0.501,0,
NDM5_2435,30,-2.02,0.07,0.477,1.257,0,0.398,1,motif_DG
NDM5_2436,30,-2.02,1.413,0.191,2.371,0,0.159,1,homopolymer_run>=4
NDM5_2437,30,-0.02,1.507,0.031,1.8,0,0.025,1,homopolymer_run>=4
NDM5_2438,30,-4.02,-0.607,0.521,1.243,0,0.434,1,motif_DS
NDM5_2439,30,-0.03,-0.447,0.542,1.329,0,0.452,1,homopolymer_run>=4
NDM5_2460,29,-2.02,1.19,0.322,1.9,0,0.268,1,motif_DG
NDM5_2461,29,-2.02,0.931,0.417,1.9,0,0.347,0,
NDM5_2462,29,0.09,-0.066,0.763,1.971,0,0.507,1,motif_DG
NDM5_2463,29,-2.02,0.328,0.566,1.4,0,0.471,1,motif_DG
NDM5_2464,29,0.97,0.297,0.664,0.943,0,0.581,0,
NDM5_2465,29,-0.02,1.041,0.452,1.8,0,0.376,1,homopolymer_run>=4
NDM5_2466,29,-0.02,0.962,0.392,1.8,0,0.327,1,homopolymer_run>=4
NDM5_2467,29,-4.02,0.352,0.371,2.057,0,0.309,1,motif_DG
NDM5_2468,29,0.98,0.879,0.18,2.371,0,0.231,1,homopolymer_run>=4
NDM5_2469,29,-1.02,1.186,0.346,2.086,0,0.289,2,motif_DG;homopolymer_run>=4
NDM5_2490,44,-0.02,1.65,0.026,1.8,0,0.021,1,homopolymer_run>=4
NDM5_2491,44,-3.02,0.505,0.407,1.771,0,0.339,2,motif_DG;homopolymer_run>=4
NDM5_2492,44,-3.02,0.555,0.649,1.486,0,0.5,1,homopolymer_run>=4
NDM5_2493,44,-0.02,1.28,0.105,1.8,0,0.087,1,homopolymer_run>=4
NDM5_2494,44,-3.02,1.175,0.535,2.371,0,0.446,1,homopolymer_run>=4
NDM5_2495,44,-1.02,1.32,0.159,1.8,0,0.132,1,homopolymer_run>=4
NDM5_2496,44,-1.02,1.18,0.12,1.8,0,0.1,1,homopolymer_run>=4
NDM5_2497,44,-1.02,1.48,0.149,1.8,0,0.124,1,homopolymer_run>=4
NDM5_2498,44,-3.02,1.311,0.171,1.943,0,0.142,1,homopolymer_run>=4
NDM5_2499,44,-1.02,1.53,0.149,1.8,0,0.124,1,homopolymer_run>=4
NDM5_2520,40,-2.02,0.84,0.213,2.186,0,0.178,1,homopolymer_run>=4
NDM5_2521,40,-2.02,0.985,0.26,2.086,0,0.217,2,motif_NG;homopolymer_run>=4
NDM5_2522,40,-4.02,0.747,0.357,1.9,0,0.297,0,
NDM5_2523,40,-1.02,1.502,0.147,1.8,0,0.123,1,homopolymer_run>=4
NDM5_2524,40,1.01,1.337,0.398,2.629,0,0.416,1,homopolymer_run>=4
NDM5_2525,40,-0.02,1.448,0.123,1.8,0,0.103,1,homopolymer_run>=4
NDM5_2526,40,-1.14,1.493,0.336,2.471,1,0.28,2,odd_Cys(free_thiol);homopolymer_run>=4
NDM5_2527,40,-2.02,1.37,0.159,2.429,0,0.133,1,homopolymer_run>=4
NDM5_2528,40,0.98,1.165,0.445,2.5,0,0.452,2,motif_NS;homopolymer_run>=4
NDM5_2529,40,-0.02,1.488,0.29,2.657,0,0.242,2,motif_NS;homopolymer_run>=4
NDM5_2550,14,-1.02,0.429,0.242,1.343,0,0.202,1,motif_DP
NDM5_2551,14,0.98,1.264,0.335,2.657,0,0.361,0,
NDM5_2552,14,-2.02,0.993,0.224,1.243,0,0.187,0,
NDM5_2553,14,1.97,-0.271,0.296,0.2,0,0.412,0,
NDM5_2554,14,0.98,0.75,0.19,1.0,0,0.239,0,
NDM5_2555,14,-1.02,0.571,0.174,0.971,0,0.145,1,motif_DG
NDM5_2556,14,-0.02,0.793,0.092,1.457,0,0.077,1,homopolymer_run>=4
NDM5_2557,14,0.98,1.05,0.225,1.614,0,0.269,0,
NDM5_2558,14,-0.02,0.907,0.139,1.3,0,0.116,1,motif_NG
NDM5_2559,14,0.98,0.45,0.259,1.429,0,0.297,0,
NDM5_2580,44,0.98,1.243,0.339,2.186,0,0.363,1,homopolymer_run>=4
NDM5_2581,44,-1.02,1.302,0.422,2.486,0,0.352,1,homopolymer_run>=4
NDM5_2582,44,-0.99,1.502,0.175,2.086,0,0.146,1,homopolymer_run>=4
NDM5_2583,44,-2.02,0.784,0.487,2.486,0,0.405,1,motif_DG
NDM5_2584,44,-2.02,0.37,0.613,1.9,0,0.5,1,motif_DG
NDM5_2585,44,-0.02,1.27,0.375,2.086,0,0.313,1,homopolymer_run>=4
NDM5_2586,44,-0.02,1.53,0.135,1.8,0,0.112,2,motif_NG;homopolymer_run>=4
NDM5_2587,44,-1.13,0.714,0.529,2.443,1,0.441,1,odd_Cys(free_thiol)
NDM5_2588,44,-1.02,0.255,0.477,1.9,0,0.397,2,N-term_Met(ox);motif_DP
NDM5_2589,44,-2.02,1.273,0.178,1.8,0,0.149,2,motif_DP;homopolymer_run>=4
NDM5_2610,28,0.97,1.721,0.271,2.429,0,0.307,1,homopolymer_run>=4
NDM5_2611,28,-2.03,0.129,0.498,1.357,0,0.415,1,motif_DG
NDM5_2612,28,-1.02,1.596,0.143,2.371,0,0.119,0,
NDM5_2613,28,-1.02,1.125,0.464,2.086,0,0.387,1,homopolymer_run>=4
NDM5_2614,28,-2.02,1.557,0.229,3.0,0,0.191,2,motif_DG;homopolymer_run>=4
NDM5_2615,28,-0.02,1.425,0.502,2.086,0,0.418,1,homopolymer_run>=4
NDM5_2616,28,-1.02,-0.175,0.495,1.371,0,0.412,0,
NDM5_2617,28,-1.02,1.489,0.154,1.9,0,0.128,1,homopolymer_run>=4
NDM5_2618,28,-0.02,1.032,0.408,1.8,0,0.34,1,homopolymer_run>=4
NDM5_2619,28,2.97,0.632,0.697,2.086,0,0.748,2,motif_DG;homopolymer_run>=4
NDM5_2640,45,-0.02,1.556,0.034,1.8,0,0.028,1,homopolymer_run>=4
NDM5_2641,45,-1.02,1.531,0.149,2.086,0,0.124,1,homopolymer_run>=4
NDM5_2642,45,-1.02,1.593,0.121,2.471,0,0.101,1,homopolymer_run>=4
NDM5_2643,45,-0.02,1.451,0.496,2.371,0,0.413,1,homopolymer_run>=4
NDM5_2644,45,-0.02,1.189,0.627,2.429,0,0.5,1,homopolymer_run>=4
NDM5_2645,45,-1.02,1.627,0.211,2.486,0,0.176,1,homopolymer_run>=4
NDM5_2646,45,-0.02,1.507,0.033,1.8,0,0.028,1,homopolymer_run>=4
NDM5_2647,45,-4.99,0.542,0.352,1.771,0,0.294,1,motif_DP
NDM5_2648,45,-0.02,1.556,0.034,1.8,0,0.028,1,homopolymer_run>=4
NDM5_2649,45,0.98,0.724,0.415,1.957,0,0.427,1,homopolymer_run>=4
NDM5_2670,17,-1.02,1.4,0.277,2.143,0,0.231,1,motif_NG
NDM5_2671,17,-1.99,-0.165,0.237,0.343,0,0.198,0,
NDM5_2672,17,-0.02,0.347,0.107,1.186,0,0.089,0,
NDM5_2673,17,-0.02,0.806,0.116,1.457,0,0.096,1,homopolymer_run>=4
NDM5_2674,17,-2.02,0.576,0.273,1.371,0,0.227,1,motif_DP
NDM5_2675,17,-0.02,0.624,0.267,1.329,0,0.222,0,
NDM5_2676,17,-1.02,1.076,0.213,1.586,0,0.177,1,motif_DG
NDM5_2677,17,-0.02,0.912,0.22,1.386,0,0.183,0,
NDM5_2678,17,-0.02,0.841,0.2,1.343,0,0.166,0,
NDM5_2679,17,-1.02,0.341,0.256,1.1,0,0.213,0,
NDM5_2700,25,-2.02,0.376,0.66,1.829,0,0.5,1,motif_DG
NDM5_2701,25,-2.02,1.224,0.265,2.471,0,0.221,0,
NDM5_2702,25,-0.02,0.44,0.426,2.071,0,0.355,0,
NDM5_2703,25,-1.02,0.272,0.459,1.714,0,0.383,2,motif_DG;homopolymer_run>=4
NDM5_2704,25,-0.02,0.696,0.272,1.314,0,0.227,0,
NDM5_2705,25,-0.02,0.264,0.512,1.714,0,0.427,2,motif_DG;homopolymer_run>=4
NDM5_2706,25,1.01,1.14,0.37,2.714,0,0.393,1,homopolymer_run>=4
NDM5_2707,25,-0.02,1.196,0.053,2.086,0,0.044,1,homopolymer_run>=4
NDM5_2708,25,1.05,0.32,0.461,1.6,0,0.472,0,
NDM5_2709,25,-0.02,0.22,0.455,1.3,0,0.379,1,motif_NG
NDM5_2730,22,-0.02,1.045,0.332,1.8,0,0.276,1,homopolymer_run>=4
NDM5_2731,22,-2.02,0.955,0.293,2.1,0,0.244,0,
NDM5_2732,22,0.01,0.582,0.159,1.129,0,0.134,1,homopolymer_run>=4
NDM5_2733,22,-1.99,0.795,0.368,3.0,0,0.307,1,motif_DG
NDM5_2734,22,-0.99,-0.182,0.162,0.757,0,0.135,1,motif_DP
NDM5_2735,22,-0.02,1.518,0.158,2.371,0,0.131,1,homopolymer_run>=4
NDM5_2736,22,-1.14,0.795,0.258,1.671,1,0.215,1,odd_Cys(free_thiol)
NDM5_2737,22,1.98,0.982,0.562,2.457,0,0.633,1,motif_DG
NDM5_2738,22,-0.02,0.359,0.362,1.486,0,0.301,2,motif_DG;homopolymer_run>=4
NDM5_2739,22,-0.99,0.782,0.147,1.857,0,0.122,0,
NDM5_2760,22,-0.02,0.486,0.095,2.086,0,0.079,0,
NDM5_2761,22,1.98,0.377,0.786,2.714,0,0.665,0,
NDM5_2762,22,-1.02,-0.232,0.787,0.771,0,0.5,0,
NDM5_2763,22,-0.02,1.227,0.09,1.943,0,0.075,1,homopolymer_run>=4
NDM5_2764,22,-2.02,0.836,0.175,2.3,0,0.146,0,
NDM5_2765,22,-0.02,1.536,0.236,2.514,0,0.197,0,
NDM5_2766,22,-0.14,0.386,0.227,0.714,1,0.189,1,odd_Cys(free_thiol)
NDM5_2767,22,-0.02,1.291,0.308,2.514,0,0.257,1,motif_DG
NDM5_2768,22,-0.02,1.595,0.183,2.957,0,0.153,0,
NDM5_2769,22,-0.02,0.705,0.386,1.486,0,0.321,1,homopolymer_run>=4
NDM5_2790,17,-1.02,1.382,0.234,2.2,0,0.195,0,
NDM5_2791,17,-1.02,0.8,0.2,1.686,0,0.166,0,
NDM5_2792,17,-0.02,0.841,0.172,1.714,0,0.144,1,homopolymer_run>=4
NDM5_2793,17,-2.02,0.676,0.342,1.643,0,0.285,2,motif_DG;homopolymer_run>=4
NDM5_2794,17,0.98,-0.1,0.393,1.071,0,0.409,0,
NDM5_2795,17,-0.02,0.1,0.139,1.057,0,0.116,0,
NDM5_2796,17,0.98,0.871,0.285,2.186,0,0.319,1,homopolymer_run>=4
NDM5_2797,17,-1.02,1.253,0.326,2.043,0,0.271,1,motif_NG
NDM5_2798,17,-1.02,-1.076,0.45,0.114,0,0.375,2,motif_DG;motif_DS
NDM5_2799,17,0.98,0.347,0.285,1.086,0,0.319,0,
NDM5_2820,18,1.98,0.161,0.696,0.943,0,0.665,1,motif_DP
NDM5_2821,18,-2.02,0.728,0.189,2.086,0,0.158,3,motif_DG;motif_DP;homopolymer_run>=4
NDM5_2822,18,-0.99,0.544,0.214,1.086,0,0.178,0,
NDM5_2823,18,-1.02,1.483,0.149,2.371,0,0.124,1,homopolymer_run>=4
NDM5_2824,18,-0.03,1.278,0.107,2.086,0,0.089,1,homopolymer_run>=4
NDM5_2825,18,-0.02,1.383,0.095,1.843,0,0.079,1,homopolymer_run>=4
NDM5_2826,18,-0.02,0.333,0.261,0.829,0,0.218,0,
NDM5_2827,18,-0.02,0.717,0.204,1.671,0,0.17,0,
NDM5_2828,18,-0.02,0.511,0.493,1.429,0,0.411,1,motif_NG
NDM5_2829,18,-1.02,0.233,0.397,1.043,0,0.331,0,
NDM5_2850,39,-1.02,1.256,0.265,2.471,0,0.221,1,homopolymer_run>=4
NDM5_2851,39,2.98,1.164,0.314,2.814,0,0.51,1,homopolymer_run>=4
NDM5_2852,39,-5.03,0.049,0.405,0.857,0,0.337,1,motif_DG
NDM5_2853,39,-3.02,0.49,0.529,1.743,0,0.441,1,motif_DG
NDM5_2854,39,-1.02,1.479,0.279,2.471,0,0.233,2,motif_DG;homopolymer_run>=4
NDM5_2855,39,-1.02,1.328,0.171,1.943,0,0.142,1,homopolymer_run>=4
NDM5_2856,39,-2.02,1.421,0.168,2.371,0,0.14,3,motif_DG;motif_DP;homopolymer_run>=4
NDM5_2857,39,-0.02,0.818,0.323,2.057,0,0.269,1,homopolymer_run>=4
NDM5_2858,39,-0.02,1.156,0.531,2.443,0,0.442,1,homopolymer_run>=4
NDM5_2859,39,0.01,1.285,0.362,2.186,0,0.303,2,motif_DG;homopolymer_run>=4
NDM5_2880,13,-1.02,0.046,0.227,1.071,0,0.189,0,
NDM5_2881,13,-1.02,0.9,0.131,1.057,0,0.109,1,motif_DG
NDM5_2882,13,2.98,0.138,0.486,0.343,0,0.653,1,motif_NG
NDM5_2883,13,-1.02,0.5,0.213,0.571,0,0.178,1,motif_DG
NDM5_2884,13,-1.02,1.431,0.17,1.443,0,0.142,0,
NDM5_2885,13,0.01,0.892,0.081,0.943,0,0.069,0,
NDM5_2886,13,-0.02,0.669,0.024,1.171,0,0.02,0,
NDM5_2887,13,-2.02,0.631,0.251,0.986,0,0.209,1,motif_DG
NDM5_2888,13,0.01,0.923,0.113,1.386,0,0.095,0,
NDM5_2889,13,-1.02,0.677,0.318,1.086,0,0.265,1,motif_DP
NDM5_2910,16,0.97,0.444,0.182,1.286,0,0.233,1,motif_DG
NDM5_2911,16,-0.03,0.462,0.15,1.171,0,0.125,0,
NDM5_2912,16,-0.02,0.263,0.247,1.171,0,0.206,1,homopolymer_run>=4
NDM5_2913,16,-0.02,-0.731,0.205,0.371,0,0.171,1,motif_NG
NDM5_2914,16,0.98,0.75,0.167,1.686,0,0.22,2,motif_NG;homopolymer_run>=4
NDM5_2915,16,-1.02,0.869,0.328,1.729,0,0.273,1,motif_DG
NDM5_2916,16,0.97,1.069,0.241,1.8,0,0.282,0,
NDM5_2917,16,1.97,0.244,0.483,0.857,0,0.567,0,
NDM5_2918,16,-0.02,-0.094,0.244,0.371,0,0.204,1,motif_NG
NDM5_2919,16,0.98,0.619,0.244,1.457,0,0.284,0,
NDM5_2940,17,0.98,0.794,0.315,1.371,0,0.344,0,
NDM5_2941,17,-0.02,0.341,0.315,0.571,0,0.262,1,motif_DP
NDM5_2942,17,-0.02,-0.118,0.28,0.829,0,0.233,0,
NDM5_2943,17,-0.02,1.147,0.241,2.014,0,0.201,0,
NDM5_2944,17,-1.02,1.224,0.267,2.657,0,0.223,1,motif_DG
NDM5_2945,17,-0.02,0.224,0.344,0.729,0,0.286,1,motif_DG
NDM5_2946,17,-3.02,0.153,0.208,0.671,0,0.173,0,
NDM5_2947,17,-1.02,0.382,0.16,0.943,0,0.133,0,
NDM5_2948,17,-0.02,0.865,0.12,1.6,0,0.1,1,homopolymer_run>=4
NDM5_2949,17,-0.02,0.765,0.29,1.471,0,0.242,0,
NDM5_2970,18,-1.03,-0.361,0.408,1.1,0,0.34,0,
NDM5_2971,18,-0.03,0.544,0.307,2.0,0,0.256,0,
NDM5_2972,18,-1.25,1.533,0.148,2.5,2,0.124,1,motif_DG
NDM5_2973,18,-0.02,0.689,0.095,1.543,0,0.079,0,
NDM5_2974,18,0.98,1.45,0.312,2.114,0,0.341,0,
NDM5_2975,18,-0.02,0.789,0.254,1.471,0,0.212,0,
NDM5_2976,18,-1.02,1.183,0.226,2.743,0,0.188,0,
NDM5_2977,18,-0.02,0.233,0.137,1.143,0,0.114,0,
NDM5_2978,18,0.98,0.728,0.376,2.086,0,0.395,1,homopolymer_run>=4
NDM5_2979,18,-1.99,0.156,0.317,1.214,0,0.264,0,
NDM5_3000,22,-3.02,0.723,0.233,2.114,0,0.194,1,motif_NG
NDM5_3001,22,-1.02,0.805,0.29,1.714,0,0.242,0,
NDM5_3002,22,-0.02,1.786,0.065,2.371,0,0.054,1,homopolymer_run>=4
NDM5_3003,22,0.98,1.095,0.285,2.657,0,0.318,0,
NDM5_3004,22,0.97,0.764,0.26,1.171,0,0.298,1,homopolymer_run>=4
NDM5_3005,22,0.98,0.655,0.315,1.7,0,0.344,1,N-term_Met(ox)
NDM5_3006,22,1.98,0.709,0.388,1.157,0,0.488,0,
NDM5_3007,22,-3.02,-0.205,0.479,0.971,0,0.399,0,
NDM5_3008,22,-1.02,1.405,0.207,2.314,0,0.172,1,motif_DG
NDM5_3009,22,0.98,0.555,0.463,1.614,0,0.467,1,homopolymer_run>=4
NDM5_3030,39,-1.02,1.326,0.143,1.8,0,0.119,1,homopolymer_run>=4
NDM5_3031,39,-0.02,1.215,0.373,2.086,0,0.311,1,homopolymer_run>=4
NDM5_3032,39,0.98,1.362,0.329,2.143,0,0.355,1,homopolymer_run>=4
NDM5_3033,39,-0.02,1.574,0.026,1.8,0,0.021,1,homopolymer_run>=4
NDM5_3034,39,-0.02,1.267,0.307,2.086,0,0.256,1,homopolymer_run>=4
NDM5_3035,39,-0.02,1.01,0.406,2.571,0,0.338,0,
NDM5_3036,39,-0.02,-0.179,0.555,2.114,0,0.463,0,
NDM5_3037,39,-1.02,1.19,0.157,1.8,0,0.131,1,homopolymer_run>=4
NDM5_3038,39,0.98,0.99,0.506,2.343,0,0.503,0,
NDM5_3039,39,0.98,0.767,0.574,2.057,0,0.56,1,homopolymer_run>=4
NDM5_3060,22,-1.02,0.723,0.208,2.514,0,0.173,0,
NDM5_3061,22,0.98,0.209,0.574,1.2,0,0.56,2,motif_NS;homopolymer_run>=4
NDM5_3062,22,-2.02,1.159,0.346,2.471,0,0.289,2,motif_DG;homopolymer_run>=4
NDM5_3063,22,-0.02,1.014,0.205,1.8,0,0.17,1,homopolymer_run>=4
NDM5_3064,22,-2.02,0.755,0.266,1.8,0,0.222,1,motif_DG
NDM5_3065,22,-2.02,0.382,0.406,1.329,0,0.339,3,motif_DG;motif_DP;homopolymer_run>=4
NDM5_3066,22,-0.02,1.427,0.123,2.086,0,0.102,1,homopolymer_run>=4
NDM5_3067,22,-3.02,0.314,0.37,2.171,0,0.309,1,motif_DS
NDM5_3068,22,-2.02,1.332,0.265,2.657,0,0.221,0,
NDM5_3069,22,-2.02,-0.277,0.496,1.014,0,0.413,2,motif_DG;motif_DP
NDM5_3090,12,-1.02,0.117,0.123,0.371,0,0.102,1,motif_DG
NDM5_3091,12,-0.02,1.025,0.055,1.414,0,0.046,0,
NDM5_3092,12,-1.02,0.375,0.303,1.086,0,0.253,0,
NDM5_3093,12,-0.14,0.908,0.063,1.457,1,0.053,1,odd_Cys(free_thiol)
NDM5_3094,12,-0.02,0.383,0.202,1.014,0,0.168,0,
NDM5_3095,12,-0.14,0.65,0.137,1.2,1,0.114,1,odd_Cys(free_thiol)
NDM5_3096,12,-0.02,1.408,0.103,2.2,0,0.085,0,
NDM5_3097,12,-0.14,1.683,0.157,1.614,1,0.131,1,odd_Cys(free_thiol)
NDM5_3098,12,-0.02,-0.183,0.214,0.443,0,0.178,0,
NDM5_3099,12,-0.02,1.133,0.155,1.8,0,0.129,0,
NDM5_3120,14,1.98,0.564,0.547,1.529,0,0.621,0,
NDM5_3121,14,-0.02,0.714,0.123,1.286,0,0.102,0,
NDM5_3122,14,-1.02,1.086,0.224,1.429,0,0.186,1,N-term_Met(ox)
NDM5_3123,14,-0.02,1.229,0.149,1.743,0,0.124,0,
NDM5_3124,14,-1.02,0.729,0.289,1.143,0,0.241,2,motif_DG;homopolymer_run>=4
NDM5_3125,14,0.01,0.729,0.133,1.086,0,0.112,0,
NDM5_3126,14,-0.02,1.071,0.203,1.771,0,0.169,0,
NDM5_3127,14,-2.02,-0.057,0.162,0.7,0,0.135,1,motif_DP
NDM5_3128,14,-1.02,0.993,0.22,1.9,0,0.184,0,
NDM5_3129,14,0.75,0.636,0.288,0.957,2,0.302,0,
NDM5_3150,17,-1.02,0.394,0.247,0.7,0,0.206,0,
NDM5_3151,17,-1.02,0.635,0.424,0.871,0,0.354,0,
NDM5_3152,17,-0.02,1.018,0.233,1.657,0,0.194,2,motif_NG;homopolymer_run>=4
NDM5_3153,17,-0.02,1.5,0.145,2.143,0,0.121,0,
NDM5_3154,17,-0.99,0.653,0.129,1.157,0,0.107,0,
NDM5_3155,17,-1.02,0.565,0.181,1.357,0,0.151,0,
NDM5_3156,17,-1.02,0.5,0.118,1.129,0,0.098,1,motif_DG
NDM5_3157,17,-0.02,0.247,0.113,1.171,0,0.094,1,homopolymer_run>=4
NDM5_3158,17,-1.02,0.324,0.283,0.829,0,0.236,1,motif_DS
NDM5_3159,17,-1.02,0.718,0.113,2.086,0,0.094,1,homopolymer_run>=4
NDM5_3180,29,-4.02,0.517,0.489,1.9,0,0.408,0,
NDM5_3181,29,-0.02,1.514,0.2,2.086,0,0.167,1,homopolymer_run>=4
NDM5_3182,29,-1.02,1.021,0.445,2.086,0,0.371,1,homopolymer_run>=4
NDM5_3183,29,-2.02,1.131,0.189,1.8,0,0.158,1,homopolymer_run>=4
NDM5_3184,29,4.98,0.893,0.836,2.457,0,0.915,0,
NDM5_3185,29,-2.02,0.317,0.593,2.471,0,0.494,0,
NDM5_3186,29,-0.02,1.624,0.114,1.871,0,0.095,1,homopolymer_run>=4
NDM5_3187,29,-0.02,1.572,0.029,1.8,0,0.024,1,homopolymer_run>=4
NDM5_3188,29,-0.02,1.452,0.26,2.371,0,0.217,1,homopolymer_run>=4
NDM5_3189,29,1.97,1.069,0.416,2.086,0,0.511,1,homopolymer_run>=4
NDM5_3210,42,-1.02,1.464,0.147,1.8,0,0.122,2,motif_DG;homopolymer_run>=4
NDM5_3211,42,-1.02,1.219,0.471,2.4,0,0.392,1,motif_DG
NDM5_3212,42,-0.02,1.381,0.029,1.8,0,0.024,1,homopolymer_run>=4
NDM5_3213,42,-4.02,-0.367,0.536,1.343,0,0.447,0,
NDM5_3214,42,-0.02,1.133,0.548,2.429,0,0.457,2,motif_DP;homopolymer_run>=4
NDM5_3215,42,-0.02,0.969,0.53,2.386,0,0.442,2,motif_DP;homopolymer_run>=4
NDM5_3216,42,-0.02,0.976,0.459,2.086,0,0.382,2,motif_DG;homopolymer_run>=4
NDM5_3217,42,-0.02,1.486,0.024,1.8,0,0.02,1,homopolymer_run>=4
NDM5_3218,42,-0.02,1.533,0.052,2.086,0,0.043,1,homopolymer_run>=4
NDM5_3219,42,-3.02,1.317,0.151,1.8,0,0.126,1,homopolymer_run>=4
NDM5_3240,13,-0.02,-0.054,0.263,0.543,0,0.219,1,motif_NG
NDM5_3241,13,-0.02,0.138,0.184,1.129,0,0.153,0,
NDM5_3242,13,-0.02,1.108,0.133,1.3,0,0.111,0,
NDM5_3243,13,-0.02,1.031,0.175,1.371,0,0.146,1,motif_NG
NDM5_3244,13,-0.02,0.508,0.274,0.586,0,0.228,1,motif_NG
NDM5_3245,13,1.98,0.092,0.487,1.071,0,0.57,0,
NDM5_3246,13,-1.02,0.938,0.173,2.114,0,0.144,0,
NDM5_3247,13,-1.02,0.946,0.278,1.486,0,0.232,0,
NDM5_3248,13,-1.02,0.562,0.122,0.843,0,0.101,0,
NDM5_3249,13,-0.02,0.385,0.243,0.814,0,0.203,0,
NDM5_3270,35,-0.02,1.611,0.029,1.8,0,0.024,1,homopolymer_run>=4
NDM5_3271,35,-2.02,0.943,0.506,2.814,0,0.422,0,
NDM5_3272,35,-3.02,-0.363,0.693,0.9,0,0.5,0,
NDM5_3273,35,-2.02,0.986,0.32,2.529,0,0.267,2,motif_DG;motif_DP
NDM5_3274,35,-0.02,1.76,0.181,2.757,0,0.151,1,homopolymer_run>=4
NDM5_3275,35,0.98,1.494,0.406,2.371,0,0.419,1,homopolymer_run>=4
NDM5_3276,35,1.98,0.497,0.543,2.3,0,0.618,0,
NDM5_3277,35,1.97,0.811,0.396,2.757,0,0.495,0,
NDM5_3278,35,-1.25,0.949,0.365,2.357,2,0.304,0,
NDM5_3279,35,0.98,1.146,0.542,2.714,0,0.533,0,
NDM5_3300,42,-0.02,1.574,0.083,2.086,0,0.07,1,homopolymer_run>=4
NDM5_3301,42,-1.02,0.926,0.346,2.057,0,0.288,1,homopolymer_run>=4
NDM5_3302,42,-0.02,1.743,0.057,2.086,0,0.047,1,homopolymer_run>=4
NDM5_3303,42,-2.02,1.39,0.149,1.8,0,0.124,1,homopolymer_run>=4
NDM5_3304,42,-2.02,0.836,0.463,2.057,0,0.386,1,homopolymer_run>=4
NDM5_3305,42,-0.99,1.44,0.146,2.371,0,0.122,1,homopolymer_run>=4
NDM5_3306,42,-0.02,1.624,0.121,2.429,0,0.101,1,homopolymer_run>=4
NDM5_3307,42,-0.02,1.424,0.093,1.8,0,0.078,1,homopolymer_run>=4
NDM5_3308,42,-2.02,1.495,0.146,2.143,0,0.122,1,homopolymer_run>=4
NDM5_3309,42,-2.02,1.462,0.184,2.086,0,0.153,1,homopolymer_run>=4
NDM5_3330,22,-1.02,0.836,0.544,2.086,0,0.453,1,homopolymer_run>=4
NDM5_3331,22,-0.03,0.777,0.099,1.486,0,0.082,1,homopolymer_run>=4
NDM5_3332,22,-1.02,0.377,0.264,1.157,0,0.22,0,
NDM5_3333,22,-0.02,0.655,0.743,1.614,0,0.5,0,
NDM5_3334,22,2.98,0.877,0.354,1.8,0,0.543,1,homopolymer_run>=4
NDM5_3335,22,-1.02,0.677,0.351,1.571,0,0.292,1,motif_DP
NDM5_3336,22,-1.02,0.755,0.369,1.329,0,0.308,0,
NDM5_3337,22,1.97,0.009,0.379,2.057,0,0.48,0,
NDM5_3338,22,-1.02,-0.114,0.367,1.7,0,0.306,1,motif_DG
NDM5_3339,22,0.98,0.214,0.703,1.557,0,0.581,0,
NDM5_3360,16,-0.02,1.262,0.183,1.571,0,0.152,1,homopolymer_run>=4
NDM5_3361,16,-0.02,0.912,0.416,2.086,0,0.347,0,
NDM5_3362,16,0.98,0.4,0.201,1.057,0,0.249,0,
NDM5_3363,16,0.98,0.231,0.267,0.986,0,0.304,2,motif_DG;homopolymer_run>=4
NDM5_3364,16,0.97,0.394,0.204,0.914,0,0.251,0,
NDM5_3365,16,-0.02,1.006,0.121,1.4,0,0.101,0,
NDM5_3366,16,-0.02,-0.025,0.121,0.486,0,0.101,0,
NDM5_3367,16,0.98,0.369,0.155,1.229,0,0.211,0,
NDM5_3368,16,0.98,0.775,0.362,2.429,0,0.383,1,homopolymer_run>=4
NDM5_3369,16,-1.02,0.156,0.339,1.014,0,0.282,2,motif_DG;motif_DP
NDM5_3390,30,-0.02,1.507,0.03,1.8,0,0.025,1,homopolymer_run>=4
NDM5_3391,30,-1.02,1.423,0.152,2.086,0,0.126,1,homopolymer_run>=4
NDM5_3392,30,-0.02,1.463,0.148,2.086,0,0.123,1,homopolymer_run>=4
NDM5_3393,30,-0.03,0.427,0.588,1.543,0,0.49,0,
NDM5_3394,30,0.98,0.843,0.631,2.343,0,0.581,1,motif_NG
NDM5_3395,30,-1.02,0.203,0.514,1.471,0,0.428,1,motif_DG
NDM5_3396,30,-3.02,1.073,0.306,2.029,0,0.255,0,
NDM5_3397,30,-0.02,0.777,0.429,1.671,0,0.358,1,homopolymer_run>=4
NDM5_3398,30,-0.02,1.203,0.494,2.943,0,0.411,2,motif_DG;homopolymer_run>=4
NDM5_3399,30,-0.02,1.247,0.05,1.8,0,0.041,1,homopolymer_run>=4
NDM5_3420,26,-0.02,0.985,0.183,1.8,0,0.152,1,homopolymer_run>=4
NDM5_3421,26,-2.02,0.285,0.486,1.143,0,0.405,0,
NDM5_3422,26,-1.03,1.088,0.153,2.157,0,0.127,1,motif_DG
NDM5_3423,26,-2.14,0.465,0.287,1.486,1,0.239,1,odd_Cys(free_thiol)
NDM5_3424,26,0.01,1.012,0.397,2.057,0,0.332,1,homopolymer_run>=4
NDM5_3425,26,-4.02,0.708,0.363,1.714,0,0.303,1,motif_DG
NDM5_3426,26,-0.99,0.358,0.293,2.3,0,0.244,2,motif_DP;motif_DS
NDM5_3427,26,-4.02,0.596,0.658,1.529,0,0.5,0,
NDM5_3428,26,0.98,1.042,0.397,2.1,0,0.412,1,homopolymer_run>=4
NDM5_3429,26,0.97,0.812,0.377,0.986,0,0.395,2,motif_NS;homopolymer_run>=4
NDM5_3450,33,-3.02,0.436,0.284,1.5,0,0.237,2,motif_DG;motif_DP
NDM5_3451,33,3.98,0.527,0.495,2.086,0,0.744,1,homopolymer_run>=4
NDM5_3452,33,-2.99,0.355,0.177,2.143,0,0.147,0,
NDM5_3453,33,-0.02,1.012,0.069,1.8,0,0.057,1,homopolymer_run>=4
NDM5_3454,33,-0.02,1.391,0.067,1.8,0,0.056,1,homopolymer_run>=4
NDM5_3455,33,-1.02,1.073,0.2,2.086,0,0.166,1,homopolymer_run>=4
NDM5_3456,33,-1.02,0.858,0.342,1.486,0,0.285,2,motif_DP;homopolymer_run>=4
NDM5_3457,33,-1.99,0.173,0.321,1.043,0,0.267,2,motif_DG;motif_DP
NDM5_3458,33,-0.02,-0.006,0.67,1.643,0,0.5,1,motif_DG
NDM5_3459,33,-0.02,1.318,0.357,2.171,0,0.298,1,homopolymer_run>=4
NDM5_3480,24,-2.02,1.25,0.195,2.114,0,0.162,1,homopolymer_run>=4
NDM5_3481,24,-0.02,1.312,0.327,2.471,0,0.272,1,homopolymer_run>=4
NDM5_3482,24,-2.03,0.55,0.35,1.586,0,0.291,1,motif_DG
NDM5_3483,24,-1.02,1.171,0.513,2.686,0,0.427,0,
NDM5_3484,24,-1.02,1.275,0.12,2.371,0,0.1,1,homopolymer_run>=4
NDM5_3485,24,-0.02,1.771,0.139,2.371,0,0.116,1,homopolymer_run>=4
NDM5_3486,24,-2.99,0.854,0.349,1.671,0,0.291,2,motif_DG;motif_DP
NDM5_3487,24,-2.02,0.475,0.202,1.329,0,0.168,0,
NDM5_3488,24,-1.02,1.238,0.18,2.371,0,0.15,2,motif_DP;homopolymer_run>=4
NDM5_3489,24,0.98,0.754,0.404,1.457,0,0.418,1,homopolymer_run>=4
NDM5_3510,44,-2.02,1.545,0.169,2.086,0,0.141,1,homopolymer_run>=4
NDM5_3511,44,-0.02,1.173,0.307,1.8,0,0.256,1,homopolymer_run>=4
NDM5_3512,44,-0.02,1.5,0.024,1.8,0,0.02,1,homopolymer_run>=4
NDM5_3513,44,-1.02,1.45,0.146,2.086,0,0.122,1,homopolymer_run>=4
NDM5_3514,44,-1.03,1.311,0.166,1.943,0,0.138,1,homopolymer_run>=4
NDM5_3515,44,-1.02,1.23,0.12,1.8,0,0.1,1,homopolymer_run>=4
NDM5_3516,44,-0.03,0.989,0.375,2.471,0,0.312,0,
NDM5_3517,44,-1.02,1.039,0.267,2.343,0,0.223,0,
NDM5_3518,44,-1.02,1.689,0.185,3.057,0,0.154,1,homopolymer_run>=4
NDM5_3519,44,-1.02,1.436,0.146,2.143,0,0.122,1,homopolymer_run>=4
NDM5_3540,23,-0.25,0.596,0.225,2.114,2,0.188,0,
NDM5_3541,23,-0.02,1.87,0.107,2.371,0,0.089,1,homopolymer_run>=4
NDM5_3542,23,-0.02,0.278,0.344,1.686,0,0.287,1,homopolymer_run>=4
NDM5_3543,23,-3.02,0.97,0.216,1.914,0,0.18,0,
NDM5_3544,23,-1.02,1.004,0.279,2.386,0,0.233,1,motif_DS
NDM5_3545,23,0.98,0.435,0.678,1.286,0,0.581,1,motif_DP
NDM5_3546,23,-0.02,1.361,0.086,1.814,0,0.071,1,homopolymer_run>=4
NDM5_3547,23,0.98,1.265,0.356,2.143,0,0.378,1,homopolymer_run>=4
NDM5_3548,23,-1.02,1.03,0.329,2.371,0,0.274,0,
NDM5_3549,23,-1.02,1.091,0.213,2.086,0,0.178,1,motif_DG
NDM5_3570,28,-0.02,0.786,0.261,1.386,0,0.217,0,
NDM5_3571,28,-0.02,1.721,0.026,1.8,0,0.021,1,homopolymer_run>=4
NDM5_3572,28,-2.02,1.186,0.148,1.8,0,0.123,1,homopolymer_run>=4
NDM5_3573,28,-0.02,1.468,0.263,2.943,0,0.219,1,homopolymer_run>=4
NDM5_3574,28,-0.02,0.139,0.463,1.786,0,0.386,1,N-term_Met(ox)
NDM5_3575,28,-0.02,1.564,0.024,1.8,0,0.02,1,homopolymer_run>=4
NDM5_3576,28,-0.14,1.557,0.065,1.9,1,0.054,2,odd_Cys(free_thiol);homopolymer_run>=4
NDM5_3577,28,-1.02,1.539,0.177,2.2,0,0.148,2,motif_DG;homopolymer_run>=4
NDM5_3578,28,1.98,0.729,0.3,1.8,0,0.415,1,homopolymer_run>=4
NDM5_3579,28,-2.03,0.407,0.561,1.571,0,0.467,0,
NDM5_3600,20,-4.02,-0.255,0.312,0.614,0,0.26,0,
NDM5_3601,20,-0.03,0.215,0.379,0.929,0,0.316,1,motif_DG
NDM5_3602,20,-2.03,-0.66,0.151,-0.229,0,0.126,0,
NDM5_3603,20,-2.02,0.255,0.268,1.243,0,0.223,0,
NDM5_3604,20,0.98,1.315,0.376,2.657,0,0.394,0,
NDM5_3605,20,-0.02,1.27,0.266,1.586,0,0.222,0,
NDM5_3606,20,-0.03,0.265,0.352,0.686,0,0.293,0,
NDM5_3607,20,-1.02,0.475,0.264,1.471,0,0.22,0,
NDM5_3608,20,-3.03,0.365,0.157,1.557,0,0.131,1,motif_DG
NDM5_3609,20,-0.02,0.35,0.144,1.114,0,0.12,1,motif_DG
NDM5_3630,26,-0.02,1.554,0.054,2.143,0,0.045,1,homopolymer_run>=4
NDM5_3631,26,-0.02,0.915,0.369,1.614,0,0.307,0,
NDM5_3632,26,-1.02,1.342,0.226,2.371,0,0.189,1,homopolymer_run>=4
NDM5_3633,26,0.97,1.646,0.259,2.371,0,0.297,1,homopolymer_run>=4
NDM5_3634,26,-0.02,1.127,0.4,2.714,0,0.333,1,homopolymer_run>=4
NDM5_3635,26,-0.02,1.519,0.159,2.186,0,0.133,1,homopolymer_run>=4
NDM5_3636,26,-0.02,1.454,0.068,1.8,0,0.057,1,homopolymer_run>=4
NDM5_3637,26,-1.02,1.569,0.149,2.086,0,0.124,1,homopolymer_run>=4
NDM5_3638,26,1.98,1.208,0.569,2.429,0,0.639,1,motif_NS
NDM5_3639,26,1.98,0.677,0.564,2.186,0,0.634,1,motif_NG
NDM5_3660,29,-3.98,-0.145,0.658,1.9,0,0.5,0,
NDM5_3661,29,-2.02,0.866,0.562,2.243,0,0.469,1,motif_NG
NDM5_3662,29,-2.02,1.283,0.277,1.8,0,0.231,1,homopolymer_run>=4
NDM5_3663,29,-1.02,0.476,0.407,2.4,0,0.339,1,motif_DP
NDM5_3664,29,-1.02,1.193,0.447,2.371,0,0.372,1,homopolymer_run>=4
NDM5_3665,29,0.98,1.352,0.51,3.043,0,0.506,0,
NDM5_3666,29,-0.03,0.976,0.327,2.114,0,0.272,1,homopolymer_run>=4
NDM5_3667,29,-1.02,1.028,0.203,2.086,0,0.169,2,motif_DG;homopolymer_run>=4
NDM5_3668,29,-1.02,1.121,0.178,1.771,0,0.148,1,homopolymer_run>=4
NDM5_3669,29,1.98,0.414,0.569,2.457,0,0.639,0,
NDM5_3690,19,0.97,-0.589,0.37,0.443,0,0.389,0,
NDM5_3691,19,0.98,0.979,0.469,1.671,0,0.472,0,
NDM5_3692,19,0.01,0.247,0.24,0.8,0,0.201,0,
NDM5_3693,19,-1.02,1.026,0.224,1.8,0,0.187,1,homopolymer_run>=4
NDM5_3694,19,-0.02,-0.042,0.297,0.514,0,0.248,0,
NDM5_3695,19,-0.02,0.679,0.382,2.029,0,0.318,0,
NDM5_3696,19,-1.02,0.684,0.43,1.614,0,0.358,0,
NDM5_3697,19,0.98,0.511,0.318,1.7,0,0.346,0,
NDM5_3698,19,0.98,0.095,0.434,0.914,0,0.443,1,motif_DS
NDM5_3699,19,-0.02,0.684,0.18,1.829,0,0.15,0,
NDM5_3720,28,-0.02,0.325,0.613,1.586,0,0.5,0,
NDM5_3721,28,-0.14,0.479,0.49,1.614,1,0.409,2,odd_Cys(free_thiol);homopolymer_run>=4
NDM5_3722,28,-0.02,0.311,0.447,1.471,0,0.372,0,
NDM5_3723,28,-4.02,0.657,0.418,1.457,0,0.349,1,homopolymer_run>=4
NDM5_3724,28,0.01,1.114,0.188,2.057,0,0.157,1,homopolymer_run>=4
NDM5_3725,28,0.98,0.143,0.842,1.257,0,0.581,0,
NDM5_3726,28,0.98,1.089,0.399,2.086,0,0.414,1,homopolymer_run>=4
NDM5_3727,28,-2.02,0.621,0.429,2.571,0,0.357,0,
NDM5_3728,28,-3.02,1.225,0.306,2.057,0,0.255,2,motif_DS;homopolymer_run>=4
NDM5_3729,28,-0.02,1.564,0.029,1.8,0,0.024,1,homopolymer_run>=4
NDM5_3750,13,-1.02,0.946,0.228,1.214,0,0.19,1,motif_DG
NDM5_3751,13,0.01,0.354,0.189,1.129,0,0.158,0,
NDM5_3752,13,-1.02,0.892,0.114,1.3,0,0.095,1,motif_DG
NDM5_3753,13,-1.14,0.254,0.219,0.971,1,0.182,1,odd_Cys(free_thiol)
NDM5_3754,13,-0.02,0.169,0.303,0.943,0,0.252,1,motif_DP
NDM5_3755,13,-0.02,0.554,0.09,0.857,0,0.075,0,
NDM5_3756,13,-0.02,0.046,0.198,0.471,0,0.165,0,
NDM5_3757,13,-1.02,1.023,0.247,1.3,0,0.206,1,motif_DG
NDM5_3758,13,-0.02,0.446,0.301,1.257,0,0.251,1,homopolymer_run>=4
NDM5_3759,13,0.98,1.038,0.263,1.314,0,0.301,0,
NDM5_3780,43,1.98,0.963,0.313,2.086,0,0.425,1,homopolymer_run>=4
NDM5_3781,43,-0.02,1.6,0.058,1.829,0,0.049,1,homopolymer_run>=4
NDM5_3782,43,-0.02,1.326,0.315,1.8,0,0.263,1,homopolymer_run>=4
NDM5_3783,43,-1.02,1.616,0.149,2.086,0,0.124,1,homopolymer_run>=4
NDM5_3784,43,0.01,1.205,0.301,2.143,0,0.252,1,homopolymer_run>=4
NDM5_3785,43,-0.14,0.781,0.32,1.986,1,0.266,2,odd_Cys(free_thiol);N-term_Q/E(pyroglutamate)
NDM5_3786,43,-0.03,1.04,0.384,2.143,0,0.32,2,motif_DG;homopolymer_run>=4
NDM5_3787,43,1.98,1.488,0.422,2.657,0,0.517,1,homopolymer_run>=4
NDM5_3788,43,-0.02,1.519,0.124,1.8,0,0.103,1,homopolymer_run>=4
NDM5_3789,43,-0.02,1.595,0.024,1.8,0,0.02,1,homopolymer_run>=4
NDM5_3810,38,-0.02,1.679,0.321,2.757,0,0.267,1,homopolymer_run>=4
NDM5_3811,38,-1.02,0.411,0.635,2.386,0,0.5,0,
NDM5_3812,38,-0.02,1.437,0.296,1.8,0,0.247,1,homopolymer_run>=4
NDM5_3813,38,0.86,-0.645,0.646,1.086,1,0.572,1,odd_Cys(free_thiol)
NDM5_3814,38,0.98,1.203,0.445,2.429,0,0.452,1,homopolymer_run>=4
NDM5_3815,38,-0.02,1.411,0.434,2.371,0,0.362,2,motif_DG;homopolymer_run>=4
NDM5_3816,38,-0.02,1.039,0.294,2.657,0,0.245,1,homopolymer_run>=4
NDM5_3817,38,-2.02,1.021,0.391,2.086,0,0.326,1,homopolymer_run>=4
NDM5_3818,38,0.98,1.721,0.281,2.429,0,0.315,1,homopolymer_run>=4
NDM5_3819,38,-1.02,1.663,0.178,2.371,0,0.148,1,homopolymer_run>=4
NDM5_3840,34,-2.02,1.2,0.273,2.086,0,0.228,2,motif_DP;homopolymer_run>=4
NDM5_3841,34,-1.02,1.115,0.409,2.371,0,0.341,1,motif_DG
NDM5_3842,34,-0.1,0.965,0.376,3.043,1,0.313,1,odd_Cys(free_thiol)
NDM5_3843,34,-0.02,0.679,0.637,2.057,0,0.5,1,motif_DG
NDM5_3844,34,-2.02,0.65,0.52,2.429,0,0.433,0,
NDM5_3845,34,-4.02,0.976,0.631,2.186,0,0.5,0,
NDM5_3846,34,0.98,1.4,0.436,2.114,0,0.444,1,homopolymer_run>=4
NDM5_3847,34,-7.02,0.226,0.444,1.971,0,0.37,1,motif_NG
NDM5_3848,34,0.98,1.168,0.36,2.657,0,0.381,2,motif_NG;homopolymer_run>=4
NDM5_3849,34,-0.99,1.082,0.217,1.8,0,0.181,1,homopolymer_run>=4
NDM5_3870,36,-1.02,1.369,0.309,2.429,0,0.257,1,motif_DP
NDM5_3871,36,-4.03,0.289,0.313,2.086,0,0.261,3,motif_DG;motif_DP;homopolymer_run>=4
NDM5_3872,36,2.01,1.122,0.307,1.829,0,0.423,1,homopolymer_run>=4
NDM5_3873,36,-3.02,0.114,0.363,1.529,0,0.303,1,motif_DS
NDM5_3874,36,1.01,1.161,0.616,2.343,0,0.585,1,homopolymer_run>=4
NDM5_3875,36,-1.95,1.114,0.403,2.757,0,0.336,0,
NDM5_3876,36,0.98,1.431,0.335,2.429,0,0.361,2,motif_DG;homopolymer_run>=4
NDM5_3877,36,-1.02,0.836,0.591,1.8,0,0.492,1,homopolymer_run>=4
NDM5_3878,36,-0.14,0.761,0.396,2.157,1,0.33,3,odd_Cys(free_thiol);motif_DG;homopolymer_run>=4
NDM5_3879,36,-2.02,1.433,0.224,2.429,0,0.187,1,homopolymer_run>=4
NDM5_3900,20,0.98,1.08,0.389,1.957,0,0.405,0,
NDM5_3901,20,-1.02,1.145,0.253,1.786,0,0.211,0,
NDM5_3902,20,-1.99,-0.305,0.132,0.357,0,0.11,1,motif_DP
NDM5_3903,20,-0.02,0.74,0.437,2.114,0,0.364,0,
NDM5_3904,20,-0.02,1.655,0.161,2.657,0,0.134,1,homopolymer_run>=4
NDM5_3905,20,0.98,0.495,0.278,1.314,0,0.313,0,
NDM5_3906,20,0.01,0.55,0.156,1.486,0,0.131,1,homopolymer_run>=4
NDM5_3907,20,-3.02,0.54,0.241,2.086,0,0.2,3,motif_DG;motif_DP;homopolymer_run>=4
NDM5_3908,20,-1.03,0.295,0.271,0.543,0,0.226,0,
NDM5_3909,20,-0.99,0.025,0.211,0.671,0,0.176,0,
NDM5_3930,18,-1.99,-0.144,0.293,0.629,0,0.244,1,motif_DG
NDM5_3931,18,-0.02,0.75,0.128,1.229,0,0.107,0,
NDM5_3932,18,0.98,0.611,0.402,1.629,0,0.416,0,
NDM5_3933,18,0.98,0.033,0.425,0.9,0,0.436,0,
NDM5_3934,18,0.98,-0.039,0.325,0.971,0,0.352,1,motif_DS
NDM5_3935,18,-1.02,0.461,0.226,1.314,0,0.188,1,motif_DS
NDM5_3936,18,0.98,1.106,0.428,1.771,0,0.438,0,
NDM5_3937,18,-0.02,1.356,0.096,1.729,0,0.08,0,
NDM5_3938,18,-1.02,0.65,0.213,1.7,0,0.178,0,
NDM5_3939,18,-0.02,1.456,0.146,2.414,0,0.122,0,
NDM5_3960,36,2.98,0.406,0.836,1.8,0,0.748,1,homopolymer_run>=4
NDM5_3961,36,0.98,1.35,0.277,1.8,0,0.312,1,homopolymer_run>=4
NDM5_3962,36,-1.02,1.558,0.297,2.371,0,0.248,2,motif_DG;homopolymer_run>=4
NDM5_3963,36,-2.02,1.261,0.151,1.8,0,0.126,1,homopolymer_run>=4
NDM5_3964,36,1.98,0.708,0.451,1.743,0,0.54,1,homopolymer_run>=4
NDM5_3965,36,-0.14,1.264,0.42,2.529,1,0.35,2,odd_Cys(free_thiol);homopolymer_run>=4
NDM5_3966,36,-2.98,0.936,0.263,2.371,0,0.219,2,motif_DP;homopolymer_run>=4
NDM5_3967,36,-1.02,0.675,0.382,2.086,0,0.318,1,homopolymer_run>=4
NDM5_3968,36,1.01,0.819,0.537,1.671,0,0.532,1,motif_DG
NDM5_3969,36,-1.14,1.575,0.388,2.471,1,0.323,1,odd_Cys(free_thiol)
NDM5_3990,31,-0.99,0.877,0.324,1.543,0,0.27,2,motif_DG;motif_DP
NDM5_3991,31,-1.02,1.416,0.154,1.8,0,0.129,1,homopolymer_run>=4
NDM5_3992,31,-0.02,1.416,0.149,1.8,0,0.124,1,homopolymer_run>=4
NDM5_3993,31,-1.02,1.494,0.191,2.229,0,0.159,1,homopolymer_run>=4
NDM5_3994,31,-0.02,1.565,0.072,2.086,0,0.06,1,homopolymer_run>=4
NDM5_3995,31,-0.02,1.587,0.029,1.8,0,0.024,1,homopolymer_run>=4
NDM5_3996,31,-2.02,1.31,0.178,2.086,0,0.148,2,motif_DG;homopolymer_run>=4
NDM5_3997,31,-1.02,1.132,0.314,1.8,0,0.262,2,motif_DG;homopolymer_run>=4
NDM5_3998,31,-0.02,1.658,0.024,1.8,0,0.02,1,homopolymer_run>=4
NDM5_3999,31,-0.02,1.555,0.234,2.371,0,0.195,1,homopolymer_run>=4
NDM5_4020,25,-0.02,1.648,0.072,2.086,0,0.06,1,homopolymer_run>=4
NDM5_4021,25,-1.02,1.144,0.242,2.343,0,0.202,0,
NDM5_4022,25,0.98,1.108,0.374,2.714,0,0.393,1,homopolymer_run>=4
NDM5_4023,25,0.01,1.116,0.215,1.8,0,0.18,1,homopolymer_run>=4
NDM5_4024,25,-1.02,1.32,0.168,2.657,0,0.14,1,homopolymer_run>=4
NDM5_4025,25,-0.02,1.532,0.168,1.8,0,0.14,1,homopolymer_run>=4
NDM5_4026,25,-1.02,1.388,0.15,2.186,0,0.125,1,homopolymer_run>=4
NDM5_4027,25,-0.02,1.16,0.229,1.8,0,0.191,1,homopolymer_run>=4
NDM5_4028,25,-0.02,1.4,0.066,1.8,0,0.055,1,homopolymer_run>=4
NDM5_4029,25,-0.02,0.82,0.578,2.086,0,0.482,1,motif_DG
NDM5_4050,19,0.97,0.505,0.241,1.314,0,0.282,0,
NDM5_4051,19,-1.02,-0.037,0.453,1.357,0,0.377,1,motif_DP
NDM5_4052,19,0.97,-0.268,0.264,1.614,0,0.301,0,
NDM5_4053,19,1.01,1.079,0.203,2.657,0,0.253,1,homopolymer_run>=4
NDM5_4054,19,0.97,0.474,0.192,1.229,0,0.241,0,
NDM5_4055,19,-0.02,1.489,0.219,2.086,0,0.183,2,motif_NG;homopolymer_run>=4
NDM5_4056,19,-1.02,0.9,0.175,1.157,0,0.146,0,
NDM5_4057,19,0.98,0.863,0.252,2.429,0,0.291,0,
NDM5_4058,19,-1.02,0.558,0.17,0.843,0,0.142,1,homopolymer_run>=4
NDM5_4059,19,-0.02,1.458,0.116,2.114,0,0.097,0,
NDM5_4080,25,-1.02,1.02,0.436,1.8,0,0.363,1,homopolymer_run>=4
NDM5_4081,25,-1.02,0.764,0.223,2.0,0,0.186,1,homopolymer_run>=4
NDM5_4082,25,1.98,1.272,0.533,2.086,0,0.609,1,homopolymer_run>=4
NDM5_4083,25,-0.03,1.052,0.081,1.8,0,0.067,1,homopolymer_run>=4
NDM5_4084,25,-1.02,0.452,0.657,1.329,0,0.5,2,motif_DG;homopolymer_run>=4
NDM5_4085,25,-1.02,1.46,0.204,2.371,0,0.17,1,homopolymer_run>=4
NDM5_4086,25,-0.99,0.9,0.248,2.086,0,0.207,1,homopolymer_run>=4
NDM5_4087,25,-0.99,-0.236,0.554,0.886,0,0.462,0,
NDM5_4088,25,-0.02,0.388,0.416,2.086,0,0.346,1,homopolymer_run>=4
NDM5_4089,25,-0.02,0.072,0.719,1.557,0,0.5,1,motif_DG
NDM5_4110,42,-0.99,1.19,0.245,2.657,0,0.204,0,
NDM5_4111,42,-1.02,1.412,0.149,1.8,0,0.124,1,homopolymer_run>=4
NDM5_4112,42,-1.02,1.469,0.159,1.829,0,0.132,1,homopolymer_run>=4
NDM5_4113,42,-1.02,1.612,0.151,2.086,0,0.126,1,homopolymer_run>=4
NDM5_4114,42,-0.02,1.193,0.287,2.471,0,0.239,0,
NDM5_4115,42,-1.02,1.569,0.151,1.8,0,0.126,1,homopolymer_run>=4
NDM5_4116,42,-0.02,1.648,0.071,1.829,0,0.059,1,homopolymer_run>=4
NDM5_4117,42,-0.02,1.221,0.152,1.814,0,0.127,1,homopolymer_run>=4
NDM5_4118,42,-0.02,1.586,0.05,2.086,0,0.042,1,homopolymer_run>=4
NDM5_4119,42,-0.02,1.3,0.126,1.8,0,0.105,1,homopolymer_run>=4
NDM5_4140,29,-1.02,1.279,0.327,2.086,0,0.273,1,homopolymer_run>=4
NDM5_4141,29,-2.02,1.221,0.247,2.086,0,0.206,1,homopolymer_run>=4
NDM5_4142,29,-0.02,1.497,0.031,1.8,0,0.025,1,homopolymer_run>=4
NDM5_4143,29,0.98,1.169,0.384,2.086,0,0.402,2,motif_DP;homopolymer_run>=4
NDM5_4144,29,-2.02,1.548,0.19,2.243,0,0.158,2,motif_DG;homopolymer_run>=4
NDM5_4145,29,-2.02,1.166,0.271,1.8,0,0.226,1,homopolymer_run>=4
NDM5_4146,29,-1.02,0.621,0.265,1.614,0,0.221,0,
NDM5_4147,29,-0.02,1.369,0.067,2.114,0,0.056,1,homopolymer_run>=4
NDM5_4148,29,-2.02,1.659,0.257,2.657,0,0.214,0,
NDM5_4149,29,1.98,0.779,0.553,1.329,0,0.626,0,
NDM5_4170,43,-1.02,1.472,0.149,1.8,0,0.124,1,homopolymer_run>=4
NDM5_4171,43,-0.02,1.64,0.215,2.371,0,0.179,1,homopolymer_run>=4
NDM5_4172,43,-4.02,0.495,0.619,1.714,0,0.5,0,
NDM5_4173,43,-0.02,1.533,0.326,2.371,0,0.272,1,homopolymer_run>=4
NDM5_4174,43,-1.02,1.57,0.146,2.371,0,0.122,1,homopolymer_run>=4
NDM5_4175,43,0.98,1.733,0.365,3.0,0,0.385,1,homopolymer_run>=4
NDM5_4176,43,-0.02,1.488,0.059,2.086,0,0.049,1,homopolymer_run>=4
NDM5_4177,43,-1.02,1.467,0.146,2.086,0,0.122,1,homopolymer_run>=4
NDM5_4178,43,-3.02,-0.044,0.437,1.529,0,0.364,0,
NDM5_4179,43,-1.02,1.595,0.427,2.786,0,0.356,1,homopolymer_run>=4
NDM5_4200,26,-0.02,0.95,0.346,2.086,0,0.289,1,homopolymer_run>=4
NDM5_4201,26,-1.02,1.577,0.261,2.086,0,0.217,1,homopolymer_run>=4
NDM5_4202,26,-0.02,1.092,0.287,1.8,0,0.239,1,homopolymer_run>=4
NDM5_4203,26,-2.02,0.723,0.362,2.429,0,0.301,0,
NDM5_4204,26,-0.02,0.581,0.519,1.214,0,0.433,1,motif_DG
NDM5_4205,26,-0.02,1.338,0.292,2.371,0,0.243,1,motif_NS
NDM5_4206,26,-0.02,0.754,0.439,2.086,0,0.366,2,motif_NS;homopolymer_run>=4
NDM5_4207,26,-0.99,1.012,0.185,1.8,0,0.154,1,homopolymer_run>=4
NDM5_4208,26,0.98,0.708,0.384,2.343,0,0.402,0,
NDM5_4209,26,-1.02,0.338,0.662,1.586,0,0.5,0,
NDM5_4230,21,-1.02,1.471,0.209,2.086,0,0.175,2,motif_DG;homopolymer_run>=4
NDM5_4231,21,-0.02,1.748,0.199,2.114,0,0.166,1,homopolymer_run>=4
NDM5_4232,21,-1.02,0.433,0.208,1.186,0,0.173,1,motif_DG
NDM5_4233,21,-1.02,0.905,0.217,1.971,0,0.181,0,
NDM5_4234,21,-1.02,0.371,0.271,1.429,0,0.226,0,
NDM5_4235,21,-2.02,0.076,0.398,0.971,0,0.332,1,motif_DG
NDM5_4236,21,0.98,0.343,0.531,1.6,0,0.524,2,motif_DP;homopolymer_run>=4
NDM5_4237,21,-1.02,1.419,0.229,2.371,0,0.191,2,motif_DG;homopolymer_run>=4
NDM5_4238,21,-0.99,0.957,0.214,1.657,0,0.179,0,
NDM5_4239,21,-0.02,1.362,0.134,1.714,0,0.112,0,
NDM5_4260,13,-1.02,1.146,0.2,1.757,0,0.166,0,
NDM5_4261,13,-0.02,0.808,0.144,1.229,0,0.12,0,
NDM5_4262,13,-1.02,1.085,0.113,1.471,0,0.094,0,
NDM5_4263,13,-0.02,0.738,0.146,1.214,0,0.121,0,
NDM5_4264,13,-0.02,1.415,0.126,2.057,0,0.105,0,
NDM5_4265,13,-1.03,0.038,0.234,0.871,0,0.195,0,
NDM5_4266,13,-0.02,-0.169,0.18,1.243,0,0.15,1,N-term_Q/E(pyroglutamate)
NDM5_4267,13,-2.02,0.392,0.375,0.829,0,0.312,1,motif_DG
NDM5_4268,13,0.98,1.038,0.366,1.629,0,0.387,0,
NDM5_4269,13,-0.02,1.238,0.175,1.971,0,0.146,0,
NDM5_4290,32,-0.02,1.247,0.595,2.714,0,0.496,2,motif_DG;homopolymer_run>=4
NDM5_4291,32,-0.02,0.884,0.437,2.386,0,0.364,1,homopolymer_run>=4
NDM5_4292,32,-1.02,0.625,0.488,1.486,0,0.407,2,motif_DG;homopolymer_run>=4
NDM5_4293,32,-1.02,0.416,0.672,1.986,0,0.5,0,
NDM5_4294,32,-0.02,0.631,0.37,2.371,0,0.309,0,
NDM5_4295,32,-2.03,0.106,0.241,1.414,0,0.201,0,
NDM5_4296,32,-2.02,0.878,0.273,2.371,0,0.227,2,motif_DG;homopolymer_run>=4
NDM5_4297,32,-1.02,0.875,0.466,1.9,0,0.388,1,homopolymer_run>=4
NDM5_4298,32,-1.02,1.188,0.195,1.8,0,0.162,1,homopolymer_run>=4
NDM5_4299,32,1.98,0.713,0.687,1.329,0,0.665,1,homopolymer_run>=4
NDM5_4320,28,3.98,0.432,0.571,1.186,0,0.807,1,homopolymer_run>=4
NDM5_4321,28,-1.02,1.296,0.143,1.8,0,0.119,1,homopolymer_run>=4
NDM5_4322,28,-2.02,0.818,0.33,1.871,0,0.275,1,motif_DG
NDM5_4323,28,-0.02,1.636,0.057,1.8,0,0.047,1,homopolymer_run>=4
NDM5_4324,28,1.98,1.296,0.427,2.086,0,0.521,1,homopolymer_run>=4
NDM5_4325,28,-1.99,1.261,0.168,2.057,0,0.14,1,homopolymer_run>=4
NDM5_4326,28,-1.03,1.418,0.201,2.714,0,0.167,1,homopolymer_run>=4
NDM5_4327,28,-1.02,0.471,0.55,1.043,0,0.459,2,motif_DG;homopolymer_run>=4
NDM5_4328,28,-0.02,0.857,0.432,1.829,0,0.36,1,homopolymer_run>=4
NDM5_4329,28,-0.03,-0.336,0.702,0.514,0,0.5,1,N-term_Met(ox)
NDM5_4350,40,-2.02,1.017,0.41,2.371,0,0.342,1,N-term_Met(ox)
NDM5_4351,40,-0.02,2.075,0.117,2.943,0,0.098,1,homopolymer_run>=4
NDM5_4352,40,-0.14,1.3,0.449,2.371,1,0.374,2,odd_Cys(free_thiol);homopolymer_run>=4
NDM5_4353,40,0.98,1.585,0.266,3.0,0,0.303,1,homopolymer_run>=4
NDM5_4354,40,1.98,1.343,0.408,2.4,0,0.504,1,homopolymer_run>=4
NDM5_4355,40,-4.02,0.465,0.432,2.343,0,0.36,2,N-term_Met(ox);motif_DG
NDM5_4356,40,-2.03,0.3,0.637,1.943,0,0.5,2,N-term_Met(ox);motif_DG
NDM5_4357,40,-1.02,1.552,0.146,2.086,0,0.122,1,homopolymer_run>=4
NDM5_4358,40,-3.02,1.417,0.282,2.657,0,0.235,1,motif_DG
NDM5_4359,40,-1.14,0.805,0.497,2.414,1,0.414,1,odd_Cys(free_thiol)
NDM5_4380,21,-1.02,0.39,0.383,2.057,0,0.319,2,motif_DG;motif_DP
NDM5_4381,21,-1.02,0.495,0.615,1.014,0,0.5,0,
NDM5_4382,21,-1.02,1.114,0.189,2.143,0,0.158,0,
NDM5_4383,21,-1.03,0.357,0.205,1.171,0,0.171,1,motif_DG
NDM5_4384,21,0.98,1.081,0.438,1.771,0,0.446,1,homopolymer_run>=4
NDM5_4385,21,-2.02,0.395,0.162,1.4,0,0.135,1,motif_DP
NDM5_4386,21,-2.02,0.886,0.277,1.771,0,0.231,2,motif_DP;homopolymer_run>=4
NDM5_4387,21,-0.02,1.433,0.377,2.471,0,0.314,0,
NDM5_4388,21,-1.99,0.195,0.38,0.729,0,0.317,0,
NDM5_4389,21,-0.02,0.586,0.363,0.9,0,0.303,1,homopolymer_run>=4
NDM5_4410,22,-3.25,0.886,0.325,2.4,2,0.271,0,
NDM5_4411,22,-1.02,1.395,0.271,2.371,0,0.226,0,
NDM5_4412,22,-0.02,1.445,0.525,2.371,0,0.438,1,homopolymer_run>=4
NDM5_4413,22,0.75,-0.077,0.366,1.243,2,0.368,2,motif_DP;motif_DS
NDM5_4414,22,-3.02,0.318,0.313,1.214,0,0.261,1,motif_DS
NDM5_4415,22,-0.02,0.864,0.282,1.329,0,0.235,0,
NDM5_4416,22,-1.02,0.518,0.291,1.614,0,0.242,1,homopolymer_run>=4
NDM5_4417,22,2.97,0.895,0.415,2.086,0,0.593,1,homopolymer_run>=4
NDM5_4418,22,-1.02,1.532,0.2,2.429,0,0.166,2,motif_DG;homopolymer_run>=4
NDM5_4419,22,-2.02,1.0,0.396,1.671,0,0.33,0,
NDM5_4440,12,-1.02,1.708,0.145,1.643,0,0.121,1,motif_DG
NDM5_4441,12,0.98,0.508,0.278,0.871,0,0.313,0,
NDM5_4442,12,0.98,0.742,0.265,0.786,0,0.302,0,
NDM5_4443,12,-0.02,0.508,0.164,1.314,0,0.136,0,
NDM5_4444,12,-0.02,0.325,0.195,1.043,0,0.163,0,
NDM5_4445,12,-0.02,0.083,0.104,0.9,0,0.087,0,
NDM5_4446,12,-0.02,1.525,0.105,1.314,0,0.088,0,
NDM5_4447,12,-0.02,0.75,0.163,0.9,0,0.136,0,
NDM5_4448,12,-1.02,0.775,0.13,1.771,0,0.108,1,motif_DP
NDM5_4449,12,-0.02,0.608,0.052,0.829,0,0.043,0,
NDM5_4470,41,-1.02,1.227,0.387,1.8,0,0.323,1,homopolymer_run>=4
NDM5_4471,41,-2.02,1.18,0.379,2.429,0,0.316,0,
NDM5_4472,41,-1.02,1.237,0.256,2.657,0,0.214,1,homopolymer_run>=4
NDM5_4473,41,2.01,0.966,0.46,2.371,0,0.551,1,homopolymer_run>=4
NDM5_4474,41,-2.02,1.532,0.162,2.086,0,0.135,1,homopolymer_run>=4
NDM5_4475,41,-0.02,1.298,0.303,2.086,0,0.253,1,homopolymer_run>=4
NDM5_4476,41,-2.02,1.512,0.161,2.143,0,0.134,2,motif_DP;homopolymer_run>=4
NDM5_4477,41,-1.02,1.3,0.242,2.429,0,0.201,1,homopolymer_run>=4
NDM5_4478,41,-0.99,1.28,0.23,1.8,0,0.192,1,homopolymer_run>=4
NDM5_4479,41,0.98,1.2,0.474,2.486,0,0.477,2,motif_DS;homopolymer_run>=4
NDM5_4500,35,-1.02,1.306,0.48,1.8,0,0.4,1,homopolymer_run>=4
NDM5_4501,35,-4.03,0.717,0.356,2.143,0,0.296,2,motif_DS;motif_NS
NDM5_4502,35,-0.02,1.714,0.109,2.371,0,0.091,1,homopolymer_run>=4
NDM5_4503,35,-3.03,0.454,0.446,1.9,0,0.371,1,homopolymer_run>=4
NDM5_4504,35,-1.03,0.617,0.343,2.157,0,0.286,0,
NDM5_4505,35,-1.99,0.729,0.506,1.671,0,0.421,2,motif_DG;homopolymer_run>=4
NDM5_4506,35,0.98,1.02,0.34,2.371,0,0.364,2,motif_NG;homopolymer_run>=4
NDM5_4507,35,-0.02,0.62,0.652,1.7,0,0.5,0,
NDM5_4508,35,-3.13,0.551,0.558,2.057,1,0.465,2,odd_Cys(free_thiol);motif_DG
NDM5_4509,35,0.98,0.869,0.578,1.8,0,0.563,2,motif_DG;homopolymer_run>=4
NDM5_4530,42,-2.02,1.605,0.149,2.371,0,0.124,1,homopolymer_run>=4
NDM5_4531,42,-0.03,1.245,0.293,1.829,0,0.244,1,homopolymer_run>=4
NDM5_4532,42,-1.02,1.474,0.229,2.657,0,0.191,1,homopolymer_run>=4
NDM5_4533,42,0.01,1.524,0.104,1.8,0,0.088,1,homopolymer_run>=4
NDM5_4534,42,-2.02,1.2,0.231,2.086,0,0.193,1,homopolymer_run>=4
NDM5_4535,42,-1.02,1.267,0.092,1.871,0,0.076,1,homopolymer_run>=4
NDM5_4536,42,-0.02,1.502,0.185,1.8,0,0.154,1,homopolymer_run>=4
NDM5_4537,42,-0.02,1.412,0.343,2.429,0,0.285,1,homopolymer_run>=4
NDM5_4538,42,-1.02,1.305,0.205,2.371,0,0.171,1,homopolymer_run>=4
NDM5_4539,42,-1.02,1.333,0.159,2.086,0,0.132,1,homopolymer_run>=4
NDM5_4560,30,3.97,0.403,0.74,1.771,0,0.831,1,motif_NS
NDM5_4561,30,-0.02,0.99,0.494,2.086,0,0.412,1,homopolymer_run>=4
NDM5_4562,30,-0.02,1.363,0.407,2.286,0,0.339,1,homopolymer_run>=4
NDM5_4563,30,-0.02,1.277,0.397,2.371,0,0.331,1,homopolymer_run>=4
NDM5_4564,30,-0.02,1.493,0.083,1.8,0,0.069,1,homopolymer_run>=4
NDM5_4565,30,0.98,0.797,0.371,1.643,0,0.391,1,motif_DG
NDM5_4566,30,-1.02,1.357,0.282,2.086,0,0.235,1,homopolymer_run>=4
NDM5_4567,30,0.98,1.223,0.305,1.8,0,0.335,1,homopolymer_run>=4
NDM5_4568,30,-1.02,1.51,0.298,2.2,0,0.249,1,homopolymer_run>=4
NDM5_4569,30,-1.99,1.11,0.333,2.371,0,0.278,0,
NDM5_4590,41,-1.02,0.946,0.364,2.086,0,0.304,1,homopolymer_run>=4
NDM5_4591,41,-0.02,1.239,0.307,2.086,0,0.256,1,homopolymer_run>=4
NDM5_4592,41,-0.02,1.639,0.058,2.086,0,0.049,1,homopolymer_run>=4
NDM5_4593,41,-1.02,1.402,0.133,1.8,0,0.111,1,homopolymer_run>=4
NDM5_4594,41,-1.02,1.456,0.149,1.8,0,0.124,1,homopolymer_run>=4
NDM5_4595,41,-2.02,1.38,0.149,1.8,0,0.124,1,homopolymer_run>=4
NDM5_4596,41,-0.02,1.424,0.033,1.8,0,0.028,1,homopolymer_run>=4
NDM5_4597,41,-0.02,1.415,0.083,1.8,0,0.069,1,homopolymer_run>=4
NDM5_4598,41,-2.02,1.405,0.153,1.943,0,0.127,1,homopolymer_run>=4
NDM5_4599,41,-3.02,0.407,0.581,1.671,0,0.484,1,motif_DG
NDM5_4620,35,1.98,0.983,0.487,2.086,0,0.571,0,
NDM5_4621,35,-2.02,1.677,0.209,2.429,0,0.174,1,homopolymer_run>=4
NDM5_4622,35,1.97,0.974,0.534,2.371,0,0.609,1,homopolymer_run>=4
NDM5_4623,35,-0.02,1.271,0.359,2.371,0,0.3,1,homopolymer_run>=4
NDM5_4624,35,0.98,0.797,0.532,1.729,0,0.525,1,homopolymer_run>=4
NDM5_4625,35,-1.02,1.403,0.165,2.371,0,0.138,1,homopolymer_run>=4
NDM5_4626,35,-1.02,1.163,0.503,2.371,0,0.419,1,homopolymer_run>=4
NDM5_4627,35,2.98,0.951,0.366,2.486,0,0.553,1,homopolymer_run>=4
NDM5_4628,35,-0.47,0.417,0.254,1.429,4,0.212,2,4_Cys;motif_DG
NDM5_4629,35,-0.02,1.771,0.11,2.086,0,0.092,1,homopolymer_run>=4
NDM5_4650,38,-1.02,0.624,0.483,1.614,0,0.403,0,
NDM5_4651,38,-1.02,1.461,0.183,2.371,0,0.152,1,homopolymer_run>=4
NDM5_4652,38,-1.02,1.392,0.147,1.8,0,0.123,1,homopolymer_run>=4
NDM5_4653,38,-0.02,1.087,0.293,2.371,0,0.244,1,homopolymer_run>=4
NDM5_4654,38,0.98,1.474,0.338,2.657,0,0.363,1,homopolymer_run>=4
NDM5_4655,38,-1.02,1.539,0.187,2.471,0,0.156,1,homopolymer_run>=4
NDM5_4656,38,-0.02,1.511,0.029,1.8,0,0.024,1,homopolymer_run>=4
NDM5_4657,38,0.98,1.439,0.339,2.086,0,0.364,1,homopolymer_run>=4
NDM5_4658,38,-1.02,1.747,0.154,2.4,0,0.128,1,homopolymer_run>=4
NDM5_4659,38,-1.02,0.876,0.291,1.8,0,0.242,1,homopolymer_run>=4
NDM5_4680,15,0.98,0.767,0.254,1.486,0,0.293,1,homopolymer_run>=4
NDM5_4681,15,-2.02,0.32,0.125,0.771,0,0.104,1,motif_DG
NDM5_4682,15,-0.02,1.36,0.101,1.771,0,0.084,1,homopolymer_run>=4
NDM5_4683,15,0.98,-0.4,0.279,0.443,0,0.314,0,
NDM5_4684,15,-0.02,-0.033,0.235,0.186,0,0.196,1,motif_DG
NDM5_4685,15,0.98,0.287,0.331,0.771,0,0.357,0,
NDM5_4686,15,-0.02,0.933,0.127,1.571,0,0.106,0,
NDM5_4687,15,-0.02,1.22,0.174,1.886,0,0.145,0,
NDM5_4688,15,-0.02,0.207,0.482,0.814,0,0.402,1,motif_DP
NDM5_4689,15,-0.02,0.447,0.096,1.129,0,0.08,0,
NDM5_4710,42,-0.02,1.245,0.329,2.229,0,0.274,1,homopolymer_run>=4
NDM5_4711,42,-1.02,1.069,0.391,2.943,0,0.326,1,homopolymer_run>=4
NDM5_4712,42,0.98,1.733,0.375,2.714,0,0.394,1,homopolymer_run>=4
NDM5_4713,42,-1.95,0.607,0.612,2.3,0,0.5,0,
NDM5_4714,42,-0.02,1.16,0.345,1.871,0,0.287,1,homopolymer_run>=4
NDM5_4715,42,-1.02,1.464,0.151,1.8,0,0.126,1,homopolymer_run>=4
NDM5_4716,42,-0.02,1.533,0.043,2.086,0,0.036,1,homopolymer_run>=4
NDM5_4717,42,-2.02,1.231,0.361,2.429,0,0.3,1,homopolymer_run>=4
NDM5_4718,42,-0.02,1.376,0.068,1.8,0,0.057,1,homopolymer_run>=4
NDM5_4719,42,-1.02,1.693,0.176,2.529,0,0.147,1,homopolymer_run>=4
NDM5_4740,41,-1.02,0.917,0.431,2.457,0,0.36,2,motif_DS;homopolymer_run>=4
NDM5_4741,41,-0.02,1.639,0.024,1.8,0,0.02,1,homopolymer_run>=4
NDM5_4742,41,1.98,1.329,0.597,2.157,0,0.662,1,homopolymer_run>=4
NDM5_4743,41,-1.02,1.456,0.149,1.8,0,0.124,1,homopolymer_run>=4
NDM5_4744,41,-0.02,1.615,0.108,2.086,0,0.09,1,homopolymer_run>=4
NDM5_4745,41,1.98,1.52,0.374,2.5,0,0.477,1,homopolymer_run>=4
NDM5_4746,41,1.98,1.249,0.34,2.214,0,0.448,1,homopolymer_run>=4
NDM5_4747,41,0.98,1.08,0.441,2.714,0,0.449,0,
NDM5_4748,41,-0.02,1.349,0.117,1.8,0,0.098,1,homopolymer_run>=4
NDM5_4749,41,-2.02,1.3,0.298,2.086,0,0.248,1,homopolymer_run>=4
NDM5_4770,26,-0.14,1.119,0.285,1.9,1,0.237,2,odd_Cys(free_thiol);homopolymer_run>=4
NDM5_4771,26,-0.02,1.612,0.387,2.243,0,0.323,1,homopolymer_run>=4
NDM5_4772,26,1.01,1.0,0.343,1.8,0,0.37,1,homopolymer_run>=4
NDM5_4773,26,-1.02,1.542,0.183,2.086,0,0.153,1,homopolymer_run>=4
NDM5_4774,26,-0.02,1.4,0.207,1.8,0,0.173,1,homopolymer_run>=4
NDM5_4775,26,-1.02,1.504,0.12,2.086,0,0.1,1,homopolymer_run>=4
NDM5_4776,26,-3.02,0.654,0.213,1.6,0,0.178,0,
NDM5_4777,26,-1.02,1.312,0.154,1.8,0,0.129,2,motif_DG;homopolymer_run>=4
NDM5_4778,26,-1.02,1.031,0.294,1.843,0,0.245,0,
NDM5_4779,26,-1.02,1.746,0.174,2.371,0,0.145,1,homopolymer_run>=4
NDM5_4800,40,0.98,1.198,0.324,2.429,0,0.352,1,homopolymer_run>=4
NDM5_4801,40,-1.02,1.215,0.326,2.429,0,0.271,1,homopolymer_run>=4
NDM5_4802,40,-0.02,1.542,0.161,2.429,0,0.134,1,homopolymer_run>=4
NDM5_4803,40,-3.02,0.318,0.496,2.643,0,0.413,1,motif_NS
NDM5_4804,40,-1.02,1.353,0.304,2.086,0,0.253,1,homopolymer_run>=4
NDM5_4805,40,-0.02,1.525,0.296,2.086,0,0.247,1,homopolymer_run>=4
NDM5_4806,40,-0.02,1.43,0.275,2.371,0,0.229,1,homopolymer_run>=4
NDM5_4807,40,-0.02,1.595,0.27,2.371,0,0.225,1,homopolymer_run>=4
NDM5_4808,40,-0.02,1.188,0.634,2.371,0,0.5,2,motif_DP;homopolymer_run>=4
NDM5_4809,40,-2.03,1.297,0.2,2.429,0,0.166,2,motif_DP;homopolymer_run>=4
NDM5_4830,24,-3.02,1.096,0.329,2.657,0,0.274,0,
NDM5_4831,24,0.98,0.95,0.425,1.886,0,0.436,0,
NDM5_4832,24,-4.02,0.058,0.203,1.057,0,0.169,1,motif_DP
NDM5_4833,24,-2.02,1.004,0.517,1.771,0,0.431,2,motif_DG;homopolymer_run>=4
NDM5_4834,24,-0.02,1.229,0.18,1.8,0,0.15,1,homopolymer_run>=4
NDM5_4835,24,-1.02,1.671,0.147,2.657,0,0.123,0,
NDM5_4836,24,1.98,0.65,0.31,1.329,0,0.423,0,
NDM5_4837,24,-0.02,1.467,0.064,1.8,0,0.054,1,homopolymer_run>=4
NDM5_4838,24,-0.02,1.396,0.238,2.371,0,0.199,1,homopolymer_run>=4
NDM5_4839,24,-0.03,1.15,0.166,2.057,0,0.138,1,homopolymer_run>=4
NDM5_4860,20,-0.02,0.33,0.396,1.243,0,0.33,0,
NDM5_4861,20,-1.02,0.53,0.283,0.857,0,0.236,1,homopolymer_run>=4
NDM5_4862,20,-0.99,0.53,0.284,1.086,0,0.236,0,
NDM5_4863,20,-1.02,1.285,0.216,1.8,0,0.18,1,homopolymer_run>=4
NDM5_4864,20,-0.02,1.37,0.163,2.086,0,0.136,1,homopolymer_run>=4
NDM5_4865,20,-2.02,0.565,0.203,1.871,0,0.169,1,motif_DG
NDM5_4866,20,-0.02,-0.03,0.424,1.743,0,0.354,1,motif_DG
NDM5_4867,20,-0.02,0.85,0.173,1.714,0,0.144,0,
NDM5_4868,20,-0.02,0.26,0.227,0.914,0,0.189,0,
NDM5_4869,20,-2.02,0.295,0.643,0.971,0,0.5,1,motif_DG
NDM5_4890,41,-0.02,1.888,0.099,2.943,0,0.083,1,homopolymer_run>=4
NDM5_4891,41,-0.02,1.546,0.092,2.114,0,0.077,1,homopolymer_run>=4
NDM5_4892,41,-0.02,1.341,0.313,2.757,0,0.261,1,homopolymer_run>=4
NDM5_4893,41,-1.02,1.376,0.149,2.086,0,0.124,1,homopolymer_run>=4
NDM5_4894,41,-1.02,1.502,0.264,2.657,0,0.22,1,homopolymer_run>=4
NDM5_4895,41,0.98,1.605,0.217,2.686,0,0.262,1,homopolymer_run>=4
NDM5_4896,41,-1.02,1.295,0.128,1.8,0,0.107,1,homopolymer_run>=4
NDM5_4897,41,-0.02,1.639,0.026,1.8,0,0.021,1,homopolymer_run>=4
NDM5_4898,41,-0.02,1.534,0.351,2.714,0,0.293,1,homopolymer_run>=4
NDM5_4899,41,-1.02,1.38,0.409,2.186,0,0.341,2,motif_DP;homopolymer_run>=4
NDM5_4920,23,-1.02,0.617,0.206,1.386,0,0.172,0,
NDM5_4921,23,-0.02,0.622,0.427,1.871,0,0.356,1,motif_DG
NDM5_4922,23,-1.03,1.013,0.237,2.371,0,0.197,0,
NDM5_4923,23,-0.02,1.439,0.164,2.086,0,0.136,1,homopolymer_run>=4
NDM5_4924,23,0.98,0.696,0.658,1.843,0,0.581,0,
NDM5_4925,23,-0.02,1.422,0.307,2.371,0,0.256,1,homopolymer_run>=4
NDM5_4926,23,-3.02,0.361,0.4,1.4,0,0.333,1,homopolymer_run>=4
NDM5_4927,23,-1.02,1.726,0.187,3.0,0,0.156,2,motif_DG;homopolymer_run>=4
NDM5_4928,23,-1.02,1.648,0.186,2.086,0,0.155,2,motif_DG;homopolymer_run>=4
NDM5_4929,23,1.97,1.378,0.794,2.429,0,0.665,0,
NDM5_4950,34,-0.02,0.556,0.794,1.9,0,0.5,1,motif_DG
NDM5_4951,34,1.98,0.862,0.647,2.086,0,0.665,0,
NDM5_4952,34,-2.02,1.247,0.15,2.086,0,0.125,3,motif_DG;motif_DP;homopolymer_run>=4
NDM5_4953,34,-0.02,1.306,0.056,2.086,0,0.047,1,homopolymer_run>=4
NDM5_4954,34,2.98,0.941,0.358,1.8,0,0.546,1,homopolymer_run>=4
NDM5_4955,34,-1.02,1.574,0.146,2.714,0,0.122,1,homopolymer_run>=4
NDM5_4956,34,-1.02,1.468,0.126,2.086,0,0.105,2,motif_DP;homopolymer_run>=4
NDM5_4957,34,-1.02,1.503,0.182,2.429,0,0.151,1,homopolymer_run>=4
NDM5_4958,34,-2.02,1.035,0.353,2.086,0,0.294,1,homopolymer_run>=4
NDM5_4959,34,0.98,0.935,0.416,2.371,0,0.428,1,homopolymer_run>=4
NDM5_4980,27,0.9,0.319,0.407,2.143,1,0.414,2,odd_Cys(free_thiol);homopolymer_run>=4
NDM5_4981,27,-1.02,1.526,0.134,1.8,0,0.111,1,homopolymer_run>=4
NDM5_4982,27,-0.02,1.589,0.162,1.9,0,0.135,1,homopolymer_run>=4
NDM5_4983,27,-0.02,1.27,0.239,1.8,0,0.199,1,homopolymer_run>=4
NDM5_4984,27,-0.02,1.378,0.24,2.243,0,0.2,0,
NDM5_4985,27,-1.02,1.307,0.359,2.371,0,0.299,0,
NDM5_4986,27,-1.02,1.093,0.421,2.571,0,0.351,1,motif_DG
NDM5_4987,27,-0.02,1.426,0.161,2.371,0,0.134,1,homopolymer_run>=4
NDM5_4988,27,-0.02,1.741,0.197,2.371,0,0.164,1,homopolymer_run>=4
NDM5_4989,27,-2.02,0.77,0.412,2.371,0,0.343,1,homopolymer_run>=4
config_NDM5_000,40,0.97,0.652,0.576,2.443,0,0.561,0,
config_NDM5_001,40,-0.02,0.912,0.54,2.757,0,0.45,1,oxidation_prone(M/W)
config_NDM5_002,40,-0.03,0.447,0.493,2.586,0,0.411,1,motif_DG
config_NDM5_003,40,-0.02,1.475,0.346,2.4,0,0.288,1,homopolymer_run>=4
config_NDM5_004,40,-2.98,1.132,0.594,2.857,0,0.495,1,motif_NS
config_NDM5_005,40,-1.02,0.63,0.578,2.314,0,0.482,1,N-term_Met(ox)
config_NDM5_006,40,-1.02,0.777,0.521,2.371,0,0.434,0,
config_NDM5_007,40,-2.02,1.363,0.47,2.657,0,0.391,1,homopolymer_run>=4
config_NDM5_008,40,-2.02,1.087,0.442,2.429,0,0.368,2,motif_DP;homopolymer_run>=4
config_NDM5_009,40,-3.02,1.51,0.273,2.371,0,0.227,1,homopolymer_run>=4
config_NDM5_020,32,1.02,-0.369,0.702,1.786,0,0.585,0,
config_NDM5_021,32,-1.02,1.028,0.394,2.371,0,0.328,0,
config_NDM5_022,32,-0.98,0.403,0.71,2.057,0,0.5,0,
config_NDM5_023,32,-2.02,0.616,0.429,2.371,0,0.357,1,homopolymer_run>=4
config_NDM5_024,32,-1.02,1.103,0.205,2.943,0,0.171,1,motif_DP
config_NDM5_025,32,0.98,1.416,0.341,2.429,0,0.365,1,homopolymer_run>=4
config_NDM5_026,32,0.01,1.091,0.391,2.371,0,0.327,0,
config_NDM5_027,32,-0.02,0.409,0.74,1.471,0,0.5,0,
config_NDM5_028,32,3.97,0.659,0.509,2.286,0,0.755,1,homopolymer_run>=4
config_NDM5_029,32,-0.02,0.713,0.307,2.086,0,0.256,1,motif_DP
config_NDM5_040,24,-1.02,0.379,0.484,2.3,0,0.404,0,
config_NDM5_041,24,-0.02,0.112,0.607,1.186,0,0.5,0,
config_NDM5_042,24,-2.02,1.146,0.197,3.1,0,0.164,0,
config_NDM5_043,24,-0.02,1.8,0.141,2.943,0,0.118,0,
config_NDM5_044,24,-1.02,0.692,0.435,2.386,0,0.363,0,
config_NDM5_045,24,0.01,0.583,0.476,1.629,0,0.398,0,
config_NDM5_046,24,-2.02,0.929,0.66,1.586,0,0.5,0,
config_NDM5_047,24,-3.02,0.733,0.406,2.057,0,0.338,1,homopolymer_run>=4
config_NDM5_048,24,-0.02,1.508,0.287,2.371,0,0.239,0,
config_NDM5_049,24,1.98,0.733,0.724,2.086,0,0.665,1,homopolymer_run>=4
config_NDM5_060,28,0.98,1.432,0.316,2.571,0,0.345,1,homopolymer_run>=4
config_NDM5_061,28,-4.02,0.407,0.824,1.286,0,0.5,1,N-term_Met(ox)
config_NDM5_062,28,-1.02,0.818,0.207,1.657,0,0.173,1,motif_NG
config_NDM5_063,28,-2.02,0.261,0.47,1.643,0,0.391,0,
config_NDM5_064,28,-5.98,0.418,0.41,1.286,0,0.342,1,motif_DP
config_NDM5_065,28,-0.02,0.846,0.499,2.429,0,0.416,1,motif_DG
config_NDM5_066,28,-0.02,0.525,0.52,1.371,0,0.433,0,
config_NDM5_067,28,-2.02,0.95,0.515,1.943,0,0.429,0,
config_NDM5_068,28,-0.99,0.582,0.516,1.657,0,0.43,0,
config_NDM5_069,28,-1.02,1.318,0.203,2.714,0,0.169,2,motif_DS;homopolymer_run>=4
config_NDM5_080,48,-5.02,0.95,0.618,2.143,0,0.5,1,homopolymer_run>=4
config_NDM5_081,48,0.98,1.315,0.367,2.657,0,0.387,1,homopolymer_run>=4
config_NDM5_082,48,-2.02,1.075,0.63,2.657,0,0.5,1,homopolymer_run>=4
config_NDM5_083,48,2.98,0.533,0.534,2.657,0,0.693,0,
config_NDM5_084,48,-0.02,0.81,0.568,2.086,0,0.473,1,homopolymer_run>=4
config_NDM5_085,48,-2.02,1.158,0.341,2.714,0,0.284,1,motif_DP
config_NDM5_086,48,-4.09,0.279,0.558,2.386,1,0.465,2,odd_Cys(free_thiol);homopolymer_run>=4
config_NDM5_087,48,-0.02,0.977,0.461,2.371,0,0.384,1,homopolymer_run>=4
config_NDM5_088,48,1.97,0.969,0.681,3.043,0,0.664,0,
config_NDM5_089,48,-1.03,0.896,0.576,2.029,0,0.48,1,homopolymer_run>=4
config_NDM5_100,49,-1.02,0.9,0.81,2.086,0,0.5,1,homopolymer_run>=4
config_NDM5_101,49,0.98,1.51,0.355,2.486,0,0.377,1,homopolymer_run>=4
config_NDM5_102,49,-2.03,0.465,0.462,1.9,0,0.385,0,
config_NDM5_103,49,-2.99,1.463,0.198,2.629,0,0.165,2,motif_NG;homopolymer_run>=4
config_NDM5_104,49,-1.03,0.98,0.521,2.3,0,0.434,0,
config_NDM5_105,49,-0.02,1.457,0.289,2.714,0,0.241,1,homopolymer_run>=4
config_NDM5_106,49,2.98,0.622,0.654,1.771,0,0.748,1,motif_DP
config_NDM5_107,49,-2.02,1.476,0.485,3.0,0,0.404,0,
config_NDM5_108,49,-0.99,1.249,0.311,2.714,0,0.259,0,
config_NDM5_109,49,0.98,0.559,0.798,2.429,0,0.581,0,
config_NDM5_120,49,0.98,0.996,0.466,2.057,0,0.469,1,homopolymer_run>=4
config_NDM5_121,49,-0.02,1.086,0.549,2.429,0,0.457,2,N-term_Met(ox);oxidation_prone(M/W)
config_NDM5_122,49,-1.02,1.357,0.254,2.757,0,0.212,2,N-term_Met(ox);homopolymer_run>=4
config_NDM5_123,49,-2.02,1.188,0.422,2.657,0,0.352,1,homopolymer_run>=4
config_NDM5_124,49,-4.03,0.743,0.542,3.043,0,0.451,1,motif_DP
config_NDM5_125,49,-2.02,0.757,0.528,1.643,0,0.44,1,homopolymer_run>=4
config_NDM5_126,49,-2.02,0.969,0.579,2.729,0,0.483,1,motif_DP
config_NDM5_127,49,-4.98,0.739,0.499,2.0,0,0.415,1,homopolymer_run>=4
config_NDM5_128,49,-0.02,0.971,0.543,2.086,0,0.453,1,homopolymer_run>=4
config_NDM5_129,49,-2.03,1.231,0.226,2.443,0,0.189,2,N-term_Met(ox);motif_NG
config_NDM5_140,35,-2.02,0.651,0.398,1.9,0,0.331,0,
config_NDM5_141,35,-1.02,0.54,0.641,1.657,0,0.5,1,N-term_Met(ox)
config_NDM5_142,35,0.98,0.66,0.529,2.471,0,0.522,2,motif_DS;homopolymer_run>=4
config_NDM5_143,35,-0.02,0.097,0.594,1.986,0,0.495,1,homopolymer_run>=4
config_NDM5_144,35,-0.02,0.229,0.527,1.957,0,0.439,0,
config_NDM5_145,35,-0.02,0.983,0.589,2.943,0,0.49,1,motif_DG
config_NDM5_146,35,-0.02,1.037,0.421,2.471,0,0.351,0,
config_NDM5_147,35,-3.03,-0.074,0.597,1.357,0,0.498,0,
config_NDM5_148,35,-1.03,0.403,0.572,2.071,0,0.477,0,
config_NDM5_149,35,-5.02,0.594,0.378,1.929,0,0.315,1,motif_NG
config_NDM5_160,19,3.01,-0.358,0.403,0.586,0,0.587,0,
config_NDM5_161,19,-0.99,0.942,0.332,1.614,0,0.276,0,
config_NDM5_162,19,-4.02,0.316,0.282,1.386,0,0.235,0,
config_NDM5_163,19,-1.02,1.258,0.197,2.2,0,0.164,0,
config_NDM5_164,19,-1.02,0.426,0.493,2.229,0,0.411,1,motif_DG
config_NDM5_165,19,-1.02,0.263,0.577,1.014,0,0.481,0,
config_NDM5_166,19,-0.02,0.563,0.237,1.414,0,0.197,1,motif_NG
config_NDM5_167,19,-1.02,0.547,0.458,1.714,0,0.381,0,
config_NDM5_168,19,-0.02,1.321,0.282,2.057,0,0.235,1,homopolymer_run>=4
config_NDM5_169,19,-1.02,1.211,0.268,1.771,0,0.223,0,
config_NDM5_180,28,-2.02,0.675,0.628,1.629,0,0.5,0,
config_NDM5_181,28,-3.02,0.739,0.256,1.786,0,0.214,0,
config_NDM5_182,28,-1.03,0.611,0.421,1.9,0,0.351,1,N-term_Met(ox)
config_NDM5_183,28,-1.02,0.739,0.25,1.8,0,0.208,1,motif_DG
config_NDM5_184,28,0.98,0.025,0.638,1.4,0,0.581,1,motif_DG
config_NDM5_185,28,-0.02,0.732,0.579,1.986,0,0.483,0,
config_NDM5_186,28,-1.02,1.257,0.346,2.286,0,0.288,0,
config_NDM5_187,28,1.98,0.629,0.55,2.571,0,0.623,1,N-term_Met(ox)
config_NDM5_188,28,-2.02,-1.029,0.729,2.186,0,0.5,1,motif_DG
config_NDM5_189,28,0.01,0.389,0.574,2.214,0,0.479,0,
config_NDM5_200,45,-2.02,1.004,0.422,2.429,0,0.352,1,homopolymer_run>=4
config_NDM5_201,45,-1.02,1.08,0.176,2.114,0,0.147,1,homopolymer_run>=4
config_NDM5_202,45,-0.03,1.093,0.374,2.943,0,0.311,1,homopolymer_run>=4
config_NDM5_203,45,-3.03,-0.022,0.756,0.943,0,0.5,0,
config_NDM5_204,45,-0.02,0.8,0.447,2.086,0,0.372,2,motif_DG;motif_DP
config_NDM5_205,45,-1.02,0.524,0.524,1.757,0,0.437,1,N-term_Met(ox)
config_NDM5_206,45,1.01,1.553,0.296,2.7,0,0.331,0,
config_NDM5_207,45,0.01,1.251,0.363,2.429,0,0.304,1,homopolymer_run>=4
config_NDM5_208,45,-2.02,0.996,0.51,2.943,0,0.425,2,motif_NG;homopolymer_run>=4
config_NDM5_209,45,-2.02,0.771,0.416,1.671,0,0.347,1,homopolymer_run>=4
config_NDM5_220,16,0.98,0.612,0.578,2.043,0,0.563,1,motif_NG
config_NDM5_221,16,-2.02,-0.025,0.117,2.057,0,0.097,0,
config_NDM5_222,16,-1.02,1.281,0.085,2.329,0,0.071,0,
config_NDM5_223,16,-0.02,0.975,0.152,1.486,0,0.126,0,
config_NDM5_224,16,-0.02,0.975,0.325,1.586,0,0.271,1,motif_DG
config_NDM5_225,16,-2.02,0.406,0.332,0.986,0,0.276,0,
config_NDM5_226,16,-2.02,0.95,0.43,1.9,0,0.358,0,
config_NDM5_227,16,-0.03,1.275,0.389,2.386,0,0.324,0,
config_NDM5_228,16,-1.02,0.688,0.375,1.543,0,0.312,0,
config_NDM5_229,16,-1.02,0.081,0.152,0.671,0,0.127,0,
config_NDM5_240,41,-1.02,0.373,0.63,1.486,0,0.5,0,
config_NDM5_241,41,-0.02,0.827,0.518,2.471,0,0.432,1,homopolymer_run>=4
config_NDM5_242,41,-1.02,0.822,0.454,2.343,0,0.379,0,
config_NDM5_243,41,-0.03,0.898,0.386,2.343,0,0.322,0,
config_NDM5_244,41,-4.02,0.873,0.445,2.143,0,0.371,1,homopolymer_run>=4
config_NDM5_245,41,-0.02,1.578,0.071,1.8,0,0.059,1,homopolymer_run>=4
config_NDM5_246,41,0.98,1.573,0.366,3.0,0,0.386,0,
config_NDM5_247,41,-3.02,0.498,0.408,1.743,0,0.34,0,
config_NDM5_248,41,3.97,0.437,0.431,2.357,0,0.69,0,
config_NDM5_249,41,-0.02,0.89,0.421,2.629,0,0.351,1,homopolymer_run>=4
config_NDM5_260,24,-0.02,0.504,0.429,2.443,0,0.358,0,
config_NDM5_261,24,0.98,0.612,0.366,2.286,0,0.386,1,N-term_Met(ox)
config_NDM5_262,24,-1.02,1.321,0.395,2.0,0,0.329,0,
config_NDM5_263,24,-2.02,0.387,0.505,1.457,0,0.421,2,motif_DG;motif_DP
config_NDM5_264,24,-2.02,0.792,0.461,1.814,0,0.384,0,
config_NDM5_265,24,-1.02,1.125,0.288,2.229,0,0.24,0,
config_NDM5_266,24,0.01,0.112,0.475,1.057,0,0.397,0,
config_NDM5_267,24,-0.02,1.271,0.276,2.157,0,0.23,0,
config_NDM5_268,24,-0.02,1.121,0.158,1.9,0,0.132,0,
config_NDM5_269,24,0.01,0.142,0.464,1.114,0,0.388,0,
config_NDM5_280,34,1.01,1.065,0.543,2.429,0,0.537,1,homopolymer_run>=4
config_NDM5_281,34,-1.02,1.009,0.721,2.329,0,0.5,0,
config_NDM5_282,34,-3.02,0.538,0.573,1.971,0,0.478,1,N-term_Met(ox)
config_NDM5_283,34,-2.03,0.135,0.556,1.743,0,0.463,1,oxidation_prone(M/W)
config_NDM5_284,34,-2.02,0.744,0.438,2.257,0,0.365,1,N-term_Met(ox)
config_NDM5_285,34,-2.02,1.718,0.358,2.457,0,0.298,0,
config_NDM5_286,34,-1.02,1.035,0.439,2.4,0,0.366,0,
config_NDM5_287,34,-1.03,0.747,0.376,2.814,0,0.314,0,
config_NDM5_288,34,-0.02,1.5,0.063,2.086,0,0.053,1,homopolymer_run>=4
config_NDM5_289,34,-1.02,1.209,0.463,2.114,0,0.386,2,motif_DS;homopolymer_run>=4
config_NDM5_300,15,-1.02,0.06,0.373,1.271,0,0.311,1,motif_DP
config_NDM5_301,15,-2.02,0.373,0.176,1.743,0,0.147,1,motif_DP
config_NDM5_302,15,-1.02,-0.48,0.334,0.086,0,0.278,0,
config_NDM5_303,15,-0.03,0.967,0.293,2.429,0,0.244,0,
config_NDM5_304,15,-0.02,1.08,0.303,1.586,0,0.253,0,
config_NDM5_305,15,-0.02,0.52,0.107,1.143,0,0.089,0,
config_NDM5_306,15,-0.02,0.22,0.156,0.643,0,0.13,0,
config_NDM5_307,15,-1.02,0.5,0.141,1.743,0,0.118,1,motif_DP
config_NDM5_308,15,-0.02,0.687,0.373,1.3,0,0.311,0,
config_NDM5_309,15,-1.02,0.86,0.453,1.771,0,0.378,1,motif_NG
config_NDM5_320,43,-0.03,0.9,0.784,2.371,0,0.5,1,motif_DP
config_NDM5_321,43,-0.02,1.421,0.147,1.8,0,0.122,1,homopolymer_run>=4
config_NDM5_322,43,-0.95,0.305,0.254,2.571,0,0.212,0,
config_NDM5_323,43,-5.02,0.756,0.396,2.057,0,0.33,0,
config_NDM5_324,43,-2.02,0.707,0.396,2.657,0,0.33,1,motif_DP
config_NDM5_325,43,-0.14,1.321,0.35,2.657,1,0.292,2,odd_Cys(free_thiol);homopolymer_run>=4
config_NDM5_326,43,-0.02,1.119,0.546,2.486,0,0.455,1,homopolymer_run>=4
config_NDM5_327,43,-0.02,1.265,0.39,2.657,0,0.325,2,motif_NG;homopolymer_run>=4
config_NDM5_328,43,-5.95,0.323,0.441,2.671,0,0.368,0,
config_NDM5_329,43,-4.02,0.956,0.38,2.657,0,0.316,1,N-term_Met(ox)
config_NDM5_340,49,-4.02,0.833,0.434,2.643,0,0.362,0,
config_NDM5_341,49,-1.14,1.024,0.444,3.143,1,0.37,1,odd_Cys(free_thiol)
config_NDM5_342,49,-2.95,0.482,0.602,2.671,0,0.5,2,motif_DS;homopolymer_run>=4
config_NDM5_343,49,-1.14,1.084,0.45,2.771,1,0.375,2,odd_Cys(free_thiol);homopolymer_run>=4
config_NDM5_344,49,-2.02,0.992,0.417,2.714,0,0.347,1,N-term_Met(ox)
config_NDM5_345,49,-3.98,0.371,0.508,1.9,0,0.423,0,
config_NDM5_346,49,-3.02,0.618,0.416,1.986,0,0.347,0,
config_NDM5_347,49,-3.02,0.929,0.458,2.586,0,0.382,0,
config_NDM5_348,49,0.98,1.151,0.643,2.429,0,0.581,1,homopolymer_run>=4
config_NDM5_349,49,-3.02,1.504,0.303,3.057,0,0.252,1,motif_DG
config_NDM5_360,36,-1.02,0.3,0.552,2.171,0,0.46,1,motif_DG
config_NDM5_361,36,-2.14,0.858,0.43,1.586,1,0.358,1,odd_Cys(free_thiol)
config_NDM5_362,36,-1.02,0.778,0.555,2.686,0,0.463,1,motif_NG
config_NDM5_363,36,-1.02,1.381,0.511,3.343,0,0.426,1,homopolymer_run>=4
config_NDM5_364,36,-2.02,0.828,0.426,2.729,0,0.355,0,
config_NDM5_365,36,-0.02,1.056,0.733,2.543,0,0.5,1,homopolymer_run>=4
config_NDM5_366,36,-0.02,0.8,0.413,2.629,0,0.344,2,N-term_Met(ox);homopolymer_run>=4
config_NDM5_367,36,-1.02,0.667,0.63,2.157,0,0.5,1,motif_NG
config_NDM5_368,36,-1.02,0.85,0.457,3.043,0,0.381,2,motif_DG;homopolymer_run>=4
config_NDM5_369,36,0.01,1.006,0.555,2.443,0,0.464,0,
config_NDM5_380,22,-2.02,0.073,0.383,1.4,0,0.319,0,
config_NDM5_381,22,-2.02,0.864,0.284,1.843,0,0.237,0,
config_NDM5_382,22,0.97,0.85,0.409,1.9,0,0.422,0,
config_NDM5_383,22,-0.02,1.209,0.262,1.757,0,0.219,0,
config_NDM5_384,22,-2.02,1.595,0.339,3.471,0,0.282,0,
config_NDM5_385,22,-1.02,1.373,0.579,3.0,0,0.483,0,
config_NDM5_386,22,-0.02,1.773,0.107,2.371,0,0.089,1,homopolymer_run>=4
config_NDM5_387,22,-1.02,0.377,0.652,2.329,0,0.5,1,motif_DP
config_NDM5_388,22,1.97,0.755,0.307,2.471,0,0.421,1,homopolymer_run>=4
config_NDM5_389,22,0.98,0.373,0.501,2.286,0,0.499,0,
config_NDM5_400,29,0.01,0.452,0.537,1.786,0,0.449,1,N-term_Met(ox)
config_NDM5_401,29,-2.02,0.297,0.406,1.157,0,0.339,0,
config_NDM5_402,29,-1.02,0.538,0.408,1.743,0,0.34,1,motif_DP
config_NDM5_403,29,-1.02,0.762,0.328,1.871,0,0.273,2,motif_DG;motif_DP
config_NDM5_404,29,-1.02,0.845,0.362,2.071,0,0.301,0,
config_NDM5_405,29,-2.02,1.114,0.556,3.043,0,0.464,1,motif_DG
config_NDM5_406,29,-0.02,0.445,0.514,1.5,0,0.428,0,
config_NDM5_407,29,-0.02,0.679,0.378,2.743,0,0.315,0,
config_NDM5_408,29,-1.02,0.328,0.653,1.243,0,0.5,0,
config_NDM5_409,29,-2.02,0.679,0.405,2.386,0,0.338,2,motif_DG;oxidation_prone(M/W)
config_NDM5_420,11,-0.02,1.8,0.054,2.686,0,0.045,0,
config_NDM5_421,11,-0.02,0.918,0.082,1.271,0,0.068,0,
config_NDM5_422,11,-0.02,0.227,0.465,1.471,0,0.388,0,
config_NDM5_423,11,0.98,-0.127,0.419,0.357,0,0.43,0,
config_NDM5_424,11,0.97,0.536,0.187,1.186,0,0.237,0,
config_NDM5_425,11,-0.14,1.027,0.266,1.571,1,0.222,1,odd_Cys(free_thiol)
config_NDM5_426,11,-1.02,0.118,0.147,0.886,0,0.123,0,
config_NDM5_427,11,-0.02,1.536,0.155,1.614,0,0.129,0,
config_NDM5_428,11,-0.02,1.136,0.086,1.386,0,0.072,0,
config_NDM5_429,11,-0.02,1.064,0.073,1.8,0,0.061,1,N-term_Met(ox)
config_NDM5_440,31,-0.02,1.287,0.314,2.343,0,0.262,0,
config_NDM5_441,31,-1.99,1.023,0.358,2.114,0,0.298,0,
config_NDM5_442,31,2.98,0.861,0.587,1.614,0,0.737,0,
config_NDM5_443,31,-3.02,1.061,0.302,2.629,0,0.251,1,motif_DS
config_NDM5_444,31,-2.02,1.281,0.629,3.029,0,0.5,1,motif_DP
config_NDM5_445,31,-0.03,1.239,0.563,2.6,0,0.469,0,
config_NDM5_446,31,-2.02,0.977,0.24,2.086,0,0.2,2,N-term_Met(ox);homopolymer_run>=4
config_NDM5_447,31,-2.02,0.532,0.457,1.771,0,0.38,1,homopolymer_run>=4
config_NDM5_448,31,-1.99,0.839,0.535,2.071,0,0.446,1,motif_DP
config_NDM5_449,31,-0.02,0.194,0.56,1.686,0,0.467,0,
config_NDM5_460,45,-1.02,0.893,0.583,1.814,0,0.486,1,homopolymer_run>=4
config_NDM5_461,45,-2.02,1.367,0.382,2.371,0,0.319,1,homopolymer_run>=4
config_NDM5_462,45,-3.02,1.576,0.192,2.429,0,0.16,1,homopolymer_run>=4
config_NDM5_463,45,0.98,1.358,0.524,2.657,0,0.518,1,homopolymer_run>=4
config_NDM5_464,45,-0.98,0.56,0.587,1.743,0,0.489,0,
config_NDM5_465,45,1.01,1.456,0.464,2.371,0,0.471,1,homopolymer_run>=4
config_NDM5_466,45,-3.02,1.016,0.33,1.957,0,0.275,2,motif_DP;homopolymer_run>=4
config_NDM5_467,45,3.97,0.793,0.532,2.371,0,0.775,0,
config_NDM5_468,45,-1.02,0.447,0.793,1.886,0,0.5,1,motif_DP
config_NDM5_469,45,-0.02,0.507,0.695,3.0,0,0.5,2,motif_DP;homopolymer_run>=4
config_NDM5_480,28,0.01,1.211,0.295,2.186,0,0.247,1,homopolymer_run>=4
config_NDM5_481,28,-0.02,1.225,0.469,2.114,0,0.391,1,homopolymer_run>=4
config_NDM5_482,28,-1.02,0.729,0.339,2.129,0,0.282,1,motif_DG
config_NDM5_483,28,-0.02,0.843,0.531,1.871,0,0.442,0,
config_NDM5_484,28,-1.14,1.079,0.355,2.657,1,0.296,2,odd_Cys(free_thiol);homopolymer_run>=4
config_NDM5_485,28,1.98,0.921,0.552,1.8,0,0.625,1,homopolymer_run>=4
config_NDM5_486,28,-3.02,0.854,0.561,1.7,0,0.468,0,
config_NDM5_487,28,1.97,0.507,0.488,1.857,0,0.571,0,
config_NDM5_488,28,-1.02,0.332,0.499,1.5,0,0.416,0,
config_NDM5_489,28,1.97,0.711,0.819,2.371,0,0.664,1,motif_NS
config_NDM5_500,43,-2.02,1.021,0.284,2.657,0,0.237,1,motif_DG
config_NDM5_501,43,-2.02,1.114,0.289,2.314,0,0.241,1,homopolymer_run>=4
config_NDM5_502,43,0.98,1.014,0.612,2.429,0,0.581,1,homopolymer_run>=4
config_NDM5_503,43,-1.02,1.033,0.356,2.086,0,0.297,2,motif_DG;homopolymer_run>=4
config_NDM5_504,43,-3.02,1.447,0.327,2.386,0,0.273,1,homopolymer_run>=4
config_NDM5_505,43,-0.02,1.186,0.442,2.086,0,0.369,1,homopolymer_run>=4
config_NDM5_506,43,-4.02,1.207,0.331,2.757,0,0.276,1,homopolymer_run>=4
config_NDM5_507,43,-0.02,1.353,0.368,2.371,0,0.306,1,homopolymer_run>=4
config_NDM5_508,43,0.98,1.026,0.482,2.3,0,0.483,1,homopolymer_run>=4
config_NDM5_509,43,-0.02,1.547,0.396,2.714,0,0.33,1,homopolymer_run>=4
config_NDM5_520,48,-1.02,1.169,0.408,2.457,0,0.34,1,homopolymer_run>=4
config_NDM5_521,48,-0.02,1.51,0.343,2.371,0,0.286,1,homopolymer_run>=4
config_NDM5_522,48,2.98,0.879,0.706,2.429,0,0.748,1,homopolymer_run>=4
config_NDM5_523,48,0.98,1.175,0.5,2.371,0,0.498,0,
config_NDM5_524,48,-1.02,1.392,0.35,3.0,0,0.292,1,homopolymer_run>=4
config_NDM5_525,48,-0.03,1.562,0.293,2.657,0,0.244,1,homopolymer_run>=4
config_NDM5_526,48,-3.02,0.604,0.574,2.5,0,0.479,1,homopolymer_run>=4
config_NDM5_527,48,-3.02,1.152,0.452,2.771,0,0.377,1,homopolymer_run>=4
config_NDM5_528,48,-3.02,1.24,0.584,2.529,0,0.487,2,N-term_Met(ox);homopolymer_run>=4
config_NDM5_529,48,-0.02,1.508,0.419,2.086,0,0.349,1,homopolymer_run>=4
config_NDM5_540,48,1.98,0.952,0.524,2.371,0,0.601,1,homopolymer_run>=4
config_NDM5_541,48,-2.03,1.421,0.419,2.371,0,0.349,2,motif_DP;homopolymer_run>=4
config_NDM5_542,48,-0.02,1.496,0.325,2.429,0,0.271,1,homopolymer_run>=4
config_NDM5_543,48,-1.02,1.258,0.453,2.429,0,0.377,1,homopolymer_run>=4
config_NDM5_544,48,-4.02,0.81,0.504,2.714,0,0.42,1,homopolymer_run>=4
config_NDM5_545,48,-0.02,1.319,0.352,2.114,0,0.294,1,homopolymer_run>=4
config_NDM5_546,48,2.98,1.115,0.79,2.086,0,0.748,1,homopolymer_run>=4
config_NDM5_547,48,-2.02,1.715,0.18,2.429,0,0.15,1,homopolymer_run>=4
config_NDM5_548,48,1.01,0.598,0.624,3.229,0,0.585,0,
config_NDM5_549,48,-0.02,1.208,0.613,3.086,0,0.5,1,homopolymer_run>=4
config_NDM5_560,32,-3.02,1.134,0.45,2.243,0,0.375,0,
config_NDM5_561,32,-1.02,0.988,0.566,3.1,0,0.471,1,motif_NS
config_NDM5_562,32,0.98,1.128,0.392,2.057,0,0.408,1,homopolymer_run>=4
config_NDM5_563,32,-1.98,0.459,0.559,1.814,0,0.466,1,motif_DP
config_NDM5_564,32,-0.03,-0.194,0.386,1.757,0,0.322,0,
config_NDM5_565,32,-2.02,0.859,0.394,2.657,0,0.328,0,
config_NDM5_566,32,-0.02,0.969,0.545,2.714,0,0.454,1,homopolymer_run>=4
config_NDM5_567,32,-1.02,1.425,0.383,2.8,0,0.319,0,
config_NDM5_568,32,-1.98,0.597,0.485,2.286,0,0.404,0,
config_NDM5_569,32,-1.02,0.95,0.299,2.214,0,0.249,0,
config_NDM5_580,28,-2.02,1.418,0.276,3.071,0,0.23,1,homopolymer_run>=4
config_NDM5_581,28,-1.02,0.968,0.358,2.543,0,0.299,0,
config_NDM5_582,28,1.01,0.632,0.292,2.329,0,0.328,1,homopolymer_run>=4
config_NDM5_583,28,1.98,0.546,0.512,2.3,0,0.591,0,
config_NDM5_584,28,-1.03,0.418,0.641,1.557,0,0.5,0,
config_NDM5_585,28,-1.02,1.014,0.29,2.757,0,0.242,1,motif_DG
config_NDM5_586,28,-1.02,0.929,0.513,2.286,0,0.427,0,
config_NDM5_587,28,-2.14,0.875,0.273,1.857,1,0.227,1,odd_Cys(free_thiol)
config_NDM5_588,28,-3.02,0.675,0.372,1.629,0,0.31,1,motif_DP
config_NDM5_589,28,0.97,1.146,0.377,2.0,0,0.395,0,
config_NDM5_600,18,-2.98,-0.206,0.545,1.3,0,0.454,1,motif_NS
config_NDM5_601,18,-0.02,0.9,0.282,1.7,0,0.235,0,
config_NDM5_602,18,-1.02,0.333,0.511,2.343,0,0.426,0,
config_NDM5_603,18,0.98,0.55,0.339,1.329,0,0.364,0,
config_NDM5_604,18,0.97,0.761,0.386,2.343,0,0.403,0,
config_NDM5_605,18,-1.03,1.228,0.313,1.671,0,0.261,1,motif_DS
config_NDM5_606,18,-1.02,0.367,0.56,1.0,0,0.466,0,
config_NDM5_607,18,-2.99,0.383,0.354,0.914,0,0.295,1,motif_DG
config_NDM5_608,18,-2.02,0.583,0.271,1.714,0,0.226,0,
config_NDM5_609,18,-0.03,0.989,0.534,1.571,0,0.445,0,
config_NDM5_620,27,0.98,1.296,0.503,2.786,0,0.5,0,
config_NDM5_621,27,0.01,0.422,0.692,1.614,0,0.501,0,
config_NDM5_622,27,-3.02,0.663,0.429,2.3,0,0.357,0,
config_NDM5_623,27,-0.02,0.837,0.324,2.4,0,0.27,1,motif_NG
config_NDM5_624,27,-2.02,0.637,0.666,2.657,0,0.5,0,
config_NDM5_625,27,2.98,0.626,0.86,2.057,0,0.748,2,N-term_Met(ox);homopolymer_run>=4
config_NDM5_626,27,-0.02,1.033,0.328,2.014,0,0.273,1,motif_NS
config_NDM5_627,27,1.01,-0.059,0.471,1.457,0,0.477,0,
config_NDM5_628,27,-0.02,0.537,0.581,1.757,0,0.484,3,N-term_Met(ox);motif_DG;homopolymer_run>=4
config_NDM5_629,27,-0.02,0.67,0.762,1.871,0,0.5,1,motif_NG
config_NDM5_640,34,-2.02,0.447,0.471,2.086,0,0.392,1,homopolymer_run>=4
config_NDM5_641,34,0.98,1.238,0.545,3.329,0,0.536,0,
config_NDM5_642,34,1.01,1.026,0.497,2.186,0,0.498,1,homopolymer_run>=4
config_NDM5_643,34,-1.02,1.391,0.432,2.371,0,0.36,1,homopolymer_run>=4
config_NDM5_644,34,-1.02,1.003,0.328,2.714,0,0.273,0,
config_NDM5_645,34,-0.02,0.785,0.367,3.043,0,0.305,0,
config_NDM5_646,34,-1.02,1.224,0.386,2.471,0,0.321,0,
config_NDM5_647,34,-1.02,1.65,0.26,2.943,0,0.217,2,motif_NG;homopolymer_run>=4
config_NDM5_648,34,-0.02,0.747,0.554,1.614,0,0.461,0,
config_NDM5_649,34,-0.02,0.165,0.743,1.0,0,0.5,1,motif_NG
config_NDM5_660,48,-2.02,1.015,0.573,2.429,0,0.477,2,motif_DS;homopolymer_run>=4
config_NDM5_661,48,0.98,1.565,0.351,2.371,0,0.374,1,homopolymer_run>=4
config_NDM5_662,48,-1.99,0.967,0.581,2.714,0,0.484,3,motif_DP;motif_NS;homopolymer_run>=4
config_NDM5_663,48,-0.98,0.952,0.527,3.229,0,0.44,2,motif_DG;homopolymer_run>=4
config_NDM5_664,48,-0.02,0.452,0.656,1.829,0,0.5,0,
config_NDM5_665,48,-1.02,1.625,0.319,2.943,0,0.266,1,homopolymer_run>=4
config_NDM5_666,48,2.01,1.135,0.498,3.0,0,0.583,1,homopolymer_run>=4
config_NDM5_667,48,-2.98,0.852,0.604,2.371,0,0.5,1,motif_DP
config_NDM5_668,48,-0.02,0.583,0.664,2.343,0,0.5,1,N-term_Met(ox)
config_NDM5_669,48,-1.02,1.446,0.423,2.771,0,0.353,1,homopolymer_run>=4
config_NDM5_680,49,-2.02,0.678,0.61,1.957,0,0.5,2,motif_DP;homopolymer_run>=4
config_NDM5_681,49,-0.02,1.486,0.029,1.8,0,0.024,1,homopolymer_run>=4
config_NDM5_682,49,-3.02,1.502,0.294,2.714,0,0.245,1,homopolymer_run>=4
config_NDM5_683,49,-3.02,1.424,0.211,3.229,0,0.175,2,motif_DP;homopolymer_run>=4
config_NDM5_684,49,-0.02,1.049,0.587,2.186,0,0.489,2,N-term_Met(ox);homopolymer_run>=4
config_NDM5_685,49,-1.02,1.853,0.195,2.429,0,0.162,1,homopolymer_run>=4
config_NDM5_686,49,-1.02,1.429,0.39,2.371,0,0.325,1,homopolymer_run>=4
config_NDM5_687,49,-3.02,1.127,0.354,2.757,0,0.295,1,homopolymer_run>=4
config_NDM5_688,49,-1.95,1.188,0.326,3.157,0,0.271,0,
config_NDM5_689,49,-1.02,1.486,0.267,2.086,0,0.223,1,homopolymer_run>=4
config_NDM5_700,35,-0.02,1.594,0.291,2.4,0,0.242,1,homopolymer_run>=4
config_NDM5_701,35,-0.95,1.56,0.278,2.714,0,0.232,1,homopolymer_run>=4
config_NDM5_702,35,-0.02,1.454,0.382,2.057,0,0.318,0,
config_NDM5_703,35,-1.02,1.671,0.265,2.771,0,0.221,1,homopolymer_run>=4
config_NDM5_704,35,-0.03,0.783,0.498,2.657,0,0.415,0,
config_NDM5_705,35,0.98,0.686,0.637,2.086,0,0.581,1,homopolymer_run>=4
config_NDM5_706,35,-0.02,0.971,0.44,2.943,0,0.367,0,
config_NDM5_707,35,0.98,1.457,0.509,2.743,0,0.506,0,
config_NDM5_708,35,-0.99,1.146,0.361,2.471,0,0.301,1,homopolymer_run>=4
config_NDM5_709,35,-3.1,1.043,0.502,2.757,1,0.418,1,odd_Cys(free_thiol)
config_NDM5_720,32,-1.02,1.319,0.368,2.443,0,0.307,0,
config_NDM5_721,32,-1.02,0.847,0.392,1.643,0,0.326,0,
config_NDM5_722,32,0.98,0.875,0.604,2.4,0,0.581,0,
config_NDM5_723,32,-1.02,0.263,0.539,1.214,0,0.449,0,
config_NDM5_724,32,-0.02,0.787,0.462,2.1,0,0.385,0,
config_NDM5_725,32,-0.98,0.647,0.385,2.4,0,0.321,0,
config_NDM5_726,32,-2.02,1.262,0.395,2.086,0,0.329,1,homopolymer_run>=4
config_NDM5_727,32,-3.02,0.487,0.584,1.643,0,0.487,0,
config_NDM5_728,32,-0.02,0.762,0.258,2.271,0,0.215,1,motif_DG
config_NDM5_729,32,1.97,0.3,0.481,1.757,0,0.565,0,
config_NDM5_740,17,-2.02,1.335,0.292,3.014,0,0.243,0,
config_NDM5_741,17,-0.02,0.3,0.132,1.343,0,0.11,0,
config_NDM5_742,17,-1.99,0.682,0.301,2.014,0,0.251,0,
config_NDM5_743,17,-1.03,0.376,0.608,1.286,0,0.5,1,motif_DP
config_NDM5_744,17,-0.02,0.612,0.43,1.0,0,0.358,1,motif_DP
config_NDM5_745,17,-1.02,1.329,0.286,2.314,0,0.238,0,
config_NDM5_746,17,-0.02,1.324,0.467,1.829,0,0.389,0,
config_NDM5_747,17,-0.03,0.771,0.19,2.214,0,0.158,0,
config_NDM5_748,17,0.97,0.153,0.378,1.957,0,0.396,0,
config_NDM5_749,17,-1.02,0.224,0.167,1.471,0,0.139,0,
config_NDM5_760,40,-1.02,0.595,0.502,2.243,0,0.418,0,
config_NDM5_761,40,1.98,1.055,0.494,2.143,0,0.577,1,homopolymer_run>=4
config_NDM5_762,40,-0.02,0.617,0.741,1.571,0,0.5,1,homopolymer_run>=4
config_NDM5_763,40,1.98,1.177,0.534,2.086,0,0.61,1,homopolymer_run>=4
config_NDM5_764,40,-3.02,1.07,0.448,2.471,0,0.374,2,motif_DP;homopolymer_run>=4
config_NDM5_765,40,1.98,1.5,0.499,2.657,0,0.58,0,
config_NDM5_766,40,-0.02,1.018,0.792,3.443,0,0.5,2,motif_DG;homopolymer_run>=4
config_NDM5_767,40,-2.02,1.045,0.484,2.686,0,0.403,2,motif_NG;homopolymer_run>=4
config_NDM5_768,40,-2.02,0.84,0.644,2.429,0,0.5,1,homopolymer_run>=4
config_NDM5_769,40,-0.02,1.055,0.503,1.9,0,0.419,1,homopolymer_run>=4
config_NDM5_780,47,-6.02,0.432,0.566,1.757,0,0.471,2,N-term_Met(ox);motif_NS
config_NDM5_781,47,-4.02,1.574,0.245,2.714,0,0.204,1,homopolymer_run>=4
config_NDM5_782,47,-3.98,0.819,0.651,2.371,0,0.5,1,motif_DP
config_NDM5_783,47,1.98,1.074,0.66,2.486,0,0.665,1,homopolymer_run>=4
config_NDM5_784,47,-3.02,1.189,0.325,2.929,0,0.271,1,motif_DP
config_NDM5_785,47,-1.02,1.089,0.262,3.0,0,0.218,2,motif_DP;homopolymer_run>=4
config_NDM5_786,47,-0.99,0.872,0.614,2.529,0,0.5,3,motif_NG;motif_DP;homopolymer_run>=4
config_NDM5_787,47,-0.02,1.481,0.693,2.714,0,0.5,1,homopolymer_run>=4
config_NDM5_788,47,-0.02,1.083,0.478,2.757,0,0.399,3,motif_DP;motif_DS;homopolymer_run>=4
config_NDM5_789,47,-1.02,1.157,0.397,2.157,0,0.33,2,motif_DG;homopolymer_run>=4
config_NDM5_800,11,-1.02,-0.064,0.036,0.6,0,0.03,0,
config_NDM5_801,11,-2.02,0.236,0.101,0.586,0,0.084,1,motif_DP
config_NDM5_802,11,-1.02,1.0,0.233,1.4,0,0.194,0,
config_NDM5_803,11,-0.02,0.264,0.191,0.286,0,0.159,0,
config_NDM5_804,11,0.98,-0.018,0.295,0.1,0,0.327,0,
config_NDM5_805,11,-1.02,-0.073,0.365,-0.214,0,0.304,1,motif_DG
config_NDM5_806,11,-3.02,0.509,0.381,0.943,0,0.318,0,
config_NDM5_807,11,-1.02,0.2,0.16,0.843,0,0.133,1,motif_DG
config_NDM5_808,11,-0.02,0.627,0.143,0.8,0,0.12,0,
config_NDM5_809,11,-0.02,0.173,0.355,0.314,0,0.296,0,
config_NDM5_820,11,-1.02,1.364,0.074,1.1,0,0.061,0,
config_NDM5_821,11,-0.03,0.664,0.135,0.9,0,0.112,0,
config_NDM5_822,11,-1.02,0.591,0.349,1.029,0,0.291,0,
config_NDM5_823,11,-0.02,0.536,0.041,0.6,0,0.034,0,
config_NDM5_824,11,-0.02,1.2,0.101,1.543,0,0.084,0,
config_NDM5_825,11,-0.02,0.373,0.083,0.243,0,0.069,0,
config_NDM5_826,11,0.97,0.836,0.248,1.071,0,0.288,0,
config_NDM5_827,11,-2.02,0.191,0.168,0.229,0,0.14,1,motif_DG
config_NDM5_828,11,1.97,-0.8,0.437,0.229,0,0.529,0,
config_NDM5_829,11,-0.02,0.091,0.271,0.286,0,0.226,0,
config_NDM5_840,35,-1.03,0.806,0.471,2.671,0,0.393,1,motif_NS
config_NDM5_841,35,-0.02,0.643,0.376,2.371,0,0.314,0,
config_NDM5_842,35,1.98,0.76,0.572,2.143,0,0.641,1,homopolymer_run>=4
config_NDM5_843,35,-0.02,1.729,0.136,2.157,0,0.113,1,homopolymer_run>=4
config_NDM5_844,35,-3.02,1.186,0.234,2.086,0,0.195,1,homopolymer_run>=4
config_NDM5_845,35,-6.02,0.589,0.405,1.871,0,0.337,0,
config_NDM5_846,35,-3.02,0.949,0.528,2.029,0,0.44,0,
config_NDM5_847,35,-2.02,1.229,0.565,2.429,0,0.471,1,homopolymer_run>=4
config_NDM5_848,35,-0.02,0.503,0.592,1.814,0,0.493,1,motif_DP
config_NDM5_849,35,-1.02,0.634,0.641,1.786,0,0.5,0,
config_NDM5_860,37,-1.02,1.259,0.489,2.686,0,0.407,1,homopolymer_run>=4
config_NDM5_861,37,-2.95,0.151,0.561,2.186,0,0.467,1,motif_NG
config_NDM5_862,37,-1.03,0.554,0.532,1.871,0,0.443,0,
config_NDM5_863,37,0.98,0.865,0.51,2.471,0,0.506,0,
config_NDM5_864,37,-0.02,1.43,0.407,2.657,0,0.339,1,motif_NG
config_NDM5_865,37,-3.02,0.854,0.489,2.657,0,0.407,2,N-term_Met(ox);homopolymer_run>=4
config_NDM5_866,37,-2.02,0.624,0.686,1.614,0,0.5,1,oxidation_prone(M/W)
config_NDM5_867,37,1.01,1.092,0.353,2.186,0,0.379,1,homopolymer_run>=4
config_NDM5_868,37,-2.02,0.916,0.514,2.086,0,0.428,1,homopolymer_run>=4
config_NDM5_869,37,2.97,0.651,0.688,2.1,0,0.748,0,
config_NDM5_880,23,-3.02,0.639,0.434,2.286,0,0.361,0,
config_NDM5_881,23,-3.02,0.913,0.27,1.914,0,0.225,2,N-term_Met(ox);motif_DG
config_NDM5_882,23,-2.02,0.009,0.355,1.857,0,0.296,0,
config_NDM5_883,23,-0.02,0.183,0.436,2.129,0,0.363,1,motif_NG
config_NDM5_884,23,-2.02,1.117,0.364,1.957,0,0.303,0,
config_NDM5_885,23,-2.02,0.952,0.302,2.4,0,0.251,1,motif_DG
config_NDM5_886,23,0.98,1.439,0.402,2.086,0,0.416,1,homopolymer_run>=4
config_NDM5_887,23,-2.02,0.5,0.676,1.686,0,0.5,0,
config_NDM5_888,23,-2.02,0.561,0.348,2.0,0,0.29,0,
config_NDM5_889,23,-1.02,0.574,0.652,2.3,0,0.5,1,motif_NG
config_NDM5_900,46,-1.02,1.385,0.36,2.429,0,0.3,1,homopolymer_run>=4
config_NDM5_901,46,-1.03,0.685,0.779,1.8,0,0.5,2,motif_DP;homopolymer_run>=4
config_NDM5_902,46,-3.02,1.035,0.427,2.686,0,0.356,1,N-term_Met(ox)
config_NDM5_903,46,-2.99,1.307,0.37,3.057,0,0.308,2,motif_DS;homopolymer_run>=4
config_NDM5_904,46,1.98,0.965,0.427,2.629,0,0.521,1,homopolymer_run>=4
config_NDM5_905,46,-1.02,1.185,0.325,2.629,0,0.271,1,homopolymer_run>=4
config_NDM5_906,46,-0.02,1.328,0.395,2.086,0,0.329,1,homopolymer_run>=4
config_NDM5_907,46,-2.02,1.293,0.545,2.757,0,0.454,1,homopolymer_run>=4
config_NDM5_908,46,0.98,1.365,0.55,2.757,0,0.54,1,homopolymer_run>=4
config_NDM5_909,46,-3.02,0.05,0.665,2.057,0,0.5,0,
config_NDM5_920,18,-0.02,0.394,0.409,2.343,0,0.341,1,motif_DG
config_NDM5_921,18,-2.02,1.322,0.217,2.657,0,0.181,0,
config_NDM5_922,18,-2.03,1.006,0.417,1.714,0,0.348,0,
config_NDM5_923,18,-0.03,0.45,0.499,1.614,0,0.416,1,motif_NG
config_NDM5_924,18,-1.02,1.461,0.175,2.829,0,0.145,0,
config_NDM5_925,18,-0.03,0.972,0.217,1.2,0,0.181,0,
config_NDM5_926,18,-2.02,1.261,0.35,2.386,0,0.292,1,motif_NG
config_NDM5_927,18,-1.02,0.889,0.293,2.586,0,0.244,0,
config_NDM5_928,18,-2.02,1.094,0.235,2.3,0,0.195,0,
config_NDM5_929,18,-2.02,0.728,0.261,1.757,0,0.218,0,
config_NDM5_940,50,-0.03,-0.084,0.605,2.4,0,0.5,1,motif_DP
config_NDM5_941,50,-0.02,1.546,0.208,2.371,0,0.173,1,homopolymer_run>=4
config_NDM5_942,50,-1.02,0.734,0.597,2.086,0,0.498,1,homopolymer_run>=4
config_NDM5_943,50,-2.02,1.596,0.563,2.657,0,0.469,1,homopolymer_run>=4
config_NDM5_944,50,-0.02,1.17,0.395,3.043,0,0.329,1,homopolymer_run>=4
config_NDM5_945,50,0.98,1.742,0.307,2.371,0,0.337,1,homopolymer_run>=4
config_NDM5_946,50,-2.02,0.906,0.539,2.471,0,0.449,1,homopolymer_run>=4
config_NDM5_947,50,0.01,1.474,0.368,2.657,0,0.308,1,homopolymer_run>=4
config_NDM5_948,50,-0.03,0.348,0.771,3.0,0,0.5,1,motif_DP
config_NDM5_949,50,0.98,1.606,0.367,2.643,0,0.387,1,homopolymer_run>=4
config_NDM5_960,45,-1.98,0.7,0.437,2.229,0,0.364,1,homopolymer_run>=4
config_NDM5_961,45,-2.02,1.242,0.308,1.814,0,0.257,1,homopolymer_run>=4
config_NDM5_962,45,0.98,1.584,0.266,2.143,0,0.303,1,homopolymer_run>=4
config_NDM5_963,45,-3.02,0.727,0.518,2.429,0,0.432,1,homopolymer_run>=4
config_NDM5_964,45,0.98,1.551,0.417,2.429,0,0.429,1,homopolymer_run>=4
config_NDM5_965,45,0.98,1.273,0.347,2.086,0,0.371,1,homopolymer_run>=4
config_NDM5_966,45,-0.02,1.062,0.504,2.371,0,0.42,0,
config_NDM5_967,45,-1.02,1.153,0.49,2.514,0,0.408,0,
config_NDM5_968,45,-3.02,1.056,0.302,2.3,0,0.251,1,motif_NG
config_NDM5_969,45,-0.02,1.073,0.591,2.343,0,0.493,0,
config_NDM5_980,33,0.02,0.052,0.506,1.614,0,0.423,0,
config_NDM5_981,33,-0.02,1.748,0.16,2.429,0,0.133,1,homopolymer_run>=4
config_NDM5_982,33,-0.02,1.167,0.506,2.057,0,0.422,0,
config_NDM5_983,33,0.98,1.358,0.536,2.686,0,0.528,0,
config_NDM5_984,33,-0.03,0.239,0.439,2.214,0,0.366,0,
config_NDM5_985,33,0.98,1.036,0.449,2.371,0,0.455,0,
config_NDM5_986,33,-3.02,0.361,0.664,1.857,0,0.5,1,homopolymer_run>=4
config_NDM5_987,33,0.98,1.494,0.299,2.371,0,0.331,1,homopolymer_run>=4
config_NDM5_988,33,0.01,1.067,0.24,3.0,0,0.201,2,motif_DG;homopolymer_run>=4
config_NDM5_989,33,-0.02,1.621,0.418,2.643,0,0.348,1,homopolymer_run>=4
NDM5_0000_2,17,-2.95,-0.406,0.346,0.3,0,0.288,1,motif_NG
NDM5_0003_2,17,0.01,-0.782,0.327,0.557,0,0.274,1,motif_DP
NDM5_0006_2,17,-2.02,0.024,0.397,0.686,0,0.331,0,
NDM5_0009_2,17,-1.99,-0.306,0.418,0.571,0,0.349,0,
NDM5_0032_2,20,-1.02,-0.16,0.314,2.471,0,0.262,1,motif_DG
NDM5_0035_2,20,-3.98,0.03,0.369,0.586,0,0.307,0,
NDM5_0038_2,20,0.97,0.845,0.242,1.886,0,0.283,0,
NDM5_0061_2,33,-0.02,-0.133,0.487,1.086,0,0.406,1,motif_DP
NDM5_0064_2,33,-3.02,-0.309,0.506,1.8,0,0.422,0,
NDM5_0067_2,33,-3.02,-0.136,0.611,1.4,0,0.5,0,
NDM5_0090_2,19,0.01,-0.274,0.149,1.129,0,0.126,1,motif_DG
NDM5_0093_2,19,-0.99,0.542,0.107,1.6,0,0.089,1,motif_DP
NDM5_0096_2,19,1.01,-0.521,0.274,0.571,0,0.313,0,
NDM5_0099_2,19,-0.99,0.274,0.197,1.829,0,0.164,1,motif_DP
NDM5_0122_2,20,0.98,-1.04,0.532,0.5,0,0.525,2,motif_DP;motif_NS
NDM5_0125_2,20,-4.02,-1.315,0.382,0.543,0,0.318,1,motif_NG
NDM5_0128_2,20,-0.03,0.24,0.216,0.929,0,0.18,1,motif_NG
NDM5_0151_2,26,1.97,0.369,0.704,1.3,0,0.664,0,
NDM5_0154_2,26,-3.02,-0.835,0.438,0.171,0,0.365,2,motif_DG;motif_DS
NDM5_0157_2,26,-2.02,0.165,0.735,1.471,0,0.5,1,motif_DG
NDM5_0180_2,33,-1.03,-0.085,0.515,1.329,0,0.429,0,
NDM5_0183_2,33,-0.02,0.567,0.342,2.086,0,0.285,1,homopolymer_run>=4
NDM5_0186_2,33,-5.02,0.545,0.473,2.529,0,0.395,0,
NDM5_0189_2,33,-4.02,0.712,0.417,2.157,0,0.347,1,homopolymer_run>=4
NDM5_0212_2,44,-3.02,-0.236,0.6,1.714,0,0.5,2,N-term_Met(ox);homopolymer_run>=4
NDM5_0215_2,44,0.98,0.414,0.668,1.8,0,0.581,1,homopolymer_run>=4
NDM5_0218_2,44,-2.03,0.216,0.531,1.8,0,0.443,1,homopolymer_run>=4
NDM5_0241_2,45,-1.02,0.716,0.364,2.086,0,0.303,2,motif_DP;homopolymer_run>=4
NDM5_0244_2,45,-3.02,0.231,0.668,1.329,0,0.5,1,motif_DP
NDM5_0247_2,45,-0.03,-0.478,0.603,1.529,0,0.5,0,
NDM5_0270_2,16,-1.02,0.2,0.174,0.6,0,0.145,1,motif_DS
NDM5_0273_2,16,-0.02,0.05,0.161,0.429,0,0.134,0,
NDM5_0276_2,16,-1.02,0.869,0.153,1.286,0,0.128,0,
NDM5_0279_2,16,1.01,-0.163,0.339,0.529,0,0.367,0,
NDM5_0302_2,14,-0.02,0.6,0.058,1.143,0,0.048,0,
NDM5_0305_2,14,-1.02,0.4,0.257,0.514,0,0.214,0,
NDM5_0308_2,14,-2.02,0.157,0.061,1.014,0,0.051,0,
NDM5_0331_2,26,-2.02,-0.385,0.576,1.4,0,0.48,1,N-term_Q/E(pyroglutamate)
NDM5_0334_2,26,-3.02,0.108,0.566,0.829,0,0.472,0,
NDM5_0337_2,26,-3.02,-0.015,0.313,2.0,0,0.261,0,
NDM5_0360_2,28,-2.99,-0.346,0.389,1.257,0,0.324,1,motif_DP
NDM5_0363_2,28,-3.02,-0.282,0.593,1.543,0,0.494,1,motif_NS
NDM5_0366_2,28,-2.03,1.032,0.234,1.614,0,0.195,0,
NDM5_0369_2,28,0.98,0.921,0.57,2.057,0,0.556,1,homopolymer_run>=4
NDM5_0392_2,26,-1.02,1.15,0.522,2.371,0,0.435,1,homopolymer_run>=4
NDM5_0395_2,26,-3.02,0.838,0.16,1.8,0,0.133,1,homopolymer_run>=4
NDM5_0398_2,26,-2.03,-0.269,0.585,0.657,0,0.488,1,motif_DG
NDM5_0421_2,30,-0.99,-0.103,0.587,1.786,0,0.489,2,N-term_Q/E(pyroglutamate);motif_DP
NDM5_0424_2,30,0.97,-0.597,0.414,0.714,0,0.426,0,
NDM5_0427_2,30,-2.03,-0.093,0.631,0.9,0,0.5,0,
NDM5_0450_2,29,-5.02,0.107,0.616,1.243,0,0.5,0,
NDM5_0453_2,29,-0.99,0.334,0.436,2.429,0,0.363,1,motif_DP
NDM5_0456_2,29,-1.03,0.772,0.437,2.086,0,0.364,1,homopolymer_run>=4
NDM5_0459_2,29,0.97,-0.914,0.528,0.871,0,0.521,2,N-term_Q/E(pyroglutamate);motif_DP
NDM5_0482_2,30,-1.02,-1.537,0.849,-0.143,0,0.5,1,motif_DG
NDM5_0485_2,30,-6.02,-0.23,0.651,0.729,0,0.5,0,
NDM5_0488_2,30,-4.03,-0.113,0.481,0.857,0,0.401,2,N-term_Q/E(pyroglutamate);motif_DG
NDM5_0511_2,20,-1.02,-1.085,0.534,0.014,0,0.445,1,motif_DG
NDM5_0514_2,20,-2.98,0.02,0.532,1.714,0,0.444,1,motif_DP
NDM5_0517_2,20,-1.02,-0.555,0.452,0.2,0,0.377,1,motif_DP
NDM5_0540_2,20,-2.98,-0.21,0.444,0.714,0,0.37,1,motif_DP
NDM5_0543_2,20,-1.02,-0.045,0.398,1.329,0,0.331,0,
NDM5_0546_2,20,-4.02,0.13,0.547,1.814,0,0.456,2,motif_DG;motif_DP
NDM5_0549_2,20,-1.02,-0.665,0.331,0.543,0,0.276,0,
NDM5_0572_2,30,-2.03,-1.03,0.603,0.114,0,0.5,1,motif_DG
NDM5_0575_2,30,-4.98,0.083,0.519,0.857,0,0.433,0,
NDM5_0578_2,30,-2.02,-0.43,0.51,0.714,0,0.425,2,motif_DG;motif_DP
NDM5_0601_2,24,0.01,0.362,0.467,2.343,0,0.39,0,
NDM5_0604_2,24,-3.02,-0.713,0.512,0.1,0,0.426,0,
NDM5_0607_2,24,-4.02,0.537,0.219,2.371,0,0.183,3,motif_NG;motif_DP;homopolymer_run>=4
NDM5_0630_2,26,-3.02,-0.246,0.62,1.257,0,0.5,0,
NDM5_0633_2,26,-2.02,-0.342,0.695,0.471,0,0.5,0,
NDM5_0636_2,26,-0.02,0.327,0.428,1.1,0,0.357,0,
NDM5_0639_2,26,-2.02,-0.05,0.508,1.8,0,0.423,1,homopolymer_run>=4
NDM5_0662_2,39,0.97,-0.431,0.605,0.986,0,0.581,1,motif_DP
NDM5_0665_2,39,-1.02,-0.218,0.842,1.429,0,0.5,0,
NDM5_0668_2,39,-3.02,0.208,0.641,1.614,0,0.5,0,
NDM5_0691_2,42,-3.02,0.721,0.423,2.5,0,0.353,1,homopolymer_run>=4
NDM5_0694_2,42,-1.02,1.298,0.377,2.514,0,0.314,2,motif_DG;homopolymer_run>=4
NDM5_0697_2,42,-4.02,-0.295,0.66,1.486,0,0.5,0,
NDM5_0720_2,21,-0.03,0.824,0.296,2.129,0,0.247,0,
NDM5_0723_2,21,-3.02,0.29,0.359,0.943,0,0.299,0,
NDM5_0726_2,21,-4.02,0.3,0.262,1.643,0,0.219,0,
NDM5_0729_2,21,-3.02,-0.724,0.186,-0.114,0,0.155,1,motif_DP
NDM5_0752_2,41,-7.02,-0.254,0.724,1.786,0,0.5,0,
NDM5_0755_2,41,-3.03,-0.871,0.585,1.157,0,0.488,0,
NDM5_0758_2,41,-4.02,0.327,0.485,1.671,0,0.404,2,motif_DP;homopolymer_run>=4
NDM5_0781_2,28,-2.02,1.075,0.652,2.343,0,0.5,0,
NDM5_0784_2,28,0.98,0.571,0.44,2.143,0,0.448,0,
NDM5_0787_2,28,-4.98,-0.907,0.547,0.629,0,0.456,1,N-term_Q/E(pyroglutamate)
NDM5_0810_2,16,-1.02,-0.0,0.149,0.729,0,0.124,0,
NDM5_0813_2,16,-2.02,0.869,0.121,1.357,0,0.101,1,homopolymer_run>=4
NDM5_0816_2,16,-0.02,0.775,0.218,1.086,0,0.182,0,
NDM5_0819_2,16,-2.02,-0.256,0.165,0.886,0,0.138,1,motif_DG
NDM5_0842_2,19,-1.03,0.289,0.286,0.986,0,0.238,0,
NDM5_0845_2,19,-3.03,-0.7,0.323,-0.171,0,0.269,1,N-term_Q/E(pyroglutamate)
NDM5_0848_2,19,-3.02,-0.826,0.373,-0.129,0,0.31,0,
NDM5_0871_2,41,-0.03,-0.293,0.713,1.814,0,0.5,0,
NDM5_0874_2,41,-3.98,-0.468,0.627,0.714,0,0.5,1,motif_DP
NDM5_0877_2,41,0.98,-0.539,0.563,1.614,0,0.55,0,
NDM5_0900_2,16,-2.03,0.181,0.42,1.443,0,0.35,0,
NDM5_0903_2,16,0.98,-0.138,0.512,0.671,0,0.508,0,
NDM5_0906_2,16,-0.02,-0.356,0.403,-0.186,0,0.336,0,
NDM5_0909_2,16,-1.02,0.662,0.186,1.771,0,0.155,2,motif_DP;homopolymer_run>=4
NDM5_0932_2,44,-4.02,-0.007,0.459,1.971,0,0.383,1,motif_DG
NDM5_0935_2,44,-6.02,0.673,0.543,2.114,0,0.452,1,homopolymer_run>=4
NDM5_0938_2,44,-4.98,0.002,0.568,2.171,0,0.474,1,N-term_Met(ox)
NDM5_0961_2,14,1.98,-0.8,0.516,0.129,0,0.595,0,
NDM5_0964_2,14,-1.99,-0.443,0.275,0.314,0,0.229,0,
NDM5_0967_2,14,-1.02,0.479,0.155,0.843,0,0.129,0,
NDM5_0990_2,39,-2.02,-0.31,0.599,1.671,0,0.5,0,
NDM5_0993_2,39,-0.03,-0.213,0.793,1.629,0,0.5,1,motif_NG
NDM5_0996_2,39,-1.02,0.187,0.645,1.743,0,0.5,0,
NDM5_0999_2,39,-1.02,-0.718,0.625,1.0,0,0.5,1,N-term_Q/E(pyroglutamate)
NDM5_1022_2,39,-3.02,0.977,0.353,2.371,0,0.294,1,motif_DS
NDM5_1025_2,39,-4.02,-0.179,0.448,1.857,0,0.373,0,
NDM5_1028_2,39,1.98,-0.621,0.869,0.386,0,0.665,0,
NDM5_1051_2,28,-5.02,-1.021,0.462,1.214,0,0.385,1,homopolymer_run>=4
NDM5_1054_2,28,0.97,0.336,0.39,1.829,0,0.405,0,
NDM5_1057_2,28,-4.02,0.596,0.321,2.086,0,0.267,0,
NDM5_1080_2,26,-3.02,0.246,0.427,1.371,0,0.356,1,homopolymer_run>=4
NDM5_1083_2,26,-2.02,-0.442,0.579,0.871,0,0.482,0,
NDM5_1086_2,26,-4.03,-0.069,0.577,1.4,0,0.48,1,N-term_Met(ox)
NDM5_1089_2,26,-5.02,-0.162,0.706,0.929,0,0.5,0,
NDM5_1112_2,23,-1.03,0.883,0.386,2.057,0,0.322,0,
NDM5_1115_2,23,-4.02,-1.213,0.768,0.614,0,0.5,1,motif_DG
NDM5_1118_2,23,-1.02,-0.822,0.733,1.2,0,0.5,1,N-term_Q/E(pyroglutamate)
NDM5_1141_2,36,0.98,0.547,0.496,2.057,0,0.495,1,motif_NG
NDM5_1144_2,36,-2.03,-0.708,0.555,1.4,0,0.462,0,
NDM5_1147_2,36,-2.99,-0.503,0.493,1.957,0,0.411,1,motif_DP
NDM5_1170_2,17,-1.02,-0.076,0.256,0.286,0,0.213,1,homopolymer_run>=4
NDM5_1173_2,17,0.01,-0.535,0.42,0.086,0,0.351,0,
NDM5_1176_2,17,-2.03,0.147,0.365,0.914,0,0.304,0,
NDM5_1179_2,17,0.01,0.124,0.202,0.829,0,0.17,0,
NDM5_1202_2,31,-10.02,-0.332,0.291,1.143,0,0.242,2,N-term_Q/E(pyroglutamate);homopolymer_run>=4
NDM5_1205_2,31,0.98,0.777,0.399,1.8,0,0.414,1,homopolymer_run>=4
NDM5_1208_2,31,-4.02,-1.274,0.489,0.714,0,0.408,1,motif_NG
NDM5_1231_2,19,-2.02,0.058,0.428,1.471,0,0.357,2,N-term_Q/E(pyroglutamate);motif_DG
NDM5_1234_2,19,-4.02,-0.405,0.342,0.4,0,0.285,0,
NDM5_1237_2,19,-2.02,0.132,0.34,1.229,0,0.283,1,motif_DP
NDM5_1260_2,15,-1.03,-0.467,0.29,0.343,0,0.241,1,N-term_Q/E(pyroglutamate)
NDM5_1263_2,15,-1.02,0.68,0.214,1.186,0,0.178,1,motif_DS
NDM5_1266_2,15,0.01,-0.867,0.579,-0.2,0,0.484,0,
NDM5_1269_2,15,-1.99,0.18,0.245,0.329,0,0.204,0,
NDM5_1292_2,30,-2.02,0.103,0.508,1.271,0,0.424,0,
NDM5_1295_2,30,-2.03,-0.247,0.506,1.614,0,0.422,2,motif_DG;homopolymer_run>=4
NDM5_1298_2,30,-1.03,-1.063,0.657,0.614,0,0.5,1,motif_DG
NDM5_1321_2,19,-3.02,-0.553,0.221,1.171,0,0.184,1,motif_DG
NDM5_1324_2,19,-0.02,-0.042,0.276,1.329,0,0.23,0,
NDM5_1327_2,19,-1.02,0.868,0.18,1.6,0,0.15,0,
NDM5_1350_2,42,-5.02,0.224,0.688,1.8,0,0.5,1,homopolymer_run>=4
NDM5_1353_2,42,-2.98,0.529,0.504,2.371,0,0.42,1,homopolymer_run>=4
NDM5_1356_2,42,-6.02,-0.133,0.375,1.914,0,0.313,0,
NDM5_1359_2,42,-5.02,-0.005,0.692,1.986,0,0.5,2,N-term_Q/E(pyroglutamate);motif_DG
NDM5_1382_2,28,-0.99,-1.196,0.363,0.4,0,0.302,3,motif_NG;motif_DG;homopolymer_run>=4
NDM5_1385_2,28,-0.02,0.275,0.583,1.257,0,0.486,0,
NDM5_1388_2,28,-5.03,-0.382,0.345,1.929,0,0.288,1,motif_DG
NDM5_1411_2,22,-0.02,-0.414,0.444,1.9,0,0.37,1,N-term_Q/E(pyroglutamate)
NDM5_1414_2,22,0.97,0.118,0.461,1.214,0,0.465,1,motif_DG
NDM5_1417_2,22,1.98,-0.927,0.705,0.5,0,0.665,0,
NDM5_1440_2,32,-2.02,0.906,0.471,2.086,0,0.393,1,homopolymer_run>=4
NDM5_1443_2,32,-3.98,-0.016,0.43,1.657,0,0.359,4,N-term_Met(ox);motif_DG;motif_DP;oxidation_prone(M/W)
NDM5_1446_2,32,-4.02,-0.128,0.464,2.371,0,0.387,0,
NDM5_1449_2,32,-5.02,-0.275,0.474,1.329,0,0.395,0,
NDM5_1472_2,26,-1.02,0.673,0.633,1.714,0,0.5,1,homopolymer_run>=4
NDM5_1475_2,26,-1.98,-0.415,0.386,1.2,0,0.321,1,N-term_Met(ox)
NDM5_1478_2,26,-3.02,0.277,0.522,1.829,0,0.435,0,
NDM5_1501_2,14,-0.02,-0.407,0.158,0.129,0,0.132,0,
NDM5_1504_2,14,-0.03,-0.443,0.334,-0.071,0,0.278,0,
NDM5_1507_2,14,-1.02,0.364,0.267,0.829,0,0.222,0,
NDM5_1530_2,16,-2.02,0.794,0.18,1.4,0,0.15,0,
NDM5_1533_2,16,-1.02,0.556,0.091,1.443,0,0.076,0,
NDM5_1536_2,16,-2.02,-0.344,0.323,0.643,0,0.269,1,motif_DP
NDM5_1539_2,16,-0.02,-0.031,0.416,0.7,0,0.347,0,
NDM5_1562_2,23,-4.02,-0.43,0.515,1.143,0,0.429,0,
NDM5_1565_2,23,0.97,-0.374,0.591,1.657,0,0.574,0,
NDM5_1568_2,23,-5.02,-0.078,0.622,1.743,0,0.5,1,motif_DG
NDM5_1591_2,35,-3.02,-0.966,0.654,2.029,0,0.5,0,
NDM5_1594_2,35,-4.03,-0.423,0.542,1.643,0,0.452,3,N-term_Q/E(pyroglutamate);motif_DP;homopolymer_run>=4
NDM5_1597_2,35,-4.02,0.957,0.277,2.471,0,0.231,1,homopolymer_run>=4
NDM5_1620_2,18,-1.02,0.217,0.564,0.429,0,0.47,0,
NDM5_1623_2,18,-0.02,0.622,0.27,1.429,0,0.225,0,
NDM5_1626_2,18,-2.03,0.267,0.334,1.314,0,0.279,0,
NDM5_1629_2,18,-0.03,0.222,0.314,1.971,0,0.262,1,N-term_Q/E(pyroglutamate)
NDM5_1652_2,22,-1.99,-1.118,0.426,-0.171,0,0.355,1,motif_DP
NDM5_1655_2,22,-3.02,-0.059,0.329,0.971,0,0.274,2,N-term_Q/E(pyroglutamate);motif_DG
NDM5_1658_2,22,-0.03,0.65,0.343,1.686,0,0.286,0,
NDM5_1681_2,23,-0.99,-0.53,0.221,0.343,0,0.184,1,motif_DG
NDM5_1684_2,23,1.98,0.126,0.556,1.829,0,0.628,0,
NDM5_1687_2,23,-3.02,0.496,0.378,1.443,0,0.315,0,
NDM5_1710_2,22,-1.03,-0.2,0.4,0.657,0,0.334,1,motif_DS
NDM5_1713_2,22,-2.03,-0.509,0.396,0.457,0,0.33,1,motif_DG
NDM5_1716_2,22,-3.03,-1.073,0.284,0.729,0,0.237,0,
NDM5_1719_2,22,-4.02,-0.25,0.714,0.743,0,0.5,0,
NDM5_1742_2,23,-2.02,-0.391,0.29,0.286,0,0.242,1,motif_DG
NDM5_1745_2,23,-1.02,0.017,0.615,1.486,0,0.5,0,
NDM5_1748_2,23,-2.02,0.678,0.402,1.671,0,0.335,0,
NDM5_1771_2,27,-3.02,0.085,0.523,1.429,0,0.436,1,motif_NS
NDM5_1774_2,27,-1.02,0.048,0.498,2.371,0,0.415,0,
NDM5_1777_2,27,-1.02,0.822,0.265,2.071,0,0.221,1,homopolymer_run>=4
NDM5_1800_2,38,-1.03,-0.492,0.408,1.4,0,0.34,1,motif_DS
NDM5_1803_2,38,-1.02,0.105,0.603,1.943,0,0.5,1,homopolymer_run>=4
NDM5_1806_2,38,-1.02,0.482,0.613,2.171,0,0.5,1,homopolymer_run>=4
NDM5_1809_2,38,-1.02,0.584,0.569,2.071,0,0.475,1,homopolymer_run>=4
NDM5_1832_2,19,-0.02,0.189,0.301,0.843,0,0.251,0,
NDM5_1835_2,19,-1.02,0.637,0.227,1.486,0,0.189,1,homopolymer_run>=4
NDM5_1838_2,19,-1.02,-0.363,0.258,1.143,0,0.215,1,motif_DP
NDM5_1861_2,20,-1.03,-0.805,0.292,0.243,0,0.243,0,
NDM5_1864_2,20,-1.02,-0.925,0.698,0.314,0,0.5,0,
NDM5_1867_2,20,-4.02,0.14,0.31,2.514,0,0.258,2,N-term_Met(ox);motif_DP
NDM5_1890_2,35,-2.03,0.271,0.704,1.586,0,0.5,0,
NDM5_1893_2,35,-3.02,0.257,0.457,1.543,0,0.38,1,N-term_Q/E(pyroglutamate)
NDM5_1896_2,35,-2.95,-0.151,0.571,0.557,0,0.476,0,
NDM5_1899_2,35,0.98,-0.517,0.566,0.957,0,0.553,1,motif_DG
NDM5_1922_2,19,-3.02,0.068,0.333,1.143,0,0.278,2,N-term_Q/E(pyroglutamate);motif_DP
NDM5_1925_2,19,-1.02,0.889,0.308,2.057,0,0.257,0,
NDM5_1928_2,19,-0.99,-0.853,0.282,0.329,0,0.235,0,
NDM5_1951_2,41,-3.03,-0.283,0.514,1.357,0,0.429,1,homopolymer_run>=4
NDM5_1954_2,41,-3.03,-0.18,0.553,1.0,0,0.461,3,motif_NG;motif_DG;motif_DS
NDM5_1957_2,41,-5.02,0.146,0.592,1.914,0,0.493,2,N-term_Q/E(pyroglutamate);motif_NG
NDM5_1980_2,36,0.98,-0.142,0.823,1.486,0,0.581,0,
NDM5_1983_2,36,-4.02,0.942,0.356,2.371,0,0.297,2,N-term_Q/E(pyroglutamate);homopolymer_run>=4
NDM5_1986_2,36,-2.02,-0.589,0.545,0.6,0,0.454,0,
NDM5_1989_2,36,-2.02,0.95,0.286,1.8,0,0.239,1,homopolymer_run>=4
NDM5_2012_2,40,0.97,0.058,0.513,1.529,0,0.509,0,
NDM5_2015_2,40,-3.03,-0.093,0.351,1.643,0,0.293,1,motif_DP
NDM5_2018_2,40,-0.02,-0.365,0.608,1.143,0,0.5,0,
NDM5_2041_2,26,-4.02,-0.673,0.454,0.814,0,0.378,0,
NDM5_2044_2,26,1.01,-0.277,0.742,0.543,0,0.585,0,
NDM5_2047_2,26,-6.02,-0.227,0.374,2.371,0,0.312,0,
NDM5_2070_2,37,-6.02,0.754,0.394,2.143,0,0.328,1,homopolymer_run>=4
NDM5_2073_2,37,-1.02,-0.046,0.578,0.814,0,0.482,1,motif_DP
NDM5_2076_2,37,-4.02,0.511,0.457,2.171,0,0.381,0,
NDM5_2079_2,37,-1.99,-0.157,0.562,0.7,0,0.469,0,
NDM5_2102_2,25,-4.02,-0.36,0.474,0.771,0,0.395,0,
NDM5_2105_2,25,-4.02,-0.544,0.586,1.0,0,0.488,1,motif_DP
NDM5_2108_2,25,-2.02,0.388,0.28,1.443,0,0.234,0,
NDM5_2131_2,16,-0.03,-0.088,0.21,1.171,0,0.175,0,
NDM5_2134_2,16,0.98,0.188,0.151,1.314,0,0.207,0,
NDM5_2137_2,16,-0.02,-0.388,0.544,0.843,0,0.454,1,motif_DS
NDM5_2160_2,43,-1.02,0.221,0.575,1.8,0,0.479,1,homopolymer_run>=4
NDM5_2163_2,43,-5.02,0.056,0.591,1.757,0,0.493,0,
NDM5_2166_2,43,-7.02,-0.467,0.549,2.086,0,0.457,2,N-term_Met(ox);motif_DS
NDM5_2169_2,43,-4.02,-0.779,0.664,1.9,0,0.5,1,motif_NG
NDM5_2192_2,19,1.01,-0.521,0.505,0.386,0,0.505,1,motif_DP
NDM5_2195_2,19,-3.03,0.158,0.368,0.829,0,0.307,2,N-term_Q/E(pyroglutamate);motif_DP
NDM5_2198_2,19,-1.02,-0.289,0.357,0.871,0,0.298,1,motif_DP
NDM5_2221_2,28,-0.98,-1.061,0.304,1.357,0,0.254,0,
NDM5_2224_2,28,-4.02,-0.25,0.209,0.486,0,0.175,1,motif_DG
NDM5_2227_2,28,-2.02,-0.368,0.663,0.771,0,0.5,1,motif_DG
NDM5_2250_2,37,0.97,-0.895,0.704,0.8,0,0.581,1,motif_DP
NDM5_2253_2,37,-1.02,-0.33,0.794,1.1,0,0.5,0,
NDM5_2256_2,37,-2.98,-0.381,0.535,1.6,0,0.446,1,motif_DG
NDM5_2259_2,37,1.01,-0.473,0.356,0.686,0,0.38,1,motif_NG
NDM5_2282_2,12,-4.02,-0.592,0.327,0.457,0,0.272,1,motif_DP
NDM5_2285_2,12,-1.02,-0.6,0.322,-0.214,0,0.268,0,
NDM5_2288_2,12,-1.02,-0.192,0.237,1.657,0,0.197,0,
NDM5_2311_2,17,-0.03,-0.353,0.446,0.357,0,0.371,1,motif_DG
NDM5_2314_2,17,-1.99,0.247,0.177,1.157,0,0.148,0,
NDM5_2317_2,17,-6.02,-0.706,0.346,-0.157,0,0.288,0,
NDM5_2340_2,35,2.98,0.446,0.995,2.057,0,0.748,1,homopolymer_run>=4
NDM5_2343_2,35,-2.03,-0.629,0.588,1.257,0,0.49,0,
NDM5_2346_2,35,-4.02,0.226,0.438,1.329,0,0.365,3,N-term_Met(ox);motif_DG;motif_DP
NDM5_2349_2,35,-2.02,-0.12,0.644,1.143,0,0.5,0,
NDM5_2372_2,38,-1.03,0.355,0.479,2.157,0,0.399,0,
NDM5_2375_2,38,-2.02,0.279,0.645,1.743,0,0.5,1,motif_DP
NDM5_2378_2,38,-1.02,0.174,0.573,1.443,0,0.478,1,homopolymer_run>=4
NDM5_2401_2,40,-1.03,0.41,0.545,2.657,0,0.454,0,
NDM5_2404_2,40,-0.99,-0.415,0.54,1.186,0,0.45,0,
NDM5_2407_2,40,-5.02,0.015,0.599,1.3,0,0.499,0,
NDM5_2430_2,30,-0.02,-0.0,0.327,1.5,0,0.273,0,
NDM5_2433_2,30,-1.02,-0.347,0.648,2.229,0,0.5,0,
NDM5_2436_2,30,-5.02,-0.607,0.606,1.343,0,0.5,1,N-term_Q/E(pyroglutamate)
NDM5_2439_2,30,-1.03,-0.47,0.586,1.186,0,0.488,0,
NDM5_2462_2,29,-2.02,-0.159,0.38,1.7,0,0.317,0,
NDM5_2465_2,29,-3.02,0.203,0.59,1.8,0,0.491,2,motif_DP;homopolymer_run>=4
NDM5_2468_2,29,-3.02,-0.621,0.415,1.029,0,0.346,1,motif_NG
NDM5_2491_2,44,-4.03,-0.261,0.372,1.329,0,0.31,1,motif_DG
NDM5_2494_2,44,-5.02,-0.268,0.622,2.157,0,0.5,1,motif_DP
NDM5_2497_2,44,1.98,0.518,0.644,2.143,0,0.665,2,N-term_Q/E(pyroglutamate);homopolymer_run>=4
NDM5_2520_2,40,-4.02,0.0,0.511,1.5,0,0.426,0,
NDM5_2523_2,40,-3.02,0.537,0.349,2.571,0,0.291,3,N-term_Q/E(pyroglutamate);motif_DP;homopolymer_run>=4
NDM5_2526_2,40,-5.02,0.655,0.495,2.429,0,0.412,1,homopolymer_run>=4
NDM5_2529_2,40,-4.02,-0.41,0.611,2.0,0,0.5,1,motif_NS
NDM5_2552_2,14,-0.03,-0.05,0.263,0.757,0,0.22,0,
NDM5_2555_2,14,0.97,0.171,0.244,1.157,0,0.285,0,
NDM5_2558_2,14,-0.02,-0.493,0.218,0.229,0,0.182,0,
NDM5_2581_2,44,-3.02,0.643,0.623,1.8,0,0.5,1,homopolymer_run>=4
NDM5_2584_2,44,-2.03,-0.432,0.732,1.843,0,0.5,1,motif_NG
NDM5_2587_2,44,-5.02,-0.152,0.652,0.9,0,0.5,0,
NDM5_2610_2,28,-6.02,-0.957,0.684,0.514,0,0.5,1,homopolymer_run>=4
NDM5_2613_2,28,-5.02,-0.807,0.646,-0.029,0,0.5,0,
NDM5_2616_2,28,-7.02,-0.329,0.259,0.5,0,0.216,1,motif_DG
NDM5_2619_2,28,-2.02,1.214,0.257,2.471,0,0.214,2,N-term_Q/E(pyroglutamate);homopolymer_run>=4
NDM5_2642_2,45,-1.02,0.182,0.632,1.457,0,0.5,0,
NDM5_2645_2,45,-5.02,-0.471,0.764,2.086,0,0.5,1,homopolymer_run>=4
NDM5_2648_2,45,-3.02,0.26,0.78,2.143,0,0.5,1,homopolymer_run>=4
NDM5_2671_2,17,-1.02,-0.406,0.219,0.614,0,0.183,1,motif_DS
NDM5_2674_2,17,-3.02,0.018,0.353,1.386,0,0.294,0,
NDM5_2677_2,17,-2.02,0.312,0.227,0.8,0,0.189,0,
NDM5_2700_2,25,-3.03,0.26,0.555,1.357,0,0.462,0,
NDM5_2703_2,25,-2.02,0.124,0.408,1.557,0,0.34,1,motif_DS
NDM5_2706_2,25,-2.03,0.524,0.241,1.886,0,0.201,0,
NDM5_2709_2,25,-3.02,-0.696,0.611,1.057,0,0.5,2,N-term_Q/E(pyroglutamate);motif_NG
NDM5_2732_2,22,-2.99,-1.259,0.169,0.0,0,0.141,1,motif_NG
NDM5_2735_2,22,-1.02,0.232,0.196,1.486,0,0.163,0,
NDM5_2738_2,22,-3.02,0.086,0.44,1.743,0,0.366,1,motif_NG
NDM5_2761_2,22,-3.02,-1.282,0.87,-0.7,0,0.5,0,
NDM5_2764_2,22,-4.02,0.055,0.344,1.543,0,0.286,1,N-term_Q/E(pyroglutamate)
NDM5_2767_2,22,-4.02,0.068,0.382,1.557,0,0.318,1,motif_DG
NDM5_2790_2,17,-1.02,-0.359,0.35,0.857,0,0.291,0,
NDM5_2793_2,17,-1.99,0.182,0.464,0.543,0,0.386,0,
NDM5_2796_2,17,-1.02,0.241,0.447,0.7,0,0.373,0,
NDM5_2799_2,17,-1.99,-0.224,0.28,0.7,0,0.233,0,
NDM5_2822_2,18,-3.02,-0.411,0.479,0.5,0,0.399,0,
NDM5_2825_2,18,-0.03,0.544,0.439,1.286,0,0.365,0,
NDM5_2828_2,18,1.01,-0.25,0.497,0.329,0,0.498,1,motif_DG
NDM5_2851_2,39,-3.02,-0.169,0.527,2.114,0,0.439,0,
NDM5_2854_2,39,-1.03,-0.213,0.628,1.843,0,0.5,0,
NDM5_2857_2,39,-1.02,0.154,0.456,1.243,0,0.38,1,homopolymer_run>=4
NDM5_2880_2,13,-0.02,0.362,0.131,1.386,0,0.109,0,
NDM5_2883_2,13,-0.03,-0.685,0.263,0.171,0,0.219,1,motif_DP
NDM5_2886_2,13,-2.03,-0.223,0.165,0.843,0,0.138,1,motif_DS
NDM5_2889_2,13,-2.99,-0.815,0.037,-0.243,0,0.031,1,N-term_Q/E(pyroglutamate)
NDM5_2912_2,16,-0.02,-0.669,0.312,-0.214,0,0.26,1,motif_DP
NDM5_2915_2,16,-2.03,0.131,0.299,1.4,0,0.249,0,
NDM5_2918_2,16,-1.03,-0.569,0.275,0.571,0,0.229,0,
NDM5_2941_2,17,-1.03,-0.594,0.31,0.243,0,0.258,1,motif_DP
NDM5_2944_2,17,-3.99,-0.447,0.433,0.114,0,0.361,0,
NDM5_2947_2,17,-1.99,0.041,0.468,0.371,0,0.39,0,
NDM5_2970_2,18,-1.02,0.739,0.187,2.043,0,0.156,0,
NDM5_2973_2,18,0.97,-0.678,0.22,0.457,0,0.264,0,
NDM5_2976_2,18,-1.02,-0.089,0.504,1.0,0,0.42,1,motif_DG
NDM5_2979_2,18,-0.02,-0.411,0.454,1.3,0,0.378,0,
NDM5_3002_2,22,1.01,0.705,0.403,2.086,0,0.421,1,homopolymer_run>=4
NDM5_3005_2,22,-2.98,0.268,0.368,0.986,0,0.307,1,N-term_Met(ox)
NDM5_3008_2,22,0.05,0.736,0.336,2.114,0,0.284,0,
NDM5_3031_2,39,-3.03,0.195,0.492,1.343,0,0.41,1,homopolymer_run>=4
NDM5_3034_2,39,-1.03,0.008,0.453,0.971,0,0.377,0,
NDM5_3037_2,39,-2.02,0.777,0.411,2.143,0,0.342,1,homopolymer_run>=4
NDM5_3060_2,22,-5.02,-0.027,0.356,3.0,0,0.297,1,motif_DG
NDM5_3063_2,22,-0.02,0.364,0.545,0.871,0,0.454,0,
NDM5_3066_2,22,-0.03,-0.791,0.434,-0.0,0,0.362,1,motif_NG
NDM5_3069_2,22,-1.99,0.418,0.134,1.686,0,0.112,1,motif_DP
NDM5_3092_2,12,-0.99,-0.392,0.184,-0.186,0,0.153,0,
NDM5_3095_2,12,-0.02,0.667,0.138,1.286,0,0.115,0,
NDM5_3098_2,12,-2.03,-0.733,0.093,-0.1,0,0.078,1,motif_DP
NDM5_3121_2,14,-0.03,-0.143,0.129,0.043,0,0.107,0,
NDM5_3124_2,14,-0.02,0.614,0.165,1.214,0,0.137,0,
NDM5_3127_2,14,-1.02,-0.371,0.329,0.114,0,0.275,1,motif_DP
NDM5_3150_2,17,-1.02,-0.206,0.366,0.214,0,0.305,1,motif_DS
NDM5_3153_2,17,-0.03,-0.441,0.424,0.4,0,0.353,2,N-term_Q/E(pyroglutamate);motif_DG
NDM5_3156_2,17,-1.03,-0.224,0.183,0.614,0,0.153,1,motif_NS
NDM5_3159_2,17,-1.99,-0.641,0.301,-0.186,0,0.25,0,
NDM5_3182_2,29,-3.02,0.528,0.511,1.643,0,0.426,0,
NDM5_3185_2,29,-2.03,-0.259,0.415,1.629,0,0.346,0,
NDM5_3188_2,29,-4.02,-0.014,0.6,1.643,0,0.5,0,
NDM5_3211_2,42,-6.02,-0.405,0.452,2.243,0,0.376,1,motif_DG
NDM5_3214_2,42,-6.03,-0.371,0.58,1.029,0,0.483,0,
NDM5_3217_2,42,-1.02,1.069,0.267,1.8,0,0.222,1,homopolymer_run>=4
NDM5_3240_2,13,-3.98,-0.354,0.348,0.586,0,0.29,0,
NDM5_3243_2,13,-2.02,0.277,0.282,1.486,0,0.235,1,motif_DP
NDM5_3246_2,13,1.97,-0.423,0.306,0.557,0,0.42,0,
NDM5_3249_2,13,1.01,-1.292,0.646,0.086,0,0.584,1,motif_DP
NDM5_3272_2,35,-1.99,-0.72,0.52,0.671,0,0.433,0,
NDM5_3275_2,35,-2.02,-0.909,0.749,0.743,0,0.5,1,N-term_Q/E(pyroglutamate)
NDM5_3278_2,35,-6.02,0.334,0.711,1.929,0,0.5,1,N-term_Met(ox)
NDM5_3301_2,42,-0.03,-0.15,0.534,0.814,0,0.445,0,
NDM5_3304_2,42,-3.02,-0.46,0.634,1.371,0,0.5,2,N-term_Q/E(pyroglutamate);motif_DS
NDM5_3307_2,42,-1.02,0.857,0.439,2.429,0,0.366,1,homopolymer_run>=4
NDM5_3330_2,22,-1.02,0.168,0.268,2.057,0,0.223,1,homopolymer_run>=4
NDM5_3333_2,22,-1.02,0.523,0.387,1.686,0,0.322,0,
NDM5_3336_2,22,-3.02,0.164,0.507,1.186,0,0.422,1,N-term_Q/E(pyroglutamate)
NDM5_3339_2,22,-0.03,0.177,0.259,1.8,0,0.216,1,homopolymer_run>=4
NDM5_3362_2,16,-0.02,0.194,0.255,0.871,0,0.213,0,
NDM5_3365_2,16,-0.02,-0.1,0.223,0.686,0,0.186,0,
NDM5_3368_2,16,-0.02,-0.356,0.327,0.714,0,0.272,0,
NDM5_3391_2,30,-4.02,0.493,0.555,2.143,0,0.462,1,homopolymer_run>=4
NDM5_3394_2,30,-3.03,-1.103,0.58,0.043,0,0.483,0,
NDM5_3397_2,30,-2.02,0.623,0.411,1.714,0,0.343,1,homopolymer_run>=4
NDM5_3420_2,26,-4.02,0.865,0.205,2.429,0,0.171,1,homopolymer_run>=4
NDM5_3423_2,26,-3.02,0.238,0.534,1.043,0,0.445,0,
NDM5_3426_2,26,-1.99,0.269,0.269,2.786,0,0.225,0,
NDM5_3429_2,26,-5.02,0.135,0.829,1.029,0,0.5,0,
NDM5_3452_2,33,0.97,-0.903,0.42,-0.043,0,0.431,0,
NDM5_3455_2,33,-2.02,-0.512,0.71,1.671,0,0.5,0,
NDM5_3458_2,33,0.97,0.179,0.509,2.043,0,0.505,1,motif_NS
NDM5_3481_2,24,-5.02,-0.462,0.467,0.814,0,0.389,0,
NDM5_3484_2,24,-3.02,-0.288,0.389,0.957,0,0.324,0,
NDM5_3487_2,24,-3.02,-0.329,0.4,0.957,0,0.334,0,
NDM5_3510_2,44,-2.02,0.7,0.551,2.086,0,0.459,2,motif_DP;homopolymer_run>=4
NDM5_3513_2,44,-4.02,0.293,0.341,1.871,0,0.284,2,N-term_Q/E(pyroglutamate);homopolymer_run>=4
NDM5_3516_2,44,-5.02,0.127,0.41,2.157,0,0.341,0,
NDM5_3519_2,44,-3.02,0.643,0.286,2.229,0,0.238,1,homopolymer_run>=4
NDM5_3542_2,23,-2.02,-0.274,0.359,1.429,0,0.299,0,
NDM5_3545_2,23,0.01,0.657,0.242,1.629,0,0.203,1,homopolymer_run>=4
NDM5_3548_2,23,-0.02,1.1,0.376,1.571,0,0.313,0,
NDM5_3571_2,28,-3.98,0.764,0.245,1.8,0,0.204,1,homopolymer_run>=4
NDM5_3574_2,28,-3.02,-0.45,0.528,0.5,0,0.44,1,N-term_Met(ox)
NDM5_3577_2,28,-1.02,0.721,0.571,1.529,0,0.476,2,motif_NG;motif_DG
NDM5_3600_2,20,-1.03,-0.42,0.309,0.671,0,0.257,0,
NDM5_3603_2,20,-1.99,0.045,0.304,1.286,0,0.254,1,motif_DP
NDM5_3606_2,20,-1.03,-0.275,0.316,-0.086,0,0.263,1,motif_DS
NDM5_3609_2,20,-0.02,-0.085,0.24,1.029,0,0.2,0,
NDM5_3632_2,26,-1.02,1.035,0.637,2.429,0,0.5,0,
NDM5_3635_2,26,-5.02,-0.646,0.654,0.586,0,0.5,1,N-term_Q/E(pyroglutamate)
NDM5_3638_2,26,-0.02,0.254,0.832,1.0,0,0.5,1,motif_NS
NDM5_3661_2,29,-4.02,-0.328,0.562,1.143,0,0.468,1,motif_NS
NDM5_3664_2,29,0.97,0.483,0.588,1.686,0,0.571,0,
NDM5_3667_2,29,-1.02,0.572,0.492,2.086,0,0.41,1,homopolymer_run>=4
NDM5_3690_2,19,0.97,-0.868,0.239,0.386,0,0.28,0,
NDM5_3693_2,19,-1.99,-0.921,0.321,-0.329,0,0.267,0,
NDM5_3696_2,19,-2.02,-0.584,0.374,0.857,0,0.312,1,motif_DS
NDM5_3699_2,19,-2.02,0.5,0.241,1.829,0,0.201,2,N-term_Met(ox);motif_DP
NDM5_3722_2,28,-5.02,-1.104,0.608,0.029,0,0.5,1,homopolymer_run>=4
NDM5_3725_2,28,-0.02,0.811,0.655,2.4,0,0.5,0,
NDM5_3728_2,28,-4.03,-0.9,0.522,0.1,0,0.435,0,
NDM5_3751_2,13,-3.03,-0.7,0.103,0.014,0,0.086,2,N-term_Q/E(pyroglutamate);motif_DP
NDM5_3754_2,13,-0.02,0.208,0.302,0.786,0,0.251,0,
NDM5_3757_2,13,-3.98,-0.646,0.408,0.114,0,0.34,0,
NDM5_3780_2,43,-2.02,-0.198,0.749,1.329,0,0.5,0,
NDM5_3783_2,43,-4.03,-0.635,0.675,1.214,0,0.5,2,N-term_Q/E(pyroglutamate);motif_DS
NDM5_3786_2,43,-1.02,-0.067,0.524,1.571,0,0.437,1,motif_DG
NDM5_3789_2,43,-5.02,-0.056,0.688,2.1,0,0.5,1,homopolymer_run>=4
NDM5_3812_2,38,1.97,0.645,0.418,1.8,0,0.513,1,homopolymer_run>=4
NDM5_3815_2,38,-1.02,-0.108,0.596,1.529,0,0.496,1,motif_DP
NDM5_3818_2,38,0.01,0.958,0.327,2.143,0,0.274,1,homopolymer_run>=4
NDM5_3841_2,34,-6.02,-0.462,0.552,1.043,0,0.46,1,motif_DG
NDM5_3844_2,34,-3.03,-0.185,0.664,1.3,0,0.5,1,motif_DG
NDM5_3847_2,34,-1.02,-0.344,0.705,1.586,0,0.5,1,motif_NG
NDM5_3870_2,36,-6.02,0.25,0.394,2.514,0,0.329,1,motif_DP
NDM5_3873_2,36,-6.02,-0.208,0.329,1.457,0,0.274,0,
NDM5_3876_2,36,-3.02,0.186,0.477,1.871,0,0.397,0,
NDM5_3879_2,36,-1.03,-1.319,0.683,0.057,0,0.5,1,N-term_Q/E(pyroglutamate)
NDM5_3902_2,20,-2.03,-0.56,0.417,0.029,0,0.347,2,N-term_Q/E(pyroglutamate);motif_DP
NDM5_3905_2,20,-0.02,-0.57,0.341,0.629,0,0.284,1,motif_DP
NDM5_3908_2,20,-1.99,0.295,0.503,1.086,0,0.419,0,
NDM5_3931_2,18,-0.02,-0.583,0.313,0.243,0,0.261,1,motif_DP
NDM5_3934_2,18,0.98,-0.75,0.337,0.643,0,0.362,2,motif_DS;homopolymer_run>=4
NDM5_3937_2,18,-2.02,0.4,0.168,0.886,0,0.14,0,
NDM5_3960_2,36,-0.02,0.306,0.681,2.086,0,0.5,1,homopolymer_run>=4
NDM5_3963_2,36,-2.02,0.814,0.216,2.086,0,0.18,2,motif_DP;homopolymer_run>=4
NDM5_3966_2,36,-3.02,0.472,0.475,1.471,0,0.395,1,motif_DP
NDM5_3969_2,36,-1.02,1.267,0.496,2.143,0,0.413,1,homopolymer_run>=4
NDM5_3992_2,31,-1.02,0.739,0.625,2.371,0,0.5,1,homopolymer_run>=4
NDM5_3995_2,31,-0.02,0.681,0.425,1.486,0,0.355,1,homopolymer_run>=4
NDM5_3998_2,31,-1.02,1.484,0.183,2.143,0,0.153,1,homopolymer_run>=4
NDM5_4021_2,25,-1.03,0.732,0.303,1.657,0,0.253,0,
NDM5_4024_2,25,-3.02,1.164,0.244,2.471,0,0.203,1,motif_DG
NDM5_4027_2,25,-2.02,0.608,0.188,1.8,0,0.156,1,homopolymer_run>=4
NDM5_4050_2,19,-0.03,-0.189,0.508,0.829,0,0.423,0,
NDM5_4053_2,19,-1.02,0.153,0.299,0.957,0,0.249,0,
NDM5_4056_2,19,0.01,-0.816,0.388,0.143,0,0.325,1,motif_DG
NDM5_4059_2,19,-1.03,0.684,0.298,1.143,0,0.248,0,
NDM5_4082_2,25,-3.02,0.268,0.701,1.343,0,0.5,1,homopolymer_run>=4
NDM5_4085_2,25,-0.02,1.172,0.319,2.371,0,0.266,1,homopolymer_run>=4
NDM5_4088_2,25,-3.02,-0.148,0.426,0.886,0,0.355,0,
NDM5_4111_2,42,-2.02,1.017,0.326,2.143,0,0.272,1,homopolymer_run>=4
NDM5_4114_2,42,1.98,0.736,0.42,2.357,0,0.515,0,
NDM5_4117_2,42,-6.99,-0.888,0.583,0.8,0,0.486,1,motif_DG
NDM5_4140_2,29,-2.02,-0.293,0.503,0.886,0,0.419,2,motif_DP;homopolymer_run>=4
NDM5_4143_2,29,-2.02,-0.472,0.737,0.586,0,0.5,0,
NDM5_4146_2,29,-6.02,-1.286,0.656,1.329,0,0.5,0,
NDM5_4149_2,29,0.98,-0.369,0.54,1.386,0,0.531,0,
NDM5_4172_2,43,-7.02,-0.302,0.671,1.271,0,0.5,0,
NDM5_4175_2,43,-5.02,0.64,0.439,2.386,0,0.366,1,homopolymer_run>=4
NDM5_4178_2,43,-3.02,-0.493,0.654,1.2,0,0.5,0,
NDM5_4201_2,26,-0.02,-0.608,0.716,0.443,0,0.5,0,
NDM5_4204_2,26,-2.02,-0.085,0.708,0.729,0,0.5,1,motif_NG
NDM5_4207_2,26,0.97,-0.131,0.321,1.4,0,0.349,1,homopolymer_run>=4
NDM5_4230_2,21,-0.02,1.238,0.23,2.086,0,0.192,1,homopolymer_run>=4
NDM5_4233_2,21,-2.03,0.138,0.153,0.5,0,0.128,1,N-term_Met(ox)
NDM5_4236_2,21,-0.02,0.371,0.295,1.829,0,0.246,1,motif_DP
NDM5_4239_2,21,-1.98,0.281,0.489,0.957,0,0.407,0,
NDM5_4262_2,13,-3.02,-0.4,0.297,0.686,0,0.247,1,N-term_Q/E(pyroglutamate)
NDM5_4265_2,13,-1.03,0.308,0.136,0.357,0,0.113,1,motif_DG
NDM5_4268_2,13,0.98,-0.369,0.479,0.486,0,0.481,0,
NDM5_4291_2,32,-2.03,0.503,0.268,1.771,0,0.224,0,
NDM5_4294_2,32,0.97,-0.881,0.431,0.586,0,0.44,0,
NDM5_4297_2,32,-5.02,0.134,0.562,2.086,0,0.468,1,homopolymer_run>=4
NDM5_4320_2,28,-5.03,-0.618,0.606,0.429,0,0.5,1,N-term_Q/E(pyroglutamate)
NDM5_4323_2,28,-2.02,0.664,0.421,1.943,0,0.351,1,homopolymer_run>=4
NDM5_4326_2,28,0.97,-1.3,0.598,-0.229,0,0.579,0,
NDM5_4329_2,28,-3.02,-0.211,0.405,1.086,0,0.338,1,N-term_Met(ox)
NDM5_4352_2,40,-3.99,-0.33,0.598,1.586,0,0.499,1,N-term_Q/E(pyroglutamate)
NDM5_4355_2,40,-5.02,-0.08,0.596,0.914,0,0.497,1,N-term_Met(ox)
NDM5_4358_2,40,-2.02,-0.08,0.509,2.8,0,0.425,2,N-term_Q/E(pyroglutamate);motif_DG
NDM5_4381_2,21,-1.03,0.338,0.413,1.814,0,0.344,0,
NDM5_4384_2,21,-1.02,0.024,0.357,0.5,0,0.298,0,
NDM5_4387_2,21,-0.02,-0.01,0.777,0.771,0,0.5,1,N-term_Q/E(pyroglutamate)
NDM5_4410_2,22,-4.02,-0.068,0.279,2.114,0,0.233,0,
NDM5_4413_2,22,-1.02,-0.227,0.533,1.357,0,0.445,2,motif_DG;motif_DP
NDM5_4416_2,22,-4.02,0.023,0.288,1.714,0,0.24,1,homopolymer_run>=4
NDM5_4419_2,22,-0.03,0.291,0.51,1.914,0,0.425,1,N-term_Q/E(pyroglutamate)
NDM5_4442_2,12,-0.02,-0.525,0.371,-0.057,0,0.31,0,
NDM5_4445_2,12,-1.03,-0.717,0.213,-0.414,0,0.178,1,motif_DP
NDM5_4448_2,12,-1.99,0.083,0.214,1.0,0,0.178,1,motif_DP
NDM5_4471_2,41,-4.02,-0.627,0.865,0.843,0,0.5,0,
NDM5_4474_2,41,-3.02,1.295,0.182,2.086,0,0.151,2,motif_DP;homopolymer_run>=4
NDM5_4477_2,41,-2.02,0.012,0.497,1.414,0,0.414,0,
NDM5_4500_2,35,-0.02,1.06,0.377,2.086,0,0.314,1,homopolymer_run>=4
NDM5_4503_2,35,-4.02,-0.049,0.472,1.757,0,0.393,1,motif_DS
NDM5_4506_2,35,-4.02,-0.371,0.476,1.957,0,0.397,2,motif_NG;homopolymer_run>=4
NDM5_4509_2,35,-3.02,0.22,0.521,1.729,0,0.434,0,
NDM5_4532_2,42,-6.02,-0.195,0.555,1.686,0,0.462,1,motif_NG
NDM5_4535_2,42,-0.98,0.705,0.458,2.186,0,0.382,1,homopolymer_run>=4
NDM5_4538_2,42,-6.02,-0.56,0.561,1.843,0,0.467,1,motif_DG
NDM5_4561_2,30,-3.02,1.24,0.27,2.357,0,0.225,1,homopolymer_run>=4
NDM5_4564_2,30,-5.02,0.063,0.488,1.771,0,0.407,0,
NDM5_4567_2,30,-0.02,0.88,0.407,1.8,0,0.339,1,homopolymer_run>=4
NDM5_4590_2,41,-1.03,-0.234,0.601,2.657,0,0.5,0,
NDM5_4593_2,41,-0.02,0.985,0.394,2.186,0,0.329,2,motif_DP;homopolymer_run>=4
NDM5_4596_2,41,-2.02,0.461,0.678,2.086,0,0.5,1,homopolymer_run>=4
NDM5_4599_2,41,-4.02,0.039,0.591,1.914,0,0.492,1,motif_DP
NDM5_4622_2,35,-1.03,-0.7,0.677,0.286,0,0.5,0,
NDM5_4625_2,35,-3.02,0.211,0.409,1.614,0,0.341,0,
NDM5_4628_2,35,0.98,0.089,0.265,1.829,0,0.303,1,motif_DG
NDM5_4651_2,38,-6.02,-0.389,0.676,1.7,0,0.5,0,
NDM5_4654_2,38,-1.03,-0.358,0.573,1.1,0,0.478,0,
NDM5_4657_2,38,-6.02,-0.389,0.791,2.186,0,0.5,1,homopolymer_run>=4
NDM5_4680_2,15,0.98,-0.233,0.49,1.286,0,0.49,0,
NDM5_4683_2,15,-0.02,0.287,0.12,0.714,0,0.1,1,N-term_Met(ox)
NDM5_4686_2,15,0.98,0.247,0.331,1.371,0,0.357,0,
NDM5_4689_2,15,1.97,-1.68,0.379,-0.543,0,0.48,1,motif_DP
NDM5_4712_2,42,-2.02,0.912,0.467,2.114,0,0.39,1,homopolymer_run>=4
NDM5_4715_2,42,-2.02,-0.41,0.655,0.729,0,0.5,1,motif_DP
NDM5_4718_2,42,-1.03,1.01,0.296,1.829,0,0.247,1,homopolymer_run>=4
NDM5_4741_2,41,-2.02,0.683,0.511,1.8,0,0.426,1,homopolymer_run>=4
NDM5_4744_2,41,-0.03,1.007,0.408,2.429,0,0.34,1,homopolymer_run>=4
NDM5_4747_2,41,-5.02,0.032,0.43,2.757,0,0.358,1,motif_DG
NDM5_4770_2,26,-1.02,0.55,0.351,1.471,0,0.292,1,homopolymer_run>=4
NDM5_4773_2,26,-2.03,-0.912,0.613,0.986,0,0.5,1,N-term_Q/E(pyroglutamate)
NDM5_4776_2,26,-2.02,-0.658,0.627,0.857,0,0.5,0,
NDM5_4779_2,26,-0.02,-0.835,0.809,0.514,0,0.5,0,
NDM5_4802_2,40,-5.02,0.095,0.595,2.757,0,0.496,0,
NDM5_4805_2,40,2.01,-0.342,0.663,0.957,0,0.668,1,homopolymer_run>=4
NDM5_4808_2,40,-1.02,0.312,0.75,2.371,0,0.5,1,motif_DP
NDM5_4831_2,24,-2.02,-0.267,0.33,0.729,0,0.275,0,
NDM5_4834_2,24,-6.02,-0.708,0.347,0.586,0,0.29,2,N-term_Q/E(pyroglutamate);motif_DS
NDM5_4837_2,24,-0.03,-0.233,0.647,1.414,0,0.5,1,N-term_Q/E(pyroglutamate)
NDM5_4860_2,20,-1.03,-0.65,0.574,1.043,0,0.478,1,N-term_Q/E(pyroglutamate)
NDM5_4863_2,20,-3.02,0.605,0.21,2.086,0,0.175,1,homopolymer_run>=4
NDM5_4866_2,20,-1.03,-0.445,0.494,0.714,0,0.411,1,motif_DG
NDM5_4869_2,20,-1.99,0.245,0.321,1.6,0,0.267,0,
NDM5_4892_2,41,-1.02,0.373,0.46,2.229,0,0.383,0,
NDM5_4895_2,41,-3.02,0.088,0.563,1.657,0,0.469,0,
NDM5_4898_2,41,-2.02,0.422,0.565,2.086,0,0.471,2,motif_DG;homopolymer_run>=4
NDM5_4921_2,23,-1.02,-0.348,0.714,1.114,0,0.5,1,motif_DG
NDM5_4924_2,23,-4.02,-0.148,0.661,0.943,0,0.5,0,
NDM5_4927_2,23,-2.02,-0.348,0.509,1.329,0,0.424,1,motif_DG
NDM5_4950_2,34,-4.02,-0.638,0.608,0.586,0,0.5,2,N-term_Q/E(pyroglutamate);motif_DG
NDM5_4953_2,34,-1.02,0.503,0.391,1.8,0,0.326,1,homopolymer_run>=4
NDM5_4956_2,34,-2.03,-0.868,0.511,0.814,0,0.425,1,N-term_Q/E(pyroglutamate)
NDM5_4959_2,34,-4.02,0.306,0.48,2.657,0,0.4,1,motif_DP
NDM5_4982_2,27,-4.02,0.607,0.407,1.614,0,0.339,1,N-term_Q/E(pyroglutamate)
NDM5_4985_2,27,-5.98,-0.293,0.552,1.686,0,0.46,0,
NDM5_4988_2,27,-2.02,0.611,0.607,1.943,0,0.5,1,homopolymer_run>=4
config_NDM5_000_2,40,-3.03,0.6,0.638,2.4,0,0.5,1,homopolymer_run>=4
config_NDM5_001_2,40,-1.99,-0.352,0.724,1.186,0,0.5,0,
config_NDM5_002_2,40,-5.02,-0.34,0.513,1.529,0,0.428,0,
config_NDM5_004_2,40,-3.03,0.427,0.67,3.114,0,0.5,1,motif_DS
config_NDM5_006_2,40,-7.02,0.583,0.537,2.271,0,0.447,2,N-term_Met(ox);motif_DP
config_NDM5_007_2,40,-3.02,0.53,0.491,1.443,0,0.409,0,
config_NDM5_008_2,40,-0.02,-0.118,0.551,2.157,0,0.459,1,motif_DP
config_NDM5_020_2,32,2.01,-0.069,0.504,2.186,0,0.588,0,
config_NDM5_022_2,32,-1.02,-0.653,0.67,1.043,0,0.5,2,N-term_Met(ox);oxidation_prone(M/W)
config_NDM5_023_2,32,-3.02,0.691,0.463,2.143,0,0.385,2,motif_DP;homopolymer_run>=4
config_NDM5_024_2,32,-0.02,0.066,0.45,2.657,0,0.375,1,motif_DP
config_NDM5_026_2,32,-5.02,0.725,0.481,2.429,0,0.401,0,
config_NDM5_028_2,32,-0.02,-0.078,0.694,1.771,0,0.5,0,
config_NDM5_029_2,32,-5.02,-0.662,0.51,0.929,0,0.425,1,N-term_Q/E(pyroglutamate)
config_NDM5_040_2,24,-2.02,0.462,0.555,1.529,0,0.462,0,
config_NDM5_042_2,24,-1.02,0.242,0.534,3.1,0,0.445,0,
config_NDM5_044_2,24,0.97,0.787,0.602,2.414,0,0.581,0,
config_NDM5_045_2,24,-1.02,1.4,0.566,2.386,0,0.471,1,homopolymer_run>=4
config_NDM5_046_2,24,-4.02,0.804,0.51,1.8,0,0.425,1,homopolymer_run>=4
config_NDM5_048_2,24,-1.02,1.158,0.481,2.414,0,0.401,0,
config_NDM5_060_2,28,0.98,0.679,0.389,2.214,0,0.405,1,homopolymer_run>=4
config_NDM5_061_2,28,-7.02,0.454,0.753,1.543,0,0.5,1,N-term_Q/E(pyroglutamate)
config_NDM5_062_2,28,-3.02,0.557,0.347,2.071,0,0.289,0,
config_NDM5_064_2,28,-2.02,0.518,0.255,1.829,0,0.213,1,motif_DP
config_NDM5_066_2,28,-2.02,0.018,0.609,1.357,0,0.5,0,
config_NDM5_067_2,28,-3.02,0.932,0.523,1.771,0,0.436,0,
config_NDM5_068_2,28,-2.02,1.382,0.327,2.4,0,0.272,1,homopolymer_run>=4
config_NDM5_080_2,48,0.97,-0.177,0.593,1.829,0,0.575,0,
config_NDM5_082_2,48,-6.02,0.527,0.541,2.371,0,0.45,1,homopolymer_run>=4
config_NDM5_083_2,48,0.02,0.465,0.519,2.443,0,0.434,1,motif_DP
config_NDM5_084_2,48,2.01,0.654,0.54,2.471,0,0.617,1,homopolymer_run>=4
config_NDM5_086_2,48,-3.02,0.521,0.579,2.529,0,0.482,0,
config_NDM5_088_2,48,-5.03,0.025,0.553,2.5,0,0.461,0,
config_NDM5_089_2,48,-5.02,0.119,0.732,1.614,0,0.5,0,
config_NDM5_100_2,49,-2.02,0.033,0.816,2.0,0,0.5,0,
config_NDM5_102_2,49,-2.03,-0.037,0.669,2.443,0,0.5,1,N-term_Met(ox)
config_NDM5_104_2,49,-3.02,0.31,0.904,1.957,0,0.5,0,
config_NDM5_105_2,49,-7.02,0.427,0.676,1.586,0,0.5,1,motif_NG
config_NDM5_106_2,49,-2.02,0.861,0.518,2.8,0,0.432,2,N-term_Q/E(pyroglutamate);homopolymer_run>=4
config_NDM5_108_2,49,-4.02,0.837,0.425,2.529,0,0.354,1,motif_DS
config_NDM5_120_2,49,-3.02,0.724,0.67,2.429,0,0.5,1,homopolymer_run>=4
config_NDM5_121_2,49,-6.02,0.092,0.684,1.029,0,0.5,1,motif_DS
config_NDM5_122_2,49,-4.02,0.573,0.544,2.114,0,0.453,0,
config_NDM5_124_2,49,-4.02,-0.037,0.585,2.429,0,0.487,1,motif_DP
config_NDM5_126_2,49,-3.02,-0.1,0.742,1.543,0,0.5,1,motif_DP
config_NDM5_127_2,49,-3.02,-0.657,0.703,1.829,0,0.5,1,homopolymer_run>=4
config_NDM5_128_2,49,-1.02,0.82,0.493,1.857,0,0.411,1,homopolymer_run>=4
config_NDM5_140_2,35,-1.02,0.349,0.571,1.629,0,0.476,0,
config_NDM5_142_2,35,-1.03,0.263,0.457,1.329,0,0.38,0,
config_NDM5_143_2,35,-1.02,-0.56,0.771,2.3,0,0.5,0,
config_NDM5_144_2,35,-3.02,-0.631,0.533,1.7,0,0.444,0,
config_NDM5_146_2,35,-3.02,0.694,0.857,2.671,0,0.5,1,N-term_Met(ox)
config_NDM5_148_2,35,-4.03,0.789,0.513,2.657,0,0.428,1,N-term_Met(ox)
config_NDM5_149_2,35,-3.02,0.123,0.651,1.357,0,0.5,0,
config_NDM5_160_2,19,0.98,1.068,0.351,2.814,0,0.374,0,
config_NDM5_162_2,19,-2.02,0.747,0.402,2.329,0,0.335,0,
config_NDM5_164_2,19,-1.02,0.626,0.412,2.043,0,0.343,0,
config_NDM5_165_2,19,1.05,-0.411,0.336,1.757,0,0.367,1,motif_DP
config_NDM5_166_2,19,-2.03,-0.326,0.369,1.371,0,0.308,1,motif_DP
config_NDM5_168_2,19,-2.02,0.684,0.354,1.757,0,0.295,0,
config_NDM5_180_2,28,-1.02,0.818,0.665,1.971,0,0.5,0,
config_NDM5_181_2,28,0.98,0.457,0.578,1.486,0,0.563,0,
config_NDM5_182_2,28,-2.02,0.879,0.569,2.0,0,0.474,1,motif_NG
config_NDM5_184_2,28,-4.02,0.754,0.651,1.614,0,0.5,0,
config_NDM5_186_2,28,-4.02,0.186,0.589,2.157,0,0.491,0,
config_NDM5_187_2,28,-3.02,-0.543,0.571,1.057,0,0.476,1,N-term_Met(ox)
config_NDM5_188_2,28,-1.02,0.532,0.538,2.071,0,0.449,1,homopolymer_run>=4
config_NDM5_200_2,45,-5.02,0.091,0.461,1.457,0,0.385,1,motif_DP
config_NDM5_202_2,45,-0.98,0.827,0.505,2.029,0,0.421,0,
config_NDM5_203_2,45,-6.98,-0.202,0.624,1.257,0,0.5,0,
config_NDM5_204_2,45,-5.02,0.387,0.783,2.657,0,0.5,2,motif_DP;motif_NS
config_NDM5_206_2,45,-3.03,0.1,0.665,2.129,0,0.5,0,
config_NDM5_208_2,45,-0.02,0.698,0.603,2.243,0,0.5,1,homopolymer_run>=4
config_NDM5_209_2,45,-0.02,0.436,0.482,2.571,0,0.401,1,homopolymer_run>=4
config_NDM5_220_2,16,-0.02,0.875,0.529,2.057,0,0.441,0,
config_NDM5_222_2,16,-1.03,-0.125,0.413,0.986,0,0.344,0,
config_NDM5_224_2,16,-0.02,0.444,0.494,1.457,0,0.411,1,motif_DG
config_NDM5_225_2,16,-1.02,-0.144,0.249,1.057,0,0.207,1,N-term_Q/E(pyroglutamate)
config_NDM5_226_2,16,-2.03,0.762,0.349,1.9,0,0.291,0,
config_NDM5_228_2,16,-2.02,1.3,0.323,2.0,0,0.269,0,
config_NDM5_240_2,41,-0.02,-0.39,0.639,1.814,0,0.5,0,
config_NDM5_241_2,41,-3.02,0.732,0.565,2.457,0,0.471,1,homopolymer_run>=4
config_NDM5_242_2,41,1.97,0.107,0.78,2.2,0,0.664,0,
config_NDM5_244_2,41,-4.02,-0.102,0.577,1.529,0,0.481,0,
config_NDM5_246_2,41,-1.03,0.763,0.471,3.1,0,0.392,0,
config_NDM5_247_2,41,-7.02,-0.346,0.67,1.157,0,0.5,0,
config_NDM5_248_2,41,-0.02,-0.183,0.723,1.4,0,0.5,1,N-term_Met(ox)
config_NDM5_260_2,24,-5.02,0.683,0.535,1.471,0,0.446,1,homopolymer_run>=4
config_NDM5_262_2,24,-1.02,0.279,0.334,2.471,0,0.278,1,homopolymer_run>=4
config_NDM5_263_2,24,-1.02,0.212,0.359,1.971,0,0.299,0,
config_NDM5_264_2,24,-2.02,0.15,0.733,1.671,0,0.5,0,
config_NDM5_266_2,24,-2.02,-0.529,0.424,0.9,0,0.353,0,
config_NDM5_268_2,24,-2.02,0.525,0.356,1.686,0,0.297,0,
config_NDM5_269_2,24,-0.02,0.017,0.521,1.857,0,0.434,0,
config_NDM5_280_2,34,-0.03,0.026,0.449,1.714,0,0.374,0,
config_NDM5_282_2,34,-2.03,-0.312,0.647,0.514,0,0.5,1,N-term_Met(ox)
config_NDM5_284_2,34,-3.03,0.274,0.474,2.571,0,0.395,1,motif_NG
config_NDM5_285_2,34,-3.03,0.359,0.602,2.386,0,0.5,1,N-term_Met(ox)
config_NDM5_286_2,34,-6.02,0.4,0.533,1.214,0,0.444,1,N-term_Met(ox)
config_NDM5_288_2,34,-1.02,-0.132,0.45,1.771,0,0.375,1,homopolymer_run>=4
config_NDM5_300_2,15,-0.03,0.013,0.352,0.929,0,0.293,0,
config_NDM5_301_2,15,-2.02,-0.047,0.268,1.671,0,0.223,1,motif_DP
config_NDM5_302_2,15,-2.02,0.073,0.276,1.157,0,0.23,2,N-term_Met(ox);motif_DP
config_NDM5_304_2,15,-2.02,0.7,0.41,1.443,0,0.342,1,motif_DP
config_NDM5_306_2,15,1.97,-0.493,0.299,0.671,0,0.414,1,N-term_Met(ox)
config_NDM5_307_2,15,-1.02,0.06,0.206,1.357,0,0.172,1,motif_DP
config_NDM5_308_2,15,0.98,-0.407,0.523,1.457,0,0.517,0,
config_NDM5_320_2,43,-3.03,0.265,0.725,2.1,0,0.5,0,
config_NDM5_322_2,43,-2.03,-0.456,0.467,1.286,0,0.389,1,N-term_Met(ox)
config_NDM5_323_2,43,0.98,-0.319,0.707,2.4,0,0.581,1,motif_DP
config_NDM5_324_2,43,-1.03,0.547,0.266,2.757,0,0.222,0,
config_NDM5_326_2,43,-7.02,0.465,0.385,2.843,0,0.321,1,homopolymer_run>=4
config_NDM5_328_2,43,-2.02,0.93,0.472,2.486,0,0.393,1,homopolymer_run>=4
config_NDM5_329_2,43,-1.02,0.491,0.592,2.814,0,0.493,0,
config_NDM5_340_2,49,-4.02,0.112,0.734,1.943,0,0.5,0,
config_NDM5_342_2,49,0.98,0.214,0.707,1.4,0,0.581,1,homopolymer_run>=4
config_NDM5_344_2,49,-3.02,0.424,0.741,2.371,0,0.5,0,
config_NDM5_345_2,49,-3.02,-0.245,0.701,1.6,0,0.5,1,homopolymer_run>=4
config_NDM5_346_2,49,-5.02,0.029,0.452,1.586,0,0.377,0,
config_NDM5_348_2,49,-3.02,0.047,0.726,1.357,0,0.5,0,
config_NDM5_360_2,36,1.97,0.508,0.425,2.043,0,0.518,0,
config_NDM5_361_2,36,-0.99,0.917,0.445,2.171,0,0.371,3,N-term_Met(ox);homopolymer_run>=4;oxidation_prone(M/W)
config_NDM5_362_2,36,-1.02,0.403,0.716,1.986,0,0.5,2,N-term_Met(ox);motif_DG
config_NDM5_364_2,36,-2.02,0.458,0.552,1.929,0,0.46,0,
config_NDM5_366_2,36,-2.03,0.297,0.492,1.643,0,0.41,1,N-term_Met(ox)
config_NDM5_367_2,36,-1.98,0.35,0.314,2.114,0,0.262,0,
config_NDM5_368_2,36,-1.02,0.55,0.387,2.271,0,0.322,0,
config_NDM5_380_2,22,-0.02,0.373,0.579,1.771,0,0.483,0,
config_NDM5_382_2,22,-1.03,0.045,0.331,1.8,0,0.276,1,motif_DP
config_NDM5_383_2,22,-1.02,1.077,0.473,1.914,0,0.394,0,
config_NDM5_384_2,22,-3.02,0.668,0.55,2.371,0,0.459,1,N-term_Met(ox)
config_NDM5_386_2,22,-2.98,-0.682,0.58,0.571,0,0.483,2,N-term_Met(ox);motif_NG
config_NDM5_388_2,22,-1.02,-0.655,0.687,-0.1,0,0.5,0,
config_NDM5_389_2,22,1.98,-0.173,0.73,1.686,0,0.665,0,
config_NDM5_400_2,29,0.97,1.048,0.512,2.429,0,0.508,0,
config_NDM5_402_2,29,-4.02,0.948,0.245,2.357,0,0.204,0,
config_NDM5_404_2,29,-0.02,0.472,0.479,2.429,0,0.399,1,homopolymer_run>=4
config_NDM5_405_2,29,1.98,0.003,0.639,2.814,0,0.665,0,
config_NDM5_406_2,29,-2.02,-0.61,0.589,2.0,0,0.491,0,
config_NDM5_408_2,29,-1.02,0.255,0.73,1.314,0,0.5,0,
config_NDM5_420_2,11,-0.02,0.727,0.14,1.414,0,0.117,0,
config_NDM5_421_2,11,-1.02,0.527,0.172,0.871,0,0.143,1,N-term_Met(ox)
config_NDM5_422_2,11,-3.02,-0.373,0.366,0.371,0,0.305,1,N-term_Met(ox)
config_NDM5_424_2,11,-2.03,0.027,0.063,0.414,0,0.053,0,
config_NDM5_426_2,11,-2.02,-0.427,0.288,0.171,0,0.24,0,
config_NDM5_427_2,11,-1.02,1.2,0.257,1.457,0,0.215,0,
config_NDM5_428_2,11,-0.99,-0.255,0.24,-0.043,0,0.2,0,
config_NDM5_440_2,31,-4.02,1.077,0.381,2.029,0,0.317,0,
config_NDM5_442_2,31,-2.02,-0.49,0.635,0.514,0,0.5,1,N-term_Met(ox)
config_NDM5_443_2,31,-1.02,1.042,0.428,3.0,0,0.357,0,
config_NDM5_444_2,31,-0.02,0.187,0.682,2.471,0,0.5,0,
config_NDM5_446_2,31,-3.02,-0.126,0.551,2.286,0,0.459,0,
config_NDM5_448_2,31,-1.02,0.668,0.513,2.057,0,0.427,2,motif_DP;homopolymer_run>=4
config_NDM5_449_2,31,-0.02,-0.039,0.669,1.8,0,0.5,0,
config_NDM5_460_2,45,-7.02,0.933,0.578,2.771,0,0.482,0,
config_NDM5_462_2,45,-4.03,0.778,0.488,1.829,0,0.407,1,homopolymer_run>=4
config_NDM5_464_2,45,-5.02,0.762,0.504,1.771,0,0.42,0,
config_NDM5_465_2,45,-8.02,-0.422,0.521,1.629,0,0.434,0,
config_NDM5_466_2,45,-7.02,0.407,0.378,2.843,0,0.315,0,
config_NDM5_468_2,45,-2.99,-0.567,0.686,1.271,0,0.5,0,
config_NDM5_480_2,28,-2.02,0.55,0.566,1.614,0,0.472,2,N-term_Met(ox);motif_DG
config_NDM5_481_2,28,-2.02,0.396,0.427,2.086,0,0.356,1,homopolymer_run>=4
config_NDM5_482_2,28,-2.02,0.418,0.705,2.3,0,0.5,0,
config_NDM5_484_2,28,-1.02,0.918,0.367,2.571,0,0.306,0,
config_NDM5_486_2,28,-2.02,0.45,0.444,2.386,0,0.37,1,N-term_Met(ox)
config_NDM5_487_2,28,-7.02,-0.807,0.502,0.2,0,0.419,1,N-term_Met(ox)
config_NDM5_488_2,28,0.97,0.461,0.611,2.386,0,0.581,2,homopolymer_run>=4;oxidation_prone(M/W)
config_NDM5_500_2,43,-1.02,0.658,0.527,2.371,0,0.439,2,motif_DG;homopolymer_run>=4
config_NDM5_502_2,43,-0.03,0.595,0.595,1.829,0,0.496,1,homopolymer_run>=4
config_NDM5_503_2,43,-4.02,0.328,0.478,1.171,0,0.399,2,N-term_Met(ox);motif_DG
config_NDM5_504_2,43,-4.02,0.272,0.597,2.0,0,0.497,1,motif_NG
config_NDM5_506_2,43,-6.02,0.074,0.62,2.0,0,0.5,1,homopolymer_run>=4
config_NDM5_508_2,43,-1.99,0.244,0.637,2.343,0,0.5,0,
config_NDM5_509_2,43,-3.02,-0.081,0.536,1.586,0,0.446,1,motif_NG
config_NDM5_520_2,48,-2.02,0.302,0.652,2.2,0,0.5,1,N-term_Met(ox)
config_NDM5_522_2,48,-1.02,0.019,0.728,1.671,0,0.5,1,N-term_Met(ox)
config_NDM5_524_2,48,-0.03,0.404,0.732,2.329,0,0.5,1,homopolymer_run>=4
config_NDM5_525_2,48,-4.02,1.148,0.401,2.757,0,0.334,1,homopolymer_run>=4
config_NDM5_526_2,48,-9.02,0.225,0.62,1.343,0,0.5,1,homopolymer_run>=4
config_NDM5_528_2,48,-4.02,-0.373,0.589,1.3,0,0.49,3,N-term_Met(ox);motif_NS;oxidation_prone(M/W)
config_NDM5_540_2,48,-1.02,-0.246,0.507,3.057,0,0.422,1,homopolymer_run>=4
config_NDM5_541_2,48,1.98,0.477,0.752,2.271,0,0.665,0,
config_NDM5_542_2,48,-0.02,0.592,0.706,2.371,0,0.5,1,homopolymer_run>=4
config_NDM5_544_2,48,-10.02,0.329,0.652,3.0,0,0.5,0,
config_NDM5_546_2,48,-3.02,-0.235,0.602,1.457,0,0.5,2,N-term_Met(ox);homopolymer_run>=4
config_NDM5_547_2,48,-6.02,1.102,0.443,2.429,0,0.37,1,homopolymer_run>=4
config_NDM5_548_2,48,-1.99,-0.181,0.635,2.443,0,0.5,0,
config_NDM5_560_2,32,-4.02,1.012,0.285,3.243,0,0.237,0,
config_NDM5_562_2,32,-2.02,0.719,0.289,2.057,0,0.241,1,homopolymer_run>=4
config_NDM5_563_2,32,-0.03,0.447,0.277,1.814,0,0.231,1,motif_DP
config_NDM5_564_2,32,1.98,0.416,0.746,2.471,0,0.665,0,
config_NDM5_566_2,32,1.98,0.072,0.79,2.943,0,0.665,0,
config_NDM5_568_2,32,-3.02,-0.066,0.568,1.143,0,0.473,0,
config_NDM5_569_2,32,-4.02,0.534,0.512,1.629,0,0.426,0,
config_NDM5_580_2,28,-0.02,0.307,0.735,1.757,0,0.5,0,
config_NDM5_582_2,28,1.98,0.404,0.438,1.729,0,0.53,1,homopolymer_run>=4
config_NDM5_584_2,28,0.98,0.0,0.678,1.771,0,0.581,0,
config_NDM5_585_2,28,-0.03,0.504,0.402,1.614,0,0.335,0,
config_NDM5_586_2,28,-2.03,0.354,0.388,2.0,0,0.324,0,
config_NDM5_588_2,28,-3.02,0.207,0.588,1.2,0,0.49,1,motif_DP
config_NDM5_600_2,18,-3.02,0.078,0.372,1.2,0,0.31,0,
config_NDM5_601_2,18,-0.03,-0.161,0.512,1.1,0,0.426,0,
config_NDM5_602_2,18,-1.02,0.883,0.449,2.714,0,0.375,0,
config_NDM5_604_2,18,-2.02,-0.611,0.527,0.829,0,0.439,1,motif_DP
config_NDM5_606_2,18,-1.03,0.406,0.533,1.2,0,0.444,0,
config_NDM5_607_2,18,-4.02,-0.894,0.597,1.857,0,0.498,0,
config_NDM5_608_2,18,-2.02,0.317,0.292,1.014,0,0.243,0,
config_NDM5_620_2,27,-1.02,1.104,0.554,2.786,0,0.462,0,
config_NDM5_622_2,27,-1.02,-0.207,0.616,0.957,0,0.5,0,
config_NDM5_623_2,27,1.97,0.53,0.363,2.086,0,0.467,1,homopolymer_run>=4
config_NDM5_624_2,27,-3.02,0.193,0.383,1.314,0,0.319,0,
config_NDM5_626_2,27,-1.02,0.633,0.398,2.014,0,0.332,0,
config_NDM5_628_2,27,-3.03,-0.026,0.618,1.329,0,0.5,0,
config_NDM5_629_2,27,-4.02,0.111,0.729,1.471,0,0.5,1,homopolymer_run>=4
config_NDM5_640_2,34,-1.03,-0.135,0.541,2.086,0,0.451,1,homopolymer_run>=4
config_NDM5_642_2,34,-1.02,1.3,0.724,3.443,0,0.5,1,homopolymer_run>=4
config_NDM5_644_2,34,-1.02,1.253,0.429,2.714,0,0.358,0,
config_NDM5_645_2,34,-3.02,0.221,0.399,1.671,0,0.333,1,N-term_Q/E(pyroglutamate)
config_NDM5_646_2,34,-2.02,0.774,0.704,2.314,0,0.5,2,N-term_Met(ox);motif_DG
config_NDM5_648_2,34,-0.02,-0.006,0.824,1.443,0,0.5,0,
config_NDM5_660_2,48,-5.02,0.312,0.58,2.3,0,0.483,0,
config_NDM5_661_2,48,-0.98,-0.025,0.573,1.614,0,0.478,0,
config_NDM5_662_2,48,-2.02,-0.167,0.805,2.429,0,0.5,2,N-term_Q/E(pyroglutamate);motif_DP
config_NDM5_664_2,48,0.01,0.129,0.727,2.571,0,0.501,0,
config_NDM5_666_2,48,3.98,-0.06,0.425,2.186,0,0.686,0,
config_NDM5_667_2,48,0.97,-0.029,0.65,2.029,0,0.581,2,motif_DP;oxidation_prone(M/W)
config_NDM5_668_2,48,-1.02,0.717,0.729,1.857,0,0.5,0,
config_NDM5_680_2,49,-3.03,0.42,0.514,1.957,0,0.429,1,motif_DP
config_NDM5_682_2,49,-4.02,0.496,0.568,2.471,0,0.473,0,
config_NDM5_683_2,49,-6.02,0.482,0.554,3.0,0,0.461,1,N-term_Met(ox)
config_NDM5_684_2,49,-5.02,0.482,0.522,2.429,0,0.435,1,homopolymer_run>=4
config_NDM5_686_2,49,-2.02,0.118,0.683,2.429,0,0.5,1,homopolymer_run>=4
config_NDM5_688_2,49,-5.95,0.439,0.565,1.629,0,0.471,0,
config_NDM5_689_2,49,-1.02,0.739,0.504,2.429,0,0.42,1,homopolymer_run>=4
config_NDM5_700_2,35,-4.02,0.103,0.474,1.757,0,0.395,1,N-term_Q/E(pyroglutamate)
config_NDM5_702_2,35,-2.02,0.283,0.389,1.686,0,0.324,1,motif_NG
config_NDM5_704_2,35,0.98,0.734,0.535,2.443,0,0.527,0,
config_NDM5_705_2,35,0.98,-0.306,0.602,1.343,0,0.581,1,motif_NS
config_NDM5_706_2,35,-1.02,0.066,0.52,2.629,0,0.433,0,
config_NDM5_708_2,35,-5.02,0.854,0.613,2.771,0,0.5,0,
config_NDM5_720_2,32,-4.02,-0.441,0.946,1.171,0,0.5,0,
config_NDM5_721_2,32,1.98,0.438,0.505,2.171,0,0.586,1,homopolymer_run>=4
config_NDM5_722_2,32,-2.03,0.525,0.351,2.386,0,0.292,1,homopolymer_run>=4
config_NDM5_724_2,32,-5.02,-0.15,0.546,2.643,0,0.455,1,motif_NG
config_NDM5_726_2,32,-4.02,0.516,0.71,1.714,0,0.5,1,homopolymer_run>=4
config_NDM5_727_2,32,-2.02,0.528,0.659,2.3,0,0.5,0,
config_NDM5_728_2,32,-1.03,0.584,0.449,1.786,0,0.374,0,
config_NDM5_740_2,17,-1.02,0.806,0.362,1.786,0,0.302,0,
config_NDM5_742_2,17,-2.02,-0.471,0.894,1.243,0,0.5,0,
config_NDM5_743_2,17,-0.03,0.553,0.711,1.686,0,0.5,0,
config_NDM5_744_2,17,-2.03,0.582,0.287,2.129,0,0.24,0,
config_NDM5_746_2,17,1.01,0.718,0.606,1.686,0,0.585,0,
config_NDM5_748_2,17,-2.02,0.035,0.41,1.543,0,0.342,0,
config_NDM5_749_2,17,-1.02,0.747,0.147,1.5,0,0.122,1,N-term_Met(ox)
config_NDM5_760_2,40,3.97,-0.265,0.602,1.743,0,0.831,0,
config_NDM5_762_2,40,0.98,0.327,1.007,2.171,0,0.581,2,motif_DP;homopolymer_run>=4
config_NDM5_764_2,40,-1.03,0.505,0.748,1.614,0,0.5,1,motif_DP
config_NDM5_765_2,40,2.98,0.022,0.717,1.571,0,0.748,0,
config_NDM5_766_2,40,0.97,0.19,0.848,3.1,0,0.581,0,
config_NDM5_768_2,40,-3.02,-0.182,0.605,1.686,0,0.5,0,
config_NDM5_780_2,47,-3.99,0.085,0.666,2.029,0,0.5,1,N-term_Met(ox)
config_NDM5_781_2,47,-2.02,0.377,0.521,1.8,0,0.434,1,homopolymer_run>=4
config_NDM5_782_2,47,-4.02,0.334,0.586,2.657,0,0.488,1,motif_DS
config_NDM5_784_2,47,-5.02,0.491,0.959,2.429,0,0.5,1,motif_DP
config_NDM5_786_2,47,-5.02,0.583,0.522,2.4,0,0.435,3,N-term_Q/E(pyroglutamate);motif_DP;homopolymer_run>=4
config_NDM5_787_2,47,-3.02,1.094,0.455,2.714,0,0.379,1,homopolymer_run>=4
config_NDM5_788_2,47,-0.02,0.243,0.609,1.757,0,0.5,0,
config_NDM5_800_2,11,-1.02,-0.091,0.107,0.243,0,0.089,0,
config_NDM5_802_2,11,-3.02,-0.673,0.184,0.286,0,0.153,1,motif_DP
config_NDM5_803_2,11,-2.02,-0.609,0.11,0.329,0,0.092,1,N-term_Met(ox)
config_NDM5_804_2,11,0.97,0.082,0.047,-0.214,0,0.12,0,
config_NDM5_806_2,11,-0.99,-0.555,0.581,0.171,0,0.484,0,
config_NDM5_808_2,11,-1.02,0.509,0.152,1.0,0,0.127,2,N-term_Met(ox);motif_NG
config_NDM5_809_2,11,-3.02,0.218,0.33,0.557,0,0.275,0,
config_NDM5_820_2,11,-1.02,0.736,0.206,0.686,0,0.172,0,
config_NDM5_822_2,11,-1.02,-0.009,0.471,0.471,0,0.392,0,
config_NDM5_824_2,11,-1.02,-0.064,0.187,0.629,0,0.156,0,
config_NDM5_825_2,11,-2.02,-0.673,0.098,0.229,0,0.082,0,
config_NDM5_826_2,11,0.01,-0.291,0.215,0.1,0,0.18,0,
config_NDM5_828_2,11,0.98,-1.173,0.539,-0.271,0,0.53,1,motif_DP
config_NDM5_840_2,35,-5.02,0.58,0.613,2.514,0,0.5,1,N-term_Met(ox)
config_NDM5_841_2,35,-0.02,0.631,0.508,3.157,0,0.423,0,
config_NDM5_842_2,35,-3.02,0.294,0.634,1.386,0,0.5,2,N-term_Met(ox);homopolymer_run>=4
config_NDM5_844_2,35,-4.02,0.3,0.482,1.957,0,0.402,0,
config_NDM5_846_2,35,-5.02,0.363,0.527,1.814,0,0.439,0,
config_NDM5_847_2,35,-2.03,0.177,0.586,1.4,0,0.488,0,
config_NDM5_848_2,35,2.98,-0.054,0.625,1.743,0,0.748,1,motif_DG
config_NDM5_860_2,37,-0.98,0.178,0.481,1.971,0,0.401,0,
config_NDM5_862_2,37,-3.02,-0.208,0.782,1.529,0,0.5,1,motif_DG
config_NDM5_863_2,37,2.98,0.395,0.743,1.971,0,0.748,0,
config_NDM5_864_2,37,-3.98,0.927,0.32,2.857,0,0.267,3,N-term_Met(ox);motif_NG;homopolymer_run>=4
config_NDM5_866_2,37,0.98,0.503,0.648,1.814,0,0.581,0,
config_NDM5_868_2,37,-4.02,0.114,0.404,2.086,0,0.337,2,N-term_Met(ox);homopolymer_run>=4
config_NDM5_869_2,37,1.98,-0.268,0.676,2.571,0,0.665,1,homopolymer_run>=4
config_NDM5_880_2,23,-3.02,0.9,0.626,2.2,0,0.5,0,
config_NDM5_882_2,23,-3.02,0.87,0.325,1.471,0,0.271,1,homopolymer_run>=4
config_NDM5_884_2,23,-1.99,0.37,0.537,2.0,0,0.447,0,
config_NDM5_885_2,23,-4.02,0.957,0.337,3.1,0,0.281,0,
config_NDM5_886_2,23,-4.02,-0.07,0.471,1.129,0,0.393,0,
config_NDM5_888_2,23,-2.02,0.396,0.552,1.429,0,0.46,0,
config_NDM5_900_2,46,-2.02,0.541,0.634,2.5,0,0.5,0,
config_NDM5_901_2,46,-0.99,-0.039,0.812,2.471,0,0.5,1,motif_DP
config_NDM5_902_2,46,-4.02,-0.022,0.866,2.186,0,0.5,0,
config_NDM5_904_2,46,-1.03,0.965,0.566,2.086,0,0.471,1,homopolymer_run>=4
config_NDM5_906_2,46,-3.02,0.704,0.462,2.386,0,0.385,0,
config_NDM5_907_2,46,-4.02,-0.13,0.77,1.714,0,0.5,1,homopolymer_run>=4
config_NDM5_908_2,46,-1.03,0.43,0.536,2.657,0,0.446,0,
config_NDM5_920_2,18,-2.02,-0.2,0.826,2.1,0,0.5,0,
config_NDM5_922_2,18,-2.02,-0.639,0.373,0.1,0,0.311,0,
config_NDM5_923_2,18,-0.02,-0.278,0.636,1.086,0,0.5,0,
config_NDM5_924_2,18,-2.02,0.617,0.277,2.143,0,0.231,0,
config_NDM5_926_2,18,-4.02,-0.517,0.412,1.743,0,0.343,1,N-term_Met(ox)
config_NDM5_928_2,18,-1.02,0.4,0.504,2.114,0,0.42,0,
config_NDM5_929_2,18,-0.02,-0.433,0.434,0.729,0,0.362,0,
config_NDM5_940_2,50,0.97,-0.762,0.745,2.157,0,0.581,1,motif_DP
config_NDM5_942_2,50,-4.02,0.212,0.901,2.429,0,0.5,1,homopolymer_run>=4
config_NDM5_944_2,50,-2.99,0.168,0.669,2.757,0,0.5,1,homopolymer_run>=4
config_NDM5_945_2,50,-2.02,0.756,0.567,2.429,0,0.473,1,homopolymer_run>=4
config_NDM5_946_2,50,-6.02,-0.18,0.76,1.586,0,0.5,1,N-term_Met(ox)
config_NDM5_948_2,50,-1.03,0.242,0.7,3.043,0,0.5,1,motif_DP
config_NDM5_960_2,45,-4.02,-0.182,0.815,1.871,0,0.5,1,N-term_Met(ox)
config_NDM5_961_2,45,-9.02,-0.196,0.514,2.143,0,0.429,2,N-term_Met(ox);homopolymer_run>=4
config_NDM5_962_2,45,-5.02,0.689,0.676,2.657,0,0.5,1,homopolymer_run>=4
config_NDM5_964_2,45,-2.03,0.318,0.562,1.143,0,0.468,0,
config_NDM5_966_2,45,-6.02,-0.078,0.623,1.2,0,0.5,0,
config_NDM5_967_2,45,-1.02,0.282,0.591,2.5,0,0.492,0,
config_NDM5_968_2,45,-5.02,0.002,0.383,2.543,0,0.319,0,
config_NDM5_980_2,33,-1.03,0.164,0.637,1.686,0,0.5,0,
config_NDM5_982_2,33,-1.02,1.236,0.514,2.343,0,0.428,1,motif_DP
config_NDM5_983_2,33,-1.02,0.718,0.591,1.814,0,0.493,0,
config_NDM5_984_2,33,-2.02,0.061,0.652,2.8,0,0.5,0,
config_NDM5_986_2,33,-2.02,-0.079,0.628,1.043,0,0.5,1,motif_DG
config_NDM5_988_2,33,1.98,0.906,0.368,2.729,0,0.471,1,homopolymer_run>=4
config_NDM5_989_2,33,-2.03,0.912,0.468,2.086,0,0.39,1,homopolymer_run>=4
NDM5_000_0,39,-1.03,-0.518,0.379,0.529,0,0.316,1,motif_DG
NDM5_000_1,39,-0.03,-0.779,0.447,0.229,0,0.373,1,motif_DG
NDM5_001_0,39,-1.03,-0.803,0.675,0.971,0,0.5,3,N-term_Q/E(pyroglutamate);motif_NG;motif_DG
NDM5_001_1,39,-0.03,-1.231,0.613,0.971,0,0.5,3,N-term_Q/E(pyroglutamate);motif_NG;motif_DG
NDM5_002_0,39,-0.02,-0.162,0.547,2.157,0,0.456,2,motif_NG;motif_DG
NDM5_002_1,39,-3.02,-0.256,0.584,2.143,0,0.486,2,N-term_Q/E(pyroglutamate);motif_NG
NDM5_003_0,39,-5.02,0.003,0.885,2.529,0,0.5,2,motif_DG;motif_DS
NDM5_003_1,39,-0.02,-0.485,0.727,2.529,0,0.5,2,motif_NG;motif_DS
NDM5_004_0,39,-6.02,-0.246,0.503,1.0,0,0.419,2,N-term_Q/E(pyroglutamate);motif_DP
NDM5_004_1,39,-5.02,-0.39,0.528,0.857,0,0.44,2,N-term_Q/E(pyroglutamate);motif_DP
NDM5_005_0,39,-2.03,-0.492,0.582,0.714,0,0.485,1,motif_DG
NDM5_005_1,39,-2.03,-0.295,0.592,1.671,0,0.493,0,
NDM5_006_0,39,-6.03,-1.362,0.687,0.7,0,0.5,2,N-term_Q/E(pyroglutamate);motif_DG
NDM5_006_1,39,-3.03,-1.228,0.627,0.657,0,0.5,2,N-term_Q/E(pyroglutamate);motif_DG
NDM5_007_0,39,-1.03,0.192,0.463,1.786,0,0.386,0,
NDM5_007_1,39,-1.02,-0.031,0.469,1.886,0,0.391,0,
NDM5_008_0,39,-5.02,0.051,0.349,1.643,0,0.291,2,motif_NG;motif_DS
NDM5_008_1,39,-3.02,0.459,0.463,1.9,0,0.386,3,motif_NG;motif_DG;motif_DS
NDM5_009_0,39,-3.02,-0.326,0.349,1.486,0,0.291,0,
NDM5_009_1,39,-3.02,-0.069,0.336,2.586,0,0.28,1,motif_DG
NDM5_010_0,43,-4.02,-0.335,0.38,1.143,0,0.316,2,N-term_Q/E(pyroglutamate);homopolymer_run>=4
NDM5_010_1,43,-6.98,-0.235,0.498,2.057,0,0.415,2,N-term_Q/E(pyroglutamate);homopolymer_run>=4
NDM5_011_0,43,-7.02,-0.609,0.66,1.171,0,0.5,1,motif_DG
NDM5_011_1,43,-5.02,-0.095,0.624,1.171,0,0.5,1,motif_DG
NDM5_012_0,43,-3.03,0.1,0.666,2.686,0,0.5,1,motif_DP
NDM5_012_1,43,-4.02,0.202,0.697,2.129,0,0.5,1,motif_DP
NDM5_013_0,43,-2.02,-0.637,0.573,1.586,0,0.477,2,motif_DG;motif_DP
NDM5_013_1,43,0.01,-0.514,0.448,1.171,0,0.375,4,N-term_Met(ox);motif_DG;motif_DP;oxidation_prone(M/W)
NDM5_014_0,43,0.97,-0.095,0.567,2.486,0,0.554,0,
NDM5_014_1,43,-1.03,0.042,0.603,2.486,0,0.5,0,
NDM5_015_0,43,-3.03,0.021,0.379,1.271,0,0.315,1,motif_DG
NDM5_015_1,43,-4.03,-0.586,0.639,0.614,0,0.5,1,motif_DG
NDM5_016_0,43,-2.99,-0.33,0.324,1.071,0,0.27,0,
NDM5_016_1,43,0.01,-0.588,0.385,1.086,0,0.322,0,
NDM5_017_0,43,-5.95,-0.574,0.464,0.5,0,0.386,1,motif_DP
NDM5_017_1,43,-5.99,-0.642,0.464,0.171,0,0.386,1,motif_DP
NDM5_018_0,43,-3.03,0.084,0.433,1.029,0,0.361,1,N-term_Met(ox)
NDM5_018_1,43,-1.03,0.272,0.469,1.686,0,0.391,0,
NDM5_019_0,43,-0.02,0.316,0.568,1.471,0,0.473,3,motif_DG;motif_DP;homopolymer_run>=4
NDM5_019_1,43,-2.02,0.605,0.414,1.486,0,0.345,2,motif_DG;homopolymer_run>=4
NDM5_020_0,19,-2.03,-0.579,0.251,0.829,0,0.209,1,motif_NS
NDM5_020_1,19,-2.02,-0.163,0.171,0.671,0,0.142,0,
NDM5_021_0,19,0.97,-1.384,0.328,0.457,0,0.355,0,
NDM5_021_1,19,0.97,-1.384,0.328,0.457,0,0.355,0,
NDM5_022_0,19,-1.03,0.074,0.352,0.314,0,0.293,0,
NDM5_022_1,19,-1.03,-0.432,0.356,0.429,0,0.297,0,
NDM5_023_0,19,-0.02,0.026,0.337,0.814,0,0.281,1,motif_NG
NDM5_023_1,19,-2.02,-0.137,0.271,0.814,0,0.226,1,motif_NG
NDM5_024_0,19,-2.02,-0.358,0.473,0.414,0,0.394,2,N-term_Q/E(pyroglutamate);motif_DP
NDM5_024_1,19,-0.02,-0.8,0.351,0.271,0,0.292,1,N-term_Q/E(pyroglutamate)
NDM5_025_0,19,-0.03,-0.137,0.241,0.843,0,0.201,1,motif_DP
NDM5_025_1,19,-3.02,-0.553,0.123,0.743,0,0.103,1,motif_DP
NDM5_026_0,19,-4.02,-1.021,0.167,0.714,0,0.139,1,N-term_Q/E(pyroglutamate)
NDM5_026_1,19,-4.03,-1.874,0.313,-1.271,0,0.261,2,N-term_Q/E(pyroglutamate);motif_NG
NDM5_027_0,19,0.01,-0.042,0.316,0.729,0,0.264,0,
NDM5_027_1,19,0.01,-0.179,0.405,0.8,0,0.338,0,
NDM5_028_0,19,-0.03,0.216,0.277,1.443,0,0.23,1,motif_DP
NDM5_028_1,19,-0.03,0.153,0.249,1.429,0,0.207,1,motif_DP
NDM5_029_0,19,0.98,-0.042,0.682,0.814,0,0.581,0,
NDM5_029_1,19,0.98,-0.653,0.639,0.629,0,0.581,0,
NDM5_030_0,20,-0.03,0.835,0.52,1.657,0,0.433,1,motif_DS
NDM5_030_1,20,-0.03,0.755,0.488,1.429,0,0.407,1,motif_DS
NDM5_031_0,20,-3.03,0.15,0.356,1.686,0,0.297,0,
NDM5_031_1,20,-3.02,-0.305,0.361,2.043,0,0.301,1,motif_DS
NDM5_032_0,20,-1.02,-0.655,0.685,0.271,0,0.5,0,
NDM5_032_1,20,-2.03,-0.845,0.56,0.214,0,0.467,0,
NDM5_033_0,20,-0.02,0.48,0.066,0.857,0,0.055,0,
NDM5_033_1,20,-0.03,0.045,0.078,0.543,0,0.065,1,homopolymer_run>=4
NDM5_034_0,20,-1.02,0.52,0.496,1.971,0,0.413,0,
NDM5_034_1,20,-0.02,0.7,0.514,2.0,0,0.428,0,
NDM5_035_0,20,-3.02,-0.155,0.585,0.757,0,0.488,1,motif_DS
NDM5_035_1,20,-1.02,-0.75,0.472,0.971,0,0.393,1,motif_NG
NDM5_036_0,20,-2.03,0.375,0.266,1.029,0,0.222,1,motif_DS
NDM5_036_1,20,-2.03,0.36,0.266,1.029,0,0.222,1,motif_DS
NDM5_037_0,20,-0.03,0.135,0.377,1.429,0,0.314,0,
NDM5_037_1,20,-1.02,0.04,0.34,1.486,0,0.284,0,
NDM5_038_0,20,-1.02,0.06,0.181,0.657,0,0.151,1,homopolymer_run>=4
NDM5_038_1,20,0.97,-0.345,0.333,0.657,0,0.359,0,
NDM5_039_0,20,-0.02,-1.315,0.415,-0.5,0,0.346,1,motif_DG
NDM5_039_1,20,-1.03,-1.135,0.285,-0.443,0,0.237,1,motif_DG
NDM5_040_0,21,-4.02,-1.529,0.716,-0.314,0,0.5,1,N-term_Q/E(pyroglutamate)
NDM5_040_1,21,-1.02,0.352,0.643,2.657,0,0.5,0,
NDM5_041_0,21,0.97,-0.29,0.373,0.971,0,0.392,1,motif_DG
NDM5_041_1,21,0.98,-0.429,0.359,0.971,0,0.38,1,motif_DG
NDM5_042_0,21,-0.03,-0.133,0.409,1.414,0,0.341,0,
NDM5_042_1,21,-0.03,-0.786,0.623,0.5,0,0.5,0,
NDM5_043_0,21,-2.02,-0.505,0.36,1.043,0,0.3,0,
NDM5_043_1,21,-2.03,-0.205,0.337,1.043,0,0.281,0,
NDM5_044_0,21,-3.03,-0.795,0.584,0.571,0,0.487,0,
NDM5_044_1,21,-4.02,-0.648,0.586,1.1,0,0.488,1,motif_DP
NDM5_045_0,21,-0.99,-0.81,0.506,1.043,0,0.421,1,N-term_Q/E(pyroglutamate)
NDM5_045_1,21,-3.98,-0.652,0.329,0.586,0,0.274,0,
NDM5_046_0,21,-0.03,-0.4,0.43,0.771,0,0.359,0,
NDM5_046_1,21,-2.03,-0.21,0.449,0.671,0,0.374,0,
NDM5_047_0,21,0.98,-0.195,0.356,0.486,0,0.378,0,
NDM5_047_1,21,-0.02,0.095,0.145,0.657,0,0.12,0,
NDM5_048_0,21,-0.03,-0.014,0.204,1.0,0,0.17,1,motif_NS
NDM5_048_1,21,-0.03,-0.024,0.274,0.671,0,0.228,0,
NDM5_049_0,21,-2.02,0.057,0.302,1.229,0,0.252,0,
NDM5_049_1,21,-0.99,0.029,0.188,0.914,0,0.157,0,
NDM5_050_0,12,-3.02,-0.283,0.309,0.071,0,0.257,0,
NDM5_050_1,12,-2.02,-0.6,0.463,-0.329,0,0.386,0,
NDM5_051_0,12,-2.02,-1.3,0.072,-0.657,0,0.06,1,motif_DG
NDM5_051_1,12,-2.02,-0.467,0.218,0.271,0,0.182,0,
NDM5_052_0,12,-0.03,0.533,0.126,1.486,0,0.105,0,
NDM5_052_1,12,-0.03,0.533,0.126,1.486,0,0.105,0,
NDM5_053_0,12,-0.99,0.883,0.415,1.129,0,0.346,1,motif_DG
NDM5_053_1,12,1.01,0.117,0.777,0.457,0,0.585,0,
NDM5_054_0,12,-2.02,0.475,0.26,0.929,0,0.217,0,
NDM5_054_1,12,-1.02,0.625,0.264,1.186,0,0.22,0,
NDM5_055_0,12,-1.02,0.258,0.511,0.543,0,0.426,1,motif_DG
NDM5_055_1,12,-1.03,-0.242,0.422,0.1,0,0.352,0,
NDM5_056_0,12,-2.02,0.45,0.288,0.829,0,0.24,2,motif_DG;motif_DS
NDM5_056_1,12,-3.02,0.05,0.287,0.343,0,0.239,1,motif_DG
NDM5_057_0,12,-3.02,-0.758,0.296,0.214,0,0.247,0,
NDM5_057_1,12,-2.98,-0.85,0.126,0.057,0,0.105,0,
NDM5_058_0,12,-2.02,0.225,0.413,1.186,0,0.344,1,motif_DP
NDM5_058_1,12,-2.02,0.225,0.413,1.186,0,0.344,1,motif_DP
NDM5_059_0,12,-4.02,-0.208,0.18,-0.1,0,0.15,1,motif_DS
NDM5_059_1,12,-3.02,0.008,0.097,0.271,0,0.081,1,motif_DS
NDM5_060_0,24,-3.02,0.35,0.561,1.229,0,0.468,1,motif_DS
NDM5_060_1,24,-2.02,0.987,0.411,2.714,0,0.343,1,motif_DS
NDM5_061_0,24,-0.03,-0.392,0.749,0.957,0,0.5,2,motif_DG;motif_DS
NDM5_061_1,24,-2.03,-0.812,0.556,0.229,0,0.464,2,motif_NG;motif_DS
NDM5_062_0,24,-2.02,-0.425,0.213,1.114,0,0.177,1,motif_DS
NDM5_062_1,24,-1.02,-0.442,0.177,1.129,0,0.147,0,
NDM5_063_0,24,-3.02,0.054,0.45,1.329,0,0.375,2,motif_DG;motif_DP
NDM5_063_1,24,-3.02,-0.063,0.441,1.371,0,0.367,2,motif_DG;motif_DS
NDM5_064_0,24,-3.02,-1.192,0.339,-0.243,0,0.283,2,motif_DG;motif_DP
NDM5_064_1,24,-4.02,-0.613,0.502,0.4,0,0.419,2,motif_DG;motif_DP
NDM5_065_0,24,-3.02,-0.146,0.434,0.671,0,0.362,2,motif_DP;homopolymer_run>=4
NDM5_065_1,24,-3.02,-0.154,0.454,1.329,0,0.378,2,motif_DP;homopolymer_run>=4
NDM5_066_0,24,-2.03,-0.096,0.297,0.914,0,0.247,0,
NDM5_066_1,24,-3.02,-0.133,0.352,1.671,0,0.293,0,
NDM5_067_0,24,-4.02,0.021,0.52,1.714,0,0.434,1,motif_NG
NDM5_067_1,24,-3.03,-0.183,0.459,1.4,0,0.382,1,motif_NG
NDM5_068_0,24,-0.99,-0.7,0.558,0.557,0,0.465,0,
NDM5_068_1,24,-0.99,-0.838,0.535,0.557,0,0.446,0,
NDM5_069_0,24,-3.03,-0.888,0.296,-0.257,0,0.247,1,motif_DP
NDM5_069_1,24,-4.03,-1.858,0.315,-1.271,0,0.263,2,motif_DG;motif_DP
NDM5_070_0,42,-7.02,0.11,0.552,2.3,0,0.46,1,motif_NG
NDM5_070_1,42,-4.02,0.11,0.531,2.243,0,0.443,1,motif_NG
NDM5_071_0,42,-1.02,0.488,0.387,1.8,0,0.322,1,homopolymer_run>=4
NDM5_071_1,42,-1.02,0.569,0.518,2.086,0,0.431,2,motif_DG;homopolymer_run>=4
NDM5_072_0,42,-4.02,-1.462,0.558,1.171,0,0.465,0,
NDM5_072_1,42,1.97,-1.121,0.516,1.286,0,0.594,0,
NDM5_073_0,42,-2.03,-0.574,0.409,1.029,0,0.341,1,motif_DP
NDM5_073_1,42,-2.02,-0.567,0.584,1.614,0,0.487,1,motif_DP
NDM5_074_0,42,-1.03,-0.236,0.477,1.571,0,0.398,1,motif_NG
NDM5_074_1,42,-5.03,0.152,0.466,1.429,0,0.389,2,N-term_Met(ox);motif_DG
NDM5_075_0,42,-0.03,0.1,0.477,2.0,0,0.398,2,motif_DP;homopolymer_run>=4
NDM5_075_1,42,-0.02,-0.117,0.563,1.429,0,0.469,2,N-term_Met(ox);motif_DG
NDM5_076_0,42,-4.02,-0.414,0.26,1.6,0,0.217,2,motif_NG;motif_DG
NDM5_076_1,42,-1.99,-0.552,0.541,1.886,0,0.451,2,motif_DG;motif_NS
NDM5_077_0,42,-3.03,-0.212,0.619,1.071,0,0.5,0,
NDM5_077_1,42,0.97,-0.264,0.686,1.071,0,0.581,0,
NDM5_078_0,42,-4.02,-0.431,0.477,0.614,0,0.398,2,motif_NG;motif_DS
NDM5_078_1,42,-2.03,-0.821,0.637,0.371,0,0.5,1,motif_DS
NDM5_079_0,42,-1.03,-0.648,0.594,1.286,0,0.495,1,motif_DG
NDM5_079_1,42,-1.99,-0.75,0.595,0.857,0,0.496,0,
NDM5_080_0,37,-2.03,0.911,0.544,2.343,0,0.453,1,motif_DG
NDM5_080_1,37,-2.03,0.762,0.585,2.371,0,0.487,0,
NDM5_081_0,37,-5.03,-0.105,0.385,2.157,0,0.321,2,motif_DG;motif_DP
NDM5_081_1,37,-6.03,-0.403,0.479,2.157,0,0.399,2,motif_DG;motif_DP
NDM5_082_0,37,-3.02,-0.459,0.391,0.529,0,0.326,2,motif_NG;motif_DS
NDM5_082_1,37,-2.02,-0.249,0.359,0.757,0,0.299,1,motif_DS
NDM5_083_0,37,-2.02,-0.468,0.255,1.186,0,0.213,2,motif_DG;motif_DP
NDM5_083_1,37,-1.03,-0.397,0.258,1.729,0,0.215,2,motif_DG;motif_DS
NDM5_084_0,37,-0.02,0.37,0.38,2.314,0,0.317,1,motif_DG
NDM5_084_1,37,-4.02,0.565,0.363,2.843,0,0.302,1,motif_DG
NDM5_085_0,37,-4.03,0.151,0.46,1.443,0,0.383,0,
NDM5_085_1,37,-5.03,0.178,0.524,1.443,0,0.436,0,
NDM5_086_0,37,-5.03,-0.181,0.417,1.786,0,0.348,1,motif_DP
NDM5_086_1,37,-6.03,-0.181,0.466,1.786,0,0.389,1,motif_DP
NDM5_087_0,37,-1.99,-0.332,0.501,0.414,0,0.418,1,motif_DP
NDM5_087_1,37,-1.99,-0.473,0.404,0.386,0,0.336,2,motif_NG;motif_DP
NDM5_088_0,37,-1.03,-0.405,0.394,1.343,0,0.329,2,motif_NG;motif_DS
NDM5_088_1,37,-1.03,-0.489,0.437,1.914,0,0.364,1,motif_NG
NDM5_089_0,37,-4.02,-1.162,0.412,0.514,0,0.344,1,oxidation_prone(M/W)
NDM5_089_1,37,-5.02,-0.941,0.438,0.643,0,0.365,0,
NDM5_090_0,13,-2.03,-0.162,0.203,0.186,0,0.169,2,motif_DG;motif_DP
NDM5_090_1,13,-0.99,-0.238,0.167,0.243,0,0.139,1,motif_DG
NDM5_091_0,13,-1.03,0.1,0.512,0.814,0,0.427,0,
NDM5_091_1,13,-1.03,-0.5,0.511,0.471,0,0.426,0,
NDM5_092_0,13,-1.02,0.877,0.315,1.086,0,0.263,1,motif_NS
NDM5_092_1,13,-0.03,-0.469,0.388,0.371,0,0.323,1,motif_NS
NDM5_093_0,13,-1.02,-0.154,0.117,0.057,0,0.097,1,homopolymer_run>=4
NDM5_093_1,13,-1.02,-0.154,0.117,0.057,0,0.097,1,homopolymer_run>=4
NDM5_094_0,13,-0.03,0.538,0.089,0.5,0,0.074,0,
NDM5_094_1,13,-0.03,0.885,0.099,1.129,0,0.083,0,
NDM5_095_0,13,0.97,-0.415,0.269,0.171,0,0.306,1,homopolymer_run>=4
NDM5_095_1,13,0.01,-0.562,0.245,-0.1,0,0.205,1,homopolymer_run>=4
NDM5_096_0,13,-0.03,-0.585,0.04,0.214,0,0.033,1,homopolymer_run>=4
NDM5_096_1,13,-0.03,-0.146,0.09,0.543,0,0.075,1,homopolymer_run>=4
NDM5_097_0,13,-1.02,-0.2,0.08,0.071,0,0.067,2,motif_DG;homopolymer_run>=4
NDM5_097_1,13,-3.02,-1.515,0.405,-0.829,0,0.337,1,motif_DG
NDM5_098_0,13,-0.02,0.415,0.448,0.529,0,0.373,1,motif_DG
NDM5_098_1,13,-0.03,0.285,0.299,0.129,0,0.249,1,motif_DG
NDM5_099_0,13,-2.02,0.038,0.186,0.486,0,0.155,1,motif_DG
NDM5_099_1,13,-2.02,0.038,0.186,0.486,0,0.155,1,motif_DG
NDM5_100_0,18,-2.02,0.561,0.488,1.857,0,0.407,0,
NDM5_100_1,18,-1.02,0.983,0.424,1.857,0,0.353,1,motif_DG
NDM5_101_0,18,-1.02,-0.283,0.382,0.643,0,0.318,1,N-term_Q/E(pyroglutamate)
NDM5_101_1,18,-1.02,0.272,0.32,1.0,0,0.267,0,
NDM5_102_0,18,-2.02,-0.417,0.447,0.357,0,0.373,0,
NDM5_102_1,18,-0.02,-0.383,0.452,0.557,0,0.377,1,motif_DS
NDM5_103_0,18,-1.02,0.956,0.085,1.486,0,0.071,1,homopolymer_run>=4
NDM5_103_1,18,-1.02,1.233,0.115,2.143,0,0.096,0,
NDM5_104_0,18,-0.03,-0.372,0.549,0.086,0,0.457,0,
NDM5_104_1,18,0.97,-0.078,0.544,0.357,0,0.534,0,
NDM5_105_0,18,-1.02,0.467,0.209,1.957,0,0.174,1,motif_DP
NDM5_105_1,18,-1.02,0.428,0.229,1.614,0,0.191,1,motif_DP
NDM5_106_0,18,-0.02,-0.133,0.097,0.543,0,0.081,1,homopolymer_run>=4
NDM5_106_1,18,-0.02,0.622,0.057,1.171,0,0.047,0,
NDM5_107_0,18,-2.03,0.089,0.209,0.671,0,0.175,1,motif_DG
NDM5_107_1,18,-2.03,0.089,0.209,0.671,0,0.175,1,motif_DG
NDM5_108_0,18,-1.03,-0.394,0.509,1.157,0,0.424,0,
NDM5_108_1,18,-1.03,-0.094,0.5,1.157,0,0.416,0,
NDM5_109_0,18,-3.02,-0.233,0.21,1.329,0,0.175,1,N-term_Q/E(pyroglutamate)
NDM5_109_1,18,-3.02,-0.289,0.221,1.186,0,0.184,1,N-term_Q/E(pyroglutamate)
NDM5_110_0,36,-1.03,-0.181,0.444,0.914,0,0.37,2,N-term_Q/E(pyroglutamate);motif_NG
NDM5_110_1,36,-0.03,-0.442,0.444,1.714,0,0.37,1,N-term_Q/E(pyroglutamate)
NDM5_111_0,36,-3.03,-0.906,0.562,0.943,0,0.468,0,
NDM5_111_1,36,-3.99,-0.419,0.502,1.757,0,0.418,0,
NDM5_112_0,36,-4.99,-0.65,0.643,0.714,0,0.5,0,
NDM5_112_1,36,-4.03,-1.014,0.436,0.286,0,0.364,1,motif_DP
NDM5_113_0,36,-6.02,-0.978,0.593,1.386,0,0.494,2,motif_DG;motif_DP
NDM5_113_1,36,-6.02,-1.078,0.602,1.386,0,0.5,2,motif_DG;motif_DP
NDM5_114_0,36,-7.02,0.058,0.397,1.271,0,0.331,1,motif_DP
NDM5_114_1,36,-6.02,-0.036,0.481,1.357,0,0.401,1,motif_DP
NDM5_115_0,36,-3.02,-0.289,0.37,1.529,0,0.309,2,motif_NG;motif_DG
NDM5_115_1,36,-6.02,-0.017,0.53,1.429,0,0.442,2,motif_NG;motif_DG
NDM5_116_0,36,-6.02,-0.567,0.29,1.729,0,0.242,1,N-term_Q/E(pyroglutamate)
NDM5_116_1,36,-7.02,-0.553,0.43,1.643,0,0.358,1,N-term_Q/E(pyroglutamate)
NDM5_117_0,36,-0.02,-0.531,0.235,1.314,0,0.196,1,motif_DP
NDM5_117_1,36,-2.02,-0.497,0.25,0.729,0,0.208,2,motif_DP;homopolymer_run>=4
NDM5_118_0,36,-2.03,-0.806,0.404,0.257,0,0.337,1,motif_DP
NDM5_118_1,36,-2.03,-0.589,0.217,0.271,0,0.181,1,motif_DP
NDM5_119_0,36,-2.03,-0.475,0.574,1.586,0,0.478,1,motif_DG
NDM5_119_1,36,-4.03,-0.347,0.407,1.686,0,0.339,1,motif_NG
NDM5_120_0,15,-0.02,-0.053,0.105,0.2,0,0.088,1,homopolymer_run>=4
NDM5_120_1,15,-0.02,0.32,0.095,0.829,0,0.079,1,homopolymer_run>=4
NDM5_121_0,15,-0.03,0.1,0.138,0.929,0,0.115,0,
NDM5_121_1,15,-0.03,0.307,0.146,1.243,0,0.122,0,
NDM5_122_0,15,-2.02,0.167,0.372,0.886,0,0.31,1,motif_DP
NDM5_122_1,15,-1.03,-0.527,0.231,0.886,0,0.192,1,motif_DP
NDM5_123_0,15,-0.02,0.207,0.401,0.786,0,0.334,0,
NDM5_123_1,15,-0.02,0.273,0.159,0.829,0,0.132,1,homopolymer_run>=4
NDM5_124_0,15,-1.02,0.02,0.414,0.1,0,0.345,2,motif_DG;motif_DP
NDM5_124_1,15,-0.02,-0.1,0.415,0.8,0,0.346,2,motif_DG;motif_DP
NDM5_125_0,15,-4.02,-1.247,0.258,-0.186,0,0.215,1,motif_NS
NDM5_125_1,15,-3.03,-1.227,0.27,-0.086,0,0.225,2,motif_DG;motif_DS
NDM5_126_0,15,-1.02,-0.0,0.086,0.757,0,0.072,1,homopolymer_run>=4
NDM5_126_1,15,-1.02,0.353,0.132,0.757,0,0.11,2,motif_DG;homopolymer_run>=4
NDM5_127_0,15,-0.99,-0.06,0.186,0.929,0,0.155,0,
NDM5_127_1,15,-0.99,0.567,0.154,0.929,0,0.128,0,
NDM5_128_0,15,0.98,0.273,0.588,0.571,0,0.571,0,
NDM5_128_1,15,-0.02,0.273,0.488,0.629,0,0.406,0,
NDM5_129_0,15,-1.02,0.213,0.292,0.671,0,0.244,0,
NDM5_129_1,15,1.01,0.113,0.425,0.929,0,0.439,0,
NDM5_130_0,39,-0.03,-0.579,0.696,0.814,0,0.5,2,N-term_Met(ox);motif_DG
NDM5_130_1,39,-1.02,-0.785,0.608,0.8,0,0.5,2,N-term_Met(ox);motif_DG
NDM5_131_0,39,-2.03,-0.7,0.486,0.686,0,0.405,2,motif_NG;motif_DP
NDM5_131_1,39,-0.03,-0.077,0.426,1.243,0,0.355,2,N-term_Q/E(pyroglutamate);motif_NG
NDM5_132_0,39,-1.03,-0.231,0.411,1.629,0,0.343,0,
NDM5_132_1,39,0.97,0.11,0.503,2.329,0,0.5,1,N-term_Met(ox)
NDM5_133_0,39,-6.99,0.023,0.471,1.586,0,0.392,1,motif_DG
NDM5_133_1,39,-3.99,0.015,0.461,1.214,0,0.384,1,motif_NG
NDM5_134_0,39,-4.03,-0.736,0.388,0.957,0,0.323,1,motif_DS
NDM5_134_1,39,-4.03,-0.841,0.604,0.443,0,0.5,0,
NDM5_135_0,39,-3.02,-0.582,0.352,0.986,0,0.293,1,homopolymer_run>=4
NDM5_135_1,39,-2.02,-0.833,0.404,0.986,0,0.337,0,
NDM5_136_0,39,-7.02,-0.579,0.547,0.886,0,0.456,3,N-term_Met(ox);motif_DG;motif_DP
NDM5_136_1,39,-10.02,-0.874,0.521,0.4,0,0.434,3,N-term_Met(ox);motif_NG;motif_DG
NDM5_137_0,39,-6.98,0.172,0.713,1.714,0,0.5,0,
NDM5_137_1,39,-3.98,-0.164,0.815,0.914,0,0.5,1,motif_DG
NDM5_138_0,39,-2.02,0.513,0.749,1.757,0,0.5,0,
NDM5_138_1,39,-3.02,0.89,0.556,2.229,0,0.464,1,motif_NG
NDM5_139_0,39,-4.02,0.277,0.457,1.743,0,0.38,2,N-term_Met(ox);motif_DP
NDM5_139_1,39,-6.02,0.508,0.429,1.986,0,0.357,2,N-term_Met(ox);motif_DP
NDM5_140_0,40,0.97,-0.195,0.548,1.086,0,0.538,1,motif_DS
NDM5_140_1,40,-0.03,-0.125,0.703,1.143,0,0.5,0,
NDM5_141_0,40,-2.02,0.39,0.349,1.829,0,0.291,1,homopolymer_run>=4
NDM5_141_1,40,-1.02,0.025,0.614,1.157,0,0.5,3,N-term_Met(ox);motif_DG;homopolymer_run>=4
NDM5_142_0,40,-0.03,0.165,0.374,1.3,0,0.311,0,
NDM5_142_1,40,-0.03,0.123,0.46,1.829,0,0.383,0,
NDM5_143_0,40,-3.02,-0.368,0.463,1.814,0,0.386,0,
NDM5_143_1,40,-3.02,-0.25,0.66,1.571,0,0.5,0,
NDM5_144_0,40,-1.03,0.948,0.419,2.443,0,0.349,0,
NDM5_144_1,40,-0.03,1.083,0.354,2.029,0,0.295,0,
NDM5_145_0,40,-7.02,-0.04,0.429,2.143,0,0.358,2,N-term_Q/E(pyroglutamate);homopolymer_run>=4
NDM5_145_1,40,1.97,-2.127,0.441,2.086,0,0.531,1,homopolymer_run>=4
NDM5_146_0,40,-4.03,-0.4,0.462,0.857,0,0.385,0,
NDM5_146_1,40,-6.02,-0.31,0.45,1.0,0,0.375,0,
NDM5_147_0,40,-3.02,-0.265,0.48,1.457,0,0.4,0,
NDM5_147_1,40,-6.02,-0.415,0.465,1.271,0,0.387,1,motif_NS
NDM5_148_0,40,-0.03,-0.2,0.439,1.486,0,0.366,1,motif_DG
NDM5_148_1,40,-2.03,-0.568,0.496,1.143,0,0.413,1,motif_DG
NDM5_149_0,40,0.01,-0.508,0.368,1.543,0,0.308,1,motif_DP
NDM5_149_1,40,0.01,-0.49,0.369,1.686,0,0.309,1,motif_DP
NDM5_150_0,40,-3.03,0.223,0.658,1.729,0,0.5,1,N-term_Q/E(pyroglutamate)
NDM5_150_1,40,-1.03,0.285,0.63,1.743,0,0.5,0,
NDM5_151_0,40,-1.03,-0.198,0.453,1.329,0,0.377,1,motif_DG
NDM5_151_1,40,-1.03,0.177,0.682,1.914,0,0.5,1,motif_DG
NDM5_152_0,40,1.96,-1.002,0.56,0.2,0,0.63,2,motif_DG;homopolymer_run>=4
NDM5_152_1,40,-0.03,-0.657,0.59,0.357,0,0.492,2,motif_DG;homopolymer_run>=4
NDM5_153_0,40,-7.02,-0.04,0.511,1.643,0,0.426,1,motif_DP
NDM5_153_1,40,-4.02,0.03,0.701,1.543,0,0.5,0,
NDM5_154_0,40,-2.03,0.522,0.391,1.857,0,0.326,1,motif_DP
NDM5_154_1,40,-0.03,-0.01,0.511,1.914,0,0.426,1,motif_DP
NDM5_155_0,40,-3.02,-0.242,0.456,1.757,0,0.38,1,motif_DG
NDM5_155_1,40,0.98,0.33,0.475,2.371,0,0.477,1,motif_DG
NDM5_156_0,40,-3.02,0.263,0.508,2.114,0,0.423,0,
NDM5_156_1,40,-3.02,0.365,0.327,1.957,0,0.272,0,
NDM5_157_0,40,-8.99,-1.405,0.384,0.071,0,0.32,1,motif_DG
NDM5_157_1,40,-6.03,-1.542,0.451,-0.743,0,0.376,2,motif_DG;motif_NS
NDM5_158_0,40,-3.02,0.41,0.383,2.386,0,0.319,2,motif_DG;homopolymer_run>=4
NDM5_158_1,40,-3.02,-0.23,0.447,1.057,0,0.373,1,motif_DG
NDM5_159_0,40,-1.02,-0.637,0.591,1.086,0,0.493,0,
NDM5_159_1,40,-3.02,-0.713,0.771,0.5,0,0.5,0,
NDM5_160_0,28,-3.02,0.779,0.237,2.057,0,0.198,2,motif_DG;homopolymer_run>=4
NDM5_160_1,28,-5.02,0.425,0.574,2.057,0,0.479,0,
NDM5_161_0,28,-0.03,-1.507,0.492,-0.129,0,0.41,0,
NDM5_161_1,28,-0.02,-1.807,0.462,-0.8,0,0.385,1,motif_DP
NDM5_162_0,28,-1.02,-0.443,0.454,0.829,0,0.378,2,motif_DG;motif_DP
NDM5_162_1,28,-2.03,-0.636,0.508,0.271,0,0.424,1,motif_DP
NDM5_163_0,28,-1.03,0.764,0.132,2.429,0,0.11,1,homopolymer_run>=4
NDM5_163_1,28,-2.03,0.204,0.241,2.429,0,0.201,0,
NDM5_164_0,28,-4.02,0.007,0.529,1.771,0,0.441,2,N-term_Q/E(pyroglutamate);homopolymer_run>=4
NDM5_164_1,28,-6.02,0.618,0.256,2.071,0,0.214,2,N-term_Q/E(pyroglutamate);homopolymer_run>=4
NDM5_165_0,28,-2.03,0.146,0.572,2.686,0,0.477,0,
NDM5_165_1,28,-5.03,0.086,0.564,1.486,0,0.47,2,motif_DP;motif_DS
NDM5_166_0,28,-1.03,-1.046,0.607,0.657,0,0.5,0,
NDM5_166_1,28,1.97,-1.311,0.596,0.686,0,0.661,0,
NDM5_167_0,28,-3.03,-0.864,0.44,1.286,0,0.367,0,
NDM5_167_1,28,-2.03,-1.136,0.485,1.286,0,0.404,0,
NDM5_168_0,28,-4.02,0.532,0.485,2.186,0,0.404,1,motif_DS
NDM5_168_1,28,-2.03,0.168,0.423,2.186,0,0.353,1,motif_DS
NDM5_169_0,28,0.97,-0.175,0.752,1.643,0,0.581,0,
NDM5_169_1,28,0.97,0.582,0.331,1.643,0,0.357,0,
NDM5_170_0,42,-8.02,-0.44,0.55,1.529,0,0.458,0,
NDM5_170_1,42,-11.02,-0.869,0.659,1.014,0,0.5,0,
NDM5_171_0,42,-6.02,0.193,0.556,1.829,0,0.463,2,N-term_Met(ox);motif_DG
NDM5_171_1,42,-4.02,0.04,0.708,1.843,0,0.5,2,N-term_Met(ox);motif_DG
NDM5_172_0,42,-2.02,-0.276,0.669,1.343,0,0.5,1,motif_DG
NDM5_172_1,42,-1.02,-0.11,0.576,1.671,0,0.48,1,motif_DG
NDM5_173_0,42,-2.98,-0.355,0.59,0.714,0,0.491,1,homopolymer_run>=4
NDM5_173_1,42,-1.03,-0.633,0.656,0.186,0,0.5,0,
NDM5_174_0,42,-0.02,0.95,0.346,2.686,0,0.288,0,
NDM5_174_1,42,0.98,0.695,0.452,1.629,0,0.458,0,
NDM5_175_0,42,-3.03,-0.4,0.579,1.114,0,0.482,2,motif_DG;motif_NS
NDM5_175_1,42,-4.03,-0.326,0.521,1.114,0,0.434,2,motif_DG;motif_DS
NDM5_176_0,42,-2.03,-0.61,0.74,1.3,0,0.5,0,
NDM5_176_1,42,-6.03,-0.493,0.691,1.286,0,0.5,1,motif_DG
NDM5_177_0,42,-4.03,-0.319,0.616,1.386,0,0.5,2,N-term_Q/E(pyroglutamate);motif_NG
NDM5_177_1,42,-3.03,-0.674,0.694,1.429,0,0.5,2,N-term_Q/E(pyroglutamate);motif_NS
NDM5_178_0,42,-3.98,-0.74,0.374,1.1,0,0.312,2,motif_DG;motif_DS
NDM5_178_1,42,-1.99,-0.886,0.526,0.757,0,0.438,3,motif_DG;motif_DS;motif_NS
NDM5_179_0,42,-3.99,-1.3,0.679,0.543,0,0.5,1,motif_DP
NDM5_179_1,42,-1.02,-1.181,0.73,0.543,0,0.5,2,motif_NG;motif_DP
NDM5_180_0,45,-4.03,-0.304,0.382,0.743,0,0.318,2,motif_DP;homopolymer_run>=4
NDM5_180_1,45,-3.99,-0.509,0.36,0.786,0,0.3,2,motif_DP;homopolymer_run>=4
NDM5_181_0,45,-3.03,-0.722,0.606,2.457,0,0.5,1,motif_DP
NDM5_181_1,45,-1.03,-1.069,0.547,0.743,0,0.456,1,motif_DP
NDM5_182_0,45,-2.03,0.147,0.366,2.057,0,0.305,1,motif_DS
NDM5_182_1,45,-1.03,-0.18,0.366,1.786,0,0.305,0,
NDM5_183_0,45,-2.02,0.727,0.369,2.371,0,0.308,2,motif_DG;motif_DP
NDM5_183_1,45,-2.02,0.518,0.361,3.1,0,0.301,2,motif_DG;motif_DP
NDM5_184_0,45,-5.03,-0.496,0.346,1.0,0,0.288,2,motif_DG;motif_DP
NDM5_184_1,45,-4.03,-0.26,0.443,1.7,0,0.369,2,motif_DG;motif_DP
NDM5_185_0,45,-2.03,-0.82,0.629,1.243,0,0.5,1,motif_DG
NDM5_185_1,45,-5.03,-0.444,0.666,1.186,0,0.5,1,motif_DG
NDM5_186_0,45,-4.02,-0.069,0.685,1.829,0,0.5,1,homopolymer_run>=4
NDM5_186_1,45,-2.02,0.382,0.68,2.486,0,0.5,1,homopolymer_run>=4
NDM5_187_0,45,-1.02,-1.144,0.647,0.529,0,0.5,1,motif_DP
NDM5_187_1,45,-5.02,-1.071,0.658,0.329,0,0.5,2,N-term_Q/E(pyroglutamate);motif_DP
NDM5_188_0,45,-6.02,-0.98,0.755,0.243,0,0.5,0,
NDM5_188_1,45,-6.03,-0.838,0.628,1.243,0,0.5,0,
NDM5_189_0,45,-3.98,-0.042,0.382,1.357,0,0.319,2,N-term_Met(ox);motif_DP
NDM5_189_1,45,-4.98,0.222,0.426,1.9,0,0.355,2,N-term_Met(ox);motif_DP
NDM5_190_0,23,-5.02,0.326,0.314,2.429,0,0.262,0,
NDM5_190_1,23,-2.02,0.078,0.422,1.786,0,0.352,0,
NDM5_191_0,23,-2.02,-0.204,0.299,1.386,0,0.249,1,motif_DP
NDM5_191_1,23,-3.02,0.183,0.165,1.6,0,0.137,1,motif_DP
NDM5_192_0,23,1.97,-1.33,0.654,-0.271,0,0.665,1,motif_DS
NDM5_192_1,23,1.97,-1.183,0.701,-0.229,0,0.665,0,
NDM5_193_0,23,-3.02,-0.417,0.383,0.257,0,0.32,1,motif_DG
NDM5_193_1,23,-2.02,0.296,0.236,1.357,0,0.197,1,motif_DG
NDM5_194_0,23,-4.02,0.013,0.266,1.643,0,0.222,1,motif_DP
NDM5_194_1,23,-5.02,-0.661,0.421,0.443,0,0.351,0,
NDM5_195_0,23,-6.03,-0.5,0.456,0.557,0,0.38,0,
NDM5_195_1,23,-6.03,-0.887,0.437,0.557,0,0.364,2,N-term_Q/E(pyroglutamate);motif_DP
NDM5_196_0,23,-1.03,-0.596,0.248,0.657,0,0.207,1,homopolymer_run>=4
NDM5_196_1,23,-1.03,-0.357,0.301,0.886,0,0.251,1,homopolymer_run>=4
NDM5_197_0,23,-2.03,-0.674,0.649,0.143,0,0.5,1,motif_DP
NDM5_197_1,23,-4.03,-0.591,0.342,1.357,0,0.285,1,motif_DP
NDM5_198_0,23,-3.03,-0.1,0.368,0.671,0,0.307,1,motif_DG
NDM5_198_1,23,-3.02,-0.026,0.321,0.957,0,0.268,1,motif_DG
NDM5_199_0,23,-0.02,1.548,0.3,2.857,0,0.25,0,
NDM5_199_1,23,-0.02,1.435,0.286,2.586,0,0.238,0,
NDM5_200_0,33,-3.03,-1.048,0.497,0.043,0,0.414,1,N-term_Q/E(pyroglutamate)
NDM5_200_1,33,-3.02,-0.415,0.621,0.9,0,0.5,0,
NDM5_201_0,33,-0.99,-0.603,0.437,0.643,0,0.364,0,
NDM5_201_1,33,0.01,-0.5,0.457,0.971,0,0.382,0,
NDM5_202_0,33,-5.02,-0.658,0.702,0.586,0,0.5,1,N-term_Met(ox)
NDM5_202_1,33,-5.02,-0.391,0.783,0.371,0,0.5,1,N-term_Met(ox)
NDM5_203_0,33,-3.03,-0.324,0.657,1.443,0,0.5,0,
NDM5_203_1,33,-6.03,-0.424,0.651,1.443,0,0.5,0,
NDM5_204_0,33,-2.02,0.158,0.501,1.671,0,0.418,1,motif_DP
NDM5_204_1,33,-2.02,-0.382,0.448,1.214,0,0.373,0,
NDM5_205_0,33,-0.99,0.021,0.371,1.771,0,0.309,3,motif_NG;motif_DP;homopolymer_run>=4
NDM5_205_1,33,-3.02,-0.097,0.511,1.429,0,0.426,2,N-term_Q/E(pyroglutamate);motif_DG
NDM5_206_0,33,-3.02,-0.848,0.593,0.729,0,0.494,2,N-term_Q/E(pyroglutamate);motif_DS
NDM5_206_1,33,-2.03,-0.409,0.684,0.729,0,0.5,1,motif_DS
NDM5_207_0,33,-7.02,-0.848,0.474,1.4,0,0.395,0,
NDM5_207_1,33,-2.03,-0.448,0.301,1.4,0,0.251,0,
NDM5_208_0,33,-1.03,-0.394,0.495,1.029,0,0.412,2,motif_DS;homopolymer_run>=4
NDM5_208_1,33,-3.02,-0.109,0.457,1.086,0,0.381,1,motif_DS
NDM5_209_0,33,-4.03,0.739,0.438,2.086,0,0.365,1,homopolymer_run>=4
NDM5_209_1,33,-1.03,-0.836,0.788,0.5,0,0.5,0,
NDM5_210_0,12,-0.99,-0.958,0.372,0.157,0,0.31,0,
NDM5_210_1,12,-3.03,-0.767,0.098,0.471,0,0.081,0,
NDM5_211_0,12,0.01,-0.5,0.164,0.243,0,0.138,0,
NDM5_211_1,12,-0.02,-0.767,0.237,0.243,0,0.197,1,motif_DP
NDM5_212_0,12,-0.02,0.825,0.087,1.243,0,0.072,0,
NDM5_212_1,12,-1.02,0.308,0.2,0.443,0,0.166,0,
NDM5_213_0,12,-0.03,0.642,0.152,1.543,0,0.127,0,
NDM5_213_1,12,-0.03,0.083,0.13,0.857,0,0.108,0,
NDM5_214_0,12,-0.02,0.867,0.146,0.914,0,0.122,0,
NDM5_214_1,12,-0.02,-0.267,0.173,0.457,0,0.145,0,
NDM5_215_0,12,-1.02,-0.058,0.277,0.914,0,0.231,0,
NDM5_215_1,12,-1.02,0.533,0.219,1.057,0,0.183,1,N-term_Q/E(pyroglutamate)
NDM5_216_0,12,-2.02,0.492,0.285,1.7,0,0.238,0,
NDM5_216_1,12,-2.02,-0.017,0.315,0.829,0,0.263,0,
NDM5_217_0,12,-1.03,0.7,0.152,1.529,0,0.126,0,
NDM5_217_1,12,-1.03,0.717,0.072,1.6,0,0.06,0,
NDM5_218_0,12,-0.02,0.392,0.056,0.957,0,0.046,1,homopolymer_run>=4
NDM5_218_1,12,-0.02,0.742,0.033,1.129,0,0.028,0,
NDM5_219_0,12,0.01,0.917,0.123,1.571,0,0.104,0,
NDM5_219_1,12,0.01,0.917,0.123,1.571,0,0.104,0,
NDM5_220_0,38,-4.03,-0.958,0.411,0.786,0,0.343,1,homopolymer_run>=4
NDM5_220_1,38,-2.03,-1.045,0.375,0.643,0,0.312,2,motif_DP;homopolymer_run>=4
NDM5_221_0,38,-2.03,-0.008,0.636,1.5,0,0.5,1,motif_DG
NDM5_221_1,38,-2.02,-0.258,0.658,1.2,0,0.5,1,motif_DG
NDM5_222_0,38,-2.03,-0.676,0.396,1.057,0,0.33,2,motif_DG;motif_DP
NDM5_222_1,38,-0.99,-0.784,0.474,0.643,0,0.395,2,N-term_Q/E(pyroglutamate);motif_DP
NDM5_223_0,38,-0.02,-0.226,0.608,1.314,0,0.5,1,motif_DP
NDM5_223_1,38,-0.02,0.074,0.359,1.8,0,0.299,2,motif_NG;motif_DP
NDM5_224_0,38,-2.02,0.611,0.746,2.714,0,0.5,1,N-term_Q/E(pyroglutamate)
NDM5_224_1,38,-1.03,0.655,0.656,2.429,0,0.5,0,
NDM5_225_0,38,-0.99,0.029,0.269,1.5,0,0.224,1,motif_DP
NDM5_225_1,38,-0.03,0.137,0.241,1.571,0,0.201,1,motif_NS
NDM5_226_0,38,-2.02,0.145,0.333,1.1,0,0.277,1,motif_NG
NDM5_226_1,38,-3.98,-0.087,0.412,1.529,0,0.343,1,motif_NG
NDM5_227_0,38,-6.02,0.232,0.557,2.343,0,0.464,1,motif_DG
NDM5_227_1,38,-1.03,0.013,0.813,1.843,0,0.5,1,motif_DG
NDM5_228_0,38,-0.03,-0.361,0.32,1.357,0,0.267,0,
NDM5_228_1,38,0.97,-0.361,0.411,1.357,0,0.424,1,motif_DG
NDM5_229_0,38,-2.98,-0.037,0.504,1.043,0,0.42,1,motif_DS
NDM5_229_1,38,-4.91,0.316,0.296,1.929,0,0.247,0,
NDM5_230_0,14,-1.03,0.05,0.266,0.571,0,0.222,0,
NDM5_230_1,14,-2.02,-0.55,0.28,0.571,0,0.233,1,motif_DG
NDM5_231_0,14,-0.03,-0.95,0.172,-0.543,0,0.143,0,
NDM5_231_1,14,-1.03,-0.607,0.101,0.057,0,0.084,0,
NDM5_232_0,14,-0.02,0.843,0.198,1.457,0,0.165,0,
NDM5_232_1,14,0.01,0.679,0.13,1.386,0,0.109,0,
NDM5_233_0,14,-1.02,0.55,0.147,1.2,0,0.123,0,
NDM5_233_1,14,-0.02,0.8,0.137,1.129,0,0.115,0,
NDM5_234_0,14,-0.03,-0.421,0.517,-0.129,0,0.431,1,motif_DG
NDM5_234_1,14,-1.03,-0.529,0.564,-0.286,0,0.47,1,motif_DG
NDM5_235_0,14,-2.02,-0.25,0.306,0.871,0,0.255,1,motif_DP
NDM5_235_1,14,-1.02,-0.25,0.296,0.871,0,0.247,1,motif_DP
NDM5_236_0,14,-0.02,-0.15,0.18,0.9,0,0.15,0,
NDM5_236_1,14,0.01,-0.364,0.199,0.957,0,0.167,0,
NDM5_237_0,14,-1.02,-0.236,0.13,0.457,0,0.108,1,motif_DS
NDM5_237_1,14,-1.02,-0.421,0.12,0.4,0,0.1,1,motif_DS
NDM5_238_0,14,-1.02,-0.857,0.111,-0.314,0,0.092,0,
NDM5_238_1,14,-1.02,-1.014,0.102,-0.629,0,0.085,1,homopolymer_run>=4
NDM5_239_0,14,-3.02,-0.093,0.34,0.529,0,0.283,0,
NDM5_239_1,14,-4.02,0.086,0.255,1.429,0,0.213,1,motif_DG
NDM5_240_0,13,-1.03,-0.162,0.446,0.086,0,0.371,0,
NDM5_240_1,13,-1.03,-0.415,0.415,0.286,0,0.346,0,
NDM5_241_0,13,-3.02,-0.138,0.36,-0.014,0,0.3,1,motif_DG
NDM5_241_1,13,-3.02,-0.138,0.36,-0.014,0,0.3,1,motif_DG
NDM5_242_0,13,0.97,-0.408,0.273,0.5,0,0.308,1,motif_DG
NDM5_242_1,13,0.97,-0.262,0.385,1.171,0,0.402,0,
NDM5_243_0,13,-1.02,0.008,0.192,0.529,0,0.16,0,
NDM5_243_1,13,-1.02,-0.315,0.33,0.014,0,0.275,0,
NDM5_244_0,13,-0.02,-0.062,0.032,0.229,0,0.027,1,homopolymer_run>=4
NDM5_244_1,13,-0.02,-0.062,0.032,0.229,0,0.027,1,homopolymer_run>=4
NDM5_245_0,13,1.01,0.631,0.366,1.0,0,0.39,0,
NDM5_245_1,13,1.01,0.662,0.366,1.057,0,0.39,0,
NDM5_246_0,13,1.97,-0.115,0.422,0.729,0,0.516,0,
NDM5_246_1,13,1.97,0.492,0.355,1.1,0,0.46,0,
NDM5_247_0,13,-0.02,0.231,0.149,0.943,0,0.124,1,homopolymer_run>=4
NDM5_247_1,13,-0.02,0.231,0.149,0.943,0,0.124,1,homopolymer_run>=4
NDM5_248_0,13,-0.02,1.238,0.112,1.443,0,0.094,0,
NDM5_248_1,13,-0.02,0.562,0.14,1.0,0,0.117,0,
NDM5_249_0,13,-2.02,0.054,0.22,0.843,0,0.183,0,
NDM5_249_1,13,-2.02,0.077,0.238,0.843,0,0.198,0,
NDM5_250_0,16,0.97,-0.562,0.324,0.457,0,0.351,1,homopolymer_run>=4
NDM5_250_1,16,-1.02,0.356,0.287,1.743,0,0.239,1,homopolymer_run>=4
NDM5_251_0,16,-1.02,1.075,0.265,1.743,0,0.221,0,
NDM5_251_1,16,-1.02,0.587,0.243,1.114,0,0.202,0,
NDM5_252_0,16,-0.03,-0.069,0.293,0.686,0,0.244,0,
NDM5_252_1,16,-0.03,0.606,0.257,0.857,0,0.214,0,
NDM5_253_0,16,0.97,-0.113,0.252,1.1,0,0.291,0,
NDM5_253_1,16,-0.03,0.087,0.242,1.1,0,0.202,0,
NDM5_254_0,16,-2.99,0.219,0.285,0.971,0,0.238,1,motif_DP
NDM5_254_1,16,-1.99,0.356,0.391,0.971,0,0.325,0,
NDM5_255_0,16,-1.03,-1.094,0.329,-0.643,0,0.274,2,motif_NG;motif_DG
NDM5_255_1,16,-1.03,-1.363,0.268,-0.843,0,0.223,2,motif_NG;motif_DG
NDM5_256_0,16,-0.02,1.206,0.079,2.057,0,0.065,0,
NDM5_256_1,16,-1.02,0.106,0.263,0.871,0,0.219,0,
NDM5_257_0,16,-2.02,-0.263,0.481,0.614,0,0.401,0,
NDM5_257_1,16,-3.02,-0.469,0.58,0.529,0,0.483,0,
NDM5_258_0,16,-0.99,0.619,0.175,1.329,0,0.146,0,
NDM5_258_1,16,-1.02,0.787,0.196,1.371,0,0.164,0,
NDM5_259_0,16,-1.02,-0.2,0.297,0.843,0,0.247,2,N-term_Q/E(pyroglutamate);motif_DS
NDM5_259_1,16,-2.02,0.438,0.404,1.214,0,0.337,0,
NDM5_260_0,27,-2.03,-0.03,0.588,1.643,0,0.49,1,motif_DP
NDM5_260_1,27,-2.03,0.381,0.273,2.286,0,0.228,1,motif_DP
NDM5_261_0,27,-9.02,-0.389,0.308,1.329,0,0.257,1,N-term_Q/E(pyroglutamate)
NDM5_261_1,27,-3.03,-0.47,0.321,1.0,0,0.268,1,motif_DS
NDM5_262_0,27,-3.99,-1.293,0.746,0.186,0,0.5,2,N-term_Q/E(pyroglutamate);motif_DP
NDM5_262_1,27,0.01,-0.97,0.748,0.557,0,0.501,2,N-term_Q/E(pyroglutamate);motif_DP
NDM5_263_0,27,-5.02,0.104,0.635,2.243,0,0.5,2,motif_DP;motif_DS
NDM5_263_1,27,-4.02,0.519,0.355,2.386,0,0.296,3,motif_DP;motif_DS;homopolymer_run>=4
NDM5_264_0,27,-2.99,-0.441,0.291,-0.0,0,0.242,2,motif_DG;motif_DS
NDM5_264_1,27,-2.99,-0.259,0.348,0.214,0,0.29,1,motif_DS
NDM5_265_0,27,-0.03,0.159,0.373,2.286,0,0.311,1,motif_DP
NDM5_265_1,27,-0.03,-0.289,0.373,2.214,0,0.311,2,motif_DP;motif_DS
NDM5_266_0,27,-0.02,0.415,0.311,1.657,0,0.259,0,
NDM5_266_1,27,0.98,0.156,0.424,1.129,0,0.435,1,homopolymer_run>=4
NDM5_267_0,27,-1.02,-0.304,0.604,1.086,0,0.5,1,motif_DS
NDM5_267_1,27,-2.02,-0.859,0.496,0.157,0,0.414,0,
NDM5_268_0,27,-2.03,0.656,0.335,1.843,0,0.279,0,
NDM5_268_1,27,-0.03,0.374,0.465,1.4,0,0.388,0,
NDM5_269_0,27,-1.03,-0.511,0.343,0.9,0,0.286,1,motif_DP
NDM5_269_1,27,-1.02,-0.856,0.387,0.443,0,0.323,1,motif_DP
NDM5_270_0,19,0.98,0.532,0.323,1.486,0,0.351,0,
NDM5_270_1,19,0.98,0.037,0.319,1.457,0,0.347,0,
NDM5_271_0,19,-5.02,-0.5,0.164,0.471,0,0.136,0,
NDM5_271_1,19,-4.02,-0.795,0.17,0.471,0,0.142,0,
NDM5_272_0,19,-3.02,0.105,0.414,1.371,0,0.345,2,N-term_Q/E(pyroglutamate);motif_DS
NDM5_272_1,19,-4.02,0.374,0.362,1.514,0,0.302,2,N-term_Q/E(pyroglutamate);motif_DS
NDM5_273_0,19,-0.99,-0.747,0.288,0.757,0,0.24,0,
NDM5_273_1,19,-0.02,0.4,0.267,2.129,0,0.222,0,
NDM5_274_0,19,0.98,-0.284,0.586,0.943,0,0.57,1,N-term_Q/E(pyroglutamate)
NDM5_274_1,19,-1.02,-0.211,0.347,1.343,0,0.289,2,N-term_Q/E(pyroglutamate);motif_NG
NDM5_275_0,19,-4.02,-0.4,0.786,0.3,0,0.5,1,N-term_Q/E(pyroglutamate)
NDM5_275_1,19,-1.02,-0.921,0.881,-0.014,0,0.5,1,N-term_Q/E(pyroglutamate)
NDM5_276_0,19,0.98,0.632,0.297,1.329,0,0.329,0,
NDM5_276_1,19,-2.02,0.158,0.194,0.614,0,0.162,0,
NDM5_277_0,19,1.01,0.532,0.371,1.143,0,0.393,0,
NDM5_277_1,19,0.01,1.153,0.271,1.771,0,0.227,0,
NDM5_278_0,19,-1.02,0.037,0.252,1.514,0,0.21,0,
NDM5_278_1,19,-0.02,0.316,0.429,0.986,0,0.357,0,
NDM5_279_0,19,-3.02,-1.0,0.63,-0.2,0,0.5,2,N-term_Q/E(pyroglutamate);motif_DP
NDM5_279_1,19,-3.02,-0.384,0.302,0.8,0,0.251,1,motif_DP
NDM5_280_0,19,-0.03,-1.158,0.235,-0.114,0,0.196,1,homopolymer_run>=4
NDM5_280_1,19,-0.99,-1.516,0.304,-0.114,0,0.253,0,
NDM5_281_0,19,-0.03,-1.068,0.764,-0.029,0,0.5,1,motif_DG
NDM5_281_1,19,2.97,-0.458,0.877,0.357,0,0.748,1,motif_DG
NDM5_282_0,19,-4.02,0.053,0.26,1.214,0,0.217,0,
NDM5_282_1,19,-4.02,-0.189,0.203,1.314,0,0.17,0,
NDM5_283_0,19,-1.02,-0.111,0.26,0.686,0,0.217,1,motif_DP
NDM5_283_1,19,-2.02,-0.016,0.278,0.686,0,0.232,0,
NDM5_284_0,19,-1.02,-1.3,0.347,-0.014,0,0.289,1,motif_DP
NDM5_284_1,19,1.97,-1.105,0.374,-0.486,0,0.476,1,motif_DP
NDM5_285_0,19,-2.03,-0.184,0.36,0.814,0,0.3,1,motif_DS
NDM5_285_1,19,-2.03,-0.184,0.36,0.814,0,0.3,1,motif_DS
NDM5_286_0,19,3.97,-0.158,0.21,1.657,0,0.506,1,motif_DG
NDM5_286_1,19,0.97,-0.811,0.651,0.514,0,0.581,2,N-term_Q/E(pyroglutamate);motif_DG
NDM5_287_0,19,-2.02,-0.658,0.529,0.886,0,0.441,1,motif_DP
NDM5_287_1,19,-3.02,-0.379,0.537,0.929,0,0.447,1,motif_DP
NDM5_288_0,19,-1.03,-1.058,0.281,-0.129,0,0.234,1,motif_DG
NDM5_288_1,19,-2.03,-1.074,0.391,-0.586,0,0.325,1,motif_DG
NDM5_289_0,19,-4.02,-0.695,0.195,0.143,0,0.163,0,
NDM5_289_1,19,-4.02,-0.437,0.248,0.414,0,0.207,0,
NDM5_290_0,19,-4.02,0.005,0.37,1.471,0,0.309,1,N-term_Q/E(pyroglutamate)
NDM5_290_1,19,-4.02,-0.011,0.417,1.429,0,0.348,1,N-term_Q/E(pyroglutamate)
NDM5_291_0,19,-3.02,-0.595,0.272,0.186,0,0.227,2,motif_NG;motif_DP
NDM5_291_1,19,-3.02,-0.484,0.251,0.743,0,0.21,0,
NDM5_292_0,19,-3.02,0.668,0.126,1.814,0,0.105,0,
NDM5_292_1,19,-1.02,0.163,0.445,1.786,0,0.371,0,
NDM5_293_0,19,-1.99,0.184,0.678,1.686,0,0.5,0,
NDM5_293_1,19,1.01,-0.684,0.631,-0.1,0,0.584,1,motif_DP
NDM5_294_0,19,-5.02,-0.589,0.41,0.329,0,0.342,2,N-term_Q/E(pyroglutamate);motif_DG
NDM5_294_1,19,-6.02,-0.737,0.444,0.329,0,0.37,2,N-term_Q/E(pyroglutamate);motif_DG
NDM5_295_0,19,-3.02,-0.279,0.25,0.743,0,0.209,1,motif_NG
NDM5_295_1,19,-3.02,0.163,0.304,1.486,0,0.253,0,
NDM5_296_0,19,-3.02,-0.747,0.31,0.1,0,0.258,1,motif_DG
NDM5_296_1,19,-2.02,-0.242,0.238,0.429,0,0.199,1,motif_NG
NDM5_297_0,19,-1.03,-0.984,0.238,0.257,0,0.198,0,
NDM5_297_1,19,-2.03,-0.821,0.307,0.086,0,0.256,1,motif_DG
NDM5_298_0,19,-0.02,0.079,0.249,0.1,0,0.208,0,
NDM5_298_1,19,-0.02,0.137,0.235,0.571,0,0.196,1,homopolymer_run>=4
NDM5_299_0,19,-3.02,-1.0,0.635,1.386,0,0.5,2,motif_DP;motif_DS
NDM5_299_1,19,-7.02,-1.095,0.635,1.386,0,0.5,2,motif_DP;motif_DS
NDM5_300_0,32,-3.03,-0.797,0.485,1.029,0,0.404,0,
NDM5_300_1,32,-3.02,-0.522,0.602,1.029,0,0.5,0,
NDM5_301_0,32,-0.03,-0.362,0.631,1.929,0,0.5,0,
NDM5_301_1,32,-2.03,-1.663,0.544,-0.171,0,0.454,1,N-term_Q/E(pyroglutamate)
NDM5_302_0,32,-5.02,-0.847,0.539,0.543,0,0.449,3,N-term_Met(ox);motif_NG;motif_DS
NDM5_302_1,32,-2.03,-0.584,0.691,0.486,0,0.5,3,N-term_Met(ox);motif_DG;motif_DS
NDM5_303_0,32,-0.03,-0.75,0.284,1.129,0,0.237,2,motif_NG;motif_DP
NDM5_303_1,32,0.97,-0.875,0.381,0.4,0,0.399,2,motif_NG;motif_DP
NDM5_304_0,32,-2.99,-0.519,0.391,0.943,0,0.326,2,motif_DG;motif_DS
NDM5_304_1,32,-2.99,-0.566,0.427,0.3,0,0.356,1,motif_DG
NDM5_305_0,32,-7.03,-1.097,0.565,0.757,0,0.471,1,N-term_Met(ox)
NDM5_305_1,32,-8.03,-0.8,0.565,0.786,0,0.471,1,N-term_Met(ox)
NDM5_306_0,32,2.97,-0.75,0.59,1.143,0,0.739,1,homopolymer_run>=4
NDM5_306_1,32,4.97,-0.234,0.787,2.371,0,0.915,1,homopolymer_run>=4
NDM5_307_0,32,-5.02,-0.994,0.69,0.957,0,0.5,3,N-term_Q/E(pyroglutamate);motif_DP;motif_DS
NDM5_307_1,32,-1.02,-0.072,0.658,2.171,0,0.5,3,N-term_Q/E(pyroglutamate);motif_DP;motif_DS
NDM5_308_0,32,-0.02,-0.116,0.639,0.971,0,0.5,1,motif_DG
NDM5_308_1,32,-1.02,-0.341,0.555,0.971,0,0.463,1,motif_DG
NDM5_309_0,32,-5.02,-0.4,0.381,0.243,0,0.318,1,motif_DP
NDM5_309_1,32,-3.02,-0.984,0.458,0.186,0,0.382,0,
NDM5_310_0,16,-1.03,-1.344,0.268,-0.914,0,0.223,1,motif_DP
NDM5_310_1,16,-1.03,-1.125,0.359,-0.329,0,0.299,1,motif_DP
NDM5_311_0,16,-4.02,-0.6,0.24,-0.271,0,0.2,0,
NDM5_311_1,16,-4.02,-0.219,0.277,0.329,0,0.231,0,
NDM5_312_0,16,-1.03,0.119,0.293,0.314,0,0.244,0,
NDM5_312_1,16,-2.03,-0.575,0.163,-0.4,0,0.136,0,
NDM5_313_0,16,0.97,-0.456,0.661,0.2,0,0.581,0,
NDM5_313_1,16,-0.03,-0.906,0.5,-0.171,0,0.417,0,
NDM5_314_0,16,-1.02,0.025,0.141,0.771,0,0.118,0,
NDM5_314_1,16,-4.02,-0.606,0.194,0.843,0,0.161,0,
NDM5_315_0,16,1.97,0.012,0.561,1.286,0,0.632,1,homopolymer_run>=4
NDM5_315_1,16,0.98,0.206,0.435,1.214,0,0.444,1,homopolymer_run>=4
NDM5_316_0,16,0.98,-0.906,0.236,0.257,0,0.278,0,
NDM5_316_1,16,0.98,-1.025,0.233,-0.014,0,0.276,1,N-term_Met(ox)
NDM5_317_0,16,-0.02,-0.163,0.403,0.214,0,0.335,1,motif_DG
NDM5_317_1,16,1.97,-0.825,0.488,0.214,0,0.571,1,motif_DG
NDM5_318_0,16,-4.02,-0.156,0.3,0.6,0,0.25,1,motif_DP
NDM5_318_1,16,-3.02,0.012,0.243,0.6,0,0.202,0,
NDM5_319_0,16,-1.03,0.025,0.303,0.714,0,0.252,1,motif_DG
NDM5_319_1,16,-0.03,-0.05,0.335,0.429,0,0.279,1,motif_DG
NDM5_320_0,20,-2.98,-0.95,0.571,0.386,0,0.476,1,N-term_Q/E(pyroglutamate)
NDM5_320_1,20,-4.98,-0.215,0.418,1.143,0,0.349,1,N-term_Q/E(pyroglutamate)
NDM5_321_0,20,-2.02,0.115,0.426,1.671,0,0.355,0,
NDM5_321_1,20,-0.02,0.065,0.481,1.357,0,0.401,0,
NDM5_322_0,20,-1.03,0.51,0.46,1.529,0,0.383,1,N-term_Q/E(pyroglutamate)
NDM5_322_1,20,-3.03,0.325,0.383,1.6,0,0.319,1,N-term_Q/E(pyroglutamate)
NDM5_323_0,20,-2.03,-0.37,0.492,0.586,0,0.41,0,
NDM5_323_1,20,-1.99,-0.875,0.328,0.186,0,0.273,0,
NDM5_324_0,20,-2.99,-0.185,0.528,0.243,0,0.44,2,motif_NG;motif_DG
NDM5_324_1,20,-3.02,-0.045,0.442,0.5,0,0.368,2,motif_NG;motif_DG
NDM5_325_0,20,-4.02,-0.29,0.492,1.1,0,0.41,1,motif_DP
NDM5_325_1,20,-4.03,-0.425,0.457,1.1,0,0.381,1,motif_DP
NDM5_326_0,20,-1.03,-0.825,0.318,1.529,0,0.265,1,motif_DP
NDM5_326_1,20,-1.03,-0.27,0.442,1.243,0,0.368,2,motif_DP;homopolymer_run>=4
NDM5_327_0,20,-6.02,-1.095,0.311,-0.214,0,0.259,1,motif_DG
NDM5_327_1,20,-3.03,-0.965,0.277,0.586,0,0.231,1,motif_NG
NDM5_328_0,20,-2.02,-1.355,0.478,-0.414,0,0.398,0,
NDM5_328_1,20,-4.02,-0.71,0.534,0.671,0,0.445,1,motif_DG
NDM5_329_0,20,-3.02,0.44,0.294,1.771,0,0.245,1,motif_DP
NDM5_329_1,20,-3.02,0.28,0.233,1.843,0,0.194,1,motif_DP
NDM5_330_0,20,-2.02,0.19,0.319,0.986,0,0.266,0,
NDM5_330_1,20,-4.02,-0.265,0.49,0.886,0,0.408,1,motif_NG
NDM5_331_0,20,-5.02,-0.665,0.443,0.957,0,0.369,2,motif_NG;motif_DP
NDM5_331_1,20,-3.02,-0.54,0.537,0.143,0,0.447,2,N-term_Q/E(pyroglutamate);motif_NG
NDM5_332_0,20,-3.02,0.365,0.336,1.386,0,0.28,0,
NDM5_332_1,20,-2.02,0.59,0.206,2.114,0,0.172,0,
NDM5_333_0,20,-2.02,-1.31,0.543,-0.829,0,0.453,2,motif_NG;motif_DG
NDM5_333_1,20,-2.03,-0.58,0.323,0.243,0,0.269,2,motif_NG;motif_DG
NDM5_334_0,20,-3.02,-0.165,0.198,0.371,0,0.165,0,
NDM5_334_1,20,-1.03,-0.3,0.28,0.129,0,0.233,0,
NDM5_335_0,20,-2.02,-0.38,0.677,0.471,0,0.5,0,
NDM5_335_1,20,-1.02,0.77,0.389,1.8,0,0.324,1,homopolymer_run>=4
NDM5_336_0,20,-3.02,0.02,0.237,2.314,0,0.198,1,motif_DG
NDM5_336_1,20,-4.02,-0.61,0.508,1.214,0,0.424,2,N-term_Q/E(pyroglutamate);motif_DG
NDM5_337_0,20,-3.02,-0.28,0.568,2.029,0,0.474,1,motif_DG
NDM5_337_1,20,-2.02,0.495,0.355,1.9,0,0.296,1,motif_DG
NDM5_338_0,20,-4.02,-0.895,0.502,0.629,0,0.419,1,N-term_Q/E(pyroglutamate)
NDM5_338_1,20,-4.02,-0.265,0.531,0.914,0,0.443,1,N-term_Q/E(pyroglutamate)
NDM5_339_0,20,0.98,-0.185,0.656,0.857,0,0.581,1,N-term_Q/E(pyroglutamate)
NDM5_339_1,20,2.98,-0.345,0.782,0.4,0,0.748,0,
NDM5_340_0,23,0.97,0.178,0.277,1.943,0,0.312,1,motif_DG
NDM5_340_1,23,-2.02,0.509,0.326,1.671,0,0.272,2,N-term_Q/E(pyroglutamate);motif_DG
NDM5_341_0,23,-2.02,-0.248,0.527,1.057,0,0.439,1,N-term_Q/E(pyroglutamate)
NDM5_341_1,23,-4.02,-0.548,0.546,1.057,0,0.455,2,motif_NG;motif_DG
NDM5_342_0,23,-2.03,-0.443,0.459,0.514,0,0.382,1,motif_DP
NDM5_342_1,23,-2.03,-0.061,0.448,1.1,0,0.374,0,
NDM5_343_0,23,-2.02,-0.104,0.437,1.771,0,0.364,2,motif_NG;motif_DG
NDM5_343_1,23,-2.02,-0.361,0.437,1.286,0,0.364,2,motif_NG;motif_DG
NDM5_344_0,23,-1.02,-0.013,0.433,1.257,0,0.361,0,
NDM5_344_1,23,-3.02,-0.835,0.596,0.471,0,0.496,0,
NDM5_345_0,23,-3.02,-0.317,0.547,0.871,0,0.456,0,
NDM5_345_1,23,-4.02,-0.691,0.524,0.814,0,0.437,0,
NDM5_346_0,23,-1.99,0.835,0.181,2.014,0,0.151,0,
NDM5_346_1,23,-1.99,0.565,0.212,2.043,0,0.177,1,motif_DS
NDM5_347_0,23,-1.03,-0.587,0.65,0.771,0,0.5,0,
NDM5_347_1,23,-4.02,-0.13,0.584,0.671,0,0.487,0,
NDM5_348_0,23,0.98,0.839,0.627,1.714,0,0.581,1,homopolymer_run>=4
NDM5_348_1,23,-1.02,-0.922,0.496,0.014,0,0.413,1,motif_DG
NDM5_349_0,23,-2.02,-1.63,0.671,-0.571,0,0.5,1,motif_DS
NDM5_349_1,23,-4.03,-1.765,0.538,-0.571,0,0.448,1,motif_DS
NDM5_350_0,16,-0.03,-0.688,0.364,0.014,0,0.303,1,motif_DP
NDM5_350_1,16,-0.02,-0.169,0.251,0.471,0,0.209,1,motif_DP
NDM5_351_0,16,-3.02,0.531,0.38,1.543,0,0.317,1,motif_DP
NDM5_351_1,16,-2.02,0.344,0.539,1.643,0,0.449,1,motif_DP
NDM5_352_0,16,-1.02,0.444,0.185,1.186,0,0.154,0,
NDM5_352_1,16,-0.03,0.794,0.192,1.457,0,0.16,0,
NDM5_353_0,16,-1.02,-0.481,0.325,1.286,0,0.271,0,
NDM5_353_1,16,-1.02,-0.075,0.205,1.329,0,0.17,1,homopolymer_run>=4
NDM5_354_0,16,-1.03,-0.063,0.211,1.071,0,0.175,0,
NDM5_354_1,16,-0.02,0.569,0.146,1.286,0,0.122,0,
NDM5_355_0,16,-0.02,0.787,0.096,1.2,0,0.08,0,
NDM5_355_1,16,-0.02,0.912,0.096,1.486,0,0.08,1,homopolymer_run>=4
NDM5_356_0,16,-2.02,0.188,0.321,1.057,0,0.268,0,
NDM5_356_1,16,-2.02,0.144,0.292,0.986,0,0.243,0,
NDM5_357_0,16,-1.02,-0.013,0.243,1.057,0,0.202,0,
NDM5_357_1,16,-1.02,-0.056,0.22,0.957,0,0.184,0,
NDM5_358_0,16,-0.03,-0.338,0.196,1.129,0,0.163,0,
NDM5_358_1,16,-0.03,-0.65,0.188,1.129,0,0.157,0,
NDM5_359_0,16,-1.02,0.144,0.139,0.686,0,0.116,2,N-term_Q/E(pyroglutamate);homopolymer_run>=4
NDM5_359_1,16,-0.02,0.412,0.051,1.0,0,0.042,1,homopolymer_run>=4
NDM5_360_0,20,-1.03,-0.325,0.69,0.614,0,0.5,1,motif_DS
NDM5_360_1,20,-2.02,0.875,0.53,1.3,0,0.441,1,motif_DS
NDM5_361_0,20,-1.02,0.135,0.449,1.143,0,0.375,1,motif_DG
NDM5_361_1,20,-0.02,-0.14,0.365,1.143,0,0.304,1,motif_DG
NDM5_362_0,20,-0.03,-0.29,0.409,0.371,0,0.341,0,
NDM5_362_1,20,-2.02,0.865,0.176,1.886,0,0.147,0,
NDM5_363_0,20,-4.02,-0.21,0.33,0.829,0,0.275,2,N-term_Met(ox);motif_DS
NDM5_363_1,20,-5.02,-0.145,0.21,1.9,0,0.175,1,motif_DS
NDM5_364_0,20,-2.95,-0.555,0.262,0.714,0,0.218,1,N-term_Met(ox)
NDM5_364_1,20,-1.99,-0.155,0.249,0.971,0,0.208,0,
NDM5_365_0,20,-2.03,-0.335,0.335,1.171,0,0.279,2,N-term_Q/E(pyroglutamate);motif_DG
NDM5_365_1,20,-0.02,-0.22,0.512,0.586,0,0.427,1,N-term_Q/E(pyroglutamate)
NDM5_366_0,20,-3.02,0.205,0.198,0.871,0,0.165,0,
NDM5_366_1,20,-2.02,0.365,0.176,0.957,0,0.146,0,
NDM5_367_0,20,-3.03,-1.075,0.388,0.3,0,0.323,0,
NDM5_367_1,20,-1.03,-1.345,0.455,-0.357,0,0.379,0,
NDM5_368_0,20,-2.02,0.225,0.456,1.186,0,0.38,2,N-term_Q/E(pyroglutamate);motif_DP
NDM5_368_1,20,-3.02,-0.455,0.379,0.943,0,0.316,2,N-term_Q/E(pyroglutamate);motif_DP
NDM5_369_0,20,-3.02,-0.595,0.703,0.343,0,0.5,1,motif_DP
NDM5_369_1,20,-2.02,-0.875,0.734,-0.214,0,0.5,1,motif_DP
NDM5_370_0,15,-1.03,0.307,0.219,1.129,0,0.182,0,
NDM5_370_1,15,-1.03,0.6,0.191,0.814,0,0.159,0,
NDM5_371_0,15,-1.02,0.72,0.388,1.443,0,0.324,0,
NDM5_371_1,15,-1.02,0.4,0.36,1.3,0,0.3,0,
NDM5_372_0,15,-3.02,-0.02,0.251,0.757,0,0.209,0,
NDM5_372_1,15,-3.02,0.087,0.319,1.3,0,0.266,1,motif_DG
NDM5_373_0,15,-2.02,0.3,0.191,1.6,0,0.159,0,
NDM5_373_1,15,-2.02,0.353,0.152,1.657,0,0.126,0,
NDM5_374_0,15,-2.02,-0.233,0.182,0.086,0,0.152,1,homopolymer_run>=4
NDM5_374_1,15,-1.02,0.12,0.182,0.229,0,0.152,1,homopolymer_run>=4
NDM5_375_0,15,-0.99,-0.753,0.276,-0.3,0,0.23,0,
NDM5_375_1,15,-1.99,-0.273,0.093,0.357,0,0.078,0,
NDM5_376_0,15,0.97,1.013,0.2,2.043,0,0.248,0,
NDM5_376_1,15,-0.02,1.34,0.084,2.043,0,0.07,0,
NDM5_377_0,15,-0.02,-0.627,0.103,-0.357,0,0.086,0,
NDM5_377_1,15,-1.02,-1.047,0.199,-0.729,0,0.166,1,motif_DP
NDM5_378_0,15,-0.02,0.067,0.089,0.771,0,0.074,0,
NDM5_378_1,15,-0.02,0.173,0.092,0.343,0,0.076,1,homopolymer_run>=4
NDM5_379_0,15,-1.02,0.127,0.097,0.829,0,0.081,0,
NDM5_379_1,15,-1.02,0.127,0.097,0.829,0,0.081,0,
NDM5_380_0,45,-5.02,-0.058,0.596,1.757,0,0.497,0,
NDM5_380_1,45,-4.03,-0.373,0.612,1.3,0,0.5,0,
NDM5_381_0,45,-0.03,-0.656,0.673,0.914,0,0.5,1,N-term_Q/E(pyroglutamate)
NDM5_381_1,45,-3.02,-0.531,0.982,1.257,0,0.5,2,N-term_Q/E(pyroglutamate);motif_DP
NDM5_382_0,45,-3.03,0.398,0.588,3.086,0,0.49,1,motif_NG
NDM5_382_1,45,-5.03,0.216,0.494,3.086,0,0.412,0,
NDM5_383_0,45,-1.02,0.369,0.577,2.143,0,0.481,0,
NDM5_383_1,45,-3.02,0.447,0.577,1.8,0,0.481,1,homopolymer_run>=4
NDM5_384_0,45,-6.02,0.102,0.478,1.8,0,0.399,0,
NDM5_384_1,45,-6.03,-0.676,0.507,1.8,0,0.423,0,
NDM5_385_0,45,-4.02,-0.178,0.565,1.543,0,0.471,1,homopolymer_run>=4
NDM5_385_1,45,-0.02,-0.264,0.509,1.543,0,0.424,1,homopolymer_run>=4
NDM5_386_0,45,-4.02,0.233,0.556,2.529,0,0.463,0,
NDM5_386_1,45,-9.02,0.149,0.538,1.3,0,0.449,0,
NDM5_387_0,45,-8.02,-0.173,0.508,1.786,0,0.423,1,motif_DP
NDM5_387_1,45,-5.02,-0.327,0.695,1.086,0,0.5,1,motif_DP
NDM5_388_0,45,-0.03,-0.396,0.6,2.314,0,0.5,1,motif_DG
NDM5_388_1,45,-2.03,-0.256,0.564,1.343,0,0.47,1,motif_DG
NDM5_389_0,45,-4.02,0.296,0.344,1.671,0,0.286,2,motif_NG;motif_DS
NDM5_389_1,45,-2.99,-0.002,0.344,1.957,0,0.286,2,motif_NG;motif_DS
NDM5_390_0,44,-7.03,-0.291,0.367,0.943,0,0.306,2,motif_DG;motif_DP
NDM5_390_1,44,-5.99,-0.648,0.347,0.357,0,0.289,2,motif_DG;motif_DP
NDM5_391_0,44,-3.03,0.155,0.485,1.929,0,0.404,0,
NDM5_391_1,44,-0.03,0.016,0.506,2.486,0,0.422,0,
NDM5_392_0,44,-4.99,-0.059,0.565,0.929,0,0.471,1,motif_DP
NDM5_392_1,44,-4.03,-0.002,0.628,0.929,0,0.5,2,N-term_Met(ox);motif_DP
NDM5_393_0,44,-1.03,-0.32,0.489,0.829,0,0.408,1,motif_DP
NDM5_393_1,44,-0.99,0.214,0.237,3.057,0,0.197,1,motif_DG
NDM5_394_0,44,4.01,-1.0,0.46,0.157,0,0.717,2,N-term_Met(ox);motif_DG
NDM5_394_1,44,2.01,-0.905,0.438,0.357,0,0.533,1,motif_DG
NDM5_395_0,44,-2.02,-0.532,0.619,2.1,0,0.5,2,N-term_Q/E(pyroglutamate);motif_DS
NDM5_395_1,44,1.97,-0.843,0.75,2.043,0,0.664,1,motif_DS
NDM5_396_0,44,-6.03,-0.518,0.517,1.243,0,0.431,2,motif_DG;motif_DP
NDM5_396_1,44,-6.03,-0.748,0.49,1.314,0,0.408,3,motif_DG;motif_DP;motif_DS
NDM5_397_0,44,-4.02,0.134,0.64,1.371,0,0.5,0,
NDM5_397_1,44,-5.02,-0.148,0.621,1.143,0,0.5,0,
NDM5_398_0,44,-3.02,0.039,0.514,1.814,0,0.428,0,
NDM5_398_1,44,-4.02,-0.609,0.584,1.543,0,0.487,0,
NDM5_399_0,44,-3.03,-0.227,0.331,2.186,0,0.276,2,motif_NG;motif_DG
NDM5_399_1,44,-0.03,-0.082,0.344,1.029,0,0.286,3,motif_NG;motif_DG;motif_DS
NDM5_400_0,21,-3.03,-1.452,0.3,0.171,0,0.25,1,motif_DG
NDM5_400_1,21,-1.03,-0.69,0.476,0.386,0,0.396,1,motif_DG
NDM5_401_0,21,-1.02,0.443,0.619,1.029,0,0.5,0,
NDM5_401_1,21,-3.02,-0.152,0.417,1.071,0,0.348,0,
NDM5_402_0,21,-6.02,-0.39,0.174,0.186,0,0.145,0,
NDM5_402_1,21,-7.02,-0.448,0.176,0.343,0,0.147,0,
NDM5_403_0,21,1.97,-0.405,0.775,0.614,0,0.664,1,motif_DP
NDM5_403_1,21,-0.02,0.748,0.703,2.1,0,0.5,1,motif_DP
NDM5_404_0,21,-1.99,0.429,0.252,1.371,0,0.21,0,
NDM5_404_1,21,-2.03,0.148,0.44,1.3,0,0.367,0,
NDM5_405_0,21,0.98,-0.152,0.324,0.957,0,0.351,1,N-term_Met(ox)
NDM5_405_1,21,1.97,-0.11,0.234,0.957,0,0.359,1,N-term_Met(ox)
NDM5_406_0,21,-1.02,0.071,0.526,0.786,0,0.438,0,
NDM5_406_1,21,-1.02,0.09,0.526,0.786,0,0.438,0,
NDM5_407_0,21,-0.02,0.819,0.429,1.814,0,0.357,1,motif_DS
NDM5_407_1,21,-1.02,0.89,0.159,1.529,0,0.133,1,motif_DP
NDM5_408_0,21,-2.02,0.133,0.323,1.657,0,0.269,1,motif_DG
NDM5_408_1,21,-2.02,-0.119,0.368,0.957,0,0.306,1,motif_DG
NDM5_409_0,21,0.97,-1.024,0.685,0.471,0,0.581,2,motif_DS;motif_NS
NDM5_409_1,21,0.97,-1.548,0.56,0.1,0,0.548,1,motif_NS
NDM5_410_0,33,-1.03,-0.267,0.381,1.529,0,0.318,2,motif_NG;homopolymer_run>=4
NDM5_410_1,33,-1.03,-0.718,0.514,0.543,0,0.428,1,motif_NG
NDM5_411_0,33,-2.03,0.118,0.288,1.629,0,0.24,2,motif_DP;homopolymer_run>=4
NDM5_411_1,33,-1.03,-0.027,0.27,2.057,0,0.225,1,motif_DP
NDM5_412_0,33,-2.02,0.861,0.407,2.371,0,0.339,1,motif_DG
NDM5_412_1,33,0.97,0.87,0.407,2.386,0,0.42,1,motif_NG
NDM5_413_0,33,-4.02,0.179,0.36,2.186,0,0.3,0,
NDM5_413_1,33,-8.02,-0.273,0.491,1.014,0,0.41,1,N-term_Q/E(pyroglutamate)
NDM5_414_0,33,-2.03,-1.258,0.649,0.086,0,0.5,0,
NDM5_414_1,33,-0.99,-1.155,0.718,0.286,0,0.5,0,
NDM5_415_0,33,-3.03,-0.412,0.565,0.557,0,0.471,1,N-term_Q/E(pyroglutamate)
NDM5_415_1,33,-3.03,0.518,0.405,2.086,0,0.337,0,
NDM5_416_0,33,-2.02,0.103,0.426,1.643,0,0.355,1,motif_NG
NDM5_416_1,33,-3.02,0.697,0.48,2.4,0,0.4,1,motif_NG
NDM5_417_0,33,-3.02,-0.642,0.518,2.157,0,0.431,1,motif_DS
NDM5_417_1,33,-4.02,-0.361,0.441,2.229,0,0.367,1,motif_DG
NDM5_418_0,33,-2.03,-0.406,0.635,2.1,0,0.5,2,N-term_Q/E(pyroglutamate);motif_DG
NDM5_418_1,33,-6.02,-0.07,0.617,2.657,0,0.5,2,N-term_Q/E(pyroglutamate);motif_DG
NDM5_419_0,33,-0.03,0.067,0.446,2.029,0,0.372,1,motif_DG
NDM5_419_1,33,-3.02,-0.558,0.493,1.814,0,0.411,1,motif_DG
NDM5_420_0,33,-3.02,0.455,0.607,2.2,0,0.5,0,
NDM5_420_1,33,-3.02,-0.082,0.503,1.286,0,0.419,0,
NDM5_421_0,33,-0.02,-0.964,0.537,1.029,0,0.448,2,N-term_Q/E(pyroglutamate);motif_DS
NDM5_421_1,33,-1.02,-0.827,0.368,0.686,0,0.307,2,N-term_Q/E(pyroglutamate);motif_DS
NDM5_422_0,33,0.98,-0.439,0.755,0.8,0,0.581,0,
NDM5_422_1,33,-4.02,0.161,0.487,1.243,0,0.406,1,N-term_Q/E(pyroglutamate)
NDM5_423_0,33,-1.95,-0.57,0.199,0.414,0,0.166,1,motif_DS
NDM5_423_1,33,0.01,-0.197,0.179,0.671,0,0.15,0,
NDM5_424_0,33,-3.02,0.003,0.293,1.2,0,0.245,1,homopolymer_run>=4
NDM5_424_1,33,1.98,0.2,0.349,1.229,0,0.455,2,motif_DP;homopolymer_run>=4
NDM5_425_0,33,-2.03,-0.112,0.588,1.614,0,0.49,1,N-term_Met(ox)
NDM5_425_1,33,-6.02,0.355,0.611,2.371,0,0.5,1,N-term_Met(ox)
NDM5_426_0,33,-0.03,-0.027,0.54,1.214,0,0.45,2,motif_DG;motif_DS
NDM5_426_1,33,-1.03,-0.282,0.563,1.814,0,0.469,2,motif_DG;motif_NS
NDM5_427_0,33,-2.03,-0.939,0.639,0.086,0,0.5,1,motif_NG
NDM5_427_1,33,-5.02,-0.821,0.731,0.086,0,0.5,1,motif_NG
NDM5_428_0,33,-3.02,-0.606,0.49,2.029,0,0.408,1,N-term_Q/E(pyroglutamate)
NDM5_428_1,33,-3.02,-0.767,0.793,0.386,0,0.5,1,N-term_Q/E(pyroglutamate)
NDM5_429_0,33,-4.02,-0.236,0.419,1.457,0,0.349,2,N-term_Q/E(pyroglutamate);motif_DS
NDM5_429_1,33,-5.02,-0.039,0.608,2.5,0,0.5,2,N-term_Q/E(pyroglutamate);motif_DS
NDM5_430_0,36,-0.02,-0.569,0.728,0.971,0,0.5,1,motif_DP
NDM5_430_1,36,-4.02,-0.558,0.651,0.857,0,0.5,1,motif_DP
NDM5_431_0,36,-5.02,-0.011,0.683,2.014,0,0.5,0,
NDM5_431_1,36,-6.02,0.125,0.626,1.6,0,0.5,0,
NDM5_432_0,36,-3.02,0.314,0.568,1.357,0,0.473,0,
NDM5_432_1,36,0.97,0.097,0.563,1.329,0,0.551,0,
NDM5_433_0,36,-4.03,-0.119,0.463,1.443,0,0.386,1,motif_DP
NDM5_433_1,36,-4.02,-0.039,0.444,1.7,0,0.37,1,motif_DP
NDM5_434_0,36,-2.02,0.028,0.423,2.086,0,0.352,3,N-term_Q/E(pyroglutamate);motif_DG;homopolymer_run>=4
NDM5_434_1,36,-2.02,0.328,0.164,2.086,0,0.137,2,motif_DG;homopolymer_run>=4
NDM5_435_0,36,-6.02,-1.15,0.513,0.386,0,0.428,2,N-term_Q/E(pyroglutamate);motif_DG
NDM5_435_1,36,-4.03,-1.381,0.735,0.386,0,0.5,2,N-term_Q/E(pyroglutamate);motif_DG
NDM5_436_0,36,-3.03,-0.878,0.427,1.629,0,0.356,3,motif_NG;motif_DG;motif_DP
NDM5_436_1,36,-1.03,-1.0,0.316,0.371,0,0.263,2,motif_NG;motif_DG
NDM5_437_0,36,-6.02,0.342,0.51,2.243,0,0.425,4,motif_DG;motif_DP;motif_DS;homopolymer_run>=4
NDM5_437_1,36,-2.03,0.178,0.552,1.429,0,0.46,0,
NDM5_438_0,36,1.97,-1.044,0.582,0.329,0,0.649,3,motif_NG;motif_DG;motif_NS
NDM5_438_1,36,-0.03,-0.194,0.525,0.657,0,0.438,3,motif_NG;motif_DG;motif_NS
NDM5_439_0,36,-4.99,-0.361,0.305,0.6,0,0.254,1,motif_DG
NDM5_439_1,36,-7.02,-0.181,0.244,1.343,0,0.203,1,motif_DG
NDM5_440_0,31,-5.02,-0.581,0.806,0.929,0,0.5,1,N-term_Q/E(pyroglutamate)
NDM5_440_1,31,-0.03,-0.49,0.769,1.314,0,0.5,0,
NDM5_441_0,31,-1.03,-0.265,0.636,0.986,0,0.5,0,
NDM5_441_1,31,-0.03,-0.277,0.485,1.771,0,0.404,0,
NDM5_442_0,31,-4.02,-0.052,0.347,2.057,0,0.289,0,
NDM5_442_1,31,-4.03,-0.623,0.43,1.357,0,0.358,0,
NDM5_443_0,31,-1.02,1.035,0.16,1.8,0,0.133,1,homopolymer_run>=4
NDM5_443_1,31,1.98,0.871,0.296,1.8,0,0.412,1,homopolymer_run>=4
NDM5_444_0,31,-0.99,-0.235,0.529,1.086,0,0.441,0,
NDM5_444_1,31,0.01,0.3,0.305,1.857,0,0.255,0,
NDM5_445_0,31,0.97,-1.219,0.655,0.5,0,0.581,1,N-term_Q/E(pyroglutamate)
NDM5_445_1,31,-6.02,-1.042,0.7,0.643,0,0.5,1,N-term_Q/E(pyroglutamate)
NDM5_446_0,31,-4.02,-1.052,0.751,0.957,0,0.5,0,
NDM5_446_1,31,0.97,-1.168,0.694,1.043,0,0.581,1,N-term_Q/E(pyroglutamate)
NDM5_447_0,31,-4.02,-0.755,0.634,0.5,0,0.5,1,N-term_Q/E(pyroglutamate)
NDM5_447_1,31,-0.02,0.426,0.406,2.714,0,0.339,0,
NDM5_448_0,31,-3.99,-0.435,0.325,0.729,0,0.271,2,motif_NG;motif_DS
NDM5_448_1,31,-1.99,-0.113,0.231,1.714,0,0.193,1,motif_NG
NDM5_449_0,31,-1.02,-0.032,0.573,1.414,0,0.478,1,motif_DP
NDM5_449_1,31,-2.02,-0.142,0.538,1.786,0,0.449,1,motif_DP
NDM5_450_0,36,-5.03,-0.675,0.368,0.571,0,0.307,1,motif_DP
NDM5_450_1,36,-3.03,-0.936,0.397,0.2,0,0.331,1,motif_DG
NDM5_451_0,36,-2.02,-0.65,0.445,0.843,0,0.37,1,motif_DG
NDM5_451_1,36,-2.02,-0.678,0.381,0.771,0,0.318,1,motif_DG
NDM5_452_0,36,1.98,0.467,0.539,1.8,0,0.614,1,homopolymer_run>=4
NDM5_452_1,36,-1.98,0.278,0.531,1.657,0,0.443,2,motif_DG;homopolymer_run>=4
NDM5_453_0,36,-1.99,-0.403,0.346,1.186,0,0.288,1,motif_NG
NDM5_453_1,36,-5.98,-0.664,0.32,0.543,0,0.267,1,motif_NG
NDM5_454_0,36,-2.02,0.703,0.425,1.757,0,0.354,0,
NDM5_454_1,36,-2.02,-0.442,0.797,1.0,0,0.5,1,N-term_Q/E(pyroglutamate)
NDM5_455_0,36,-4.02,-0.614,0.472,1.171,0,0.393,1,motif_DG
NDM5_455_1,36,-3.02,-0.525,0.436,1.486,0,0.364,2,motif_DG;motif_DP
NDM5_456_0,36,-3.02,0.269,0.534,2.1,0,0.445,0,
NDM5_456_1,36,-3.02,0.439,0.432,2.243,0,0.36,0,
NDM5_457_0,36,-1.03,-0.294,0.427,1.4,0,0.356,0,
NDM5_457_1,36,-0.03,-0.553,0.454,1.229,0,0.379,0,
NDM5_458_0,36,-4.02,-0.5,0.309,0.8,0,0.258,3,motif_DG;motif_DP;motif_NS
NDM5_458_1,36,-4.02,-0.897,0.333,0.486,0,0.278,4,motif_NG;motif_DP;motif_DS;motif_NS
NDM5_459_0,36,-5.02,-0.761,0.558,0.629,0,0.465,1,motif_DG
NDM5_459_1,36,-5.02,-0.553,0.591,0.729,0,0.492,1,motif_DG
NDM5_460_0,22,-4.02,-0.15,0.405,0.629,0,0.337,1,motif_DG
NDM5_460_1,22,-2.02,-0.691,0.484,0.614,0,0.403,1,motif_DG
NDM5_461_0,22,-2.02,0.282,0.416,1.029,0,0.346,0,
NDM5_461_1,22,-0.03,-0.468,0.554,1.157,0,0.462,1,motif_DG
NDM5_462_0,22,-4.02,-0.6,0.762,0.386,0,0.5,1,motif_DS
NDM5_462_1,22,-2.02,-0.782,0.885,-0.2,0,0.5,1,motif_DS
NDM5_463_0,22,-4.03,-0.555,0.405,0.557,0,0.337,1,motif_DG
NDM5_463_1,22,-3.03,0.036,0.191,1.557,0,0.159,1,motif_DG
NDM5_464_0,22,-3.02,0.086,0.418,1.229,0,0.349,1,motif_DP
NDM5_464_1,22,-3.02,0.536,0.294,1.229,0,0.245,1,motif_DP
NDM5_465_0,22,0.97,-0.805,0.621,1.029,0,0.581,1,N-term_Q/E(pyroglutamate)
NDM5_465_1,22,1.97,-0.532,0.558,1.643,0,0.63,0,
NDM5_466_0,22,-3.02,-0.673,0.49,1.1,0,0.408,1,N-term_Q/E(pyroglutamate)
NDM5_466_1,22,-2.02,-0.964,0.737,0.0,0,0.5,1,N-term_Q/E(pyroglutamate)
NDM5_467_0,22,-2.02,1.305,0.268,2.471,0,0.224,1,homopolymer_run>=4
NDM5_467_1,22,-1.02,0.609,0.497,1.186,0,0.414,1,homopolymer_run>=4
NDM5_468_0,22,-7.02,-0.405,0.173,1.029,0,0.144,2,motif_DG;motif_DP
NDM5_468_1,22,-6.02,-0.027,0.218,1.757,0,0.182,2,motif_DG;motif_DP
NDM5_469_0,22,-3.02,0.314,0.542,1.057,0,0.452,1,motif_DG
NDM5_469_1,22,-3.02,-0.055,0.685,0.6,0,0.5,2,motif_DG;motif_DS
NDM5_470_0,44,-0.98,-0.905,0.574,1.529,0,0.478,2,N-term_Met(ox);motif_DP
NDM5_470_1,44,-1.02,-0.75,0.645,1.529,0,0.5,1,motif_DP
NDM5_471_0,44,-6.02,-0.234,0.541,1.671,0,0.451,0,
NDM5_471_1,44,-6.02,-0.295,0.49,1.286,0,0.408,0,
NDM5_472_0,44,-3.03,0.039,0.6,1.929,0,0.5,0,
NDM5_472_1,44,-2.03,0.005,0.59,1.971,0,0.492,1,N-term_Q/E(pyroglutamate)
NDM5_473_0,44,-2.03,0.016,0.693,2.0,0,0.5,1,motif_DG
NDM5_473_1,44,-2.99,0.255,0.61,1.943,0,0.5,1,motif_DG
NDM5_474_0,44,-4.02,-0.273,0.496,1.286,0,0.413,0,
NDM5_474_1,44,-3.02,-0.334,0.547,1.771,0,0.456,1,motif_DP
NDM5_475_0,44,-8.02,-0.414,0.409,1.829,0,0.341,0,
NDM5_475_1,44,-7.02,-0.173,0.569,1.986,0,0.474,0,
NDM5_476_0,44,-2.03,-0.714,0.448,0.814,0,0.374,1,motif_NG
NDM5_476_1,44,-0.03,-0.552,0.374,0.814,0,0.312,2,motif_NG;motif_DG
NDM5_477_0,44,-1.03,-0.464,0.624,1.2,0,0.5,2,motif_DG;motif_DP
NDM5_477_1,44,-1.03,-0.461,0.568,1.6,0,0.474,2,motif_DG;motif_DP
NDM5_478_0,44,-5.02,-0.536,0.679,1.1,0,0.5,0,
NDM5_478_1,44,-7.02,-0.041,0.491,1.143,0,0.409,0,
NDM5_479_0,44,-2.03,-0.193,0.486,0.9,0,0.405,1,homopolymer_run>=4
NDM5_479_1,44,-0.02,-0.061,0.707,1.0,0,0.5,0,
NDM5_480_0,45,-6.02,-0.311,0.49,0.971,0,0.408,3,N-term_Q/E(pyroglutamate);motif_DG;motif_DP
NDM5_480_1,45,-5.02,-0.193,0.533,1.4,0,0.444,3,N-term_Q/E(pyroglutamate);motif_DG;motif_DP
NDM5_481_0,45,-7.03,-1.284,0.525,0.514,0,0.437,0,
NDM5_481_1,45,-1.03,-1.422,0.601,0.9,0,0.5,1,motif_NG
NDM5_482_0,45,-3.03,-0.671,0.491,0.757,0,0.409,2,motif_DP;homopolymer_run>=4
NDM5_482_1,45,-4.03,-0.584,0.491,1.071,0,0.409,2,motif_DP;homopolymer_run>=4
NDM5_483_0,45,-4.02,-0.518,0.605,2.357,0,0.5,0,
NDM5_483_1,45,-5.02,-0.822,0.635,1.157,0,0.5,0,
NDM5_484_0,45,1.01,-0.418,0.506,0.957,0,0.506,3,motif_DG;motif_DP;homopolymer_run>=4
NDM5_484_1,45,1.01,-0.371,0.506,1.314,0,0.506,3,motif_DG;motif_DP;homopolymer_run>=4
NDM5_485_0,45,0.97,-0.562,0.478,1.343,0,0.479,0,
NDM5_485_1,45,0.97,-0.311,0.49,1.514,0,0.489,0,
NDM5_486_0,45,-3.03,-0.513,0.541,1.314,0,0.451,2,motif_DP;motif_DS
NDM5_486_1,45,-2.03,-0.391,0.332,1.529,0,0.277,1,motif_DP
NDM5_487_0,45,-2.03,-0.627,0.352,0.414,0,0.294,1,motif_DG
NDM5_487_1,45,-1.03,-0.564,0.422,0.986,0,0.352,1,motif_NG
NDM5_488_0,45,-1.03,-0.362,0.657,1.157,0,0.5,1,motif_DP
NDM5_488_1,45,0.01,-0.271,0.545,1.314,0,0.455,1,motif_DP
NDM5_489_0,45,-1.03,0.431,0.416,2.157,0,0.347,1,motif_DP
NDM5_489_1,45,-3.03,0.391,0.329,2.171,0,0.274,1,motif_DP
NDM5_490_0,38,-5.02,-0.342,0.625,1.543,0,0.5,1,motif_DG
NDM5_490_1,38,-3.02,-0.629,0.651,1.543,0,0.5,1,motif_DG
NDM5_491_0,38,-7.02,-0.368,0.496,1.414,0,0.413,1,motif_DP
NDM5_491_1,38,-8.03,-0.503,0.49,1.414,0,0.409,1,motif_DP
NDM5_492_0,38,-1.02,-0.082,0.498,1.386,0,0.415,0,
NDM5_492_1,38,-0.99,-0.6,0.464,0.971,0,0.386,1,motif_NG
NDM5_493_0,38,-5.99,-0.284,0.544,0.957,0,0.453,1,motif_DP
NDM5_493_1,38,-2.99,-0.013,0.454,0.957,0,0.378,1,motif_DP
NDM5_494_0,38,-3.02,0.589,0.487,2.229,0,0.405,0,
NDM5_494_1,38,-2.02,-0.003,0.551,0.857,0,0.459,0,
NDM5_495_0,38,-1.02,0.239,0.231,1.0,0,0.193,1,motif_DP
NDM5_495_1,38,-1.03,-0.271,0.303,0.686,0,0.253,2,motif_DG;motif_DP
NDM5_496_0,38,-4.03,-0.071,0.549,1.714,0,0.457,1,N-term_Met(ox)
NDM5_496_1,38,-1.03,-0.416,0.658,1.986,0,0.5,0,
NDM5_497_0,38,-1.03,0.018,0.486,1.714,0,0.405,1,motif_DP
NDM5_497_1,38,-4.02,0.211,0.416,1.714,0,0.346,1,motif_DP
NDM5_498_0,38,-0.99,-0.416,0.422,2.086,0,0.352,1,motif_DP
NDM5_498_1,38,0.01,-0.868,0.455,0.986,0,0.38,1,motif_DP
NDM5_499_0,38,-3.03,-0.655,0.389,1.671,0,0.324,3,motif_NG;motif_DG;motif_DP
NDM5_499_1,38,-2.03,-0.542,0.367,1.386,0,0.306,2,motif_NG;motif_DG
NDM5_500_0,14,-4.02,-0.529,0.181,-0.129,0,0.151,0,
NDM5_500_1,14,-3.02,-0.386,0.19,0.086,0,0.158,0,
NDM5_501_0,14,0.97,0.064,0.215,0.471,0,0.26,0,
NDM5_501_1,14,-0.03,0.179,0.092,0.471,0,0.077,0,
NDM5_502_0,14,-2.02,0.014,0.259,0.257,0,0.216,1,homopolymer_run>=4
NDM5_502_1,14,-2.02,-0.314,0.259,0.257,0,0.216,1,homopolymer_run>=4
NDM5_503_0,14,-2.02,0.314,0.396,0.714,0,0.33,1,motif_DS
NDM5_503_1,14,-1.02,0.5,0.356,1.043,0,0.297,0,
NDM5_504_0,14,-1.02,0.5,0.149,1.1,0,0.124,0,
NDM5_504_1,14,1.98,0.043,0.424,0.686,0,0.518,0,
NDM5_505_0,14,-1.02,0.629,0.156,0.7,0,0.13,2,motif_DG;homopolymer_run>=4
NDM5_505_1,14,-0.02,0.586,0.131,0.771,0,0.11,0,
NDM5_506_0,14,1.98,-1.321,0.443,-0.4,0,0.534,0,
NDM5_506_1,14,-0.02,0.036,0.254,0.971,0,0.212,0,
NDM5_507_0,14,-3.02,-0.007,0.28,1.071,0,0.234,1,motif_DG
NDM5_507_1,14,-2.03,-0.1,0.176,1.557,0,0.146,1,motif_DG
NDM5_508_0,14,-0.02,0.121,0.315,0.9,0,0.263,0,
NDM5_508_1,14,-0.02,0.121,0.315,0.9,0,0.263,0,
NDM5_509_0,14,-2.02,0.114,0.16,1.4,0,0.134,0,
NDM5_509_1,14,-2.02,-0.107,0.172,0.957,0,0.143,0,
NDM5_510_0,12,-2.03,-0.075,0.408,0.229,0,0.34,2,motif_DG;motif_DS
NDM5_510_1,12,-1.02,-0.367,0.225,0.171,0,0.188,1,motif_DG
NDM5_511_0,12,-0.02,0.558,0.176,0.686,0,0.146,0,
NDM5_511_1,12,-0.02,1.283,0.124,1.743,0,0.104,0,
NDM5_512_0,12,-1.02,0.008,0.169,0.957,0,0.141,0,
NDM5_512_1,12,-2.02,0.367,0.117,0.871,0,0.098,0,
NDM5_513_0,12,-0.03,-0.575,0.355,-0.029,0,0.296,0,
NDM5_513_1,12,-0.03,-0.3,0.302,0.657,0,0.251,0,
NDM5_514_0,12,2.01,-0.75,0.354,-0.686,0,0.462,0,
NDM5_514_1,12,2.01,-0.767,0.235,-0.686,0,0.364,0,
NDM5_515_0,12,-0.02,1.217,0.104,1.4,0,0.086,0,
NDM5_515_1,12,-0.02,1.183,0.102,1.343,0,0.085,0,
NDM5_516_0,12,-0.02,-0.242,0.306,1.3,0,0.255,1,motif_DP
NDM5_516_1,12,-1.02,-0.95,0.398,0.471,0,0.332,1,motif_DP
NDM5_517_0,12,-0.02,-0.7,0.241,0.2,0,0.201,1,homopolymer_run>=4
NDM5_517_1,12,1.98,-0.8,0.388,0.257,0,0.488,1,homopolymer_run>=4
NDM5_518_0,12,-2.02,-1.358,0.097,-0.486,0,0.081,1,motif_DP
NDM5_518_1,12,-2.02,-0.725,0.28,-0.171,0,0.233,1,motif_DP
NDM5_519_0,12,-0.02,-0.525,0.166,0.5,0,0.139,1,motif_DG
NDM5_519_1,12,-1.02,0.525,0.026,1.2,0,0.021,0,
NDM5_520_0,31,0.97,-0.832,0.782,1.271,0,0.581,0,
NDM5_520_1,31,-2.02,-0.994,0.596,0.886,0,0.497,1,N-term_Q/E(pyroglutamate)
NDM5_521_0,31,-5.03,-0.458,0.611,1.257,0,0.5,0,
NDM5_521_1,31,-3.03,-0.429,0.6,1.543,0,0.5,0,
NDM5_522_0,31,-1.03,0.016,0.267,0.729,0,0.222,0,
NDM5_522_1,31,-0.03,0.132,0.387,1.014,0,0.322,1,homopolymer_run>=4
NDM5_523_0,31,-4.02,-0.635,0.869,1.171,0,0.5,1,N-term_Q/E(pyroglutamate)
NDM5_523_1,31,0.97,-0.29,0.807,1.129,0,0.581,1,N-term_Q/E(pyroglutamate)
NDM5_524_0,31,-1.03,-1.016,0.629,0.329,0,0.5,0,
NDM5_524_1,31,-4.02,-1.171,0.648,-0.429,0,0.5,0,
NDM5_525_0,31,-3.03,0.155,0.351,1.714,0,0.293,1,motif_DG
NDM5_525_1,31,-3.02,0.171,0.423,1.714,0,0.353,2,motif_DG;motif_DP
NDM5_526_0,31,-6.02,-0.403,0.558,1.329,0,0.465,0,
NDM5_526_1,31,-1.03,-0.174,0.532,1.614,0,0.443,0,
NDM5_527_0,31,-3.03,-0.606,0.662,1.429,0,0.5,2,N-term_Q/E(pyroglutamate);motif_NG
NDM5_527_1,31,-4.02,-0.19,0.535,1.714,0,0.446,2,N-term_Q/E(pyroglutamate);homopolymer_run>=4
NDM5_528_0,31,0.97,-1.035,0.581,0.471,0,0.565,1,motif_DP
NDM5_528_1,31,0.97,-0.79,0.745,0.086,0,0.581,1,motif_DP
NDM5_529_0,31,-0.03,0.087,0.477,2.286,0,0.398,1,motif_DP
NDM5_529_1,31,-1.98,0.052,0.444,2.629,0,0.37,2,motif_DP;motif_NS
NDM5_530_0,34,-3.98,0.859,0.528,2.429,0,0.44,1,homopolymer_run>=4
NDM5_530_1,34,-1.98,0.371,0.606,1.386,0,0.5,1,homopolymer_run>=4
NDM5_531_0,34,-4.03,0.224,0.457,2.729,0,0.381,0,
NDM5_531_1,34,-1.02,0.303,0.556,2.486,0,0.463,1,homopolymer_run>=4
NDM5_532_0,34,-3.03,-0.621,0.323,0.871,0,0.269,2,motif_DG;motif_DS
NDM5_532_1,34,-2.03,-0.912,0.329,0.829,0,0.274,2,motif_DG;motif_DS
NDM5_533_0,34,-1.03,-0.962,0.437,1.743,0,0.364,1,motif_DP
NDM5_533_1,34,-0.03,-0.624,0.416,2.486,0,0.347,2,motif_DP;motif_NS
NDM5_534_0,34,-1.99,-0.074,0.464,1.314,0,0.386,0,
NDM5_534_1,34,-2.95,-0.185,0.448,1.357,0,0.373,1,motif_DG
NDM5_535_0,34,-2.03,-0.762,0.362,0.6,0,0.301,3,motif_DP;motif_DS;motif_NS
NDM5_535_1,34,-4.02,-0.782,0.388,0.586,0,0.324,3,motif_DP;motif_DS;motif_NS
NDM5_536_0,34,-0.03,0.1,0.618,2.343,0,0.5,1,motif_DG
NDM5_536_1,34,-4.02,0.138,0.512,2.686,0,0.427,1,motif_DG
NDM5_537_0,34,-0.99,-0.676,0.373,0.871,0,0.311,1,motif_DG
NDM5_537_1,34,-0.03,-1.503,0.428,-0.186,0,0.357,2,N-term_Q/E(pyroglutamate);motif_NS
NDM5_538_0,34,-4.03,-0.882,0.297,0.686,0,0.247,2,motif_NG;motif_DG
NDM5_538_1,34,-3.99,-0.756,0.298,1.271,0,0.248,2,motif_NG;motif_DG
NDM5_539_0,34,-3.98,-0.709,0.326,0.629,0,0.272,1,motif_DP
NDM5_539_1,34,-3.98,-0.765,0.377,0.629,0,0.314,1,motif_DS
NDM5_540_0,12,-0.03,-0.458,0.177,0.671,0,0.147,0,
NDM5_540_1,12,0.98,-0.808,0.187,0.486,0,0.237,0,
NDM5_541_0,12,-0.02,0.083,0.453,1.086,0,0.377,1,motif_DP
NDM5_541_1,12,-0.02,-0.283,0.435,1.0,0,0.362,1,motif_DP
NDM5_542_0,12,-2.02,0.775,0.222,1.4,0,0.185,1,N-term_Q/E(pyroglutamate)
NDM5_542_1,12,-1.02,0.383,0.148,1.271,0,0.123,0,
NDM5_543_0,12,-2.03,-1.217,0.293,-1.114,0,0.244,0,
NDM5_543_1,12,-2.03,-1.217,0.293,-1.114,0,0.244,0,
NDM5_544_0,12,-0.99,-1.2,0.511,-0.729,0,0.425,1,motif_DP
NDM5_544_1,12,-0.99,-1.317,0.414,0.171,0,0.345,0,
NDM5_545_0,12,-2.02,-0.25,0.199,0.486,0,0.166,2,motif_DP;homopolymer_run>=4
NDM5_545_1,12,-1.02,-0.742,0.194,0.343,0,0.161,1,homopolymer_run>=4
NDM5_546_0,12,-3.03,0.017,0.309,1.043,0,0.258,0,
NDM5_546_1,12,-2.03,0.358,0.156,0.871,0,0.13,0,
NDM5_547_0,12,-1.02,-0.233,0.427,0.771,0,0.356,0,
NDM5_547_1,12,-1.02,-0.183,0.352,0.771,0,0.293,0,
NDM5_548_0,12,-0.02,-0.425,0.123,0.757,0,0.103,1,motif_DP
NDM5_548_1,12,-1.02,-0.4,0.226,0.757,0,0.188,0,
NDM5_549_0,12,-1.03,-0.717,0.441,0.214,0,0.367,1,motif_DG
NDM5_549_1,12,-2.02,-0.017,0.265,0.414,0,0.22,1,motif_DG
NDM5_550_0,15,-1.03,0.66,0.27,1.157,0,0.225,0,
NDM5_550_1,15,-1.99,0.113,0.208,1.143,0,0.174,0,
NDM5_551_0,15,-0.02,0.573,0.366,1.329,0,0.305,1,motif_NG
NDM5_551_1,15,-2.02,0.553,0.459,1.371,0,0.382,1,motif_DG
NDM5_552_0,15,-2.03,-0.773,0.441,0.6,0,0.368,1,motif_DP
NDM5_552_1,15,-2.02,-1.167,0.37,-0.443,0,0.308,1,motif_DP
NDM5_553_0,15,-3.95,0.36,0.465,1.114,0,0.387,0,
NDM5_553_1,15,-2.95,-0.18,0.508,0.114,0,0.423,0,
NDM5_554_0,15,-1.02,0.327,0.201,1.457,0,0.168,0,
NDM5_554_1,15,-1.02,0.647,0.217,1.514,0,0.181,0,
NDM5_555_0,15,-0.99,-0.42,0.271,0.414,0,0.226,1,N-term_Met(ox)
NDM5_555_1,15,-3.03,-1.147,0.401,-0.243,0,0.334,1,N-term_Met(ox)
NDM5_556_0,15,-2.02,-0.333,0.461,0.443,0,0.384,0,
NDM5_556_1,15,-3.03,-0.493,0.273,-0.043,0,0.228,0,
NDM5_557_0,15,-3.03,-0.387,0.242,0.486,0,0.202,1,motif_DS
NDM5_557_1,15,-3.02,-0.153,0.343,1.114,0,0.286,0,
NDM5_558_0,15,-4.02,-0.433,0.249,0.786,0,0.208,0,
NDM5_558_1,15,-0.03,-0.587,0.403,0.343,0,0.336,0,
NDM5_559_0,15,-2.03,-0.693,0.455,0.557,0,0.379,1,motif_DP
NDM5_559_1,15,-2.02,-0.26,0.485,1.071,0,0.404,1,motif_DP
NDM5_560_0,37,-3.02,-0.103,0.659,0.914,0,0.5,0,
NDM5_560_1,37,0.97,0.232,0.453,1.586,0,0.458,0,
NDM5_561_0,37,0.97,-0.573,0.528,1.386,0,0.521,1,motif_DG
NDM5_561_1,37,-2.02,-0.081,0.582,1.843,0,0.485,1,motif_DG
NDM5_562_0,37,0.01,-0.438,0.418,1.214,0,0.35,2,N-term_Met(ox);motif_DP
NDM5_562_1,37,1.01,-0.503,0.424,0.986,0,0.438,0,
NDM5_563_0,37,0.01,-1.135,0.542,0.114,0,0.453,1,motif_DS
NDM5_563_1,37,1.01,-0.819,0.401,0.814,0,0.418,1,motif_DS
NDM5_564_0,37,-5.03,-1.0,0.429,-0.014,0,0.357,1,motif_DG
NDM5_564_1,37,-5.03,-1.1,0.448,0.043,0,0.374,2,motif_NG;motif_DG
NDM5_565_0,37,-1.03,0.024,0.346,1.3,0,0.289,0,
NDM5_565_1,37,-1.02,0.53,0.385,2.4,0,0.321,1,homopolymer_run>=4
NDM5_566_0,37,-5.95,0.103,0.317,1.457,0,0.264,2,motif_DP;motif_DS
NDM5_566_1,37,-1.99,-0.451,0.695,1.257,0,0.5,1,motif_DS
NDM5_567_0,37,-4.03,-0.33,0.332,1.229,0,0.276,1,motif_DG
NDM5_567_1,37,-2.03,-0.4,0.416,1.229,0,0.347,1,motif_DG
NDM5_568_0,37,-1.03,0.827,0.444,2.371,0,0.37,3,motif_DG;motif_DS;motif_NS
NDM5_568_1,37,-1.03,0.603,0.444,2.457,0,0.37,2,motif_DS;motif_NS
NDM5_569_0,37,-7.02,-0.6,0.551,0.957,0,0.459,0,
NDM5_569_1,37,-6.02,-0.259,0.649,1.214,0,0.5,0,
NDM5_570_0,17,-3.03,-1.012,0.402,-0.8,0,0.335,0,
NDM5_570_1,17,-5.02,-0.841,0.377,-0.171,0,0.314,1,N-term_Q/E(pyroglutamate)
NDM5_571_0,17,-2.02,-0.012,0.39,1.643,0,0.325,2,motif_DG;motif_NS
NDM5_571_1,17,-2.02,0.282,0.462,1.657,0,0.385,1,motif_DG
NDM5_572_0,17,-1.02,-0.388,0.163,1.386,0,0.136,0,
NDM5_572_1,17,-2.02,0.335,0.11,1.357,0,0.092,1,motif_DP
NDM5_573_0,17,-0.02,-0.682,0.488,-0.1,0,0.407,0,
NDM5_573_1,17,2.98,-2.259,0.345,-1.729,0,0.536,1,motif_NG
NDM5_574_0,17,-3.02,0.176,0.38,1.314,0,0.317,0,
NDM5_574_1,17,-1.98,-1.371,0.335,-0.529,0,0.279,1,motif_DP
NDM5_575_0,17,-1.02,0.306,0.142,1.729,0,0.119,1,motif_NG
NDM5_575_1,17,-0.99,0.053,0.236,0.871,0,0.196,0,
NDM5_576_0,17,-3.02,-0.1,0.28,0.829,0,0.234,0,
NDM5_576_1,17,-2.03,-0.718,0.409,0.6,0,0.341,0,
NDM5_577_0,17,-1.95,-0.218,0.354,1.1,0,0.295,0,
NDM5_577_1,17,-1.99,-0.076,0.376,1.686,0,0.313,0,
NDM5_578_0,17,-2.99,-0.488,0.51,-0.0,0,0.425,2,N-term_Met(ox);motif_DP
NDM5_578_1,17,-4.02,0.282,0.263,0.914,0,0.219,2,N-term_Met(ox);motif_DP
NDM5_579_0,17,-0.02,-0.888,0.421,0.314,0,0.351,0,
NDM5_579_1,17,1.98,-0.188,0.472,0.671,0,0.558,0,
NDM5_580_0,35,0.01,0.537,0.404,1.771,0,0.338,1,motif_DS
NDM5_580_1,35,-0.99,0.74,0.341,2.086,0,0.284,2,motif_DS;homopolymer_run>=4
NDM5_581_0,35,-1.02,-0.24,0.364,2.1,0,0.303,2,N-term_Q/E(pyroglutamate);motif_DP
NDM5_581_1,35,-1.02,-0.257,0.466,1.443,0,0.388,2,N-term_Q/E(pyroglutamate);motif_DP
NDM5_582_0,35,-1.03,-0.389,0.861,1.157,0,0.5,1,motif_DG
NDM5_582_1,35,-2.03,-0.497,0.648,1.371,0,0.5,1,motif_DG
NDM5_583_0,35,-3.99,-0.083,0.617,1.443,0,0.5,0,
NDM5_583_1,35,-3.98,0.111,0.653,1.686,0,0.5,0,
NDM5_584_0,35,-4.03,-0.417,0.373,0.786,0,0.31,2,motif_DP;motif_DS
NDM5_584_1,35,-2.03,-0.077,0.563,1.314,0,0.469,0,
NDM5_585_0,35,-1.99,-0.669,0.432,0.886,0,0.36,1,motif_DP
NDM5_585_1,35,-3.99,-0.726,0.687,0.743,0,0.5,2,motif_DG;motif_DS
NDM5_586_0,35,-1.03,0.029,0.414,1.957,0,0.345,0,
NDM5_586_1,35,-1.03,0.003,0.384,1.643,0,0.32,0,
NDM5_587_0,35,-4.02,-0.069,0.271,1.414,0,0.226,1,homopolymer_run>=4
NDM5_587_1,35,-2.02,-0.191,0.266,1.414,0,0.221,2,motif_DG;homopolymer_run>=4
NDM5_588_0,35,-1.98,-0.366,0.319,1.129,0,0.266,2,motif_DP;homopolymer_run>=4
NDM5_588_1,35,-4.02,-0.511,0.487,1.7,0,0.406,1,homopolymer_run>=4
NDM5_589_0,35,-4.02,-0.383,0.607,0.657,0,0.5,1,N-term_Q/E(pyroglutamate)
NDM5_589_1,35,-1.98,0.086,0.42,2.586,0,0.35,1,N-term_Q/E(pyroglutamate)
NDM5_590_0,39,-2.03,-0.256,0.544,0.829,0,0.453,1,motif_DG
NDM5_590_1,39,-3.03,-0.39,0.486,0.914,0,0.405,1,motif_NG
NDM5_591_0,39,-5.02,0.005,0.594,2.2,0,0.495,1,N-term_Q/E(pyroglutamate)
NDM5_591_1,39,-0.03,0.254,0.419,2.4,0,0.349,0,
NDM5_592_0,39,-4.99,-0.903,0.728,0.429,0,0.5,2,N-term_Q/E(pyroglutamate);motif_DG
NDM5_592_1,39,-5.99,-0.656,0.604,0.4,0,0.5,2,N-term_Q/E(pyroglutamate);motif_DG
NDM5_593_0,39,-2.03,-0.426,0.338,1.1,0,0.282,0,
NDM5_593_1,39,-2.03,-0.354,0.365,1.1,0,0.304,0,
NDM5_594_0,39,-4.02,-0.185,0.514,2.071,0,0.429,1,motif_DP
NDM5_594_1,39,-2.03,-0.618,0.429,0.557,0,0.358,1,motif_DP
NDM5_595_0,39,-2.02,-0.244,0.452,1.0,0,0.377,3,motif_NG;motif_DG;motif_DP
NDM5_595_1,39,-6.02,-0.233,0.455,1.257,0,0.379,2,motif_DG;motif_DP
NDM5_596_0,39,-1.02,-0.154,0.61,0.771,0,0.5,1,motif_DP
NDM5_596_1,39,-5.02,-0.577,0.713,1.057,0,0.5,1,motif_DP
NDM5_597_0,39,-2.03,-0.213,0.317,0.971,0,0.264,0,
NDM5_597_1,39,-0.98,-0.41,0.521,0.7,0,0.434,0,
NDM5_598_0,39,-2.02,-0.908,0.611,1.157,0,0.5,0,
NDM5_598_1,39,-2.02,-0.595,0.59,1.157,0,0.491,0,
NDM5_599_0,39,-3.02,-0.326,0.274,1.0,0,0.228,0,
NDM5_599_1,39,-2.02,-0.382,0.513,0.714,0,0.427,0,
NDM5_600_0,15,-2.03,-0.647,0.391,0.6,0,0.326,1,N-term_Q/E(pyroglutamate)
NDM5_600_1,15,-2.03,-0.607,0.24,0.5,0,0.2,1,N-term_Q/E(pyroglutamate)
NDM5_601_0,15,0.97,1.067,0.285,1.771,0,0.319,0,
NDM5_601_1,15,-0.02,0.913,0.306,1.714,0,0.255,1,motif_DP
NDM5_602_0,15,-0.02,1.6,0.091,2.129,0,0.076,0,
NDM5_602_1,15,-1.02,1.153,0.138,1.814,0,0.115,0,
NDM5_603_0,15,-3.02,-0.82,0.319,-0.1,0,0.266,0,
NDM5_603_1,15,-3.02,-0.847,0.319,-0.1,0,0.266,0,
NDM5_604_0,15,-2.02,-0.14,0.154,1.014,0,0.128,1,motif_DG
NDM5_604_1,15,-3.02,0.027,0.183,0.929,0,0.153,2,motif_DG;motif_DS
NDM5_605_0,15,0.98,-0.047,0.562,0.486,0,0.549,0,
NDM5_605_1,15,0.98,-0.213,0.494,0.486,0,0.493,1,motif_NG
NDM5_606_0,15,-2.02,0.08,0.202,1.043,0,0.169,1,motif_DP
NDM5_606_1,15,-2.03,-0.533,0.202,-0.229,0,0.168,0,
NDM5_607_0,15,-1.03,-0.553,0.26,-0.029,0,0.217,0,
NDM5_607_1,15,-2.03,-0.26,0.357,0.286,0,0.297,0,
NDM5_608_0,15,-1.02,1.293,0.288,1.529,0,0.24,0,
NDM5_608_1,15,-2.02,0.687,0.4,1.329,0,0.334,0,
NDM5_609_0,15,-0.03,-0.533,0.264,0.086,0,0.22,1,motif_DG
NDM5_609_1,15,-2.02,-1.427,0.195,-1.057,0,0.163,2,motif_DG;motif_DP
NDM5_610_0,30,0.97,-0.273,0.237,0.6,0,0.278,1,homopolymer_run>=4
NDM5_610_1,30,0.05,-0.443,0.206,1.114,0,0.176,2,motif_DP;homopolymer_run>=4
NDM5_611_0,30,-1.03,-0.287,0.434,2.343,0,0.361,2,motif_NG;motif_DP
NDM5_611_1,30,0.01,-0.61,0.432,1.343,0,0.361,2,motif_NG;motif_DP
NDM5_612_0,30,0.98,0.45,0.415,2.371,0,0.428,0,
NDM5_612_1,30,0.97,0.117,0.348,1.586,0,0.371,0,
NDM5_613_0,30,0.97,0.127,0.452,1.686,0,0.458,1,motif_NG
NDM5_613_1,30,-1.03,-0.42,0.375,1.357,0,0.313,1,motif_NG
NDM5_614_0,30,-2.03,0.703,0.268,2.071,0,0.223,1,homopolymer_run>=4
NDM5_614_1,30,-6.02,-0.04,0.61,2.071,0,0.5,1,motif_DG
NDM5_615_0,30,-3.03,-0.993,0.496,1.043,0,0.414,1,motif_DS
NDM5_615_1,30,0.97,-0.957,0.664,0.271,0,0.581,1,motif_DS
NDM5_616_0,30,-3.02,0.477,0.543,1.757,0,0.453,1,motif_DP
NDM5_616_1,30,-2.02,0.133,0.562,2.143,0,0.469,1,motif_DP
NDM5_617_0,30,-2.03,-1.087,0.547,-0.429,0,0.456,1,N-term_Q/E(pyroglutamate)
NDM5_617_1,30,-0.02,-0.383,0.829,0.571,0,0.5,1,N-term_Q/E(pyroglutamate)
NDM5_618_0,30,-5.02,-0.31,0.783,1.0,0,0.5,2,N-term_Q/E(pyroglutamate);motif_DG
NDM5_618_1,30,-8.02,-0.967,0.603,0.886,0,0.5,2,N-term_Q/E(pyroglutamate);motif_DG
NDM5_619_0,30,-1.03,-0.363,0.432,2.343,0,0.36,1,homopolymer_run>=4
NDM5_619_1,30,-5.02,-0.783,0.517,1.471,0,0.431,2,N-term_Q/E(pyroglutamate);homopolymer_run>=4
NDM5_620_0,39,-7.02,-0.338,0.537,2.0,0,0.447,1,motif_NG
NDM5_620_1,39,-6.02,-0.451,0.699,1.243,0,0.5,1,motif_NG
NDM5_621_0,39,-1.99,-0.964,0.655,1.386,0,0.5,1,N-term_Q/E(pyroglutamate)
NDM5_621_1,39,-6.02,-0.772,0.591,0.886,0,0.492,1,N-term_Q/E(pyroglutamate)
NDM5_622_0,39,-6.03,-1.154,0.352,0.629,0,0.293,2,motif_DG;motif_DS
NDM5_622_1,39,-7.02,-1.259,0.373,-0.471,0,0.311,2,motif_DG;motif_DS
NDM5_623_0,39,-1.99,-1.0,0.326,0.314,0,0.271,2,N-term_Q/E(pyroglutamate);motif_NG
NDM5_623_1,39,-2.03,-0.874,0.369,1.1,0,0.308,2,N-term_Q/E(pyroglutamate);motif_NG
NDM5_624_0,39,-3.02,-0.521,0.701,0.8,0,0.5,1,motif_DP
NDM5_624_1,39,-3.02,-0.559,0.668,0.643,0,0.5,1,motif_DP
NDM5_625_0,39,1.01,-0.19,0.464,1.543,0,0.471,1,motif_DG
NDM5_625_1,39,-0.99,-0.382,0.552,0.957,0,0.46,1,motif_DG
NDM5_626_0,39,-0.03,-0.51,0.68,1.286,0,0.5,1,motif_DS
NDM5_626_1,39,-1.03,-0.413,0.602,1.286,0,0.5,1,motif_DS
NDM5_627_0,39,-1.03,-0.61,0.52,1.129,0,0.433,1,motif_DP
NDM5_627_1,39,0.01,-0.623,0.483,1.014,0,0.404,1,motif_DP
NDM5_628_0,39,-5.02,-0.172,0.483,0.657,0,0.403,1,motif_DG
NDM5_628_1,39,-4.03,-0.138,0.471,0.786,0,0.392,1,motif_DG
NDM5_629_0,39,-4.02,0.236,0.454,2.771,0,0.379,1,motif_DP
NDM5_629_1,39,-6.02,0.051,0.5,2.014,0,0.417,1,motif_DP
NDM5_630_0,18,-0.02,-0.022,0.145,0.757,0,0.121,1,motif_NG
NDM5_630_1,18,-1.02,0.022,0.226,0.329,0,0.188,0,
NDM5_631_0,18,-3.02,0.178,0.216,1.514,0,0.18,1,homopolymer_run>=4
NDM5_631_1,18,-3.03,0.0,0.216,1.514,0,0.18,1,homopolymer_run>=4
NDM5_632_0,18,-0.02,0.533,0.193,2.057,0,0.161,1,homopolymer_run>=4
NDM5_632_1,18,0.97,-0.122,0.41,0.571,0,0.423,1,motif_DP
NDM5_633_0,18,-3.02,-1.078,0.394,-0.129,0,0.329,1,motif_DG
NDM5_633_1,18,-2.02,-0.239,0.582,0.929,0,0.485,1,motif_DG
NDM5_634_0,18,-3.02,-0.061,0.254,0.543,0,0.212,0,
NDM5_634_1,18,-3.02,-0.1,0.26,0.543,0,0.217,0,
NDM5_635_0,18,-2.02,0.044,0.105,1.5,0,0.087,1,motif_DG
NDM5_635_1,18,0.01,-0.683,0.239,0.786,0,0.2,1,motif_DG
NDM5_636_0,18,-2.02,1.011,0.245,2.143,0,0.204,3,N-term_Q/E(pyroglutamate);motif_DP;homopolymer_run>=4
NDM5_636_1,18,-3.02,0.572,0.335,2.429,0,0.279,2,N-term_Q/E(pyroglutamate);motif_DP
NDM5_637_0,18,-0.02,0.839,0.119,1.629,0,0.099,0,
NDM5_637_1,18,-3.02,-0.0,0.287,1.671,0,0.239,1,motif_DG
NDM5_638_0,18,-4.02,-0.794,0.541,-0.429,0,0.451,0,
NDM5_638_1,18,-4.02,-0.5,0.294,0.486,0,0.245,0,
NDM5_639_0,18,-2.03,-0.889,0.22,-0.686,0,0.183,2,motif_NG;motif_DG
NDM5_639_1,18,-1.03,-0.889,0.209,-0.686,0,0.174,2,motif_NG;motif_DG
NDM5_640_0,33,-2.99,-0.215,0.383,0.886,0,0.319,1,motif_DG
NDM5_640_1,33,-2.03,0.039,0.332,1.229,0,0.277,1,motif_DG
NDM5_641_0,33,-0.02,0.03,0.612,1.271,0,0.5,2,motif_DG;oxidation_prone(M/W)
NDM5_641_1,33,-4.02,0.267,0.852,2.157,0,0.5,1,motif_DG
NDM5_642_0,33,0.97,0.133,0.32,1.971,0,0.348,0,
NDM5_642_1,33,-0.03,0.164,0.31,1.557,0,0.258,0,
NDM5_643_0,33,0.05,-1.045,0.71,0.371,0,0.504,1,motif_DG
NDM5_643_1,33,-6.03,-0.482,0.706,0.943,0,0.5,2,N-term_Q/E(pyroglutamate);motif_DG
NDM5_644_0,33,-4.02,0.018,0.483,1.8,0,0.402,1,N-term_Q/E(pyroglutamate)
NDM5_644_1,33,-5.02,0.597,0.363,2.029,0,0.302,0,
NDM5_645_0,33,-4.03,-1.052,0.469,0.457,0,0.391,3,N-term_Q/E(pyroglutamate);motif_DG;motif_DP
NDM5_645_1,33,-4.03,-0.658,0.545,1.214,0,0.454,2,motif_DG;motif_DP
NDM5_646_0,33,-4.02,-0.409,0.237,0.686,0,0.197,1,motif_DG
NDM5_646_1,33,-2.02,-0.279,0.232,0.686,0,0.193,1,motif_DG
NDM5_647_0,33,-4.02,-0.215,0.449,1.071,0,0.374,0,
NDM5_647_1,33,-4.02,-0.097,0.403,1.171,0,0.336,0,
NDM5_648_0,33,-5.02,-0.721,0.626,0.543,0,0.5,3,motif_DP;motif_DS;motif_NS
NDM5_648_1,33,-6.02,-0.521,0.583,0.643,0,0.486,1,motif_DP
NDM5_649_0,33,-3.02,-0.3,0.488,2.486,0,0.407,0,
NDM5_649_1,33,-3.02,-0.176,0.549,2.129,0,0.457,0,
NDM5_650_0,20,-1.99,-0.0,0.524,0.8,0,0.436,0,
NDM5_650_1,20,0.01,0.49,0.477,0.871,0,0.399,0,
NDM5_651_0,20,-3.02,-0.96,0.491,-0.1,0,0.409,1,motif_DG
NDM5_651_1,20,-2.99,-1.04,0.49,-0.086,0,0.409,1,motif_DG
NDM5_652_0,20,-2.02,0.515,0.223,1.5,0,0.186,1,motif_DG
NDM5_652_1,20,-2.02,0.24,0.218,1.5,0,0.182,1,motif_DS
NDM5_653_0,20,-3.99,-1.83,0.278,-0.671,0,0.232,2,motif_DG;motif_DP
NDM5_653_1,20,-5.98,-1.81,0.262,-0.614,0,0.219,2,motif_DG;motif_DP
NDM5_654_0,20,-3.02,-0.615,0.303,0.943,0,0.252,0,
NDM5_654_1,20,-0.03,-0.49,0.375,1.171,0,0.313,0,
NDM5_655_0,20,-3.02,0.135,0.298,1.014,0,0.248,2,motif_DG;homopolymer_run>=4
NDM5_655_1,20,-2.02,0.55,0.32,0.971,0,0.266,2,motif_DG;homopolymer_run>=4
NDM5_656_0,20,-4.02,0.335,0.355,1.243,0,0.296,2,motif_DG;motif_DP
NDM5_656_1,20,-3.98,0.255,0.395,1.243,0,0.329,2,motif_DG;motif_DP
NDM5_657_0,20,-6.02,-0.355,0.566,0.6,0,0.472,0,
NDM5_657_1,20,-3.98,-0.475,0.57,0.271,0,0.475,0,
NDM5_658_0,20,-1.03,-0.555,0.397,0.329,0,0.331,1,motif_NS
NDM5_658_1,20,-1.03,-0.85,0.228,0.043,0,0.19,2,motif_NG;motif_NS
NDM5_659_0,20,-1.03,-0.555,0.353,1.371,0,0.294,0,
NDM5_659_1,20,-3.03,-0.495,0.308,0.586,0,0.256,1,motif_DP
NDM5_660_0,18,0.98,-0.656,0.611,0.7,0,0.581,1,motif_DP
NDM5_660_1,18,-0.02,-0.267,0.551,0.7,0,0.459,1,motif_DP
NDM5_661_0,18,-2.02,0.444,0.422,2.171,0,0.352,0,
NDM5_661_1,18,-2.02,0.583,0.449,2.171,0,0.374,0,
NDM5_662_0,18,-3.03,0.372,0.295,1.786,0,0.246,0,
NDM5_662_1,18,-2.03,0.072,0.534,1.314,0,0.445,0,
NDM5_663_0,18,-2.03,-0.211,0.269,1.043,0,0.224,1,motif_DP
NDM5_663_1,18,-1.03,-0.817,0.514,-0.314,0,0.428,1,motif_DP
NDM5_664_0,18,-3.02,-0.144,0.391,1.771,0,0.326,0,
NDM5_664_1,18,-2.02,0.261,0.379,1.771,0,0.316,0,
NDM5_665_0,18,-2.03,-0.983,0.333,-0.529,0,0.278,1,motif_DS
NDM5_665_1,18,0.05,-1.406,0.257,-1.129,0,0.218,0,
NDM5_666_0,18,-1.02,0.433,0.372,0.8,0,0.31,1,motif_DG
NDM5_666_1,18,-2.02,0.417,0.368,0.8,0,0.307,1,motif_DG
NDM5_667_0,18,-1.02,0.072,0.287,1.257,0,0.239,1,N-term_Met(ox)
NDM5_667_1,18,-1.02,-0.094,0.345,0.629,0,0.287,1,N-term_Met(ox)
NDM5_668_0,18,-3.02,-0.483,0.473,0.7,0,0.394,0,
NDM5_668_1,18,-3.02,0.278,0.38,1.9,0,0.316,0,
NDM5_669_0,18,-3.02,0.494,0.177,2.057,0,0.148,1,motif_DP
NDM5_669_1,18,-3.02,0.517,0.193,2.114,0,0.161,1,motif_DP
NDM5_670_0,37,-1.03,-1.297,0.496,0.543,0,0.413,3,N-term_Q/E(pyroglutamate);motif_DP;motif_DS
NDM5_670_1,37,-1.03,-1.122,0.689,0.886,0,0.5,2,motif_DP;motif_DS
NDM5_671_0,37,-1.03,-0.143,0.437,1.114,0,0.364,1,motif_DG
NDM5_671_1,37,-3.03,-0.116,0.384,1.814,0,0.32,1,motif_DG
NDM5_672_0,37,-0.03,-0.53,0.582,1.4,0,0.485,2,motif_NG;motif_DP
NDM5_672_1,37,0.97,-0.819,0.582,1.4,0,0.566,2,motif_NG;motif_DP
NDM5_673_0,37,1.96,-1.132,0.458,0.943,0,0.545,3,N-term_Met(ox);motif_DP;oxidation_prone(M/W)
NDM5_673_1,37,-0.03,-1.084,0.506,1.057,0,0.422,3,N-term_Met(ox);motif_DP;oxidation_prone(M/W)
NDM5_674_0,37,-3.98,0.214,0.679,2.457,0,0.5,1,motif_DG
NDM5_674_1,37,-1.03,-0.465,0.698,2.029,0,0.5,1,motif_DG
NDM5_675_0,37,-3.03,-0.265,0.425,1.314,0,0.354,2,motif_DG;motif_DS
NDM5_675_1,37,-2.03,-0.446,0.545,1.943,0,0.454,2,motif_NG;motif_DP
NDM5_676_0,37,0.98,-0.122,0.406,2.114,0,0.419,2,N-term_Met(ox);motif_NG
NDM5_676_1,37,-3.02,-0.284,0.411,2.114,0,0.343,2,N-term_Met(ox);motif_NG
NDM5_677_0,37,-7.02,-0.549,0.516,1.486,0,0.43,3,N-term_Q/E(pyroglutamate);motif_DG;motif_DP
NDM5_677_1,37,-7.02,-0.276,0.667,1.586,0,0.5,1,motif_DG
NDM5_678_0,37,-3.02,-0.341,0.467,1.157,0,0.39,2,motif_DP;motif_DS
NDM5_678_1,37,-2.99,-0.578,0.48,1.157,0,0.4,2,motif_DG;motif_DS
NDM5_679_0,37,-1.99,0.019,0.453,1.357,0,0.377,1,motif_DP
NDM5_679_1,37,-3.99,-0.619,0.422,0.5,0,0.352,2,motif_DG;motif_DP
NDM5_680_0,35,-2.03,-0.646,0.318,0.771,0,0.265,2,motif_DG;motif_DP
NDM5_680_1,35,-0.03,-0.097,0.495,1.886,0,0.413,2,motif_DG;motif_DP
NDM5_681_0,35,-3.03,0.383,0.502,2.2,0,0.419,1,N-term_Q/E(pyroglutamate)
NDM5_681_1,35,-2.03,0.311,0.633,2.2,0,0.5,1,N-term_Q/E(pyroglutamate)
NDM5_682_0,35,-3.02,-0.094,0.442,1.9,0,0.369,1,motif_DG
NDM5_682_1,35,-3.02,0.16,0.431,2.043,0,0.359,1,motif_DG
NDM5_683_0,35,-1.99,-0.914,0.443,1.171,0,0.369,2,N-term_Met(ox);motif_NG
NDM5_683_1,35,0.01,-0.323,0.488,1.114,0,0.407,2,N-term_Met(ox);motif_NG
NDM5_684_0,35,-1.03,-0.237,0.405,0.714,0,0.337,2,motif_DG;motif_NS
NDM5_684_1,35,-3.03,-0.457,0.467,0.843,0,0.389,2,motif_NG;motif_DG
NDM5_685_0,35,-6.02,0.091,0.522,1.7,0,0.435,1,motif_DP
NDM5_685_1,35,-7.02,-0.166,0.576,1.257,0,0.48,1,motif_DP
NDM5_686_0,35,-0.02,0.074,0.467,1.486,0,0.389,1,homopolymer_run>=4
NDM5_686_1,35,-3.02,0.64,0.475,1.671,0,0.396,2,motif_NS;homopolymer_run>=4
NDM5_687_0,35,-3.99,-1.28,0.531,0.071,0,0.443,2,N-term_Q/E(pyroglutamate);homopolymer_run>=4
NDM5_687_1,35,-1.03,-1.363,0.529,0.086,0,0.441,1,homopolymer_run>=4
NDM5_688_0,35,-0.03,-0.903,0.553,0.557,0,0.461,1,motif_DP
NDM5_688_1,35,-0.03,-0.251,0.549,2.357,0,0.458,1,motif_DG
NDM5_689_0,35,-0.03,-0.163,0.541,1.329,0,0.451,0,
NDM5_689_1,35,-2.03,-0.76,0.539,1.043,0,0.449,0,
NDM5_690_0,43,-5.03,-0.005,0.398,2.486,0,0.331,0,
NDM5_690_1,43,-7.03,0.186,0.41,2.529,0,0.342,1,motif_NG
NDM5_691_0,43,-0.99,0.123,0.62,1.529,0,0.5,0,
NDM5_691_1,43,1.01,-0.088,0.674,1.486,0,0.584,0,
NDM5_692_0,43,-6.02,0.263,0.435,2.529,0,0.363,2,motif_NG;motif_NS
NDM5_692_1,43,-6.02,0.395,0.435,3.243,0,0.363,2,motif_NG;motif_NS
NDM5_693_0,43,-3.03,-0.57,0.531,1.9,0,0.442,1,motif_DG
NDM5_693_1,43,0.97,-0.698,0.461,1.857,0,0.465,0,
NDM5_694_0,43,-4.03,-0.591,0.699,0.714,0,0.5,3,N-term_Q/E(pyroglutamate);motif_DG;motif_NS
NDM5_694_1,43,-7.02,-0.019,0.748,1.814,0,0.5,3,N-term_Q/E(pyroglutamate);motif_DG;motif_NS
NDM5_695_0,43,-1.03,-0.826,0.716,1.043,0,0.5,0,
NDM5_695_1,43,-4.03,0.086,0.403,1.871,0,0.336,1,N-term_Met(ox)
NDM5_696_0,43,-3.03,-0.5,0.582,1.357,0,0.485,0,
NDM5_696_1,43,-5.03,-0.544,0.629,0.971,0,0.5,0,
NDM5_697_0,43,-1.95,-0.644,0.437,0.529,0,0.364,1,motif_DP
NDM5_697_1,43,-2.95,-0.021,0.398,1.671,0,0.331,2,N-term_Q/E(pyroglutamate);motif_DP
NDM5_698_0,43,-5.02,0.126,0.44,2.614,0,0.367,1,N-term_Q/E(pyroglutamate)
NDM5_698_1,43,-7.02,0.044,0.44,1.6,0,0.367,1,N-term_Q/E(pyroglutamate)
NDM5_699_0,43,-1.03,-0.872,0.639,0.929,0,0.5,2,motif_DP;motif_DS
NDM5_699_1,43,-3.03,-1.063,0.551,0.229,0,0.459,1,motif_DS
NDM5_700_0,40,-3.03,-0.747,0.373,0.871,0,0.311,2,motif_NG;motif_DP
NDM5_700_1,40,-3.03,-0.83,0.459,0.871,0,0.383,2,motif_NG;motif_DP
NDM5_701_0,40,-3.02,-0.595,0.551,0.843,0,0.459,2,motif_DG;motif_DP
NDM5_701_1,40,-4.02,-0.135,0.548,1.671,0,0.457,2,motif_DP;homopolymer_run>=4
NDM5_702_0,40,-4.99,-1.047,0.617,0.029,0,0.5,1,motif_DP
NDM5_702_1,40,-2.99,-1.115,0.638,-0.171,0,0.5,1,motif_DP
NDM5_703_0,40,-0.02,0.225,0.415,2.429,0,0.346,0,
NDM5_703_1,40,1.01,0.295,0.436,2.171,0,0.448,0,
NDM5_704_0,40,-7.03,-0.175,0.56,1.543,0,0.467,2,motif_DP;motif_DS
NDM5_704_1,40,-5.02,-0.36,0.715,1.857,0,0.5,2,motif_DP;motif_DS
NDM5_705_0,40,-1.02,0.25,0.724,1.7,0,0.5,1,N-term_Q/E(pyroglutamate)
NDM5_705_1,40,-1.02,0.415,0.67,1.7,0,0.5,1,N-term_Q/E(pyroglutamate)
NDM5_706_0,40,-2.91,0.745,0.405,2.243,0,0.338,1,N-term_Q/E(pyroglutamate)
NDM5_706_1,40,-1.99,0.45,0.53,2.186,0,0.442,2,N-term_Q/E(pyroglutamate);motif_DP
NDM5_707_0,40,-2.03,-0.33,0.532,1.186,0,0.444,3,motif_NG;motif_DG;motif_DS
NDM5_707_1,40,0.01,-0.925,0.505,0.243,0,0.422,2,motif_DP;motif_DS
NDM5_708_0,40,-3.02,-0.435,0.623,1.171,0,0.5,3,N-term_Met(ox);motif_NG;oxidation_prone(M/W)
NDM5_708_1,40,-4.02,-0.537,0.597,1.0,0,0.497,1,motif_NG
NDM5_709_0,40,-3.02,-1.052,0.459,-0.086,0,0.383,2,motif_DP;motif_DS
NDM5_709_1,40,-2.98,-1.305,0.522,-0.171,0,0.435,3,motif_DG;motif_DP;motif_DS
NDM5_710_0,21,-5.02,-0.671,0.231,0.443,0,0.192,2,motif_DG;motif_DP
NDM5_710_1,21,-5.02,-0.686,0.204,0.4,0,0.17,2,motif_DG;motif_DP
NDM5_711_0,21,-2.02,-1.033,0.501,0.371,0,0.418,0,
NDM5_711_1,21,-0.03,-1.61,0.266,0.386,0,0.222,0,
NDM5_712_0,21,-3.03,0.443,0.158,2.0,0,0.132,0,
NDM5_712_1,21,-3.03,-0.019,0.232,1.357,0,0.193,1,motif_DS
NDM5_713_0,21,-2.02,0.748,0.271,2.214,0,0.225,0,
NDM5_713_1,21,-2.02,0.7,0.332,1.986,0,0.276,0,
NDM5_714_0,21,-1.02,0.5,0.276,1.614,0,0.23,0,
NDM5_714_1,21,-1.02,0.238,0.302,1.043,0,0.252,0,
NDM5_715_0,21,-2.03,-0.8,0.269,-0.229,0,0.224,1,motif_DP
NDM5_715_1,21,-2.03,-0.805,0.269,-0.243,0,0.224,1,motif_DP
NDM5_716_0,21,-3.02,0.705,0.176,1.829,0,0.147,1,homopolymer_run>=4
NDM5_716_1,21,-1.02,0.905,0.436,1.871,0,0.363,2,motif_DP;homopolymer_run>=4
NDM5_717_0,21,-2.02,-0.81,0.213,0.171,0,0.177,1,motif_DP
NDM5_717_1,21,-3.02,-1.362,0.17,-0.057,0,0.142,1,motif_DP
NDM5_718_0,21,-2.03,-0.357,0.478,0.457,0,0.398,1,motif_NG
NDM5_718_1,21,-2.03,-0.657,0.498,0.086,0,0.415,0,
NDM5_719_0,21,-1.03,-0.329,0.346,0.443,0,0.289,0,
NDM5_719_1,21,-0.03,-0.595,0.546,0.6,0,0.455,0,
NDM5_720_0,17,-5.02,-0.671,0.216,0.971,0,0.18,1,N-term_Q/E(pyroglutamate)
NDM5_720_1,17,-6.02,-0.824,0.216,0.971,0,0.18,1,N-term_Q/E(pyroglutamate)
NDM5_721_0,17,-1.02,-0.071,0.259,0.729,0,0.216,0,
NDM5_721_1,17,-0.02,-0.088,0.403,0.829,0,0.336,0,
NDM5_722_0,17,1.97,-1.218,0.243,-0.886,0,0.367,0,
NDM5_722_1,17,-0.03,0.218,0.09,1.143,0,0.075,0,
NDM5_723_0,17,-0.02,-0.1,0.442,0.429,0,0.368,1,motif_DG
NDM5_723_1,17,0.97,0.065,0.336,0.757,0,0.361,1,motif_NG
NDM5_724_0,17,-0.02,0.535,0.078,0.857,0,0.065,0,
NDM5_724_1,17,-0.02,0.565,0.039,0.857,0,0.032,0,
NDM5_725_0,17,-0.02,0.541,0.185,1.171,0,0.155,0,
NDM5_725_1,17,-0.02,0.541,0.185,1.171,0,0.155,0,
NDM5_726_0,17,-1.02,-0.324,0.217,0.757,0,0.181,3,motif_NG;motif_DG;motif_DP
NDM5_726_1,17,-0.02,-0.8,0.279,0.443,0,0.232,3,motif_NG;motif_DG;motif_DP
NDM5_727_0,17,-2.02,0.959,0.337,2.9,0,0.281,0,
NDM5_727_1,17,-3.02,-0.024,0.287,1.643,0,0.239,0,
NDM5_728_0,17,-7.02,-1.059,0.325,0.229,0,0.271,0,
NDM5_728_1,17,-5.02,-1.265,0.437,0.186,0,0.364,1,N-term_Q/E(pyroglutamate)
NDM5_729_0,17,-1.02,0.412,0.292,1.557,0,0.244,1,motif_DP
NDM5_729_1,17,0.01,0.288,0.376,0.8,0,0.314,0,
NDM5_730_0,21,-0.02,-0.471,0.25,0.6,0,0.209,0,
NDM5_730_1,21,-0.03,-0.552,0.25,0.314,0,0.209,0,
NDM5_731_0,21,-2.02,1.057,0.485,1.386,0,0.404,1,homopolymer_run>=4
NDM5_731_1,21,-3.02,1.21,0.405,1.386,0,0.338,1,homopolymer_run>=4
NDM5_732_0,21,-0.99,0.233,0.486,1.0,0,0.405,0,
NDM5_732_1,21,-3.98,-0.748,0.438,1.0,0,0.365,1,motif_DG
NDM5_733_0,21,-0.03,-0.443,0.405,0.729,0,0.338,1,motif_DG
NDM5_733_1,21,1.97,-0.767,0.526,0.343,0,0.603,1,motif_DG
NDM5_734_0,21,-3.02,1.048,0.312,1.771,0,0.26,1,motif_DG
NDM5_734_1,21,-1.02,0.005,0.467,0.486,0,0.389,1,motif_DG
NDM5_735_0,21,-2.02,-0.181,0.456,0.957,0,0.38,1,N-term_Q/E(pyroglutamate)
NDM5_735_1,21,-3.02,-0.433,0.457,0.957,0,0.381,1,N-term_Q/E(pyroglutamate)
NDM5_736_0,21,-0.02,0.248,0.179,0.8,0,0.15,1,homopolymer_run>=4
NDM5_736_1,21,-0.02,0.448,0.154,1.514,0,0.128,1,homopolymer_run>=4
NDM5_737_0,21,-3.02,0.605,0.374,2.414,0,0.311,1,motif_DG
NDM5_737_1,21,-1.02,0.214,0.379,1.186,0,0.315,1,motif_DG
NDM5_738_0,21,-2.03,-0.319,0.306,0.929,0,0.255,2,motif_DG;motif_DP
NDM5_738_1,21,-3.02,0.09,0.43,1.657,0,0.358,2,motif_DG;motif_DP
NDM5_739_0,21,-3.02,-0.386,0.482,0.529,0,0.401,0,
NDM5_739_1,21,-4.02,-0.371,0.347,1.557,0,0.289,0,
NDM5_740_0,24,-7.02,-0.004,0.609,1.286,0,0.5,1,motif_DS
NDM5_740_1,24,-2.99,-0.446,0.698,1.0,0,0.5,1,motif_DS
NDM5_741_0,24,-3.02,0.071,0.302,0.614,0,0.252,0,
NDM5_741_1,24,-5.02,-0.375,0.213,0.6,0,0.177,1,oxidation_prone(M/W)
NDM5_742_0,24,-0.03,-0.096,0.245,0.943,0,0.204,0,
NDM5_742_1,24,-2.03,-0.371,0.154,0.943,0,0.128,0,
NDM5_743_0,24,-2.03,-0.063,0.358,0.871,0,0.298,1,motif_NG
NDM5_743_1,24,-3.02,-0.242,0.315,1.443,0,0.263,2,N-term_Met(ox);motif_NG
NDM5_744_0,24,1.05,-0.588,0.315,0.543,0,0.35,0,
NDM5_744_1,24,-0.95,-0.683,0.341,0.814,0,0.284,0,
NDM5_745_0,24,-0.02,0.217,0.42,1.557,0,0.35,0,
NDM5_745_1,24,-0.02,0.229,0.455,1.414,0,0.38,0,
NDM5_746_0,24,-3.02,0.562,0.303,2.457,0,0.253,1,motif_DP
NDM5_746_1,24,-1.02,0.35,0.332,2.5,0,0.276,0,
NDM5_747_0,24,-0.02,-0.125,0.467,1.543,0,0.389,0,
NDM5_747_1,24,-1.02,-0.042,0.324,0.843,0,0.27,1,motif_DP
NDM5_748_0,24,0.97,-0.55,0.317,0.929,0,0.345,2,motif_DG;motif_DP
NDM5_748_1,24,-0.03,-0.65,0.347,0.214,0,0.289,1,motif_DP
NDM5_749_0,24,0.01,-0.288,0.562,1.329,0,0.469,0,
NDM5_749_1,24,-0.99,-0.154,0.564,1.329,0,0.47,0,
NDM5_750_0,36,-3.02,-0.75,0.468,0.386,0,0.39,1,motif_DG
NDM5_750_1,36,-7.02,-0.897,0.514,0.114,0,0.428,1,motif_DG
NDM5_751_0,36,-4.03,-0.258,0.336,1.2,0,0.28,1,motif_DG
NDM5_751_1,36,-2.03,-0.428,0.316,1.257,0,0.263,1,motif_DG
NDM5_752_0,36,-2.03,-1.089,0.437,-0.114,0,0.364,3,motif_NG;motif_DG;motif_DP
NDM5_752_1,36,-1.03,-1.133,0.465,-0.114,0,0.387,3,motif_NG;motif_DG;motif_DP
NDM5_753_0,36,-5.02,-0.206,0.527,0.843,0,0.439,1,motif_DG
NDM5_753_1,36,-4.02,-0.2,0.392,1.3,0,0.326,0,
NDM5_754_0,36,-0.03,-0.997,0.499,0.271,0,0.416,0,
NDM5_754_1,36,-2.03,-0.669,0.553,0.829,0,0.46,1,motif_DP
NDM5_755_0,36,1.97,-0.65,0.58,1.671,0,0.647,2,motif_NG;motif_DG
NDM5_755_1,36,0.97,-0.467,0.651,1.671,0,0.581,2,motif_NG;motif_DG
NDM5_756_0,36,-1.03,-1.306,0.561,0.543,0,0.468,0,
NDM5_756_1,36,-7.02,-0.958,0.505,0.543,0,0.421,1,motif_DS
NDM5_757_0,36,-5.02,-0.664,0.457,0.586,0,0.381,2,motif_DG;motif_DS
NDM5_757_1,36,-2.03,-0.419,0.437,0.786,0,0.364,2,motif_DG;motif_DP
NDM5_758_0,36,-4.02,-0.875,0.886,0.886,0,0.5,1,homopolymer_run>=4
NDM5_758_1,36,-4.02,-1.044,0.771,0.786,0,0.5,1,homopolymer_run>=4
NDM5_759_0,36,-4.02,0.214,0.3,1.357,0,0.25,0,
NDM5_759_1,36,-4.02,-0.006,0.533,1.257,0,0.444,1,motif_DG
NDM5_760_0,12,-2.03,0.167,0.169,1.143,0,0.141,0,
NDM5_760_1,12,-2.03,-0.7,0.204,-0.6,0,0.17,1,homopolymer_run>=4
NDM5_761_0,12,-0.02,1.4,0.344,1.286,0,0.287,1,motif_DG
NDM5_761_1,12,-2.02,0.108,0.368,1.257,0,0.306,1,motif_DG
NDM5_762_0,12,-0.02,-0.267,0.105,0.057,0,0.087,1,homopolymer_run>=4
NDM5_762_1,12,-0.02,0.167,0.1,0.8,0,0.084,1,homopolymer_run>=4
NDM5_763_0,12,-1.03,0.25,0.136,0.7,0,0.113,0,
NDM5_763_1,12,-1.03,-0.2,0.118,0.386,0,0.098,1,homopolymer_run>=4
NDM5_764_0,12,-0.02,-0.5,0.026,-0.4,0,0.022,1,homopolymer_run>=4
NDM5_764_1,12,-0.02,0.233,0.031,0.857,0,0.025,1,homopolymer_run>=4
NDM5_765_0,12,-2.03,-0.675,0.337,-0.286,0,0.281,1,motif_DP
NDM5_765_1,12,-1.03,-0.067,0.48,0.757,0,0.4,1,motif_DP
NDM5_766_0,12,-1.02,-0.608,0.405,0.4,0,0.337,0,
NDM5_766_1,12,-0.02,-0.55,0.682,-0.286,0,0.5,0,
NDM5_767_0,12,-1.99,0.783,0.235,1.214,0,0.196,0,
NDM5_767_1,12,-0.99,1.008,0.199,1.214,0,0.166,0,
NDM5_768_0,12,-3.03,0.225,0.402,1.3,0,0.335,0,
NDM5_768_1,12,-2.02,0.8,0.268,1.471,0,0.223,0,
NDM5_769_0,12,-2.03,-0.617,0.256,0.871,0,0.213,1,motif_DP
NDM5_769_1,12,-1.03,1.158,0.24,1.057,0,0.2,0,
NDM5_770_0,42,-1.99,-0.471,0.476,0.843,0,0.397,2,motif_DG;motif_DP
NDM5_770_1,42,-1.03,-0.724,0.478,0.914,0,0.399,2,motif_DG;motif_DP
NDM5_771_0,42,-3.02,-0.595,0.737,1.043,0,0.5,0,
NDM5_771_1,42,-3.02,-0.483,0.769,2.2,0,0.5,0,
NDM5_772_0,42,-3.03,-0.938,0.281,0.1,0,0.234,3,motif_DP;motif_DS;homopolymer_run>=4
NDM5_772_1,42,-2.03,-0.521,0.379,0.514,0,0.316,2,motif_DP;motif_DS
NDM5_773_0,42,-1.99,-0.381,0.451,1.343,0,0.375,2,motif_NG;homopolymer_run>=4
NDM5_773_1,42,0.01,-0.705,0.51,0.8,0,0.426,2,motif_NS;homopolymer_run>=4
NDM5_774_0,42,-0.99,0.283,0.237,2.7,0,0.197,2,motif_DG;motif_DP
NDM5_774_1,42,-0.95,0.112,0.346,1.6,0,0.288,0,
NDM5_775_0,42,-0.98,-0.583,0.822,0.957,0,0.5,1,motif_NG
NDM5_775_1,42,-2.02,-0.45,0.746,1.814,0,0.5,2,motif_NG;motif_DP
NDM5_776_0,42,-1.02,-0.769,0.774,1.643,0,0.5,1,motif_DP
NDM5_776_1,42,-0.99,-0.583,0.684,2.386,0,0.5,2,motif_DP;motif_NS
NDM5_777_0,42,-2.02,-0.219,0.879,2.371,0,0.5,1,motif_DP
NDM5_777_1,42,-1.02,-0.079,0.636,2.314,0,0.5,1,motif_DP
NDM5_778_0,42,-4.99,0.057,0.445,2.043,0,0.371,2,motif_NG;motif_DG
NDM5_778_1,42,-2.03,0.179,0.424,1.714,0,0.354,1,motif_DG
NDM5_779_0,42,-1.03,-0.029,0.34,1.7,0,0.284,2,motif_NG;motif_DG
NDM5_779_1,42,-5.03,0.269,0.278,1.7,0,0.232,3,N-term_Met(ox);motif_NG;motif_DG
NDM5_780_0,17,-1.03,0.135,0.342,0.7,0,0.285,0,
NDM5_780_1,17,-1.03,0.159,0.348,0.7,0,0.29,1,motif_DP
NDM5_781_0,17,-2.99,-0.059,0.387,0.357,0,0.322,0,
NDM5_781_1,17,0.01,-0.141,0.426,0.557,0,0.356,0,
NDM5_782_0,17,-0.99,1.065,0.208,2.229,0,0.173,0,
NDM5_782_1,17,-1.99,-0.018,0.171,0.886,0,0.143,0,
NDM5_783_0,17,0.98,-0.647,0.366,-0.329,0,0.386,2,motif_NG;motif_DP
NDM5_783_1,17,0.01,-0.882,0.404,-0.714,0,0.338,1,motif_DP
NDM5_784_0,17,-0.03,0.018,0.354,0.586,0,0.295,0,
NDM5_784_1,17,-1.03,0.394,0.162,1.4,0,0.135,0,
NDM5_785_0,17,-2.02,0.329,0.355,1.443,0,0.296,0,
NDM5_785_1,17,-3.02,-0.182,0.324,0.786,0,0.27,0,
NDM5_786_0,17,-3.02,0.341,0.252,0.971,0,0.21,1,motif_DP
NDM5_786_1,17,-2.02,0.659,0.16,0.986,0,0.133,1,motif_DP
NDM5_787_0,17,0.97,0.453,0.403,1.857,0,0.417,0,
NDM5_787_1,17,0.98,0.1,0.534,1.371,0,0.527,0,
NDM5_788_0,17,-3.03,-0.276,0.234,0.629,0,0.195,1,motif_DS
NDM5_788_1,17,-4.03,-0.594,0.243,0.629,0,0.203,1,motif_DS
NDM5_789_0,17,-1.02,1.0,0.405,2.0,0,0.338,0,
NDM5_789_1,17,-3.02,0.224,0.573,0.929,0,0.478,0,
NDM5_790_0,29,-1.03,0.083,0.287,1.771,0,0.239,0,
NDM5_790_1,29,-0.99,0.4,0.546,1.914,0,0.455,0,
NDM5_791_0,29,2.97,-0.845,0.645,1.114,0,0.748,0,
NDM5_791_1,29,2.97,-0.931,0.578,1.186,0,0.73,0,
NDM5_792_0,29,-0.02,0.372,0.696,2.657,0,0.5,0,
NDM5_792_1,29,-1.02,0.776,0.66,2.429,0,0.5,0,
NDM5_793_0,29,-5.03,-0.766,0.532,0.029,0,0.444,1,motif_DG
NDM5_793_1,29,-2.03,-0.438,0.56,0.514,0,0.467,1,motif_DG
NDM5_794_0,29,-3.03,-0.972,0.278,0.4,0,0.232,2,motif_NG;motif_DG
NDM5_794_1,29,-3.02,-0.49,0.338,1.414,0,0.281,2,motif_NG;motif_DG
NDM5_795_0,29,-3.02,0.776,0.262,1.6,0,0.218,0,
NDM5_795_1,29,-3.02,0.393,0.378,1.429,0,0.315,0,
NDM5_796_0,29,-3.02,0.597,0.225,1.6,0,0.188,1,motif_DG
NDM5_796_1,29,-0.03,-0.034,0.293,1.143,0,0.244,1,motif_NG
NDM5_797_0,29,-5.02,-0.293,0.318,1.171,0,0.265,1,motif_DP
NDM5_797_1,29,-3.02,-0.548,0.363,0.914,0,0.302,3,motif_NG;motif_DP;motif_NS
NDM5_798_0,29,-2.03,-1.169,0.218,0.557,0,0.182,3,motif_DG;motif_DP;motif_NS
NDM5_798_1,29,-3.02,-0.514,0.361,1.143,0,0.301,2,motif_DG;motif_DP
NDM5_799_0,29,-4.03,-0.631,0.474,1.571,0,0.395,1,motif_DG
NDM5_799_1,29,-1.02,-0.01,0.511,1.514,0,0.425,2,motif_DG;motif_NS
NDM5_800_0,23,-4.02,-1.483,0.882,-0.729,0,0.5,1,motif_DG
NDM5_800_1,23,-2.03,-1.861,0.423,-1.257,0,0.353,1,motif_DG
NDM5_801_0,23,0.98,0.252,0.607,1.7,0,0.581,0,
NDM5_801_1,23,-2.02,-0.235,0.406,1.143,0,0.338,0,
NDM5_802_0,23,-1.99,-0.757,0.473,0.357,0,0.394,1,motif_DP
NDM5_802_1,23,-1.02,-0.574,0.639,0.643,0,0.5,1,motif_DP
NDM5_803_0,23,-3.02,-0.061,0.547,1.257,0,0.455,0,
NDM5_803_1,23,-3.03,0.574,0.21,2.243,0,0.175,0,
NDM5_804_0,23,-1.03,-1.817,0.321,-0.929,0,0.267,2,motif_DG;homopolymer_run>=4
NDM5_804_1,23,-4.02,-1.183,0.386,-0.629,0,0.322,2,motif_DG;motif_DP
NDM5_805_0,23,-0.02,0.678,0.343,1.814,0,0.286,0,
NDM5_805_1,23,-1.03,0.678,0.343,1.814,0,0.286,0,
NDM5_806_0,23,-1.03,-0.543,0.44,0.757,0,0.367,1,N-term_Q/E(pyroglutamate)
NDM5_806_1,23,-0.03,-0.47,0.371,0.871,0,0.309,1,N-term_Q/E(pyroglutamate)
NDM5_807_0,23,-0.99,-0.948,0.707,0.014,0,0.5,0,
NDM5_807_1,23,-1.03,-1.157,0.656,0.114,0,0.5,0,
NDM5_808_0,23,-5.02,-0.448,0.226,0.671,0,0.188,1,motif_DP
NDM5_808_1,23,-4.02,-0.191,0.243,1.043,0,0.202,1,motif_DP
NDM5_809_0,23,-2.99,-0.37,0.493,0.943,0,0.411,0,
NDM5_809_1,23,-1.99,-0.574,0.482,0.629,0,0.402,0,
NDM5_810_0,41,-3.03,-0.527,0.804,0.971,0,0.5,1,motif_DG
NDM5_810_1,41,-1.03,-0.339,0.83,2.586,0,0.5,2,motif_DG;motif_DP
NDM5_811_0,41,-1.99,-0.256,0.534,1.443,0,0.445,2,motif_NG;motif_DG
NDM5_811_1,41,-2.99,-0.632,0.631,1.443,0,0.5,3,motif_NG;motif_DG;motif_DP
NDM5_812_0,41,-4.03,-0.061,0.504,1.729,0,0.42,0,
NDM5_812_1,41,-4.03,-0.607,0.603,0.943,0,0.5,1,motif_DS
NDM5_813_0,41,-5.94,-0.3,0.596,0.871,0,0.496,0,
NDM5_813_1,41,-2.95,-0.137,0.278,1.186,0,0.232,0,
NDM5_814_0,41,-3.02,-0.102,0.604,1.529,0,0.5,0,
NDM5_814_1,41,-3.02,-0.01,0.53,1.186,0,0.442,0,
NDM5_815_0,41,-7.02,-0.083,0.239,1.071,0,0.199,2,motif_DG;motif_DP
NDM5_815_1,41,-4.03,-0.807,0.437,0.3,0,0.364,2,motif_DG;motif_DP
NDM5_816_0,41,-2.03,-0.002,0.351,1.314,0,0.292,2,motif_DG;motif_DS
NDM5_816_1,41,-3.02,-0.237,0.433,1.314,0,0.361,2,motif_DG;motif_DS
NDM5_817_0,41,-7.02,0.429,0.559,2.2,0,0.466,1,motif_NG
NDM5_817_1,41,-7.02,0.398,0.561,1.957,0,0.468,1,motif_NG
NDM5_818_0,41,-3.98,-0.4,0.753,1.7,0,0.5,0,
NDM5_818_1,41,-2.99,-0.629,0.76,0.329,0,0.5,0,
NDM5_819_0,41,-5.02,-0.276,0.299,1.129,0,0.249,1,homopolymer_run>=4
NDM5_819_1,41,-4.02,-0.373,0.481,1.129,0,0.401,1,homopolymer_run>=4
NDM5_820_0,16,0.01,-1.206,0.221,-0.586,0,0.185,2,motif_DG;motif_DP
NDM5_820_1,16,0.01,-1.206,0.221,-0.586,0,0.185,2,motif_DG;motif_DP
NDM5_821_0,16,-3.03,-0.138,0.215,0.229,0,0.179,0,
NDM5_821_1,16,-3.03,-0.144,0.176,0.214,0,0.147,0,
NDM5_822_0,16,-0.02,-0.594,0.149,0.414,0,0.124,1,motif_DP
NDM5_822_1,16,-1.02,0.112,0.145,0.729,0,0.121,1,motif_DP
NDM5_823_0,16,-2.02,-0.75,0.24,-0.614,0,0.2,1,N-term_Met(ox)
NDM5_823_1,16,-4.02,-0.913,0.273,-0.7,0,0.228,1,motif_DG
NDM5_824_0,16,-2.02,0.412,0.372,0.886,0,0.31,0,
NDM5_824_1,16,-2.02,0.625,0.373,1.257,0,0.311,0,
NDM5_825_0,16,-3.02,-0.513,0.505,0.671,0,0.421,1,motif_DP
NDM5_825_1,16,-2.02,-0.788,0.498,0.4,0,0.415,1,motif_DP
NDM5_826_0,16,-1.02,-0.238,0.25,0.3,0,0.208,1,N-term_Q/E(pyroglutamate)
NDM5_826_1,16,-0.02,0.212,0.221,1.057,0,0.184,0,
NDM5_827_0,16,-0.02,0.431,0.064,1.071,0,0.054,1,homopolymer_run>=4
NDM5_827_1,16,-0.02,0.219,0.085,1.357,0,0.071,1,homopolymer_run>=4
NDM5_828_0,16,-0.99,0.544,0.275,0.829,0,0.229,0,
NDM5_828_1,16,-0.99,0.194,0.283,0.829,0,0.236,1,homopolymer_run>=4
NDM5_829_0,16,-1.03,0.062,0.606,1.343,0,0.5,0,
NDM5_829_1,16,-3.02,-0.4,0.408,0.929,0,0.34,1,motif_DG
NDM5_830_0,37,-1.03,-0.446,0.325,0.943,0,0.271,1,motif_DG
NDM5_830_1,37,-0.03,-0.454,0.325,0.9,0,0.271,1,motif_NG
NDM5_831_0,37,-3.03,-0.927,0.639,1.329,0,0.5,1,motif_NG
NDM5_831_1,37,-2.03,-1.165,0.572,0.729,0,0.477,1,motif_NG
NDM5_832_0,37,-3.02,-0.93,0.588,0.729,0,0.49,3,N-term_Q/E(pyroglutamate);motif_DG;motif_DP
NDM5_832_1,37,-3.03,-0.973,0.363,0.186,0,0.302,2,N-term_Q/E(pyroglutamate);motif_DP
NDM5_833_0,37,-1.02,0.327,0.498,2.371,0,0.415,1,N-term_Q/E(pyroglutamate)
NDM5_833_1,37,-1.03,0.711,0.562,2.314,0,0.468,1,homopolymer_run>=4
NDM5_834_0,37,-1.03,-0.13,0.528,1.043,0,0.44,0,
NDM5_834_1,37,-1.02,0.751,0.561,2.414,0,0.468,0,
NDM5_835_0,37,-4.02,-1.797,0.54,-0.486,0,0.45,3,N-term_Met(ox);motif_NG;motif_DG
NDM5_835_1,37,-1.02,-1.23,0.686,0.314,0,0.5,4,N-term_Met(ox);motif_NG;motif_DG;motif_NS
NDM5_836_0,37,1.01,-0.743,0.686,0.429,0,0.584,2,N-term_Q/E(pyroglutamate);motif_DG
NDM5_836_1,37,1.01,-1.27,0.612,-0.4,0,0.584,2,N-term_Q/E(pyroglutamate);motif_DG
NDM5_837_0,37,-1.03,0.316,0.305,1.886,0,0.254,0,
NDM5_837_1,37,-2.03,0.757,0.397,1.929,0,0.331,0,
NDM5_838_0,37,-3.02,-0.576,0.473,1.6,0,0.394,2,motif_NG;motif_DG
NDM5_838_1,37,-4.02,-0.362,0.419,1.6,0,0.349,2,motif_NG;motif_DG
NDM5_839_0,37,0.01,-0.011,0.596,0.871,0,0.498,1,motif_DP
NDM5_839_1,37,-1.03,-0.268,0.659,0.971,0,0.5,1,motif_DP
NDM5_840_0,31,-4.02,-1.029,0.567,1.171,0,0.472,0,
NDM5_840_1,31,-6.02,-0.806,0.589,1.571,0,0.491,1,homopolymer_run>=4
NDM5_841_0,31,-2.02,-0.977,0.866,0.443,0,0.5,2,N-term_Q/E(pyroglutamate);motif_NG
NDM5_841_1,31,-2.03,-1.629,0.648,-0.314,0,0.5,2,N-term_Q/E(pyroglutamate);homopolymer_run>=4
NDM5_842_0,31,3.01,0.168,0.535,1.5,0,0.696,0,
NDM5_842_1,31,2.01,0.387,0.553,2.043,0,0.629,0,
NDM5_843_0,31,-1.03,-0.168,0.647,1.329,0,0.5,0,
NDM5_843_1,31,-1.02,-0.116,0.639,1.771,0,0.5,0,
NDM5_844_0,31,-3.03,-0.168,0.604,1.314,0,0.5,1,motif_DP
NDM5_844_1,31,-5.02,-1.006,0.638,1.071,0,0.5,2,N-term_Q/E(pyroglutamate);motif_DP
NDM5_845_0,31,-1.03,0.355,0.347,2.529,0,0.29,1,motif_DP
NDM5_845_1,31,-2.03,0.294,0.354,2.257,0,0.295,1,motif_DP
NDM5_846_0,31,-1.03,-0.548,0.183,1.129,0,0.153,1,homopolymer_run>=4
NDM5_846_1,31,-0.02,-0.097,0.289,1.157,0,0.241,1,homopolymer_run>=4
NDM5_847_0,31,0.01,0.59,0.582,0.957,0,0.486,1,N-term_Met(ox)
NDM5_847_1,31,-0.98,0.606,0.621,1.214,0,0.5,1,N-term_Met(ox)
NDM5_848_0,31,-1.99,-0.51,0.34,0.886,0,0.284,0,
NDM5_848_1,31,-0.99,-0.419,0.331,0.886,0,0.276,0,
NDM5_849_0,31,-2.03,0.516,0.446,2.2,0,0.372,1,motif_DG
NDM5_849_1,31,-2.02,0.423,0.476,2.529,0,0.396,1,N-term_Q/E(pyroglutamate)
NDM5_850_0,26,2.01,-0.442,0.539,0.6,0,0.616,0,
NDM5_850_1,26,1.01,-0.162,0.492,0.657,0,0.494,0,
NDM5_851_0,26,0.97,-0.188,0.433,1.5,0,0.442,1,N-term_Q/E(pyroglutamate)
NDM5_851_1,26,0.97,0.027,0.388,2.2,0,0.404,1,N-term_Q/E(pyroglutamate)
NDM5_852_0,26,-2.03,-0.023,0.215,1.143,0,0.179,1,motif_DP
NDM5_852_1,26,-3.03,-0.0,0.316,1.271,0,0.264,1,motif_DP
NDM5_853_0,26,-0.03,-0.165,0.408,0.986,0,0.34,2,motif_DG;homopolymer_run>=4
NDM5_853_1,26,-3.02,-0.446,0.661,0.314,0,0.5,1,motif_DG
NDM5_854_0,26,-5.02,-0.231,0.366,1.257,0,0.305,1,motif_DG
NDM5_854_1,26,-4.03,-0.104,0.222,1.257,0,0.185,1,motif_DG
NDM5_855_0,26,-3.02,-0.538,0.361,0.443,0,0.301,3,motif_NG;motif_DG;motif_DS
NDM5_855_1,26,-3.02,-0.462,0.331,0.171,0,0.276,3,motif_NG;motif_DG;motif_DS
NDM5_856_0,26,2.97,-0.442,0.698,0.786,0,0.748,0,
NDM5_856_1,26,0.97,-0.081,0.727,1.243,0,0.581,1,N-term_Q/E(pyroglutamate)
NDM5_857_0,26,-3.03,-0.654,0.348,0.743,0,0.29,1,motif_NG
NDM5_857_1,26,-3.03,-0.15,0.309,0.814,0,0.257,1,motif_DG
NDM5_858_0,26,-1.03,0.408,0.325,2.029,0,0.271,1,motif_DS
NDM5_858_1,26,-0.03,-0.288,0.39,0.786,0,0.325,0,
NDM5_859_0,26,-2.02,-0.538,0.389,1.186,0,0.324,0,
NDM5_859_1,26,-1.02,-0.15,0.273,1.486,0,0.227,2,N-term_Met(ox);oxidation_prone(M/W)
NDM5_860_0,37,-4.03,-0.703,0.586,0.771,0,0.489,1,motif_NG
NDM5_860_1,37,-3.03,-0.711,0.553,0.386,0,0.461,2,motif_NG;motif_DG
NDM5_861_0,37,-1.99,-0.714,0.739,0.529,0,0.5,0,
NDM5_861_1,37,-0.99,-0.611,0.861,0.571,0,0.5,0,
NDM5_862_0,37,-4.99,-0.189,0.51,1.114,0,0.425,0,
NDM5_862_1,37,-0.99,-0.662,0.663,1.114,0,0.5,0,
NDM5_863_0,37,-5.03,-0.468,0.445,1.471,0,0.371,2,motif_DG;motif_DS
NDM5_864_0,37,1.05,-0.511,0.44,0.643,0,0.454,1,motif_DG
NDM5_865_0,37,-1.99,-0.227,0.32,2.114,0,0.267,2,N-term_Q/E(pyroglutamate);motif_NS
NDM5_866_0,37,0.0,-1.046,0.364,-0.1,0,0.304,1,motif_NS
NDM5_867_0,37,-4.03,-0.395,0.432,1.229,0,0.36,1,motif_DP
NDM5_868_0,37,-0.99,-0.935,0.441,0.757,0,0.367,1,motif_DS
NDM5_869_0,37,-4.03,-0.603,0.514,0.614,0,0.428,1,motif_DG
NDM5_870_0,30,-0.99,0.48,0.571,1.743,0,0.476,0,
NDM5_871_0,30,-7.02,-0.957,0.633,0.743,0,0.5,1,N-term_Q/E(pyroglutamate)
NDM5_872_0,30,-4.02,0.363,0.302,2.443,0,0.252,1,motif_NS
NDM5_873_0,30,-3.03,-0.55,0.592,0.543,0,0.493,1,N-term_Q/E(pyroglutamate)
NDM5_874_0,30,-5.02,-0.693,0.591,0.914,0,0.493,0,
NDM5_875_0,30,-2.03,-0.457,0.532,0.857,0,0.443,1,motif_DS
NDM5_876_0,30,-5.03,-0.103,0.464,2.2,0,0.387,1,motif_DP
NDM5_877_0,30,-1.02,-0.143,0.533,1.5,0,0.444,0,
NDM5_878_0,30,-2.02,-0.35,0.464,0.871,0,0.387,0,
NDM5_879_0,30,-3.99,-1.46,0.385,0.157,0,0.321,2,motif_DP;motif_DS
NDM5_880_0,40,-3.03,-0.388,0.386,1.114,0,0.322,1,motif_DP
NDM5_881_0,40,-4.03,-0.84,0.559,0.486,0,0.466,1,motif_DG
NDM5_882_0,40,-3.03,0.105,0.412,1.471,0,0.343,2,N-term_Q/E(pyroglutamate);motif_DG
NDM5_883_0,40,-0.03,-0.405,0.832,0.8,0,0.5,0,
NDM5_884_0,40,-7.98,-0.318,0.576,1.471,0,0.48,1,motif_DP
NDM5_885_0,40,-6.02,-0.475,0.461,1.357,0,0.384,3,N-term_Q/E(pyroglutamate);motif_DG;motif_DP
NDM5_886_0,40,-7.02,-0.053,0.661,2.3,0,0.5,1,motif_DG
NDM5_887_0,40,-1.99,-0.52,0.481,0.814,0,0.401,0,
NDM5_888_0,40,-1.95,-0.615,0.286,1.371,0,0.239,2,motif_DG;motif_NS
NDM5_889_0,40,-0.03,-0.583,0.348,1.329,0,0.29,1,motif_DP
NDM5_890_0,29,-2.02,-0.207,0.852,0.9,0,0.5,1,N-term_Q/E(pyroglutamate)
NDM5_891_0,29,-1.98,0.359,0.502,2.329,0,0.419,0,
NDM5_892_0,29,-0.98,-0.924,0.626,0.271,0,0.5,1,N-term_Q/E(pyroglutamate)
NDM5_893_0,29,-1.02,0.583,0.585,2.729,0,0.487,0,
NDM5_894_0,29,-3.03,0.555,0.312,1.657,0,0.26,2,motif_DG;motif_DP
NDM5_895_0,29,-7.03,-1.1,0.428,-0.129,0,0.357,1,motif_DG
NDM5_896_0,29,-2.98,-1.317,0.405,0.186,0,0.338,2,motif_DP;homopolymer_run>=4
NDM5_897_0,29,-1.02,-0.321,0.625,0.757,0,0.5,2,motif_DP;motif_NS
NDM5_898_0,29,-5.03,-0.91,0.566,0.714,0,0.472,0,
NDM5_899_0,29,-3.02,-0.831,0.463,0.657,0,0.386,1,motif_DG
NDM5_900_0,17,-2.02,-0.624,0.322,-0.543,0,0.269,1,motif_DP
NDM5_901_0,17,-3.02,-0.712,0.673,0.443,0,0.5,1,N-term_Q/E(pyroglutamate)
NDM5_902_0,17,-0.03,-0.553,0.661,-0.1,0,0.5,0,
NDM5_903_0,17,-1.02,0.5,0.137,0.843,0,0.114,0,
NDM5_904_0,17,-0.02,0.612,0.108,1.571,0,0.09,0,
NDM5_905_0,17,-0.02,0.394,0.35,1.814,0,0.292,2,N-term_Q/E(pyroglutamate);motif_DS
NDM5_906_0,17,0.97,0.647,0.267,1.586,0,0.304,0,
NDM5_907_0,17,-4.02,-0.612,0.33,-0.257,0,0.275,0,
NDM5_908_0,17,0.98,-0.006,0.278,0.843,0,0.313,0,
NDM5_909_0,17,-3.02,-0.947,0.355,0.557,0,0.296,1,motif_DP
NDM5_910_0,34,-1.02,-0.879,0.469,0.943,0,0.391,3,N-term_Q/E(pyroglutamate);motif_DG;motif_DP
NDM5_911_0,34,-6.02,-0.574,0.511,1.329,0,0.426,0,
NDM5_912_0,34,0.01,-0.053,0.433,1.029,0,0.362,0,
NDM5_913_0,34,-2.02,0.138,0.36,1.286,0,0.3,0,
NDM5_914_0,34,-2.03,0.538,0.346,1.871,0,0.288,0,
NDM5_915_0,34,-2.03,-0.418,0.598,0.686,0,0.499,2,N-term_Q/E(pyroglutamate);motif_DG
NDM5_916_0,34,-1.03,-0.271,0.308,0.857,0,0.257,1,motif_DP
NDM5_917_0,34,-2.03,-0.029,0.401,1.5,0,0.335,2,motif_NG;motif_DS
NDM5_918_0,34,-2.03,-0.709,0.512,0.786,0,0.426,1,motif_DP
NDM5_919_0,34,-5.03,-0.421,0.39,1.114,0,0.325,1,motif_DP
NDM5_920_0,29,-3.02,-0.424,0.482,1.757,0,0.402,1,motif_DG
NDM5_921_0,29,-1.02,-0.203,0.49,1.271,0,0.409,0,
NDM5_922_0,29,-2.02,-0.503,0.832,1.514,0,0.5,1,N-term_Q/E(pyroglutamate)
NDM5_923_0,29,-2.98,-0.869,0.562,1.529,0,0.468,2,motif_NG;motif_DP
NDM5_924_0,29,-6.02,-0.152,0.428,0.914,0,0.356,0,
NDM5_925_0,29,-5.02,0.221,0.528,1.8,0,0.44,0,
NDM5_926_0,29,-3.03,0.014,0.311,1.314,0,0.259,1,motif_DG
NDM5_927_0,29,-0.02,1.217,0.338,2.429,0,0.282,2,motif_NG;homopolymer_run>=4
NDM5_928_0,29,-4.02,-0.772,0.66,1.214,0,0.5,1,motif_DS
NDM5_929_0,29,-3.02,0.359,0.474,1.329,0,0.395,0,
NDM5_930_0,18,-3.03,-0.583,0.376,0.014,0,0.313,3,N-term_Met(ox);motif_NG;motif_DS
NDM5_931_0,18,-1.02,0.317,0.321,0.743,0,0.267,2,motif_NG;motif_DP
NDM5_932_0,18,-1.98,-0.406,0.418,1.029,0,0.348,1,N-term_Q/E(pyroglutamate)
NDM5_933_0,18,-0.99,-1.65,0.256,-1.186,0,0.214,1,motif_DG
NDM5_934_0,18,-0.02,-0.183,0.548,0.671,0,0.457,0,
NDM5_935_0,18,-3.02,-0.867,0.295,-0.6,0,0.246,2,motif_DG;motif_DP
NDM5_936_0,18,-0.02,0.122,0.382,0.657,0,0.318,0,
NDM5_937_0,18,-2.03,0.022,0.235,0.686,0,0.196,0,
NDM5_938_0,18,-0.03,0.094,0.233,0.714,0,0.194,0,
NDM5_939_0,18,-2.02,-0.089,0.389,0.157,0,0.324,0,
NDM5_940_0,42,-3.02,-0.257,0.59,1.9,0,0.492,0,
NDM5_941_0,42,-4.02,0.569,0.353,2.0,0,0.294,0,
NDM5_942_0,42,-0.99,-0.752,0.436,0.829,0,0.363,0,
NDM5_943_0,42,-4.03,0.379,0.701,2.443,0,0.5,1,motif_DG
NDM5_944_0,42,-3.02,-0.462,0.512,0.714,0,0.427,0,
NDM5_945_0,42,-6.03,-0.224,0.586,1.643,0,0.488,2,motif_DG;motif_DP
NDM5_946_0,42,-1.99,0.145,0.269,1.286,0,0.224,2,motif_DG;homopolymer_run>=4
NDM5_947_0,42,-4.02,0.143,0.439,1.5,0,0.366,0,
NDM5_948_0,42,-2.03,-0.25,0.513,1.643,0,0.427,1,motif_DP
NDM5_949_0,42,-4.99,0.512,0.416,2.4,0,0.347,1,motif_DG
NDM5_950_0,37,-0.03,-1.0,0.693,0.629,0,0.5,2,motif_NG;motif_DG
NDM5_951_0,37,-2.95,-0.251,0.419,0.929,0,0.35,1,motif_DG
NDM5_952_0,37,-4.02,-0.973,0.599,0.171,0,0.499,1,motif_DG
NDM5_953_0,37,-0.95,-1.5,0.342,0.957,0,0.285,0,
NDM5_954_0,37,-2.03,-0.997,0.464,0.829,0,0.386,1,motif_DG
NDM5_955_0,37,-5.02,-0.257,0.549,0.914,0,0.458,2,motif_NG;motif_DP
NDM5_956_0,37,-6.02,-0.141,0.357,0.971,0,0.297,2,N-term_Met(ox);motif_DG
NDM5_957_0,37,-0.02,-0.324,0.831,1.986,0,0.5,1,N-term_Q/E(pyroglutamate)
NDM5_958_0,37,-3.03,-0.397,0.673,0.343,0,0.5,2,N-term_Met(ox);motif_DG
NDM5_959_0,37,-4.02,-0.465,0.312,1.171,0,0.26,2,motif_DP;motif_DS
NDM5_960_0,15,0.97,0.573,0.178,1.471,0,0.23,0,
NDM5_961_0,15,-0.02,-0.44,0.242,0.671,0,0.202,0,
NDM5_962_0,15,-3.02,-0.6,0.361,0.686,0,0.301,0,
NDM5_963_0,15,-0.02,-0.107,0.438,1.243,0,0.365,0,
NDM5_964_0,15,-4.02,-0.633,0.35,0.071,0,0.292,0,
NDM5_965_0,15,-1.02,0.64,0.127,1.229,0,0.105,2,motif_DG;homopolymer_run>=4
NDM5_966_0,15,0.97,-0.727,0.146,-0.743,0,0.203,1,motif_NG
NDM5_967_0,15,-0.99,0.493,0.213,1.543,0,0.177,0,
NDM5_968_0,15,0.97,0.36,0.375,0.743,0,0.394,1,motif_DS
NDM5_969_0,15,-1.02,0.24,0.167,0.814,0,0.139,1,homopolymer_run>=4
NDM5_970_0,16,-3.02,0.044,0.241,0.9,0,0.201,1,motif_DS
NDM5_971_0,16,-1.03,-0.363,0.178,0.957,0,0.149,0,
NDM5_972_0,16,0.97,-0.05,0.215,0.7,0,0.26,0,
NDM5_973_0,16,-0.02,0.7,0.267,1.043,0,0.222,0,
NDM5_974_0,16,-2.99,0.606,0.136,1.586,0,0.114,1,motif_DP
NDM5_975_0,16,-1.02,0.531,0.326,1.3,0,0.272,0,
NDM5_976_0,16,-1.03,-0.388,0.345,-0.057,0,0.288,2,motif_DG;motif_DP
NDM5_977_0,16,0.97,0.394,0.123,1.157,0,0.184,0,
NDM5_978_0,16,-1.02,0.212,0.127,0.571,0,0.106,0,
NDM5_979_0,16,-0.03,-0.156,0.552,0.457,0,0.46,0,
NDM5_980_0,17,-1.03,0.312,0.538,1.214,0,0.448,0,
NDM5_981_0,17,-1.02,0.371,0.252,1.643,0,0.21,0,
NDM5_982_0,17,-1.03,0.841,0.339,1.857,0,0.283,0,
NDM5_983_0,17,-0.02,-0.247,0.69,0.671,0,0.5,1,homopolymer_run>=4
NDM5_984_0,17,-1.02,-0.535,0.228,0.014,0,0.19,0,
NDM5_985_0,17,0.98,-0.047,0.257,0.986,0,0.295,1,motif_DP
NDM5_986_0,17,-3.03,-1.265,0.299,-0.857,0,0.249,1,motif_DG
NDM5_987_0,17,-3.02,0.059,0.376,0.757,0,0.313,0,
NDM5_988_0,17,-3.03,0.906,0.38,2.4,0,0.316,0,
NDM5_989_0,17,0.97,0.953,0.412,1.557,0,0.424,0,
NDM5_990_0,41,-1.02,-0.11,0.529,1.129,0,0.441,2,motif_DG;motif_NS
NDM5_991_0,41,0.01,-0.354,0.404,1.029,0,0.337,2,motif_NG;motif_DG
NDM5_992_0,41,-2.03,-0.81,0.541,1.186,0,0.451,3,N-term_Q/E(pyroglutamate);motif_DP;motif_DS
NDM5_993_0,41,-3.02,-0.046,0.547,1.243,0,0.456,0,
NDM5_994_0,41,-1.03,-0.68,0.653,1.314,0,0.5,2,motif_DG;motif_DP
NDM5_995_0,41,-4.03,-0.863,0.462,0.4,0,0.385,2,motif_DG;motif_DP
NDM5_996_0,41,-4.03,0.117,0.66,1.529,0,0.5,1,N-term_Met(ox)
NDM5_997_0,41,-2.02,-0.966,0.43,0.729,0,0.358,1,motif_NG
NDM5_998_0,41,-7.02,-0.637,0.354,2.029,0,0.295,2,motif_DP;homopolymer_run>=4
NDM5_999_0,41,-7.02,-0.166,0.392,1.543,0,0.327,3,motif_DG;motif_DP;homopolymer_run>=4
