design_id,length,net_charge_pH7.4,gravy,hydrophobic_moment,aggregation_proxy,cys_count,delivery_proxy,n_liabilities,liabilities
KPC3_000,16,0.98,-0.294,0.19,1.157,0,0.24,1,motif_NG
KPC3_001,16,1.98,-0.825,0.312,0.114,0,0.425,0,
KPC3_002,16,-1.14,0.562,0.118,0.971,1,0.098,1,odd_Cys(free_thiol)
KPC3_003,16,-2.14,0.662,0.177,1.057,1,0.148,1,odd_Cys(free_thiol)
KPC3_004,16,0.01,-0.206,0.467,1.671,0,0.39,0,
KPC3_005,16,-0.02,1.247,0.09,2.333,0,0.075,0,
KPC3_006,16,0.98,0.147,0.371,1.05,0,0.39,2,motif_NG;motif_DP
KPC3_007,16,-3.02,-0.5,0.328,1.086,0,0.273,2,N-term_Q/E(pyroglutamate);motif_DS
KPC3_008,16,-1.02,0.988,0.197,2.057,0,0.164,1,motif_DG
KPC3_009,16,-1.02,-0.806,0.162,-0.414,0,0.135,1,motif_DP
KPC3_010,39,-0.14,1.359,0.046,1.9,1,0.038,2,odd_Cys(free_thiol);homopolymer_run>=4
KPC3_011,39,-3.02,-0.91,0.379,0.986,0,0.316,3,N-term_Met(ox);motif_DG;oxidation_prone(M/W)
KPC3_012,39,-1.25,-0.485,0.607,1.029,2,0.5,2,motif_DP;homopolymer_run>=4
KPC3_013,39,-1.44,-0.51,0.404,1.086,4,0.337,3,4_Cys;motif_NG;motif_DG
KPC3_014,39,-1.1,-0.013,0.168,0.871,1,0.14,1,odd_Cys(free_thiol)
KPC3_015,39,-0.14,-0.497,0.628,2.4,1,0.5,1,odd_Cys(free_thiol)
KPC3_016,39,0.9,1.0,0.77,3.214,1,0.575,2,odd_Cys(free_thiol);oxidation_prone(M/W)
KPC3_017,39,-2.03,1.036,0.586,2.771,0,0.489,0,
KPC3_018,39,0.01,-0.474,0.448,1.357,0,0.375,1,motif_DS
KPC3_019,39,3.97,-0.19,0.608,1.357,0,0.831,0,
KPC3_020,27,-0.03,0.319,0.578,1.143,0,0.482,0,
KPC3_021,27,-0.14,-1.259,0.442,0.286,1,0.369,2,odd_Cys(free_thiol);motif_NS
KPC3_022,27,-4.32,0.07,0.29,1.657,3,0.242,3,odd_Cys(free_thiol);3_Cys;N-term_Q/E(pyroglutamate)
KPC3_023,27,-3.14,0.215,0.292,1.343,1,0.244,2,odd_Cys(free_thiol);motif_DP
KPC3_024,27,-1.58,0.711,0.397,2.586,5,0.331,2,odd_Cys(free_thiol);5_Cys
KPC3_025,27,-6.69,-0.067,0.288,1.986,6,0.24,3,6_Cys;N-term_Met(ox);motif_DG
KPC3_026,27,-0.14,-0.541,0.349,0.686,1,0.291,1,odd_Cys(free_thiol)
KPC3_027,27,-0.03,0.881,0.4,2.143,0,0.333,1,N-term_Met(ox)
KPC3_028,27,1.97,-1.444,0.578,-0.243,0,0.645,0,
KPC3_029,27,-2.25,0.507,0.165,2.329,2,0.138,0,
KPC3_030,29,-1.02,-0.231,0.17,0.443,0,0.141,1,homopolymer_run>=4
KPC3_031,29,-7.02,-1.017,0.433,0.186,0,0.361,1,motif_DG
KPC3_032,29,-0.02,0.21,0.551,1.786,0,0.459,1,motif_DG
KPC3_033,29,-1.14,0.724,0.515,1.9,1,0.429,1,odd_Cys(free_thiol)
KPC3_034,29,-6.1,-0.414,0.351,1.129,1,0.293,1,odd_Cys(free_thiol)
KPC3_035,29,-1.02,0.341,0.183,1.114,0,0.152,1,motif_DP
KPC3_036,29,3.05,-1.41,0.588,-0.043,0,0.744,0,
KPC3_037,29,0.64,0.319,0.243,1.467,3,0.256,3,odd_Cys(free_thiol);3_Cys;motif_NG
KPC3_038,29,2.01,0.024,0.642,0.914,0,0.668,0,
KPC3_039,29,-1.91,-0.562,0.322,0.6,0,0.269,1,motif_DS
KPC3_040,44,-3.47,-0.082,0.431,0.829,4,0.359,3,4_Cys;motif_DG;motif_DS
KPC3_041,44,1.97,-0.08,0.554,2.114,0,0.626,1,homopolymer_run>=4
KPC3_042,44,-4.03,0.027,0.459,2.671,0,0.382,1,motif_DG
KPC3_043,44,-3.02,-0.08,0.537,1.443,0,0.447,0,
KPC3_044,44,0.97,-0.162,0.176,0.78,0,0.228,1,homopolymer_run>=4
KPC3_045,44,1.98,-0.198,0.275,1.029,0,0.394,2,motif_DG;oxidation_prone(M/W)
KPC3_046,44,-2.02,0.277,0.301,1.486,0,0.251,1,homopolymer_run>=4
KPC3_047,44,4.86,-0.427,0.457,0.771,1,0.786,3,odd_Cys(free_thiol);motif_NG;homopolymer_run>=4
KPC3_048,44,1.57,-0.375,0.413,0.614,4,0.475,2,4_Cys;N-term_Met(ox)
KPC3_049,44,-2.17,0.493,0.497,2.214,2,0.414,1,homopolymer_run>=4
KPC3_050,45,-0.99,0.289,0.241,1.4,0,0.201,0,
KPC3_051,45,-0.25,-0.162,0.568,0.771,2,0.473,0,
KPC3_052,45,-1.14,0.178,0.361,1.943,1,0.301,3,odd_Cys(free_thiol);motif_DS;oxidation_prone(M/W)
KPC3_053,45,-0.03,0.482,0.499,2.529,0,0.415,1,motif_NG
KPC3_054,45,-1.99,-0.16,0.548,1.543,0,0.457,2,motif_NG;motif_DP
KPC3_055,45,-7.43,-0.673,0.547,1.614,4,0.456,3,4_Cys;N-term_Q/E(pyroglutamate);motif_DP
KPC3_056,45,-2.47,-0.427,0.331,0.683,4,0.276,3,4_Cys;motif_DG;homopolymer_run>=4
KPC3_057,45,2.3,-0.304,0.59,1.686,6,0.684,1,6_Cys
KPC3_058,45,-3.25,-0.143,0.311,1.0,2,0.259,1,motif_DS
KPC3_059,45,0.05,0.282,0.598,1.957,0,0.503,1,motif_NG
KPC3_060,43,0.86,0.407,0.341,1.629,1,0.356,3,odd_Cys(free_thiol);motif_NS;homopolymer_run>=4
KPC3_061,43,0.57,-0.07,0.503,1.143,4,0.466,2,4_Cys;homopolymer_run>=4
KPC3_062,43,-2.1,0.83,0.486,1.757,1,0.405,2,odd_Cys(free_thiol);motif_DS
KPC3_063,43,-2.36,-0.198,0.393,0.914,3,0.328,3,odd_Cys(free_thiol);3_Cys;N-term_Q/E(pyroglutamate)
KPC3_064,43,3.97,-0.384,0.468,0.886,0,0.721,2,motif_NG;oxidation_prone(M/W)
KPC3_065,43,0.01,-0.751,0.447,0.829,0,0.374,2,N-term_Q/E(pyroglutamate);motif_NG
KPC3_066,43,1.9,-0.53,0.582,1.643,1,0.643,1,odd_Cys(free_thiol)
KPC3_067,43,1.64,0.191,0.503,2.0,3,0.556,3,odd_Cys(free_thiol);3_Cys;motif_DP
KPC3_068,43,-2.99,-0.405,0.589,1.214,0,0.49,1,motif_DG
KPC3_069,43,1.86,-0.679,0.385,1.143,1,0.476,2,odd_Cys(free_thiol);homopolymer_run>=4
KPC3_070,19,-1.99,-0.326,0.355,1.2,0,0.295,0,
KPC3_071,19,-0.02,0.137,0.19,0.786,0,0.158,0,
KPC3_072,19,-0.02,-0.284,0.284,0.257,0,0.236,0,
KPC3_073,19,2.05,-1.579,0.336,-0.771,0,0.451,0,
KPC3_074,19,0.86,-0.189,0.2,1.2,1,0.238,2,odd_Cys(free_thiol);homopolymer_run>=4
KPC3_075,19,-2.02,0.595,0.321,2.586,0,0.267,1,motif_DS
KPC3_076,19,-1.02,0.337,0.253,1.1,0,0.211,1,motif_DG
KPC3_077,19,4.97,-0.763,0.247,-0.243,0,0.62,0,
KPC3_078,19,-1.14,0.774,0.245,1.771,1,0.204,1,odd_Cys(free_thiol)
KPC3_079,19,-0.02,0.905,0.17,2.014,0,0.142,0,
KPC3_080,14,0.98,-0.814,0.595,0.171,0,0.577,0,
KPC3_081,14,-1.02,0.893,0.218,1.871,0,0.181,0,
KPC3_082,14,1.01,-0.0,0.332,0.343,0,0.361,0,
KPC3_083,14,-1.02,0.364,0.238,0.529,0,0.198,1,motif_DG
KPC3_084,14,-2.03,0.164,0.259,0.443,0,0.216,1,motif_DG
KPC3_085,14,-2.02,0.214,0.118,0.7,0,0.099,0,
KPC3_086,14,0.9,-0.243,0.229,0.929,1,0.266,2,odd_Cys(free_thiol);homopolymer_run>=4
KPC3_087,14,-2.02,-0.729,0.222,-0.586,0,0.185,2,motif_DG;homopolymer_run>=4
KPC3_088,14,-0.02,0.171,0.422,0.714,0,0.351,0,
KPC3_089,14,-0.14,0.814,0.108,1.017,1,0.09,2,odd_Cys(free_thiol);homopolymer_run>=4
KPC3_090,13,-1.02,0.369,0.264,0.671,0,0.22,1,N-term_Q/E(pyroglutamate)
KPC3_091,13,0.98,-0.423,0.362,0.414,0,0.383,0,
KPC3_092,13,1.98,0.177,0.557,0.857,0,0.628,0,
KPC3_093,13,-0.02,0.017,0.131,0.067,0,0.109,0,
KPC3_094,13,-0.02,-0.346,0.138,0.057,0,0.115,1,homopolymer_run>=4
KPC3_095,13,-0.14,0.567,0.073,1.167,1,0.061,1,odd_Cys(free_thiol)
KPC3_096,13,-3.14,-1.3,0.235,-1.271,1,0.196,2,odd_Cys(free_thiol);motif_DG
KPC3_097,13,-2.02,-0.2,0.126,0.443,0,0.105,0,
KPC3_098,13,-3.02,-0.677,0.308,-0.286,0,0.257,2,motif_DG;motif_DS
KPC3_099,13,-0.03,-0.146,0.275,0.3,0,0.229,1,motif_NS
KPC3_100,37,3.53,0.176,0.473,1.4,4,0.688,1,4_Cys
KPC3_101,37,-0.02,0.784,0.163,1.486,0,0.136,1,homopolymer_run>=4
KPC3_102,37,-1.14,0.592,0.251,1.743,1,0.209,2,odd_Cys(free_thiol);homopolymer_run>=4
KPC3_103,37,-1.21,-0.075,0.284,0.857,2,0.237,2,motif_NG;oxidation_prone(M/W)
KPC3_104,37,1.01,0.572,0.557,2.514,0,0.548,1,oxidation_prone(M/W)
KPC3_105,37,-0.14,0.232,0.178,0.829,1,0.148,3,odd_Cys(free_thiol);motif_NG;homopolymer_run>=4
KPC3_106,37,-2.02,0.332,0.257,2.229,0,0.214,2,motif_DS;oxidation_prone(M/W)
KPC3_107,37,1.98,0.092,0.558,1.629,0,0.63,0,
KPC3_108,37,0.01,-0.073,0.39,1.3,0,0.326,1,homopolymer_run>=4
KPC3_109,37,-0.99,-0.316,0.38,1.471,0,0.317,2,N-term_Met(ox);oxidation_prone(M/W)
KPC3_110,34,-1.14,-0.335,0.629,0.443,1,0.5,4,odd_Cys(free_thiol);N-term_Met(ox);motif_DP;motif_NS
KPC3_111,34,2.97,-0.397,0.499,1.771,0,0.663,0,
KPC3_112,34,0.98,-0.015,0.497,1.957,0,0.496,0,
KPC3_113,34,1.86,-0.568,0.362,0.557,1,0.457,3,odd_Cys(free_thiol);motif_NG;motif_DS
KPC3_114,34,-1.14,0.582,0.346,1.8,1,0.288,3,odd_Cys(free_thiol);motif_NG;motif_DG
KPC3_115,34,0.86,0.029,0.267,1.286,1,0.295,2,odd_Cys(free_thiol);homopolymer_run>=4
KPC3_116,34,-0.14,0.559,0.291,1.429,1,0.242,3,odd_Cys(free_thiol);N-term_Met(ox);oxidation_prone(M/W)
KPC3_117,34,0.86,-0.268,0.732,0.629,1,0.572,1,odd_Cys(free_thiol)
KPC3_118,34,-0.21,0.276,0.394,1.257,2,0.328,0,
KPC3_119,34,-3.02,-0.009,0.442,1.629,0,0.368,1,motif_DG
KPC3_120,40,-0.14,0.142,0.068,0.886,1,0.057,2,odd_Cys(free_thiol);homopolymer_run>=4
KPC3_121,40,-2.14,-0.01,0.49,1.7,1,0.409,1,odd_Cys(free_thiol)
KPC3_122,40,0.01,-0.198,0.498,1.6,0,0.416,2,motif_NG;motif_DG
KPC3_123,40,3.97,-0.175,0.541,1.0,0,0.782,2,N-term_Met(ox);homopolymer_run>=4
KPC3_124,40,-2.02,-0.193,0.346,1.086,0,0.289,1,homopolymer_run>=4
KPC3_125,40,-1.99,0.122,0.347,1.057,0,0.289,2,motif_DG;oxidation_prone(M/W)
KPC3_126,40,1.97,-0.58,0.621,0.7,0,0.665,2,motif_NG;motif_DG
KPC3_127,40,0.3,0.733,0.406,2.243,6,0.364,2,6_Cys;motif_DG
KPC3_128,40,-1.14,0.823,0.219,2.343,1,0.182,5,odd_Cys(free_thiol);N-term_Met(ox);motif_NG;motif_DG;homopolymer_run>=4
KPC3_129,40,-1.99,0.012,0.646,1.371,0,0.5,0,
KPC3_130,18,-0.02,-0.044,0.499,1.329,0,0.416,0,
KPC3_131,18,-1.99,-0.661,0.407,-0.286,0,0.339,1,N-term_Met(ox)
KPC3_132,18,0.98,0.067,0.48,1.414,0,0.481,0,
KPC3_133,18,-1.99,-0.567,0.326,0.614,0,0.271,0,
KPC3_134,18,-2.02,-1.25,0.311,0.657,0,0.259,0,
KPC3_135,18,-0.02,0.628,0.069,1.029,0,0.057,1,homopolymer_run>=4
KPC3_136,18,-0.02,0.772,0.147,1.486,0,0.123,1,homopolymer_run>=4
KPC3_137,18,-0.99,0.178,0.597,1.029,0,0.498,0,
KPC3_138,18,-1.02,-0.4,0.403,0.971,0,0.336,0,
KPC3_139,18,-2.02,-0.1,0.27,2.371,0,0.225,0,
KPC3_140,34,-1.1,0.447,0.32,1.529,1,0.267,3,odd_Cys(free_thiol);N-term_Met(ox);motif_NS
KPC3_141,34,-1.99,0.559,0.469,2.0,0,0.39,0,
KPC3_142,34,-1.14,-0.524,0.308,1.814,1,0.257,1,odd_Cys(free_thiol)
KPC3_143,34,0.79,-0.576,0.524,1.271,2,0.503,0,
KPC3_144,34,3.98,0.061,0.639,1.257,0,0.831,1,oxidation_prone(M/W)
KPC3_145,34,-1.14,-0.024,0.187,0.729,1,0.156,1,odd_Cys(free_thiol)
KPC3_146,34,3.98,-0.497,0.958,1.129,0,0.831,2,motif_DG;homopolymer_run>=4
KPC3_147,34,-2.17,-0.341,0.543,0.471,2,0.452,1,motif_NG
KPC3_148,34,-1.99,-0.022,0.254,1.629,0,0.212,1,homopolymer_run>=4
KPC3_149,34,-0.02,-0.4,0.044,0.0,0,0.036,1,homopolymer_run>=4
KPC3_150,34,-1.21,0.653,0.303,1.857,2,0.253,1,N-term_Met(ox)
KPC3_151,34,2.97,-0.368,0.497,1.829,0,0.662,1,homopolymer_run>=4
KPC3_152,34,-0.99,-0.1,0.655,0.971,0,0.5,0,
KPC3_153,34,-1.14,0.903,0.198,2.214,1,0.165,3,odd_Cys(free_thiol);motif_NS;homopolymer_run>=4
KPC3_154,34,-0.25,0.082,0.282,0.743,2,0.235,2,motif_DP;homopolymer_run>=4
KPC3_155,34,-2.02,1.041,0.243,2.457,0,0.202,1,motif_DG
KPC3_156,34,-2.03,-0.553,0.341,1.314,0,0.284,1,motif_DP
KPC3_157,34,-0.02,0.155,0.321,1.071,0,0.268,0,
KPC3_158,34,0.05,-0.147,0.284,1.057,0,0.241,2,N-term_Met(ox);homopolymer_run>=4
KPC3_159,34,-0.03,0.062,0.503,0.886,0,0.419,0,
KPC3_160,31,-0.02,0.03,0.171,1.0,0,0.142,2,motif_NG;homopolymer_run>=4
KPC3_161,31,1.01,-0.526,0.49,0.371,0,0.492,0,
KPC3_162,31,-1.99,-0.732,0.433,0.514,0,0.361,3,motif_DG;motif_NS;homopolymer_run>=4
KPC3_163,31,1.86,-0.171,0.435,1.243,1,0.518,2,odd_Cys(free_thiol);N-term_Met(ox)
KPC3_164,31,-4.02,0.287,0.273,1.457,0,0.228,3,N-term_Q/E(pyroglutamate);motif_DG;motif_DS
KPC3_165,31,2.98,-0.094,0.622,1.9,0,0.748,0,
KPC3_166,31,-2.02,-0.071,0.52,2.3,0,0.433,2,N-term_Met(ox);homopolymer_run>=4
KPC3_167,31,-0.21,-0.429,0.509,0.657,2,0.424,0,
KPC3_168,31,-4.02,-0.232,0.391,0.871,0,0.326,0,
KPC3_169,31,-1.02,0.081,0.241,1.471,0,0.201,2,motif_DG;homopolymer_run>=4
KPC3_170,27,-1.14,0.592,0.295,2.186,1,0.245,2,odd_Cys(free_thiol);oxidation_prone(M/W)
KPC3_171,27,-2.02,-0.63,0.606,0.986,0,0.5,1,motif_NG
KPC3_172,27,-2.02,0.159,0.185,2.014,0,0.154,1,motif_DS
KPC3_173,27,-0.02,0.326,0.058,1.5,0,0.048,1,homopolymer_run>=4
KPC3_174,27,-1.02,-0.781,0.34,-0.2,0,0.283,1,motif_NG
KPC3_175,27,-2.25,0.211,0.242,1.4,2,0.202,1,motif_DG
KPC3_176,27,-3.03,-0.122,0.194,0.729,0,0.162,1,homopolymer_run>=4
KPC3_177,27,-0.14,1.33,0.155,2.457,1,0.129,4,odd_Cys(free_thiol);N-term_Met(ox);homopolymer_run>=4;oxidation_prone(M/W)
KPC3_178,27,-1.02,1.359,0.151,1.8,0,0.126,1,homopolymer_run>=4
KPC3_179,27,-3.95,-0.604,0.321,0.314,0,0.267,0,
KPC3_180,44,-2.58,0.389,0.244,2.55,5,0.203,2,odd_Cys(free_thiol);5_Cys
KPC3_181,44,2.79,-0.232,0.469,0.743,2,0.623,4,motif_NG;motif_DP;motif_NS;oxidation_prone(M/W)
KPC3_182,44,-1.21,0.291,0.34,1.814,2,0.283,2,N-term_Met(ox);homopolymer_run>=4
KPC3_183,44,-3.14,0.198,0.582,1.914,1,0.485,1,odd_Cys(free_thiol)
KPC3_184,44,1.98,0.398,0.367,3.114,0,0.471,1,motif_DG
KPC3_185,44,-5.13,-0.388,0.294,0.829,2,0.245,4,motif_NG;motif_DG;motif_DS;homopolymer_run>=4
KPC3_186,44,1.94,-0.17,0.581,1.429,1,0.646,1,odd_Cys(free_thiol)
KPC3_187,44,-1.1,-1.245,0.472,0.514,1,0.393,3,odd_Cys(free_thiol);motif_NG;motif_DG
KPC3_188,44,-0.14,0.072,0.442,1.9,1,0.369,1,odd_Cys(free_thiol)
KPC3_189,44,-1.14,0.077,0.314,1.443,1,0.262,2,odd_Cys(free_thiol);motif_DS
KPC3_190,26,-0.14,0.312,0.512,1.386,1,0.427,1,odd_Cys(free_thiol)
KPC3_191,26,-3.14,1.027,0.376,3.057,1,0.314,2,odd_Cys(free_thiol);motif_DG
KPC3_192,26,-1.99,-0.169,0.37,1.943,0,0.308,2,motif_DG;motif_DP
KPC3_193,26,1.97,0.669,0.364,2.657,0,0.468,1,motif_NG
KPC3_194,26,-5.02,-0.0,0.361,1.133,0,0.301,5,N-term_Met(ox);motif_DG;motif_DP;homopolymer_run>=4;oxidation_prone(M/W)
KPC3_195,26,-0.02,0.244,0.106,1.25,0,0.088,0,
KPC3_196,26,0.97,-0.038,0.506,0.929,0,0.502,1,homopolymer_run>=4
KPC3_197,26,0.94,0.108,0.288,0.657,1,0.318,2,odd_Cys(free_thiol);oxidation_prone(M/W)
KPC3_198,26,-1.1,1.465,0.337,2.3,1,0.281,2,odd_Cys(free_thiol);N-term_Met(ox)
KPC3_199,26,-3.02,-0.108,0.421,0.971,0,0.351,1,motif_NG
KPC3_200,37,-0.36,0.897,0.171,2.286,3,0.143,3,odd_Cys(free_thiol);3_Cys;homopolymer_run>=4
KPC3_201,37,1.79,0.173,0.556,1.957,2,0.612,0,
KPC3_202,37,0.97,-1.046,0.738,0.257,0,0.581,1,motif_DG
KPC3_203,37,-0.02,0.695,0.098,1.8,0,0.081,1,homopolymer_run>=4
KPC3_204,37,2.97,-0.108,0.491,1.186,0,0.657,0,
KPC3_205,37,-1.02,0.254,0.387,1.267,0,0.322,1,motif_DP
KPC3_206,37,-0.36,0.976,0.229,1.9,3,0.191,4,odd_Cys(free_thiol);3_Cys;N-term_Met(ox);homopolymer_run>=4
KPC3_207,37,-4.02,-0.749,0.308,1.529,0,0.256,0,
KPC3_208,37,0.64,0.804,0.243,2.033,3,0.256,3,odd_Cys(free_thiol);3_Cys;homopolymer_run>=4
KPC3_209,37,-0.14,0.068,0.4,1.0,1,0.333,1,odd_Cys(free_thiol)
KPC3_210,30,1.75,0.457,0.757,1.671,2,0.646,0,
KPC3_211,30,0.9,-0.79,0.37,0.286,1,0.384,2,odd_Cys(free_thiol);homopolymer_run>=4
KPC3_212,30,-0.95,-0.523,0.841,0.643,0,0.5,1,homopolymer_run>=4
KPC3_213,30,-0.25,-0.68,0.6,0.9,2,0.5,1,motif_DG
KPC3_214,30,0.86,-0.13,0.385,1.686,1,0.393,1,odd_Cys(free_thiol)
KPC3_215,30,-0.1,0.993,0.156,2.271,1,0.13,1,odd_Cys(free_thiol)
KPC3_216,30,-2.14,0.097,0.36,1.771,1,0.3,1,odd_Cys(free_thiol)
KPC3_217,30,-2.02,1.103,0.183,2.857,0,0.153,0,
KPC3_218,30,-2.02,0.377,0.556,1.8,0,0.463,1,motif_DS
KPC3_219,30,-2.02,0.79,0.548,2.414,0,0.456,0,
KPC3_220,45,-5.02,0.829,0.296,2.271,0,0.247,0,
KPC3_221,45,-3.36,-0.0,0.425,0.829,3,0.354,3,odd_Cys(free_thiol);3_Cys;homopolymer_run>=4
KPC3_222,45,-5.02,-0.613,0.432,0.886,0,0.36,1,oxidation_prone(M/W)
KPC3_223,45,2.97,0.398,0.339,1.9,0,0.53,0,
KPC3_224,45,-0.14,0.25,0.056,2.5,1,0.047,2,odd_Cys(free_thiol);homopolymer_run>=4
KPC3_225,45,-0.14,0.585,0.211,4.2,1,0.176,2,odd_Cys(free_thiol);homopolymer_run>=4
KPC3_226,45,0.01,-0.224,0.281,1.229,0,0.235,0,
KPC3_227,45,0.75,-0.196,0.564,1.4,2,0.532,1,motif_NG
KPC3_228,45,-0.14,-0.04,0.362,1.086,1,0.302,2,odd_Cys(free_thiol);homopolymer_run>=4
KPC3_229,45,-2.95,0.164,0.412,2.1,0,0.343,0,
KPC3_230,28,2.97,-0.814,0.723,0.386,0,0.747,0,
KPC3_231,28,-1.13,-0.546,0.373,0.557,1,0.311,4,odd_Cys(free_thiol);N-term_Met(ox);motif_DP;oxidation_prone(M/W)
KPC3_232,28,-0.02,0.814,0.205,1.486,0,0.171,1,homopolymer_run>=4
KPC3_233,28,0.86,1.086,0.329,2.4,1,0.346,2,odd_Cys(free_thiol);N-term_Met(ox)
KPC3_234,28,-0.1,0.352,0.174,1.214,1,0.145,1,odd_Cys(free_thiol)
KPC3_235,28,-0.03,0.318,0.236,1.486,0,0.196,1,homopolymer_run>=4
KPC3_236,28,-2.14,-0.068,0.463,0.543,1,0.386,1,odd_Cys(free_thiol)
KPC3_237,28,-0.14,0.485,0.151,1.457,1,0.126,2,odd_Cys(free_thiol);homopolymer_run>=4
KPC3_238,28,1.98,-0.85,0.438,1.743,0,0.53,0,
KPC3_239,28,0.97,-0.146,0.642,1.371,0,0.581,1,homopolymer_run>=4
KPC3_240,29,2.97,-0.441,0.468,2.243,0,0.638,1,motif_DP
KPC3_241,29,-2.14,-0.038,0.434,1.043,1,0.361,2,odd_Cys(free_thiol);motif_DG
KPC3_242,29,-3.02,-0.1,0.403,1.329,0,0.336,2,motif_NG;motif_DG
KPC3_243,29,-0.99,-0.314,0.505,0.086,0,0.421,0,
KPC3_244,29,-1.14,0.172,0.278,0.814,1,0.232,2,odd_Cys(free_thiol);motif_DG
KPC3_245,29,-0.36,-0.258,0.273,1.714,3,0.228,3,odd_Cys(free_thiol);3_Cys;N-term_Q/E(pyroglutamate)
KPC3_246,29,-0.03,-0.321,0.42,0.857,0,0.35,2,motif_DS;homopolymer_run>=4
KPC3_247,29,1.9,0.721,0.311,2.814,1,0.418,1,odd_Cys(free_thiol)
KPC3_248,29,-2.14,0.069,0.296,1.586,1,0.246,1,odd_Cys(free_thiol)
KPC3_249,29,-3.02,-1.069,0.357,1.2,0,0.298,1,N-term_Q/E(pyroglutamate)
KPC3_250,39,-4.36,-0.413,0.247,0.657,3,0.205,3,odd_Cys(free_thiol);3_Cys;motif_DG
KPC3_251,39,-6.03,-0.921,0.526,-0.229,0,0.438,3,N-term_Met(ox);motif_DG;homopolymer_run>=4
KPC3_252,39,-2.1,-0.131,0.395,1.071,1,0.329,3,odd_Cys(free_thiol);motif_DG;motif_DP
KPC3_253,39,-0.99,-0.864,0.525,0.943,0,0.438,2,N-term_Met(ox);motif_DP
KPC3_254,39,-1.43,-0.59,0.497,1.886,4,0.414,1,4_Cys
KPC3_255,39,-4.14,0.049,0.49,1.7,1,0.408,2,odd_Cys(free_thiol);motif_DG
KPC3_256,39,-0.43,0.51,0.274,1.757,4,0.228,1,4_Cys
KPC3_257,39,0.86,0.874,0.4,2.8,1,0.405,1,odd_Cys(free_thiol)
KPC3_258,39,-4.13,-0.418,0.399,1.429,1,0.332,2,odd_Cys(free_thiol);motif_DG
KPC3_259,39,-1.32,0.323,0.319,2.329,3,0.266,2,odd_Cys(free_thiol);3_Cys
KPC3_260,27,-1.03,-0.063,0.206,0.686,0,0.171,1,motif_DG
KPC3_261,27,-1.25,-0.763,0.218,0.986,2,0.182,5,motif_NG;motif_DP;motif_DS;motif_NS;homopolymer_run>=4
KPC3_262,27,1.98,-0.022,0.414,2.229,0,0.509,1,motif_DG
KPC3_263,27,2.9,-0.837,0.523,0.029,1,0.678,1,odd_Cys(free_thiol)
KPC3_264,27,-1.02,0.281,0.307,1.543,0,0.256,0,
KPC3_265,27,-0.02,-0.667,0.454,0.514,0,0.379,1,N-term_Q/E(pyroglutamate)
KPC3_266,27,-3.14,0.596,0.278,2.171,1,0.232,2,odd_Cys(free_thiol);motif_DG
KPC3_267,27,-1.98,-0.641,0.627,1.0,0,0.5,1,motif_DG
KPC3_268,27,0.86,0.341,0.495,2.071,1,0.484,2,odd_Cys(free_thiol);N-term_Q/E(pyroglutamate)
KPC3_269,27,1.01,-0.089,0.383,1.343,0,0.403,0,
KPC3_270,26,0.05,-0.8,0.254,0.143,0,0.216,1,motif_DG
KPC3_271,26,-1.25,0.365,0.277,1.586,2,0.23,0,
KPC3_272,26,0.9,-0.308,0.24,1.1,1,0.275,2,odd_Cys(free_thiol);homopolymer_run>=4
KPC3_273,26,-0.14,0.919,0.088,1.586,1,0.074,1,odd_Cys(free_thiol)
KPC3_274,26,-0.02,0.908,0.092,1.829,0,0.077,1,homopolymer_run>=4
KPC3_275,26,0.86,0.477,0.316,2.343,1,0.335,1,odd_Cys(free_thiol)
KPC3_276,26,-0.91,-0.05,0.435,0.786,0,0.362,1,homopolymer_run>=4
KPC3_277,26,1.97,-0.054,0.294,0.5,0,0.41,0,
KPC3_278,26,-1.25,0.238,0.267,2.0,2,0.222,2,motif_DG;homopolymer_run>=4
KPC3_279,26,-0.02,-0.531,0.399,0.029,0,0.332,1,homopolymer_run>=4
KPC3_280,13,-2.03,-0.938,0.211,-0.771,0,0.175,1,motif_NG
KPC3_281,13,0.97,0.492,0.176,1.086,0,0.228,0,
KPC3_282,13,-0.02,1.262,0.069,1.8,0,0.057,1,homopolymer_run>=4
KPC3_283,13,-0.14,0.685,0.052,1.1,1,0.044,2,odd_Cys(free_thiol);homopolymer_run>=4
KPC3_284,13,-0.02,-0.154,0.082,-0.029,0,0.069,0,
KPC3_285,13,1.01,-0.362,0.343,0.457,0,0.37,0,
KPC3_286,13,-0.02,-0.669,0.214,0.686,0,0.178,0,
KPC3_287,13,2.86,-0.377,0.425,0.471,1,0.592,1,odd_Cys(free_thiol)
KPC3_288,13,-1.02,0.238,0.15,1.129,0,0.125,0,
KPC3_289,13,-0.02,-0.515,0.104,0.171,0,0.087,2,N-term_Q/E(pyroglutamate);homopolymer_run>=4
KPC3_290,45,-5.14,-0.3,0.292,1.0,1,0.243,5,odd_Cys(free_thiol);motif_DG;motif_DS;homopolymer_run>=4;oxidation_prone(M/W)
KPC3_291,45,-3.17,-0.619,0.341,1.243,2,0.284,2,motif_DG;oxidation_prone(M/W)
KPC3_292,45,-1.36,0.443,0.173,1.333,3,0.144,3,odd_Cys(free_thiol);3_Cys;homopolymer_run>=4
KPC3_293,45,-0.02,0.055,0.072,1.8,0,0.06,1,homopolymer_run>=4
KPC3_294,45,-2.32,-0.691,0.256,0.371,3,0.213,2,odd_Cys(free_thiol);3_Cys
KPC3_295,45,0.09,0.089,0.568,2.029,0,0.481,1,motif_DS
KPC3_296,45,-1.36,-0.04,0.585,1.914,3,0.488,3,odd_Cys(free_thiol);3_Cys;homopolymer_run>=4
KPC3_297,45,-3.73,0.582,0.525,1.243,7,0.437,2,odd_Cys(free_thiol);7_Cys
KPC3_298,45,2.09,-0.762,0.46,2.814,0,0.557,0,
KPC3_299,45,-0.36,1.293,0.276,3.0,3,0.23,3,odd_Cys(free_thiol);3_Cys;homopolymer_run>=4
KPC3_300,28,-0.02,0.246,0.185,1.3,0,0.154,0,
KPC3_301,28,3.97,-1.018,0.675,0.771,0,0.831,2,motif_DG;homopolymer_run>=4
KPC3_302,28,-3.02,-0.589,0.356,1.586,0,0.296,2,motif_NG;motif_DP
KPC3_303,28,0.01,-0.521,0.22,0.314,0,0.185,2,motif_NG;motif_DP
KPC3_304,28,-0.25,0.039,0.483,1.257,2,0.402,1,homopolymer_run>=4
KPC3_305,28,-2.98,0.048,0.411,0.625,0,0.342,2,motif_DS;motif_NS
KPC3_306,28,-1.66,0.575,0.213,1.6,6,0.178,1,6_Cys
KPC3_307,28,-2.02,-0.061,0.217,1.071,0,0.181,1,motif_DG
KPC3_308,28,-0.02,0.475,0.365,2.071,0,0.304,1,motif_NS
KPC3_309,28,-2.36,0.611,0.243,1.629,3,0.203,3,odd_Cys(free_thiol);3_Cys;motif_NG
KPC3_310,42,2.01,-0.512,0.575,1.214,0,0.647,0,
KPC3_311,42,6.53,-0.545,0.355,2.671,4,0.796,3,4_Cys;motif_DG;homopolymer_run>=4
KPC3_312,42,-4.25,0.46,0.385,1.571,2,0.321,0,
KPC3_313,42,-4.25,0.902,0.403,1.829,2,0.336,1,motif_DS
KPC3_314,42,-3.47,0.455,0.285,2.357,4,0.238,1,4_Cys
KPC3_315,42,0.64,0.521,0.454,2.014,3,0.432,4,odd_Cys(free_thiol);3_Cys;motif_DG;oxidation_prone(M/W)
KPC3_316,42,0.68,0.276,0.337,1.586,3,0.337,3,odd_Cys(free_thiol);3_Cys;motif_DG
KPC3_317,42,-1.02,0.867,0.497,2.143,0,0.414,2,motif_DG;homopolymer_run>=4
KPC3_318,42,2.42,0.143,0.474,1.629,5,0.596,3,odd_Cys(free_thiol);5_Cys;motif_NS
KPC3_319,42,3.86,0.06,0.598,1.043,1,0.821,2,odd_Cys(free_thiol);homopolymer_run>=4
KPC3_320,45,-3.1,-0.233,0.728,1.371,1,0.5,1,odd_Cys(free_thiol)
KPC3_321,45,-4.02,0.707,0.422,2.086,0,0.352,2,motif_DS;homopolymer_run>=4
KPC3_322,45,1.01,-0.551,0.792,1.214,0,0.584,0,
KPC3_323,45,4.01,-0.678,0.674,1.386,0,0.834,3,motif_NG;homopolymer_run>=4;oxidation_prone(M/W)
KPC3_324,45,-2.25,-0.669,0.293,0.6,2,0.244,2,motif_DS;homopolymer_run>=4
KPC3_325,45,-0.95,-0.569,0.551,1.0,0,0.459,2,motif_DS;motif_NS
KPC3_326,45,-0.02,0.151,0.141,1.143,0,0.117,1,homopolymer_run>=4
KPC3_327,45,-1.25,0.811,0.228,1.957,2,0.19,1,homopolymer_run>=4
KPC3_328,45,-5.13,-0.118,0.365,1.129,1,0.304,3,odd_Cys(free_thiol);motif_DG;homopolymer_run>=4
KPC3_329,45,-2.99,0.567,0.542,2.2,0,0.452,1,motif_DG
KPC3_330,37,-0.02,-0.103,0.145,0.486,0,0.121,1,homopolymer_run>=4
KPC3_331,37,0.98,0.373,0.388,1.471,0,0.405,0,
KPC3_332,37,-0.14,0.443,0.259,1.743,1,0.215,1,odd_Cys(free_thiol)
KPC3_333,37,-1.14,0.283,0.119,1.271,1,0.099,2,odd_Cys(free_thiol);homopolymer_run>=4
KPC3_334,37,-3.14,0.338,0.62,2.857,1,0.5,2,odd_Cys(free_thiol);motif_DG
KPC3_335,37,0.79,-0.27,0.52,1.814,2,0.499,1,motif_NG
KPC3_336,37,1.05,-0.092,0.458,1.714,0,0.469,0,
KPC3_337,37,-1.03,0.295,0.499,2.786,0,0.416,0,
KPC3_338,37,-0.21,0.111,0.49,1.171,2,0.408,1,homopolymer_run>=4
KPC3_339,37,-1.02,0.746,0.181,1.333,0,0.151,0,
KPC3_340,16,2.01,-0.325,0.304,0.171,0,0.421,1,motif_DG
KPC3_341,16,-0.02,0.431,0.167,1.043,0,0.139,0,
KPC3_342,16,0.94,0.125,0.211,1.329,1,0.254,1,odd_Cys(free_thiol)
KPC3_343,16,-2.02,-0.056,0.156,0.757,0,0.13,1,motif_DS
KPC3_344,16,0.01,0.487,0.186,1.171,0,0.156,1,homopolymer_run>=4
KPC3_345,16,0.97,-0.556,0.295,0.343,0,0.327,0,
KPC3_346,16,0.86,1.312,0.165,2.243,1,0.21,1,odd_Cys(free_thiol)
KPC3_347,16,-1.02,-0.16,0.28,1.433,0,0.233,0,
KPC3_348,16,0.01,-0.125,0.381,0.571,0,0.319,2,N-term_Q/E(pyroglutamate);homopolymer_run>=4
KPC3_349,16,-2.1,-0.406,0.353,0.929,1,0.294,3,odd_Cys(free_thiol);N-term_Q/E(pyroglutamate);homopolymer_run>=4
KPC3_350,36,-0.02,0.0,0.0,0.0,0,0.0,1,homopolymer_run>=4
KPC3_351,36,-1.25,0.625,0.302,1.586,2,0.252,1,homopolymer_run>=4
KPC3_352,36,-0.02,0.704,0.189,1.8,0,0.158,1,homopolymer_run>=4
KPC3_353,36,4.9,-1.739,0.476,0.9,1,0.805,1,odd_Cys(free_thiol)
KPC3_354,36,3.86,-0.514,0.523,1.886,1,0.757,1,odd_Cys(free_thiol)
KPC3_355,36,-1.29,-0.156,0.233,1.743,3,0.194,3,odd_Cys(free_thiol);3_Cys;homopolymer_run>=4
KPC3_356,36,-4.14,-0.042,0.532,1.229,1,0.443,2,odd_Cys(free_thiol);motif_DS
KPC3_357,36,4.97,-0.486,0.587,1.086,0,0.903,1,oxidation_prone(M/W)
KPC3_358,36,2.97,-0.314,0.688,1.071,0,0.748,1,motif_DG
KPC3_359,36,0.86,-0.625,0.593,1.143,1,0.566,2,odd_Cys(free_thiol);oxidation_prone(M/W)
KPC3_360,30,-0.14,0.017,0.31,0.829,1,0.258,3,odd_Cys(free_thiol);motif_DS;homopolymer_run>=4
KPC3_361,30,0.01,-0.077,0.322,1.2,0,0.269,1,homopolymer_run>=4
KPC3_362,30,-5.13,-0.627,0.325,0.957,1,0.271,2,odd_Cys(free_thiol);motif_NS
KPC3_363,30,-0.17,0.093,0.383,1.557,2,0.319,2,N-term_Met(ox);motif_DS
KPC3_364,30,-1.02,-0.467,0.35,1.286,0,0.292,2,motif_NG;homopolymer_run>=4
KPC3_365,30,-3.47,0.087,0.399,1.586,4,0.333,2,4_Cys;homopolymer_run>=4
KPC3_366,30,-0.02,0.693,0.353,1.914,0,0.294,1,motif_DG
KPC3_367,30,0.86,-0.137,0.538,1.629,1,0.52,3,odd_Cys(free_thiol);motif_NG;motif_DP
KPC3_368,30,3.97,-0.273,0.548,1.857,0,0.788,0,
KPC3_369,30,-1.95,-0.627,0.311,0.386,0,0.259,2,N-term_Q/E(pyroglutamate);homopolymer_run>=4
KPC3_370,43,-2.03,0.26,0.307,1.914,0,0.256,2,motif_DG;oxidation_prone(M/W)
KPC3_371,43,-0.92,1.0,0.27,1.829,8,0.225,2,8_Cys;motif_NG
KPC3_372,43,-3.02,-0.047,0.449,1.357,0,0.374,3,motif_NG;motif_DG;homopolymer_run>=4
KPC3_373,43,0.98,-0.231,0.617,1.114,0,0.581,1,motif_DG
KPC3_374,43,-1.25,0.96,0.331,2.871,2,0.276,1,motif_NS
KPC3_375,43,-0.13,-0.435,0.807,1.057,1,0.5,2,odd_Cys(free_thiol);motif_NG
KPC3_376,43,1.01,-0.053,0.35,1.457,0,0.377,1,motif_NG
KPC3_377,43,4.86,-0.058,0.854,1.414,1,0.905,1,odd_Cys(free_thiol)
KPC3_378,43,-0.36,0.56,0.219,1.2,3,0.182,3,odd_Cys(free_thiol);3_Cys;motif_NS
KPC3_379,43,-4.06,0.133,0.647,2.771,1,0.5,4,odd_Cys(free_thiol);N-term_Q/E(pyroglutamate);motif_DG;motif_DS
KPC3_380,20,2.97,-0.12,0.577,1.8,0,0.728,0,
KPC3_381,20,-3.02,-0.85,0.185,1.257,0,0.154,2,motif_DG;motif_DS
KPC3_382,20,0.98,0.495,0.38,2.5,0,0.398,0,
KPC3_383,20,-1.02,0.01,0.418,1.086,0,0.348,0,
KPC3_384,20,-0.03,-0.668,0.169,-0.2,0,0.141,1,homopolymer_run>=4
KPC3_385,20,2.98,-0.3,0.473,0.229,0,0.642,1,homopolymer_run>=4
KPC3_386,20,0.98,0.65,0.479,1.986,0,0.48,0,
KPC3_387,20,-2.03,0.08,0.326,0.971,0,0.272,1,motif_DP
KPC3_388,20,-2.14,0.46,0.326,1.1,1,0.272,1,odd_Cys(free_thiol)
KPC3_389,20,2.01,-0.24,0.289,0.357,0,0.409,0,
KPC3_390,29,0.09,-1.1,0.476,0.671,0,0.404,1,motif_NG
KPC3_391,29,-1.99,0.241,0.35,1.729,0,0.292,1,motif_DG
KPC3_392,29,-5.02,-0.448,0.547,1.029,0,0.456,2,motif_DP;motif_DS
KPC3_393,29,1.01,-0.124,0.458,1.843,0,0.466,1,motif_DS
KPC3_394,29,-0.32,-0.072,0.203,0.486,3,0.169,2,odd_Cys(free_thiol);3_Cys
KPC3_395,29,-2.69,0.317,0.479,1.529,6,0.399,3,6_Cys;N-term_Met(ox);motif_DG
KPC3_396,29,-2.99,-0.241,0.429,1.457,0,0.358,2,motif_DG;motif_DP
KPC3_397,29,-1.14,-0.3,0.335,1.957,1,0.279,2,odd_Cys(free_thiol);motif_DS
KPC3_398,29,0.01,-0.148,0.363,1.029,0,0.304,1,homopolymer_run>=4
KPC3_399,29,0.01,-0.303,0.244,1.129,0,0.204,1,homopolymer_run>=4
KPC3_400,37,1.01,-0.632,0.394,0.843,0,0.413,2,motif_DS;homopolymer_run>=4
KPC3_401,37,0.97,0.435,0.33,2.5,0,0.356,0,
KPC3_402,37,-3.13,-0.516,0.262,0.857,1,0.218,2,odd_Cys(free_thiol);N-term_Q/E(pyroglutamate)
KPC3_403,37,-1.1,-1.592,0.405,0.057,1,0.337,3,odd_Cys(free_thiol);motif_NG;motif_DS
KPC3_404,37,-0.14,0.092,0.522,1.143,1,0.435,2,odd_Cys(free_thiol);motif_DG
KPC3_405,37,0.86,0.37,0.228,2.229,1,0.262,2,odd_Cys(free_thiol);motif_NG
KPC3_406,37,2.86,0.232,0.652,2.114,1,0.739,1,odd_Cys(free_thiol)
KPC3_407,37,-1.14,-0.008,0.201,1.067,1,0.168,2,odd_Cys(free_thiol);homopolymer_run>=4
KPC3_408,37,-5.14,-0.103,0.48,1.471,1,0.4,3,odd_Cys(free_thiol);motif_NG;motif_DS
KPC3_409,37,1.97,1.008,0.396,2.286,0,0.494,0,
KPC3_410,23,-4.13,-0.622,0.289,0.2,1,0.241,1,odd_Cys(free_thiol)
KPC3_411,23,-0.02,-0.082,0.226,0.6,0,0.188,0,
KPC3_412,23,-3.02,-0.165,0.234,0.829,0,0.195,1,motif_DG
KPC3_413,23,-3.1,-0.078,0.234,1.114,1,0.195,2,odd_Cys(free_thiol);motif_DG
KPC3_414,23,1.01,0.264,0.259,1.55,0,0.3,0,
KPC3_415,23,-2.25,0.009,0.178,1.614,2,0.148,1,motif_DG
KPC3_416,23,0.97,-0.804,0.375,0.0,0,0.394,2,motif_DP;oxidation_prone(M/W)
KPC3_417,23,-1.14,-0.796,0.308,0.514,1,0.257,1,odd_Cys(free_thiol)
KPC3_418,23,0.86,-0.609,0.614,0.357,1,0.572,1,odd_Cys(free_thiol)
KPC3_419,23,-0.95,-0.426,0.29,1.3,0,0.241,0,
KPC3_420,28,0.01,-0.636,0.531,0.686,0,0.443,3,motif_NG;motif_DS;homopolymer_run>=4
KPC3_421,28,3.97,-0.5,0.637,1.829,0,0.831,1,motif_NG
KPC3_422,28,1.98,0.086,0.579,1.814,0,0.647,2,motif_NG;homopolymer_run>=4
KPC3_423,28,-1.25,0.557,0.27,1.529,2,0.225,0,
KPC3_424,28,-1.14,0.507,0.315,1.4,1,0.263,1,odd_Cys(free_thiol)
KPC3_425,28,-1.02,0.411,0.182,2.086,0,0.151,2,motif_NG;homopolymer_run>=4
KPC3_426,28,-0.02,-0.5,0.067,0.0,0,0.056,1,homopolymer_run>=4
KPC3_427,28,-3.13,-0.961,0.34,0.329,1,0.283,3,odd_Cys(free_thiol);motif_DG;motif_DP
KPC3_428,28,-0.02,0.1,0.232,0.671,0,0.194,2,motif_NG;homopolymer_run>=4
KPC3_429,28,-1.02,0.968,0.16,2.486,0,0.133,1,homopolymer_run>=4
KPC3_430,22,-0.02,0.427,0.176,1.171,0,0.146,1,homopolymer_run>=4
KPC3_431,22,-3.02,-0.236,0.408,0.443,0,0.34,2,motif_DG;motif_DP
KPC3_432,22,-1.14,-0.425,0.208,0.1,1,0.174,1,odd_Cys(free_thiol)
KPC3_433,22,-1.25,0.464,0.141,1.029,2,0.117,1,motif_NG
KPC3_434,22,-1.99,-0.409,0.239,0.686,0,0.199,0,
KPC3_435,22,-0.14,-0.077,0.46,0.6,1,0.383,2,odd_Cys(free_thiol);motif_DS
KPC3_436,22,2.97,-0.127,0.472,1.786,0,0.641,0,
KPC3_437,22,-1.59,0.464,0.319,1.243,5,0.266,2,odd_Cys(free_thiol);5_Cys
KPC3_438,22,-3.02,-0.091,0.231,0.686,0,0.192,1,homopolymer_run>=4
KPC3_439,22,-1.02,0.417,0.182,3.8,0,0.152,1,homopolymer_run>=4
KPC3_440,42,2.97,0.062,0.323,1.657,0,0.517,0,
KPC3_441,42,-2.22,-0.136,0.427,1.257,11,0.355,4,odd_Cys(free_thiol);11_Cys;motif_NG;motif_NS
KPC3_442,42,-1.81,0.129,0.471,0.971,7,0.392,3,odd_Cys(free_thiol);7_Cys;motif_DG
KPC3_443,42,-0.02,-0.7,0.059,0.0,0,0.049,1,homopolymer_run>=4
KPC3_444,42,-1.21,-0.483,0.583,1.457,2,0.486,2,motif_DG;homopolymer_run>=4
KPC3_445,42,-4.69,-0.224,0.226,1.214,6,0.189,2,6_Cys;motif_DG
KPC3_446,42,-3.14,0.217,0.69,1.786,1,0.5,2,odd_Cys(free_thiol);N-term_Q/E(pyroglutamate)
KPC3_447,42,-2.36,0.102,0.454,1.286,3,0.378,3,odd_Cys(free_thiol);3_Cys;motif_NG
KPC3_448,42,0.75,0.317,0.365,1.471,2,0.367,1,motif_DP
KPC3_449,42,-2.58,0.976,0.333,2.014,5,0.278,2,odd_Cys(free_thiol);5_Cys
KPC3_450,29,-3.14,-0.886,0.279,0.257,1,0.233,2,odd_Cys(free_thiol);homopolymer_run>=4
KPC3_451,29,-3.02,-0.176,0.286,0.571,0,0.238,1,homopolymer_run>=4
KPC3_452,29,-1.02,0.276,0.321,1.086,0,0.267,1,motif_NG
KPC3_453,29,-2.25,0.6,0.506,2.371,2,0.422,0,
KPC3_454,29,0.01,-0.91,0.514,0.314,0,0.429,0,
KPC3_455,29,-0.02,-0.42,0.074,1.8,0,0.062,1,homopolymer_run>=4
KPC3_456,29,-2.03,-0.545,0.447,1.4,0,0.373,1,N-term_Q/E(pyroglutamate)
KPC3_457,29,-0.02,-0.1,0.125,0.543,0,0.104,0,
KPC3_458,29,-1.25,0.231,0.377,2.386,2,0.314,0,
KPC3_459,29,-3.25,-0.776,0.535,0.514,2,0.446,0,
KPC3_460,14,1.01,0.436,0.549,1.157,0,0.542,0,
KPC3_461,14,1.01,-0.764,0.517,0.614,0,0.515,1,motif_DG
KPC3_462,14,0.86,0.464,0.257,2.057,1,0.286,1,odd_Cys(free_thiol)
KPC3_463,14,-0.14,1.043,0.044,1.9,1,0.037,1,odd_Cys(free_thiol)
KPC3_464,14,-0.02,-0.764,0.457,-0.329,0,0.38,0,
KPC3_465,14,1.97,1.114,0.312,2.071,0,0.424,0,
KPC3_466,14,0.01,-0.236,0.266,1.057,0,0.223,0,
KPC3_467,14,-0.02,0.557,0.047,1.2,0,0.039,0,
KPC3_468,14,-0.25,0.85,0.211,1.543,2,0.176,0,
KPC3_469,14,-0.03,-0.286,0.102,-0.157,0,0.085,1,homopolymer_run>=4
KPC3_470,15,0.01,0.2,0.103,0.829,0,0.087,1,homopolymer_run>=4
KPC3_471,15,-0.03,-1.107,0.338,-0.543,0,0.282,1,motif_NG
KPC3_472,15,0.98,0.94,0.17,2.771,0,0.223,0,
KPC3_473,15,1.97,-1.067,0.428,-0.371,0,0.521,0,
KPC3_474,15,-0.14,0.787,0.099,0.943,1,0.082,1,odd_Cys(free_thiol)
KPC3_475,15,-2.02,0.286,0.323,0.571,0,0.269,1,motif_DP
KPC3_476,15,1.01,-0.18,0.323,1.029,0,0.354,0,
KPC3_477,15,1.01,-0.88,0.279,0.071,0,0.317,0,
KPC3_478,15,1.86,-0.533,0.35,0.971,1,0.447,1,odd_Cys(free_thiol)
KPC3_479,15,0.97,-0.573,0.208,1.286,0,0.255,0,
KPC3_480,38,-1.99,-0.134,0.343,1.2,0,0.286,1,homopolymer_run>=4
KPC3_481,38,-1.14,0.792,0.22,1.871,1,0.184,2,odd_Cys(free_thiol);homopolymer_run>=4
KPC3_482,38,-0.14,0.263,0.179,0.829,1,0.149,2,odd_Cys(free_thiol);homopolymer_run>=4
KPC3_483,38,-3.13,0.05,0.649,2.029,1,0.5,2,odd_Cys(free_thiol);motif_DG
KPC3_484,38,-4.17,0.305,0.382,1.729,2,0.319,1,oxidation_prone(M/W)
KPC3_485,38,-0.36,1.253,0.124,2.5,3,0.104,3,odd_Cys(free_thiol);3_Cys;homopolymer_run>=4
KPC3_486,38,-4.02,-0.037,0.257,1.757,0,0.214,1,motif_NG
KPC3_487,38,-0.14,0.179,0.43,2.357,1,0.358,1,odd_Cys(free_thiol)
KPC3_488,38,0.86,0.518,0.279,1.486,1,0.304,2,odd_Cys(free_thiol);homopolymer_run>=4
KPC3_489,38,-1.36,0.358,0.349,2.271,3,0.291,3,odd_Cys(free_thiol);3_Cys;motif_DP
KPC3_490,15,0.97,-0.893,0.48,-0.557,0,0.482,0,
KPC3_491,15,-0.25,0.467,0.073,0.786,2,0.061,1,homopolymer_run>=4
KPC3_492,15,0.01,0.387,0.161,1.086,0,0.135,0,
KPC3_493,15,0.98,-0.14,0.233,0.657,0,0.276,0,
KPC3_494,15,-0.14,0.087,0.099,0.414,1,0.083,1,odd_Cys(free_thiol)
KPC3_495,15,-1.02,0.853,0.253,2.286,0,0.211,0,
KPC3_496,15,-2.02,-0.2,0.229,0.5,0,0.191,1,motif_DG
KPC3_497,15,-2.02,-0.66,0.292,0.271,0,0.244,1,motif_NG
KPC3_498,15,0.98,-0.293,0.634,0.371,0,0.581,0,
KPC3_499,15,-1.02,-0.527,0.399,0.257,0,0.332,1,motif_DG
KPC3_500,36,-1.14,-0.669,0.685,0.529,1,0.5,2,odd_Cys(free_thiol);motif_NS
KPC3_501,36,0.9,-0.021,0.439,4.2,1,0.441,3,odd_Cys(free_thiol);N-term_Q/E(pyroglutamate);homopolymer_run>=4
KPC3_502,36,7.86,-0.561,0.684,1.171,1,1.0,1,odd_Cys(free_thiol)
KPC3_503,36,-2.02,0.131,0.476,2.871,0,0.397,3,motif_DG;motif_NS;homopolymer_run>=4
KPC3_504,36,0.02,-1.0,0.87,1.357,0,0.501,2,N-term_Q/E(pyroglutamate);homopolymer_run>=4
KPC3_505,36,-1.25,0.631,0.636,1.9,2,0.5,2,motif_DP;motif_DS
KPC3_506,36,-2.1,0.347,0.506,1.629,1,0.422,2,odd_Cys(free_thiol);oxidation_prone(M/W)
KPC3_507,36,-3.03,0.086,0.208,1.843,0,0.173,1,motif_DP
KPC3_508,36,-4.1,-0.628,0.29,0.786,1,0.241,4,odd_Cys(free_thiol);motif_NG;motif_DG;motif_DS
KPC3_509,36,0.97,0.642,0.35,1.557,0,0.373,1,homopolymer_run>=4
KPC3_510,24,-0.14,-0.363,0.487,1.029,1,0.406,1,odd_Cys(free_thiol)
KPC3_511,24,0.01,-0.05,0.352,0.857,0,0.295,2,N-term_Q/E(pyroglutamate);homopolymer_run>=4
KPC3_512,24,-4.13,0.167,0.361,0.629,1,0.301,3,odd_Cys(free_thiol);motif_DG;motif_DS
KPC3_513,24,-1.02,-0.608,0.324,0.386,0,0.27,2,motif_DP;homopolymer_run>=4
KPC3_514,24,0.01,0.233,0.534,2.043,0,0.446,1,homopolymer_run>=4
KPC3_515,24,-1.02,-0.825,0.212,0.143,0,0.177,1,homopolymer_run>=4
KPC3_516,24,-2.98,0.083,0.389,1.786,0,0.324,2,N-term_Q/E(pyroglutamate);homopolymer_run>=4
KPC3_517,24,-0.02,0.388,0.138,0.614,0,0.115,1,homopolymer_run>=4
KPC3_518,24,1.86,-0.308,0.496,0.6,1,0.569,1,odd_Cys(free_thiol)
KPC3_519,24,-1.14,-0.312,0.442,0.557,1,0.369,2,odd_Cys(free_thiol);motif_NS
KPC3_520,30,-0.02,-0.553,0.276,0.257,0,0.23,1,motif_DS
KPC3_521,30,0.01,0.021,0.251,1.057,0,0.211,2,homopolymer_run>=4;oxidation_prone(M/W)
KPC3_522,30,3.9,-0.417,0.61,1.314,1,0.825,1,odd_Cys(free_thiol)
KPC3_523,30,-4.98,-0.46,0.294,0.743,0,0.245,1,motif_DG
KPC3_524,30,1.97,-0.397,0.486,1.386,0,0.569,0,
KPC3_525,30,0.9,-0.37,0.331,1.3,1,0.351,1,odd_Cys(free_thiol)
KPC3_526,30,-3.98,-0.41,0.286,0.786,0,0.239,1,motif_DG
KPC3_527,30,0.05,-0.237,0.374,1.186,0,0.316,0,
KPC3_528,30,-3.14,0.443,0.247,1.9,1,0.206,1,odd_Cys(free_thiol)
KPC3_529,30,2.01,0.7,0.46,2.471,0,0.551,1,N-term_Q/E(pyroglutamate)
KPC3_530,39,-3.02,0.444,0.447,1.643,0,0.372,3,motif_NG;motif_DP;motif_NS
KPC3_531,39,1.01,-0.844,0.495,0.943,0,0.497,2,motif_NG;oxidation_prone(M/W)
KPC3_532,39,-0.02,0.0,0.0,0.0,0,0.0,1,homopolymer_run>=4
KPC3_533,39,1.05,-0.631,0.607,1.186,0,0.587,1,oxidation_prone(M/W)
KPC3_534,39,-2.95,0.572,0.452,2.129,0,0.377,1,motif_NG
KPC3_535,39,0.75,-0.154,0.344,0.657,2,0.35,0,
KPC3_536,39,-0.02,0.972,0.154,1.8,0,0.128,1,homopolymer_run>=4
KPC3_537,39,-2.99,0.397,0.595,1.717,0,0.496,1,motif_DP
KPC3_538,39,-0.25,0.949,0.359,2.243,2,0.299,1,homopolymer_run>=4
KPC3_539,39,-1.99,0.4,0.576,2.286,0,0.48,1,N-term_Q/E(pyroglutamate)
KPC3_540,22,1.01,-0.768,0.426,0.214,0,0.439,1,homopolymer_run>=4
KPC3_541,22,-3.02,-0.314,0.311,0.543,0,0.259,0,
KPC3_542,22,0.01,0.864,0.159,1.171,0,0.134,0,
KPC3_543,22,1.9,0.55,0.377,1.914,1,0.473,2,odd_Cys(free_thiol);homopolymer_run>=4
KPC3_544,22,-2.02,-0.923,0.67,0.514,0,0.5,2,motif_DG;homopolymer_run>=4
KPC3_545,22,-0.02,-0.945,0.281,-0.3,0,0.234,0,
KPC3_546,22,2.9,-0.441,0.519,0.671,1,0.674,2,odd_Cys(free_thiol);homopolymer_run>=4
KPC3_547,22,-2.14,-0.945,0.249,0.7,1,0.207,1,odd_Cys(free_thiol)
KPC3_548,22,-3.13,-1.218,0.471,-0.229,1,0.392,1,odd_Cys(free_thiol)
KPC3_549,22,-0.03,-0.886,0.636,-0.357,0,0.5,2,motif_DG;motif_DS
KPC3_550,17,-0.03,0.135,0.102,0.271,0,0.085,1,homopolymer_run>=4
KPC3_551,17,1.01,-0.531,0.162,0.367,0,0.219,0,
KPC3_552,17,-0.02,0.165,0.18,1.457,0,0.15,0,
KPC3_553,17,2.01,-1.341,0.406,-0.157,0,0.507,0,
KPC3_554,17,3.86,-0.571,0.472,0.429,1,0.715,2,odd_Cys(free_thiol);motif_NS
KPC3_555,17,-0.47,0.4,0.258,0.971,4,0.215,2,4_Cys;motif_NG
KPC3_556,17,-0.02,0.447,0.179,1.2,0,0.15,1,homopolymer_run>=4
KPC3_557,17,-1.02,0.876,0.342,1.286,0,0.285,0,
KPC3_558,17,-0.1,-0.3,0.545,0.729,1,0.454,1,odd_Cys(free_thiol)
KPC3_559,17,2.01,0.918,0.313,3.0,0,0.428,0,
KPC3_560,24,-5.14,-0.042,0.364,0.843,1,0.303,1,odd_Cys(free_thiol)
KPC3_561,24,-0.03,-0.183,0.422,1.486,0,0.352,1,motif_DG
KPC3_562,24,-0.14,0.257,0.234,0.8,1,0.195,2,odd_Cys(free_thiol);motif_NG
KPC3_563,24,2.01,-0.017,0.558,1.357,0,0.633,1,homopolymer_run>=4
KPC3_564,24,0.98,0.242,0.546,1.814,0,0.536,0,
KPC3_565,24,0.01,-1.192,0.291,-0.3,0,0.243,2,motif_DS;homopolymer_run>=4
KPC3_566,24,-0.14,0.329,0.359,1.214,1,0.299,3,odd_Cys(free_thiol);N-term_Met(ox);oxidation_prone(M/W)
KPC3_567,24,0.01,-0.3,0.488,1.071,0,0.408,1,motif_DS
KPC3_568,24,-0.02,0.325,0.308,1.514,0,0.256,0,
KPC3_569,24,-2.02,-0.792,0.725,0.214,0,0.5,0,
KPC3_570,22,-0.99,-0.255,0.488,0.857,0,0.407,0,
KPC3_571,22,-0.02,-0.05,0.319,1.314,0,0.265,0,
KPC3_572,22,-2.02,0.468,0.161,1.186,0,0.134,1,homopolymer_run>=4
KPC3_573,22,-0.03,-0.295,0.25,0.457,0,0.208,1,motif_DS
KPC3_574,22,0.9,-0.223,0.302,0.257,1,0.327,1,odd_Cys(free_thiol)
KPC3_575,22,-1.25,-0.045,0.259,1.114,2,0.216,0,
KPC3_576,22,-1.99,-0.177,0.222,0.857,0,0.185,1,homopolymer_run>=4
KPC3_577,22,-2.02,0.064,0.335,0.614,0,0.279,1,motif_NG
KPC3_578,22,-0.14,-0.209,0.341,0.514,1,0.284,2,odd_Cys(free_thiol);motif_DG
KPC3_579,22,-0.14,-0.727,0.288,1.114,1,0.24,1,odd_Cys(free_thiol)
KPC3_580,27,0.05,-0.048,0.118,1.329,0,0.102,0,
KPC3_581,27,-2.02,-0.241,0.329,1.286,0,0.274,1,motif_DS
KPC3_582,27,-3.21,0.419,0.39,1.514,2,0.325,0,
KPC3_583,27,-2.02,0.315,0.404,1.129,0,0.336,1,motif_DG
KPC3_584,27,0.98,0.075,0.261,0.971,0,0.299,1,motif_NG
KPC3_585,27,-2.02,-1.141,0.297,0.043,0,0.247,3,motif_NG;motif_DG;motif_DS
KPC3_586,27,0.86,-0.393,0.764,0.929,1,0.572,2,odd_Cys(free_thiol);motif_DP
KPC3_587,27,1.01,-0.715,0.568,0.443,0,0.558,0,
KPC3_588,27,-0.14,0.089,0.084,0.329,1,0.07,2,odd_Cys(free_thiol);homopolymer_run>=4
KPC3_589,27,1.86,-0.115,0.348,1.45,1,0.445,2,odd_Cys(free_thiol);motif_NS
KPC3_590,30,-0.47,0.213,0.336,0.9,4,0.28,1,4_Cys
KPC3_591,30,-5.13,0.453,0.314,1.871,1,0.261,2,odd_Cys(free_thiol);homopolymer_run>=4
KPC3_592,30,0.98,0.42,0.213,1.171,0,0.258,1,homopolymer_run>=4
KPC3_593,30,-1.1,-0.437,0.283,0.229,1,0.236,1,odd_Cys(free_thiol)
KPC3_594,30,-3.32,-0.133,0.496,2.771,3,0.413,3,odd_Cys(free_thiol);3_Cys;motif_NG
KPC3_595,30,0.98,-0.027,0.423,1.357,0,0.434,1,homopolymer_run>=4
KPC3_596,30,-0.21,-0.21,0.522,0.814,2,0.435,1,motif_DS
KPC3_597,30,3.97,-0.1,0.431,1.571,0,0.69,0,
KPC3_598,30,-3.36,0.273,0.421,2.157,3,0.351,2,odd_Cys(free_thiol);3_Cys
KPC3_599,30,-3.02,-0.273,0.497,1.329,0,0.414,0,
KPC3_600,20,1.01,-0.13,0.264,1.514,0,0.305,1,motif_NG
KPC3_601,20,-1.02,0.2,0.377,0.886,0,0.314,0,
KPC3_602,20,1.75,-0.07,0.402,1.243,2,0.481,0,
KPC3_603,20,-1.02,-0.192,0.198,0.6,0,0.165,2,motif_DG;homopolymer_run>=4
KPC3_604,20,-1.99,-0.4,0.309,0.171,0,0.257,1,motif_NG
KPC3_605,20,1.86,-0.774,0.395,1.029,1,0.485,1,odd_Cys(free_thiol)
KPC3_606,20,-1.14,0.965,0.388,1.886,1,0.324,3,odd_Cys(free_thiol);motif_DG;oxidation_prone(M/W)
KPC3_607,20,-1.02,-0.06,0.183,0.6,0,0.153,1,homopolymer_run>=4
KPC3_608,20,1.98,-0.36,0.475,0.7,0,0.56,0,
KPC3_609,20,-5.02,-0.89,0.303,1.086,0,0.252,3,motif_NG;motif_DG;homopolymer_run>=4
KPC3_610,26,0.98,-0.373,0.376,1.9,0,0.395,2,homopolymer_run>=4;oxidation_prone(M/W)
KPC3_611,26,1.01,-0.038,0.424,2.514,0,0.437,0,
KPC3_612,26,-3.13,-0.823,0.37,0.271,1,0.308,2,odd_Cys(free_thiol);homopolymer_run>=4
KPC3_613,26,0.01,-0.219,0.576,1.643,0,0.481,1,motif_NG
KPC3_614,26,-2.02,0.569,0.263,1.814,0,0.219,1,motif_DG
KPC3_615,26,-0.02,0.431,0.151,0.929,0,0.125,1,homopolymer_run>=4
KPC3_616,26,0.97,-0.908,0.648,0.271,0,0.581,1,motif_DS
KPC3_617,26,-2.02,0.323,0.403,1.786,0,0.336,0,
KPC3_618,26,0.98,0.1,0.449,2.486,0,0.456,1,homopolymer_run>=4
KPC3_619,26,0.98,-0.365,0.46,0.929,0,0.465,1,motif_DS
KPC3_620,25,0.98,0.132,0.421,1.171,0,0.432,1,motif_DG
KPC3_621,25,-0.02,-0.224,0.16,1.257,0,0.133,0,
KPC3_622,25,-0.02,-0.184,0.296,0.657,0,0.247,0,
KPC3_623,25,2.97,0.264,0.466,1.757,0,0.636,0,
KPC3_624,25,-1.14,0.012,0.235,1.157,1,0.196,3,odd_Cys(free_thiol);N-term_Q/E(pyroglutamate);motif_DG
KPC3_625,25,-1.02,-0.016,0.128,1.043,0,0.107,2,homopolymer_run>=4;oxidation_prone(M/W)
KPC3_626,25,2.98,-0.188,0.65,0.529,0,0.748,0,
KPC3_627,25,-1.14,0.616,0.181,2.143,1,0.151,3,odd_Cys(free_thiol);motif_DG;homopolymer_run>=4
KPC3_628,25,-0.25,0.464,0.247,1.314,2,0.206,0,
KPC3_629,25,0.98,-0.24,0.318,1.429,0,0.346,0,
KPC3_630,41,-3.14,-0.063,0.42,2.414,1,0.35,3,odd_Cys(free_thiol);motif_DG;motif_DP
KPC3_631,41,-2.02,0.024,0.273,0.757,0,0.227,2,motif_DS;homopolymer_run>=4
KPC3_632,41,-2.36,-0.01,0.33,1.343,3,0.275,3,odd_Cys(free_thiol);3_Cys;motif_DS
KPC3_633,41,-0.03,0.056,0.499,1.3,0,0.416,1,homopolymer_run>=4
KPC3_634,41,0.86,0.34,0.274,1.8,1,0.3,2,odd_Cys(free_thiol);homopolymer_run>=4
KPC3_635,41,4.85,-1.032,0.605,0.514,1,0.905,2,odd_Cys(free_thiol);motif_NG
KPC3_636,41,-0.14,0.21,0.213,0.786,1,0.177,1,odd_Cys(free_thiol)
KPC3_637,41,-4.02,-0.312,0.448,1.614,1,0.373,3,odd_Cys(free_thiol);motif_DG;motif_NS
KPC3_638,41,0.64,0.439,0.26,1.886,3,0.27,3,odd_Cys(free_thiol);3_Cys;motif_NS
KPC3_639,41,-5.02,0.163,0.443,2.157,0,0.369,0,
KPC3_640,18,-0.14,-0.45,0.397,1.271,1,0.331,1,odd_Cys(free_thiol)
KPC3_641,18,-0.14,0.267,0.548,2.229,1,0.456,1,odd_Cys(free_thiol)
KPC3_642,18,-1.99,-0.4,0.217,0.486,0,0.181,1,motif_NG
KPC3_643,18,-2.21,-0.006,0.098,1.071,2,0.082,0,
KPC3_644,18,0.86,-1.289,0.343,-0.729,1,0.358,2,odd_Cys(free_thiol);motif_NS
KPC3_645,18,-2.14,0.339,0.179,1.4,1,0.149,1,odd_Cys(free_thiol)
KPC3_646,18,-1.14,0.833,0.307,1.343,1,0.256,1,odd_Cys(free_thiol)
KPC3_647,18,-1.14,-0.794,0.323,-0.229,1,0.27,1,odd_Cys(free_thiol)
KPC3_648,18,0.01,0.067,0.243,1.314,0,0.204,0,
KPC3_649,18,-0.99,-0.256,0.363,1.143,0,0.303,0,
KPC3_650,36,-0.02,-1.417,0.313,0.0,0,0.261,1,homopolymer_run>=4
KPC3_651,36,-5.02,-0.411,0.38,1.614,0,0.317,1,motif_DG
KPC3_652,36,-3.17,0.069,0.428,1.786,2,0.357,1,motif_NG
KPC3_653,36,-4.13,-0.283,0.342,1.157,1,0.285,2,odd_Cys(free_thiol);motif_NG
KPC3_654,36,0.75,0.408,0.227,2.257,2,0.252,1,homopolymer_run>=4
KPC3_655,36,1.98,0.372,0.553,2.114,0,0.626,2,N-term_Q/E(pyroglutamate);homopolymer_run>=4
KPC3_656,36,-0.02,-0.12,0.148,0.686,0,0.123,1,homopolymer_run>=4
KPC3_657,36,-1.02,0.025,0.205,0.614,0,0.171,1,homopolymer_run>=4
KPC3_658,36,3.53,0.006,0.439,1.1,4,0.659,1,4_Cys
KPC3_659,36,-3.98,-0.669,0.429,0.2,0,0.357,2,motif_NG;motif_DG
KPC3_660,22,-2.02,0.105,0.3,1.471,0,0.25,2,motif_DS;homopolymer_run>=4
KPC3_661,22,0.98,-0.068,0.438,1.743,0,0.446,0,
KPC3_662,22,-1.02,1.359,0.217,2.143,0,0.181,1,homopolymer_run>=4
KPC3_663,22,-1.1,0.368,0.185,0.929,1,0.154,2,odd_Cys(free_thiol);motif_DG
KPC3_664,22,1.98,-0.036,0.339,1.286,0,0.447,0,
KPC3_665,22,-2.14,0.141,0.177,0.986,1,0.148,3,odd_Cys(free_thiol);motif_DP;motif_DS
KPC3_666,22,-2.02,0.377,0.308,1.771,0,0.256,0,
KPC3_667,22,-1.95,0.318,0.213,1.886,0,0.178,1,motif_NG
KPC3_668,22,0.01,-1.245,0.55,-0.343,0,0.459,0,
KPC3_669,22,-1.21,-1.491,0.457,-0.757,2,0.381,2,motif_DG;motif_NS
KPC3_670,25,-1.98,-0.856,0.232,0.2,0,0.193,0,
KPC3_671,25,-0.02,-0.24,0.311,0.8,0,0.259,1,motif_NG
KPC3_672,25,-5.02,-0.536,0.344,0.343,0,0.286,1,homopolymer_run>=4
KPC3_673,25,-1.03,0.272,0.219,1.286,0,0.183,0,
KPC3_674,25,0.09,-0.448,0.423,1.186,0,0.36,1,motif_DG
KPC3_675,25,-0.99,-0.832,0.296,0.229,0,0.247,2,motif_NG;motif_DG
KPC3_676,25,1.64,-0.812,0.276,1.7,3,0.367,3,odd_Cys(free_thiol);3_Cys;motif_DS
KPC3_677,25,1.01,0.772,0.263,2.429,0,0.303,0,
KPC3_678,25,-5.14,-1.068,0.632,1.714,1,0.5,1,odd_Cys(free_thiol)
KPC3_679,25,-1.14,-0.124,0.378,1.386,1,0.315,2,odd_Cys(free_thiol);motif_DG
KPC3_680,17,1.98,-0.971,0.583,-0.214,0,0.65,0,
KPC3_681,17,-1.03,0.118,0.197,1.057,0,0.164,1,homopolymer_run>=4
KPC3_682,17,-0.14,0.941,0.191,1.157,1,0.159,1,odd_Cys(free_thiol)
KPC3_683,17,3.97,-0.365,0.488,1.057,0,0.738,0,
KPC3_684,17,-1.14,0.641,0.116,0.914,1,0.097,1,odd_Cys(free_thiol)
KPC3_685,17,-0.02,1.265,0.095,1.8,0,0.08,1,homopolymer_run>=4
KPC3_686,17,-1.14,-0.065,0.144,0.3,1,0.12,2,odd_Cys(free_thiol);motif_DS
KPC3_687,17,-0.02,-0.276,0.554,0.314,0,0.461,1,motif_NG
KPC3_688,17,-1.14,1.135,0.244,1.486,1,0.204,1,odd_Cys(free_thiol)
KPC3_689,17,-1.14,-0.525,0.128,0.057,1,0.107,2,odd_Cys(free_thiol);motif_DG
KPC3_690,13,-1.02,-0.277,0.258,0.114,0,0.215,1,motif_DS
KPC3_691,13,-1.25,-0.638,0.166,0.486,2,0.138,0,
KPC3_692,13,0.98,-0.708,0.388,-0.671,0,0.405,1,homopolymer_run>=4
KPC3_693,13,-2.02,-1.215,0.204,-1.0,0,0.17,0,
KPC3_694,13,-0.02,-0.138,0.24,0.857,0,0.2,0,
KPC3_695,13,0.97,0.254,0.133,0.843,0,0.192,0,
KPC3_696,13,-0.03,0.015,0.432,0.986,0,0.36,1,motif_DS
KPC3_697,13,-0.14,0.754,0.169,0.657,1,0.141,1,odd_Cys(free_thiol)
KPC3_698,13,0.01,-0.262,0.143,0.814,0,0.12,0,
KPC3_699,13,-0.02,-0.16,0.086,0.4,0,0.071,0,
KPC3_700,18,-0.02,1.544,0.212,2.343,0,0.177,1,N-term_Met(ox)
KPC3_701,18,-2.02,0.044,0.153,0.843,0,0.127,0,
KPC3_702,18,1.98,-0.783,0.406,-0.043,0,0.503,0,
KPC3_703,18,-0.14,-0.033,0.294,0.786,1,0.245,1,odd_Cys(free_thiol)
KPC3_704,18,1.01,-0.022,0.326,1.1,0,0.356,1,motif_NG
KPC3_705,18,-1.02,0.517,0.267,1.314,0,0.223,0,
KPC3_706,18,-0.02,-0.41,0.08,0.0,0,0.067,1,homopolymer_run>=4
KPC3_707,18,-2.25,0.272,0.238,1.614,2,0.199,0,
KPC3_708,18,1.98,-0.989,0.482,0.0,0,0.566,1,motif_NG
KPC3_709,18,1.05,-1.128,0.407,-0.343,0,0.427,1,N-term_Met(ox)
KPC3_710,39,0.01,0.279,0.298,1.457,0,0.249,1,motif_DG
KPC3_711,39,-0.21,1.328,0.445,2.629,2,0.371,0,
KPC3_712,39,-6.02,-0.323,0.312,1.371,0,0.26,3,motif_DG;motif_DP;homopolymer_run>=4
KPC3_713,39,1.79,0.246,0.509,1.3,2,0.573,1,oxidation_prone(M/W)
KPC3_714,39,-2.14,-0.228,0.309,0.329,1,0.258,3,odd_Cys(free_thiol);motif_DS;homopolymer_run>=4
KPC3_715,39,-0.14,0.392,0.423,2.457,1,0.352,2,odd_Cys(free_thiol);homopolymer_run>=4
KPC3_716,39,-1.02,0.005,0.268,0.771,0,0.224,1,motif_NG
KPC3_717,39,-2.25,0.333,0.408,1.757,2,0.34,3,motif_DG;motif_DS;homopolymer_run>=4
KPC3_718,39,-4.06,-0.321,0.335,1.086,1,0.279,3,odd_Cys(free_thiol);motif_NG;motif_DP
KPC3_719,39,0.98,1.144,0.366,2.186,0,0.386,0,
KPC3_720,42,-0.02,-0.233,0.061,0.5,0,0.051,1,homopolymer_run>=4
KPC3_721,42,1.68,0.098,0.62,1.7,3,0.64,2,odd_Cys(free_thiol);3_Cys
KPC3_722,42,-1.14,0.486,0.627,2.786,1,0.5,3,odd_Cys(free_thiol);motif_NG;homopolymer_run>=4
KPC3_723,42,-0.1,-0.126,0.587,1.986,1,0.489,4,odd_Cys(free_thiol);motif_DG;motif_DP;motif_DS
KPC3_724,42,-0.36,0.543,0.547,1.843,3,0.456,2,odd_Cys(free_thiol);3_Cys
KPC3_725,42,1.98,-0.907,0.468,0.514,0,0.555,1,motif_NG
KPC3_726,42,-0.02,0.519,0.252,1.8,0,0.21,2,motif_NS;homopolymer_run>=4
KPC3_727,42,0.75,-0.602,0.443,0.714,2,0.431,1,motif_DS
KPC3_728,42,-4.47,0.088,0.339,1.857,4,0.282,2,4_Cys;motif_DG
KPC3_729,42,-0.14,0.24,0.49,1.429,1,0.408,1,odd_Cys(free_thiol)
KPC3_730,31,1.98,-0.548,0.385,1.057,0,0.486,0,
KPC3_731,31,3.83,-0.09,0.488,1.114,2,0.725,0,
KPC3_732,31,-1.47,0.084,0.36,1.029,4,0.3,1,4_Cys
KPC3_733,31,-1.32,-0.097,0.535,0.814,3,0.446,3,odd_Cys(free_thiol);3_Cys;motif_DP
KPC3_734,31,-3.47,-0.177,0.213,0.471,4,0.178,2,4_Cys;motif_DS
KPC3_735,31,0.75,-0.055,0.439,1.029,2,0.429,1,motif_NG
KPC3_736,31,-2.14,0.484,0.368,2.814,1,0.306,2,odd_Cys(free_thiol);homopolymer_run>=4
KPC3_737,31,0.01,-0.026,0.414,1.786,0,0.346,1,motif_NG
KPC3_738,31,-1.14,-0.819,0.408,1.243,1,0.34,3,odd_Cys(free_thiol);N-term_Q/E(pyroglutamate);motif_DG
KPC3_739,31,-2.54,-0.335,0.396,0.5,5,0.33,2,odd_Cys(free_thiol);5_Cys
KPC3_740,33,-2.36,0.452,0.349,1.886,3,0.29,3,odd_Cys(free_thiol);3_Cys;homopolymer_run>=4
KPC3_741,33,-3.36,0.627,0.398,2.486,3,0.332,2,odd_Cys(free_thiol);3_Cys
KPC3_742,33,-0.14,0.021,0.283,1.029,1,0.236,3,odd_Cys(free_thiol);motif_NG;motif_NS
KPC3_743,33,-0.02,1.088,0.225,2.1,0,0.188,2,motif_NG;homopolymer_run>=4
KPC3_744,33,-0.14,-0.564,0.479,0.8,1,0.399,2,odd_Cys(free_thiol);motif_DG
KPC3_745,33,1.75,0.367,0.549,1.971,2,0.603,0,
KPC3_746,33,-3.25,0.336,0.541,1.543,2,0.451,0,
KPC3_747,33,-0.02,0.329,0.151,0.933,0,0.126,0,
KPC3_748,33,-2.14,-0.079,0.374,1.286,1,0.312,3,odd_Cys(free_thiol);motif_DG;motif_DP
KPC3_749,33,-0.03,0.303,0.586,1.357,0,0.488,0,
KPC3_750,13,-0.02,-0.385,0.15,-0.086,0,0.125,1,homopolymer_run>=4
KPC3_751,13,-0.02,0.592,0.186,1.486,0,0.155,0,
KPC3_752,13,1.97,0.654,0.366,1.957,0,0.469,0,
KPC3_753,13,-0.02,1.408,0.128,1.843,0,0.107,0,
KPC3_754,13,-1.02,-0.554,0.172,-0.314,0,0.143,0,
KPC3_755,13,-1.02,-0.077,0.216,0.329,0,0.18,2,N-term_Q/E(pyroglutamate);homopolymer_run>=4
KPC3_756,13,-1.02,-0.531,0.12,0.414,0,0.1,1,motif_DS
KPC3_757,13,-0.1,-0.446,0.22,1.243,1,0.183,1,odd_Cys(free_thiol)
KPC3_758,13,-0.02,0.4,0.062,0.886,0,0.051,0,
KPC3_759,13,-1.02,-1.215,0.408,-0.857,0,0.34,0,
KPC3_760,13,3.01,-1.123,0.448,-0.0,0,0.624,0,
KPC3_761,13,-0.02,0.477,0.377,1.186,0,0.314,0,
KPC3_762,13,1.86,0.1,0.182,1.943,1,0.307,1,odd_Cys(free_thiol)
KPC3_763,13,-0.02,-0.092,0.131,0.457,0,0.109,0,
KPC3_764,13,1.86,0.738,0.37,1.714,1,0.464,1,odd_Cys(free_thiol)
KPC3_765,13,-1.14,0.977,0.138,1.5,1,0.115,1,odd_Cys(free_thiol)
KPC3_766,13,1.98,-0.838,0.293,-0.371,0,0.409,1,N-term_Met(ox)
KPC3_767,13,-0.99,0.169,0.442,1.057,0,0.368,0,
KPC3_768,13,-3.02,-0.854,0.184,0.357,0,0.153,0,
KPC3_769,13,0.05,-1.108,0.161,-0.429,0,0.138,1,motif_DG
KPC3_770,29,-3.03,-0.976,0.408,0.686,0,0.34,0,
KPC3_771,29,-2.47,0.297,0.377,1.586,4,0.314,3,4_Cys;motif_DP;motif_DS
KPC3_772,29,-0.02,0.225,0.109,1.8,0,0.091,1,homopolymer_run>=4
KPC3_773,29,-2.14,0.072,0.329,1.771,1,0.274,2,odd_Cys(free_thiol);motif_DG
KPC3_774,29,1.75,-0.197,0.582,0.943,2,0.631,1,oxidation_prone(M/W)
KPC3_775,29,-2.02,-1.062,0.476,0.2,0,0.397,1,N-term_Met(ox)
KPC3_776,29,-2.1,-0.179,0.585,0.486,1,0.487,1,odd_Cys(free_thiol)
KPC3_777,29,-1.14,0.438,0.234,2.371,1,0.195,1,odd_Cys(free_thiol)
KPC3_778,29,3.9,-0.559,0.538,0.5,1,0.774,2,odd_Cys(free_thiol);homopolymer_run>=4
KPC3_779,29,-2.02,-1.241,0.524,0.229,0,0.436,0,
KPC3_780,12,0.01,-0.7,0.198,0.5,0,0.166,0,
KPC3_781,12,0.01,0.183,0.232,0.8,0,0.195,0,
KPC3_782,12,-0.02,0.117,0.089,0.171,0,0.074,1,homopolymer_run>=4
KPC3_783,12,0.75,0.233,0.347,0.957,2,0.352,0,
KPC3_784,12,-0.03,0.058,0.263,0.629,0,0.219,1,motif_NS
KPC3_785,12,-1.03,-0.817,0.333,-0.057,0,0.277,1,N-term_Met(ox)
KPC3_786,12,-1.02,0.508,0.209,1.029,0,0.174,0,
KPC3_787,12,-0.02,0.133,0.116,0.629,0,0.097,0,
KPC3_788,12,-2.14,0.825,0.129,0.943,1,0.107,1,odd_Cys(free_thiol)
KPC3_789,12,1.98,0.133,0.593,0.829,0,0.659,0,
KPC3_790,22,-2.13,0.436,0.209,1.771,1,0.174,1,odd_Cys(free_thiol)
KPC3_791,22,1.9,-1.091,0.471,0.871,1,0.551,2,odd_Cys(free_thiol);motif_DS
KPC3_792,22,-0.14,0.014,0.343,1.686,1,0.285,2,odd_Cys(free_thiol);motif_DG
KPC3_793,22,-3.03,-0.159,0.216,1.457,0,0.18,2,motif_DG;motif_DS
KPC3_794,22,-0.02,-1.468,0.451,-0.7,0,0.376,3,N-term_Q/E(pyroglutamate);motif_DG;motif_DP
KPC3_795,22,3.97,-0.759,0.449,0.471,0,0.705,0,
KPC3_796,22,-1.13,0.141,0.591,1.343,1,0.493,2,odd_Cys(free_thiol);N-term_Q/E(pyroglutamate)
KPC3_797,22,-3.06,-0.114,0.391,0.786,1,0.326,1,odd_Cys(free_thiol)
KPC3_798,22,-0.25,0.245,0.368,1.614,2,0.307,1,N-term_Met(ox)
KPC3_799,22,-0.14,0.5,0.268,1.457,1,0.223,2,odd_Cys(free_thiol);homopolymer_run>=4
KPC3_800,36,0.64,0.639,0.321,1.229,3,0.321,3,odd_Cys(free_thiol);3_Cys;homopolymer_run>=4
KPC3_801,36,2.97,0.183,0.298,1.057,0,0.496,0,
KPC3_802,36,1.86,-0.592,0.32,1.571,1,0.422,1,odd_Cys(free_thiol)
KPC3_803,36,-1.21,0.156,0.333,1.157,2,0.277,1,motif_DP
KPC3_804,36,-1.91,-0.672,0.259,1.129,0,0.215,2,motif_DG;motif_DP
KPC3_805,36,1.97,-0.097,0.665,1.114,0,0.665,1,motif_DP
KPC3_806,36,-6.21,-0.322,0.413,0.943,2,0.344,3,motif_NG;motif_DG;motif_DS
KPC3_807,36,1.9,-0.553,0.548,0.943,1,0.615,2,odd_Cys(free_thiol);motif_DG
KPC3_808,36,-0.14,0.414,0.138,1.2,1,0.115,1,odd_Cys(free_thiol)
KPC3_809,36,0.79,0.411,0.716,2.543,2,0.566,3,motif_NG;motif_NS;oxidation_prone(M/W)
KPC3_810,17,-4.02,0.188,0.161,1.229,0,0.134,1,homopolymer_run>=4
KPC3_811,17,-0.14,0.106,0.307,0.929,1,0.256,1,odd_Cys(free_thiol)
KPC3_812,17,-1.99,-0.047,0.445,1.329,0,0.371,0,
KPC3_813,17,-1.02,0.082,0.196,1.143,0,0.163,2,motif_DP;motif_DS
KPC3_814,17,-5.02,-1.218,0.143,-0.9,0,0.119,2,motif_DG;homopolymer_run>=4
KPC3_815,17,-0.14,0.2,0.112,0.5,1,0.094,1,odd_Cys(free_thiol)
KPC3_816,17,-0.99,-0.482,0.243,1.114,0,0.202,0,
KPC3_817,17,-2.21,-0.318,0.294,1.071,2,0.245,1,motif_DG
KPC3_818,17,0.97,-0.9,0.435,0.214,0,0.444,1,motif_NG
KPC3_819,17,-1.14,0.235,0.203,0.714,1,0.169,1,odd_Cys(free_thiol)
KPC3_820,25,0.86,0.024,0.413,1.8,1,0.416,1,odd_Cys(free_thiol)
KPC3_821,25,-1.02,-0.16,0.641,1.629,0,0.5,0,
KPC3_822,25,-1.14,0.368,0.619,2.186,1,0.5,3,odd_Cys(free_thiol);N-term_Met(ox);motif_DP
KPC3_823,25,-4.36,-0.384,0.393,0.486,3,0.328,2,odd_Cys(free_thiol);3_Cys
KPC3_824,25,-2.06,0.128,0.186,0.7,1,0.155,1,odd_Cys(free_thiol)
KPC3_825,25,-1.36,-0.029,0.284,0.843,3,0.237,4,odd_Cys(free_thiol);3_Cys;motif_NG;motif_DG
KPC3_826,25,0.97,-0.212,0.591,0.657,0,0.574,2,motif_NG;homopolymer_run>=4
KPC3_827,25,1.97,0.052,0.311,2.286,0,0.424,0,
KPC3_828,25,-0.14,-0.416,0.325,1.343,1,0.27,3,odd_Cys(free_thiol);motif_DG;homopolymer_run>=4
KPC3_829,25,-0.1,0.032,0.24,1.5,1,0.2,2,odd_Cys(free_thiol);motif_NG
KPC3_830,42,-2.25,0.931,0.303,3.286,2,0.252,2,motif_DS;homopolymer_run>=4
KPC3_831,42,-4.54,-0.14,0.288,1.471,5,0.24,3,odd_Cys(free_thiol);5_Cys;motif_DG
KPC3_832,42,-1.02,-0.229,0.258,0.371,0,0.215,0,
KPC3_833,42,1.79,-0.098,0.64,1.871,2,0.649,1,homopolymer_run>=4
KPC3_834,42,-1.36,-0.09,0.196,0.729,3,0.163,3,odd_Cys(free_thiol);3_Cys;homopolymer_run>=4
KPC3_835,42,-1.02,-0.113,0.079,1.833,0,0.066,1,homopolymer_run>=4
KPC3_836,42,-0.99,0.117,0.18,1.733,0,0.15,1,motif_DS
KPC3_837,42,0.01,-0.076,0.556,1.271,0,0.464,0,
KPC3_838,42,-3.58,0.467,0.439,2.6,5,0.366,3,odd_Cys(free_thiol);5_Cys;motif_DS
KPC3_839,42,0.98,-1.3,0.23,1.9,0,0.273,2,N-term_Met(ox);homopolymer_run>=4
KPC3_840,20,1.98,-1.915,0.422,-0.8,0,0.516,0,
KPC3_841,20,-1.02,-0.09,0.185,0.386,0,0.155,1,motif_DG
KPC3_842,20,-2.02,0.045,0.284,0.8,0,0.236,1,motif_NG
KPC3_843,20,-1.14,-0.66,0.29,-0.057,1,0.242,2,odd_Cys(free_thiol);motif_DG
KPC3_844,20,-1.02,-0.175,0.645,1.443,0,0.5,0,
KPC3_845,20,4.97,-0.635,0.424,1.057,0,0.768,0,
KPC3_846,20,-2.14,-0.14,0.481,0.871,1,0.401,1,odd_Cys(free_thiol)
KPC3_847,20,-0.99,-0.895,0.149,0.329,0,0.124,0,
KPC3_848,20,-1.02,-0.19,0.53,0.557,0,0.441,0,
KPC3_849,20,-3.02,-0.385,0.517,1.443,0,0.431,0,
KPC3_850,19,0.9,-0.1,0.257,0.843,1,0.29,1,odd_Cys(free_thiol)
KPC3_851,19,-1.36,0.611,0.172,0.857,3,0.144,5,odd_Cys(free_thiol);3_Cys;N-term_Met(ox);motif_DG;oxidation_prone(M/W)
KPC3_852,19,-1.95,-0.774,0.339,1.1,0,0.282,1,motif_DP
KPC3_853,19,0.75,-0.4,0.544,1.557,2,0.516,3,motif_NG;motif_DS;homopolymer_run>=4
KPC3_854,19,0.98,-1.032,0.333,-0.714,0,0.359,0,
KPC3_855,19,-1.14,0.421,0.137,1.614,1,0.114,2,odd_Cys(free_thiol);homopolymer_run>=4
KPC3_856,19,-0.02,0.468,0.235,1.771,0,0.196,2,N-term_Met(ox);oxidation_prone(M/W)
KPC3_857,19,-0.02,-0.221,0.164,0.286,0,0.137,0,
KPC3_858,19,1.97,-1.016,0.683,0.571,0,0.665,0,
KPC3_859,19,-1.14,0.584,0.238,1.086,1,0.198,1,odd_Cys(free_thiol)
KPC3_860,16,1.01,-1.081,0.327,-0.714,0,0.357,0,
KPC3_861,16,-0.02,0.212,0.328,1.0,0,0.274,1,N-term_Q/E(pyroglutamate)
KPC3_862,16,0.75,-0.406,0.327,0.671,2,0.335,0,
KPC3_863,16,-1.02,-1.156,0.317,-0.357,0,0.264,1,motif_DG
KPC3_864,16,0.02,-1.306,0.519,-0.2,0,0.434,0,
KPC3_865,16,-0.02,-0.05,0.575,0.5,0,0.479,0,
KPC3_866,16,-0.14,0.356,0.168,0.571,1,0.14,1,odd_Cys(free_thiol)
KPC3_867,16,-0.14,0.45,0.411,1.686,1,0.342,1,odd_Cys(free_thiol)
KPC3_868,16,-1.02,0.025,0.121,0.686,0,0.101,0,
KPC3_869,16,-1.03,0.031,0.206,0.571,0,0.171,0,
KPC3_870,27,0.86,0.096,0.384,0.771,1,0.392,1,odd_Cys(free_thiol)
KPC3_871,27,-1.25,0.541,0.365,1.671,2,0.304,1,motif_DP
KPC3_872,27,-3.02,-0.7,0.309,1.214,0,0.257,1,motif_NG
KPC3_873,27,-1.36,0.704,0.344,1.7,3,0.287,3,odd_Cys(free_thiol);3_Cys;motif_DG
KPC3_874,27,2.01,-0.985,0.555,0.486,0,0.631,0,
KPC3_875,27,-3.14,-0.085,0.443,1.157,1,0.369,4,odd_Cys(free_thiol);motif_DS;motif_NS;oxidation_prone(M/W)
KPC3_876,27,2.86,0.041,0.337,1.457,1,0.519,2,odd_Cys(free_thiol);motif_DG
KPC3_877,27,0.98,-0.063,0.732,0.943,0,0.581,0,
KPC3_878,27,1.9,-0.626,0.815,1.557,1,0.658,1,odd_Cys(free_thiol)
KPC3_879,27,-3.02,-0.4,0.43,0.657,0,0.358,0,
KPC3_880,42,-1.99,-0.34,0.411,1.143,0,0.343,3,N-term_Met(ox);homopolymer_run>=4;oxidation_prone(M/W)
KPC3_881,42,-0.02,0.407,0.477,1.786,0,0.397,1,homopolymer_run>=4
KPC3_882,42,-0.02,0.437,0.469,2.529,0,0.391,1,motif_NG
KPC3_883,42,-1.99,-0.131,0.384,1.1,0,0.32,1,motif_DG
KPC3_884,42,-2.36,0.595,0.513,1.9,3,0.428,3,odd_Cys(free_thiol);3_Cys;homopolymer_run>=4
KPC3_885,42,0.97,0.26,0.465,1.957,0,0.469,0,
KPC3_886,42,-0.99,0.362,0.403,1.286,0,0.335,0,
KPC3_887,42,-0.98,-0.65,0.443,0.814,0,0.37,1,motif_DG
KPC3_888,42,-0.02,1.3,0.066,1.8,0,0.055,1,homopolymer_run>=4
KPC3_889,42,0.79,-0.774,0.509,0.943,2,0.49,2,motif_NG;motif_DP
KPC3_890,16,1.86,-0.188,0.444,0.229,1,0.525,1,odd_Cys(free_thiol)
KPC3_891,16,-1.14,0.025,0.192,0.686,1,0.16,2,odd_Cys(free_thiol);motif_DG
KPC3_892,16,-1.02,-0.175,0.231,0.614,0,0.193,1,oxidation_prone(M/W)
KPC3_893,16,0.97,0.431,0.297,0.986,0,0.329,0,
KPC3_894,16,1.97,-0.069,0.257,1.686,0,0.379,0,
KPC3_895,16,-0.03,0.912,0.189,1.857,0,0.158,1,homopolymer_run>=4
KPC3_896,16,-1.1,-0.5,0.158,-0.0,1,0.132,1,odd_Cys(free_thiol)
KPC3_897,16,2.97,0.287,0.464,0.943,0,0.635,0,
KPC3_898,16,2.97,-0.887,0.246,-0.271,0,0.452,0,
KPC3_899,16,-1.02,0.181,0.186,1.357,0,0.155,1,motif_DG
KPC3_900,34,-4.14,-0.05,0.386,0.771,1,0.322,5,odd_Cys(free_thiol);motif_NG;motif_DP;motif_DS;oxidation_prone(M/W)
KPC3_901,34,-1.14,1.35,0.247,2.486,1,0.206,2,odd_Cys(free_thiol);homopolymer_run>=4
KPC3_902,34,-3.14,0.324,0.403,1.957,1,0.336,1,odd_Cys(free_thiol)
KPC3_903,34,0.86,0.415,0.516,2.086,1,0.502,4,odd_Cys(free_thiol);motif_DG;homopolymer_run>=4;oxidation_prone(M/W)
KPC3_904,34,-2.95,-0.0,0.29,1.143,0,0.242,3,motif_NG;motif_DP;homopolymer_run>=4
KPC3_905,34,-3.43,-0.159,0.388,1.714,4,0.324,2,4_Cys;motif_DS
KPC3_906,34,0.97,0.982,0.592,2.114,0,0.575,0,
KPC3_907,34,-2.14,0.324,0.241,1.871,1,0.201,1,odd_Cys(free_thiol)
KPC3_908,34,-2.14,-0.765,0.351,0.957,1,0.293,2,odd_Cys(free_thiol);motif_DP
KPC3_909,34,-1.47,-0.291,0.291,1.1,4,0.243,3,4_Cys;motif_NG;homopolymer_run>=4
KPC3_910,17,-0.02,0.588,0.1,1.543,0,0.083,0,
KPC3_911,17,0.98,-1.412,0.605,1.0,0,0.581,1,motif_DS
KPC3_912,17,-2.14,-1.053,0.402,-0.457,1,0.335,2,odd_Cys(free_thiol);motif_DG
KPC3_913,17,0.05,-0.753,0.466,0.386,0,0.393,0,
KPC3_914,17,-2.03,-1.2,0.341,-0.043,0,0.284,1,motif_DG
KPC3_915,17,-0.14,0.847,0.058,1.271,1,0.049,2,odd_Cys(free_thiol);oxidation_prone(M/W)
KPC3_916,17,-3.02,-0.812,0.235,0.3,0,0.196,0,
KPC3_917,17,-0.02,0.647,0.262,1.5,0,0.218,1,motif_NG
KPC3_918,17,-1.02,0.347,0.19,1.557,0,0.158,0,
KPC3_919,17,0.01,-0.147,0.45,0.586,0,0.376,0,
KPC3_920,27,-3.02,-0.196,0.297,0.7,0,0.248,0,
KPC3_921,27,-1.03,0.052,0.28,0.743,0,0.233,0,
KPC3_922,27,0.98,0.004,0.244,1.0,0,0.284,1,motif_NS
KPC3_923,27,-0.02,0.804,0.208,1.8,0,0.174,2,N-term_Met(ox);homopolymer_run>=4
KPC3_924,27,0.64,0.315,0.35,1.414,3,0.345,2,odd_Cys(free_thiol);3_Cys
KPC3_925,27,-1.02,0.467,0.383,2.129,0,0.319,0,
KPC3_926,27,-0.14,0.219,0.212,0.629,1,0.177,1,odd_Cys(free_thiol)
KPC3_927,27,-0.02,0.044,0.092,0.333,0,0.077,1,homopolymer_run>=4
KPC3_928,27,-0.99,0.054,0.133,1.033,0,0.111,1,homopolymer_run>=4
KPC3_929,27,-0.03,-0.322,0.418,1.243,0,0.348,0,
KPC3_930,21,3.01,-1.033,0.355,0.543,0,0.547,0,
KPC3_931,21,-1.1,0.014,0.275,0.7,1,0.229,1,odd_Cys(free_thiol)
KPC3_932,21,-3.14,-0.671,0.251,0.629,1,0.209,1,odd_Cys(free_thiol)
KPC3_933,21,-0.25,-0.324,0.436,1.271,2,0.363,1,motif_DS
KPC3_934,21,-1.14,-0.233,0.207,0.429,1,0.173,1,odd_Cys(free_thiol)
KPC3_935,21,1.01,-0.195,0.341,1.343,0,0.368,0,
KPC3_936,21,-3.02,-0.0,0.349,0.943,0,0.291,1,motif_NG
KPC3_937,21,-1.14,0.514,0.127,1.7,1,0.106,1,odd_Cys(free_thiol)
KPC3_938,21,4.86,-0.91,0.503,0.686,1,0.825,2,odd_Cys(free_thiol);N-term_Q/E(pyroglutamate)
KPC3_939,21,-1.25,0.31,0.232,0.957,2,0.193,0,
KPC3_940,22,-2.14,0.805,0.143,1.514,1,0.12,1,odd_Cys(free_thiol)
KPC3_941,22,0.01,-1.677,0.574,-1.043,0,0.479,2,motif_DG;homopolymer_run>=4
KPC3_942,22,-1.1,0.177,0.346,0.929,1,0.289,1,odd_Cys(free_thiol)
KPC3_943,22,1.98,-0.523,0.611,0.771,0,0.665,0,
KPC3_944,22,-1.03,1.281,0.168,2.929,0,0.14,0,
KPC3_945,22,-1.14,0.468,0.217,1.414,1,0.181,2,odd_Cys(free_thiol);motif_DP
KPC3_946,22,0.01,-0.6,0.834,0.7,0,0.501,0,
KPC3_947,22,3.01,-0.432,0.43,0.486,0,0.609,2,N-term_Met(ox);oxidation_prone(M/W)
KPC3_948,22,-2.14,-0.218,0.278,2.757,1,0.232,2,odd_Cys(free_thiol);homopolymer_run>=4
KPC3_949,22,-0.03,0.65,0.398,2.029,0,0.331,1,N-term_Q/E(pyroglutamate)
KPC3_950,43,-5.58,0.13,0.54,1.086,5,0.45,5,odd_Cys(free_thiol);5_Cys;motif_DG;motif_DS;homopolymer_run>=4
KPC3_951,43,-1.02,-0.533,0.282,1.071,0,0.235,3,motif_DG;motif_DS;oxidation_prone(M/W)
KPC3_952,43,3.86,0.784,0.678,3.2,1,0.822,2,odd_Cys(free_thiol);homopolymer_run>=4
KPC3_953,43,-1.02,0.905,0.502,2.971,0,0.419,2,motif_NG;oxidation_prone(M/W)
KPC3_954,43,-4.95,-0.195,0.27,1.1,0,0.225,0,
KPC3_955,43,-0.43,-0.647,0.407,0.543,4,0.339,2,4_Cys;N-term_Q/E(pyroglutamate)
KPC3_956,43,-3.47,0.24,0.476,1.2,4,0.397,1,4_Cys
KPC3_957,43,-0.02,0.558,0.357,2.657,0,0.297,0,
KPC3_958,43,-0.02,-0.037,0.417,1.443,0,0.348,2,motif_NG;homopolymer_run>=4
KPC3_959,43,0.64,0.051,0.622,1.171,3,0.553,3,odd_Cys(free_thiol);3_Cys;homopolymer_run>=4
KPC3_960,33,-0.47,0.615,0.125,1.686,4,0.104,2,4_Cys;motif_DP
KPC3_961,33,-2.14,-0.07,0.233,1.186,1,0.194,2,odd_Cys(free_thiol);homopolymer_run>=4
KPC3_962,33,3.13,-0.261,0.478,1.657,0,0.659,1,oxidation_prone(M/W)
KPC3_963,33,-0.99,0.342,0.445,1.8,0,0.371,1,homopolymer_run>=4
KPC3_964,33,-1.02,-0.317,0.244,0.486,0,0.203,1,homopolymer_run>=4
KPC3_965,33,-4.02,0.076,0.428,1.343,0,0.356,2,motif_DP;motif_DS
KPC3_966,33,-2.03,0.191,0.588,3.557,0,0.49,1,motif_DG
KPC3_967,33,-2.99,-0.373,0.313,0.429,0,0.261,2,motif_DG;motif_DP
KPC3_968,33,-2.95,-0.879,0.449,0.3,0,0.374,1,motif_NG
KPC3_969,33,-0.03,0.227,0.177,0.5,0,0.148,0,
KPC3_970,40,-2.02,0.915,0.155,1.486,0,0.129,3,motif_DG;motif_DS;homopolymer_run>=4
KPC3_971,40,-0.14,0.79,0.327,1.614,1,0.272,1,odd_Cys(free_thiol)
KPC3_972,40,-0.02,-0.324,0.268,0.457,0,0.224,1,motif_DS
KPC3_973,40,0.86,0.985,0.684,2.471,1,0.572,3,odd_Cys(free_thiol);motif_NG;homopolymer_run>=4
KPC3_974,40,-3.03,-0.45,0.575,1.229,0,0.479,0,
KPC3_975,40,0.75,0.11,0.401,1.343,2,0.397,1,homopolymer_run>=4
KPC3_976,40,-0.02,0.0,0.0,0.0,0,0.0,1,homopolymer_run>=4
KPC3_977,40,-2.25,-0.4,0.599,1.714,2,0.499,2,motif_NG;motif_DS
KPC3_978,40,-0.25,0.703,0.19,2.243,2,0.158,1,homopolymer_run>=4
KPC3_979,40,-4.32,0.22,0.263,1.7,3,0.219,4,odd_Cys(free_thiol);3_Cys;N-term_Met(ox);motif_DG
KPC3_980,31,-1.02,0.684,0.142,1.486,0,0.118,1,homopolymer_run>=4
KPC3_981,31,-3.58,0.381,0.221,1.686,5,0.184,2,odd_Cys(free_thiol);5_Cys
KPC3_982,31,0.97,-0.074,0.235,0.914,0,0.277,1,homopolymer_run>=4
KPC3_983,31,-0.99,-0.013,0.52,1.2,0,0.434,2,N-term_Met(ox);oxidation_prone(M/W)
KPC3_984,31,-0.21,0.184,0.192,1.029,2,0.16,0,
KPC3_985,31,1.98,-0.971,0.458,-0.1,0,0.547,0,
KPC3_986,31,-0.99,-0.361,0.388,0.671,0,0.323,0,
KPC3_987,31,-3.1,0.142,0.473,1.629,1,0.394,2,odd_Cys(free_thiol);motif_DP
KPC3_988,31,-2.02,0.606,0.629,1.929,0,0.5,0,
KPC3_989,31,-2.14,1.216,0.333,3.057,1,0.277,2,odd_Cys(free_thiol);homopolymer_run>=4
KPC3_990,22,-0.98,-0.795,0.601,-0.314,0,0.5,1,motif_DG
KPC3_991,22,-0.02,0.1,0.394,0.357,0,0.329,1,homopolymer_run>=4
KPC3_992,22,-1.25,-0.086,0.24,0.471,2,0.2,2,motif_DG;motif_DS
KPC3_993,22,-0.14,0.323,0.472,1.0,1,0.394,2,odd_Cys(free_thiol);motif_NG
KPC3_994,22,-0.02,0.768,0.112,1.171,0,0.094,1,homopolymer_run>=4
KPC3_995,22,0.97,-0.814,0.486,0.129,0,0.486,0,
KPC3_996,22,-1.02,-0.045,0.12,0.529,0,0.1,1,homopolymer_run>=4
KPC3_997,22,-0.91,-0.773,0.298,1.429,0,0.248,1,motif_DG
KPC3_998,22,-2.03,0.323,0.167,1.171,0,0.14,1,homopolymer_run>=4
KPC3_999,22,-0.1,0.559,0.261,1.486,1,0.218,1,odd_Cys(free_thiol)
config_KPC3_000,30,-1.02,-0.567,0.18,0.529,0,0.15,1,homopolymer_run>=4
config_KPC3_001,30,-1.02,0.613,0.516,1.6,0,0.43,2,motif_DP;homopolymer_run>=4
config_KPC3_002,30,-1.02,-0.177,0.238,0.9,0,0.199,1,homopolymer_run>=4
config_KPC3_003,30,-4.99,-0.41,0.215,1.014,0,0.18,1,motif_NS
config_KPC3_004,30,0.98,0.34,0.42,1.257,0,0.432,0,
config_KPC3_005,30,-0.02,0.68,0.231,1.114,0,0.193,0,
config_KPC3_006,30,-0.02,0.84,0.438,1.714,0,0.365,0,
config_KPC3_007,30,-0.02,0.377,0.199,2.086,0,0.166,1,homopolymer_run>=4
config_KPC3_008,30,-0.02,0.373,0.213,1.771,0,0.178,1,homopolymer_run>=4
config_KPC3_009,30,-0.02,0.717,0.233,1.9,0,0.194,0,
config_KPC3_020,25,-1.02,1.044,0.287,2.657,0,0.239,0,
config_KPC3_021,25,-0.02,0.58,0.18,2.229,0,0.15,1,motif_NS
config_KPC3_022,25,-0.02,0.556,0.178,2.3,0,0.149,0,
config_KPC3_023,25,-3.98,0.096,0.342,1.043,0,0.285,0,
config_KPC3_024,25,-1.02,0.528,0.151,1.329,0,0.126,0,
config_KPC3_025,25,-0.03,0.496,0.21,1.329,0,0.175,0,
config_KPC3_026,25,-1.02,0.288,0.206,2.2,0,0.172,0,
config_KPC3_027,25,-2.02,0.204,0.254,1.371,0,0.212,1,motif_DP
config_KPC3_028,25,-0.02,0.5,0.144,1.871,0,0.12,0,
config_KPC3_029,25,-0.99,0.128,0.281,1.214,0,0.234,1,homopolymer_run>=4
config_KPC3_040,17,-2.02,-0.306,0.275,0.657,0,0.229,1,motif_DP
config_KPC3_041,17,-0.02,-0.659,0.07,0.2,0,0.058,1,homopolymer_run>=4
config_KPC3_042,17,-0.02,-0.065,0.11,0.514,0,0.092,0,
config_KPC3_043,17,0.98,0.535,0.393,2.129,0,0.409,0,
config_KPC3_044,17,-0.02,-0.206,0.34,0.914,0,0.284,0,
config_KPC3_045,17,0.98,0.424,0.291,0.786,0,0.323,0,
config_KPC3_046,17,-2.02,0.253,0.219,1.186,0,0.182,1,motif_DG
config_KPC3_047,17,0.98,0.712,0.261,1.657,0,0.299,1,homopolymer_run>=4
config_KPC3_048,17,-1.99,0.129,0.288,0.829,0,0.24,0,
config_KPC3_049,17,-2.03,0.212,0.227,0.314,0,0.19,1,homopolymer_run>=4
config_KPC3_060,37,-0.02,0.581,0.216,1.8,0,0.18,0,
config_KPC3_061,37,1.98,-0.178,0.373,1.257,0,0.476,1,homopolymer_run>=4
config_KPC3_062,37,-2.02,0.281,0.211,1.429,0,0.175,2,motif_DP;homopolymer_run>=4
config_KPC3_063,37,-2.02,0.049,0.162,1.029,0,0.135,2,motif_DP;homopolymer_run>=4
config_KPC3_064,37,-3.02,0.351,0.281,1.857,0,0.234,3,N-term_Met(ox);motif_DG;homopolymer_run>=4
config_KPC3_065,37,-6.02,-0.381,0.554,1.1,0,0.462,1,motif_DG
config_KPC3_066,37,-1.02,0.019,0.595,1.057,0,0.496,0,
config_KPC3_067,37,-1.02,0.019,0.423,1.657,0,0.353,0,
config_KPC3_068,37,-4.02,0.249,0.293,1.929,0,0.244,2,motif_DG;motif_DP
config_KPC3_069,37,-2.98,0.203,0.395,2.343,0,0.33,1,motif_DG
config_KPC3_080,38,-2.02,0.3,0.486,1.443,0,0.405,1,homopolymer_run>=4
config_KPC3_081,38,-3.02,-0.087,0.355,0.771,0,0.296,1,motif_DP
config_KPC3_082,38,-2.02,0.534,0.29,1.457,0,0.241,0,
config_KPC3_083,38,-2.02,0.039,0.285,1.229,0,0.237,0,
config_KPC3_084,38,-4.02,0.782,0.212,1.714,0,0.176,3,motif_DG;motif_DS;homopolymer_run>=4
config_KPC3_085,38,-2.02,0.174,0.183,1.414,0,0.152,1,homopolymer_run>=4
config_KPC3_086,38,-2.02,0.061,0.317,0.886,0,0.264,1,motif_DP
config_KPC3_087,38,-4.02,0.061,0.301,1.1,0,0.251,2,motif_DG;motif_DP
config_KPC3_088,38,-1.02,0.587,0.393,2.471,0,0.327,1,motif_DP
config_KPC3_089,38,-0.02,0.261,0.246,1.214,0,0.205,1,homopolymer_run>=4
config_KPC3_100,33,-1.03,0.415,0.4,1.9,0,0.333,0,
config_KPC3_101,33,-0.02,-0.212,0.415,1.057,0,0.346,0,
config_KPC3_102,33,-2.02,0.403,0.185,1.386,0,0.154,1,motif_DP
config_KPC3_103,33,-1.02,0.627,0.287,1.743,0,0.24,1,motif_DG
config_KPC3_104,33,1.98,-0.036,0.436,2.171,0,0.528,0,
config_KPC3_105,33,-3.02,0.361,0.233,1.4,0,0.194,1,motif_DS
config_KPC3_106,33,-0.02,0.83,0.204,2.0,0,0.17,0,
config_KPC3_107,33,-1.02,0.124,0.294,1.2,0,0.245,1,motif_DP
config_KPC3_108,33,-0.02,0.488,0.243,1.029,0,0.203,0,
config_KPC3_109,33,-0.02,-0.127,0.386,1.057,0,0.322,1,motif_DP
config_KPC3_120,50,2.98,0.406,0.328,2.086,0,0.521,3,N-term_Met(ox);motif_DS;homopolymer_run>=4
config_KPC3_121,50,-0.02,0.796,0.338,2.086,0,0.282,1,homopolymer_run>=4
config_KPC3_122,50,0.98,1.332,0.282,2.429,0,0.316,1,homopolymer_run>=4
config_KPC3_123,50,0.98,0.528,0.673,2.071,0,0.581,0,
config_KPC3_124,50,0.98,0.784,0.355,1.8,0,0.377,1,homopolymer_run>=4
config_KPC3_125,50,-3.03,0.286,0.32,1.7,0,0.266,3,motif_DG;motif_DP;homopolymer_run>=4
config_KPC3_126,50,-0.99,-0.016,0.228,1.129,0,0.19,1,homopolymer_run>=4
config_KPC3_127,50,-1.02,0.622,0.39,2.443,0,0.325,2,motif_DP;homopolymer_run>=4
config_KPC3_128,50,-1.03,0.546,0.37,2.486,0,0.309,1,homopolymer_run>=4
config_KPC3_129,50,-3.02,1.178,0.231,2.314,0,0.192,1,motif_DG
config_KPC3_140,37,-2.02,1.016,0.254,2.243,0,0.212,1,homopolymer_run>=4
config_KPC3_141,37,-1.02,0.838,0.28,2.286,0,0.233,0,
config_KPC3_142,37,-0.02,0.914,0.192,2.0,0,0.16,0,
config_KPC3_143,37,-0.03,0.159,0.443,1.743,0,0.369,3,motif_DG;motif_DP;homopolymer_run>=4
config_KPC3_144,37,-2.02,0.805,0.172,2.0,0,0.143,0,
config_KPC3_145,37,-3.02,0.438,0.243,1.8,0,0.202,1,motif_DG
config_KPC3_146,37,-2.02,0.481,0.643,2.086,0,0.5,1,homopolymer_run>=4
config_KPC3_147,37,-1.03,0.908,0.165,2.371,0,0.137,0,
config_KPC3_148,37,-2.02,0.895,0.296,2.071,0,0.246,0,
config_KPC3_149,37,-2.02,0.822,0.346,2.0,0,0.289,0,
config_KPC3_160,11,-0.02,0.527,0.219,0.657,0,0.182,0,
config_KPC3_161,11,-0.02,0.127,0.091,0.629,0,0.076,0,
config_KPC3_162,11,-0.02,0.145,0.15,0.543,0,0.125,0,
config_KPC3_163,11,-0.02,1.091,0.116,1.486,0,0.097,0,
config_KPC3_164,11,0.97,0.555,0.216,0.957,0,0.261,0,
config_KPC3_165,11,-0.02,0.155,0.119,0.371,0,0.099,0,
config_KPC3_166,11,-0.03,-0.145,0.112,0.157,0,0.094,1,motif_NS
config_KPC3_167,11,-1.02,-0.173,0.138,0.257,0,0.115,0,
config_KPC3_168,11,-0.99,-1.0,0.268,-0.6,0,0.223,0,
config_KPC3_169,11,0.01,-0.591,0.188,-0.171,0,0.158,0,
config_KPC3_180,31,-0.02,-0.287,0.351,0.6,0,0.292,1,motif_DP
config_KPC3_181,31,-1.02,0.41,0.205,1.429,0,0.171,1,homopolymer_run>=4
config_KPC3_182,31,-0.02,0.913,0.138,2.057,0,0.115,0,
config_KPC3_183,31,-0.02,-0.277,0.181,1.086,0,0.151,1,homopolymer_run>=4
config_KPC3_184,31,-1.02,0.39,0.431,1.543,0,0.359,0,
config_KPC3_185,31,-3.02,0.39,0.21,2.086,0,0.175,2,motif_DG;homopolymer_run>=4
config_KPC3_186,31,-1.03,-0.248,0.379,1.2,0,0.316,1,motif_DG
config_KPC3_187,31,-1.02,0.155,0.257,1.043,0,0.214,1,homopolymer_run>=4
config_KPC3_188,31,0.97,0.526,0.291,1.886,0,0.324,0,
config_KPC3_189,31,-2.02,0.471,0.22,1.629,0,0.183,2,motif_DP;homopolymer_run>=4
config_KPC3_200,19,-5.02,-0.084,0.467,0.571,0,0.389,0,
config_KPC3_201,19,-1.03,0.711,0.255,1.929,0,0.213,0,
config_KPC3_202,19,-0.99,0.353,0.246,1.043,0,0.205,1,homopolymer_run>=4
config_KPC3_203,19,-0.02,0.853,0.092,2.343,0,0.077,0,
config_KPC3_204,19,-0.03,-0.411,0.178,0.314,0,0.149,0,
config_KPC3_205,19,-1.02,0.789,0.167,1.614,0,0.139,0,
config_KPC3_206,19,-1.02,-0.163,0.209,0.829,0,0.174,0,
config_KPC3_207,19,0.01,-0.311,0.209,0.143,0,0.175,1,homopolymer_run>=4
config_KPC3_208,19,-0.02,-0.221,0.141,1.0,0,0.117,1,homopolymer_run>=4
config_KPC3_209,19,-0.02,-0.268,0.147,0.9,0,0.122,0,
config_KPC3_220,11,-1.02,0.218,0.102,0.8,0,0.085,1,motif_DS
config_KPC3_221,11,-1.02,0.827,0.159,0.643,0,0.132,0,
config_KPC3_222,11,-1.02,-0.136,0.095,0.314,0,0.079,1,motif_DS
config_KPC3_223,11,-1.02,0.009,0.188,0.229,0,0.157,1,motif_DP
config_KPC3_224,11,-0.02,0.036,0.077,0.8,0,0.064,0,
config_KPC3_225,11,-0.02,0.745,0.107,1.2,0,0.089,0,
config_KPC3_226,11,-0.02,1.109,0.14,1.829,0,0.116,1,homopolymer_run>=4
config_KPC3_227,11,-0.02,0.564,0.051,1.171,0,0.042,0,
config_KPC3_228,11,-0.14,0.645,0.087,1.443,1,0.072,1,odd_Cys(free_thiol)
config_KPC3_229,11,-0.02,1.136,0.102,1.071,0,0.085,0,
config_KPC3_240,47,-1.02,1.072,0.303,2.371,0,0.253,1,homopolymer_run>=4
config_KPC3_241,47,-1.02,1.053,0.446,2.657,0,0.371,2,motif_DP;homopolymer_run>=4
config_KPC3_242,47,-2.03,0.581,0.286,2.086,0,0.239,1,homopolymer_run>=4
config_KPC3_243,47,-1.02,0.885,0.382,2.371,0,0.319,1,homopolymer_run>=4
config_KPC3_244,47,-2.02,0.549,0.233,1.571,0,0.194,1,homopolymer_run>=4
config_KPC3_245,47,1.01,0.63,0.431,1.9,0,0.444,0,
config_KPC3_246,47,-2.99,-0.264,0.632,2.343,0,0.5,1,N-term_Met(ox)
config_KPC3_247,47,-3.02,0.574,0.576,1.871,0,0.48,0,
config_KPC3_248,47,-3.02,0.191,0.236,1.443,0,0.196,2,motif_DP;homopolymer_run>=4
config_KPC3_249,47,-0.02,0.426,0.177,1.314,0,0.147,1,homopolymer_run>=4
config_KPC3_260,25,-2.02,0.72,0.2,1.686,0,0.167,0,
config_KPC3_261,25,-4.02,0.556,0.325,1.714,0,0.271,1,motif_DS
config_KPC3_262,25,-0.02,1.068,0.146,2.714,0,0.122,0,
config_KPC3_263,25,-2.98,0.552,0.324,1.457,0,0.27,0,
config_KPC3_264,25,-0.02,0.448,0.175,1.286,0,0.146,0,
config_KPC3_265,25,-1.02,0.712,0.167,2.057,0,0.139,1,homopolymer_run>=4
config_KPC3_266,25,-1.02,0.528,0.157,1.243,0,0.131,0,
config_KPC3_267,25,-0.02,0.516,0.213,2.286,0,0.178,0,
config_KPC3_268,25,-0.02,0.584,0.131,2.214,0,0.11,1,homopolymer_run>=4
config_KPC3_269,25,-1.02,-0.208,0.438,1.971,0,0.365,2,motif_DG;motif_DP
config_KPC3_280,44,-1.02,0.723,0.32,2.286,0,0.267,0,
config_KPC3_281,44,-0.14,1.184,0.376,2.657,1,0.313,2,odd_Cys(free_thiol);homopolymer_run>=4
config_KPC3_282,44,-2.14,0.611,0.251,2.443,1,0.209,1,odd_Cys(free_thiol)
config_KPC3_283,44,-3.02,0.375,0.3,1.586,0,0.25,3,N-term_Met(ox);motif_DP;oxidation_prone(M/W)
config_KPC3_284,44,-0.02,0.391,0.325,1.886,0,0.271,1,motif_DP
config_KPC3_285,44,-2.02,0.014,0.33,1.743,0,0.275,3,motif_DG;motif_DP;motif_DS
config_KPC3_286,44,-1.02,0.216,0.372,1.171,0,0.31,0,
config_KPC3_287,44,0.02,0.68,0.668,1.886,0,0.501,0,
config_KPC3_288,44,-4.02,0.173,0.233,1.143,0,0.194,1,motif_DG
config_KPC3_289,44,-3.02,0.532,0.356,1.743,0,0.297,1,motif_DP
config_KPC3_300,29,-1.02,0.624,0.266,1.357,0,0.222,1,motif_DP
config_KPC3_301,29,-1.02,0.628,0.224,1.443,0,0.187,0,
config_KPC3_302,29,-3.02,0.131,0.379,1.3,0,0.316,1,motif_DP
config_KPC3_303,29,-0.02,0.603,0.289,2.243,0,0.241,0,
config_KPC3_304,29,-1.02,0.517,0.178,1.443,0,0.148,0,
config_KPC3_305,29,-0.02,0.317,0.177,1.057,0,0.147,0,
config_KPC3_306,29,-1.02,0.686,0.324,1.629,0,0.27,1,homopolymer_run>=4
config_KPC3_307,29,-2.02,-0.283,0.35,1.714,0,0.292,1,homopolymer_run>=4
config_KPC3_308,29,-1.99,0.631,0.359,2.2,0,0.299,1,motif_DP
config_KPC3_309,29,-0.99,0.562,0.234,1.243,0,0.195,1,homopolymer_run>=4
config_KPC3_320,48,-1.03,0.096,0.439,1.314,0,0.366,2,motif_DP;motif_NS
config_KPC3_321,48,0.98,1.069,0.397,2.429,0,0.412,1,homopolymer_run>=4
config_KPC3_322,48,-4.02,0.427,0.35,1.471,0,0.291,1,motif_DS
config_KPC3_323,48,-1.03,0.698,0.213,2.429,0,0.177,1,homopolymer_run>=4
config_KPC3_324,48,0.02,-0.102,0.732,1.614,0,0.501,1,motif_DP
config_KPC3_325,48,1.98,1.446,0.299,1.8,0,0.414,1,homopolymer_run>=4
config_KPC3_326,48,-1.02,1.175,0.15,2.0,0,0.125,2,motif_DP;homopolymer_run>=4
config_KPC3_327,48,-2.02,0.442,0.267,2.0,0,0.222,2,motif_DG;motif_DP
config_KPC3_328,48,-4.02,0.46,0.366,1.957,0,0.305,1,motif_DP
config_KPC3_329,48,-3.98,0.296,0.364,1.957,0,0.304,2,motif_DP;homopolymer_run>=4
config_KPC3_340,20,-1.02,-0.045,0.158,0.714,0,0.132,0,
config_KPC3_341,20,-1.02,0.145,0.136,0.757,0,0.114,1,homopolymer_run>=4
config_KPC3_342,20,-0.03,0.045,0.13,1.671,0,0.108,1,homopolymer_run>=4
config_KPC3_343,20,-0.02,-0.055,0.123,0.271,0,0.102,0,
config_KPC3_344,20,-3.13,-1.28,0.264,0.914,1,0.22,2,odd_Cys(free_thiol);homopolymer_run>=4
config_KPC3_345,20,-1.02,-0.08,0.187,1.157,0,0.156,2,motif_DP;homopolymer_run>=4
config_KPC3_346,20,-1.99,-0.005,0.317,0.271,0,0.264,0,
config_KPC3_347,20,-1.02,-0.02,0.237,0.686,0,0.197,0,
config_KPC3_348,20,-0.02,0.42,0.114,1.1,0,0.095,0,
config_KPC3_349,20,-0.02,0.185,0.144,1.257,0,0.12,1,homopolymer_run>=4
config_KPC3_360,34,-2.02,0.097,0.272,1.643,0,0.227,1,homopolymer_run>=4
config_KPC3_361,34,-0.02,0.453,0.192,1.514,0,0.16,0,
config_KPC3_362,34,-0.03,1.0,0.129,1.771,0,0.107,0,
config_KPC3_363,34,-1.03,-0.109,0.255,1.029,0,0.212,1,homopolymer_run>=4
config_KPC3_364,34,1.97,-0.226,0.445,1.5,0,0.535,0,
config_KPC3_365,34,-0.02,0.268,0.508,1.114,0,0.424,1,motif_NG
config_KPC3_366,34,-2.02,-0.238,0.146,0.443,0,0.122,1,homopolymer_run>=4
config_KPC3_367,34,-1.02,0.682,0.29,1.671,0,0.242,0,
config_KPC3_368,34,-2.02,0.371,0.235,1.857,0,0.196,1,homopolymer_run>=4
config_KPC3_369,34,-1.02,0.55,0.197,1.457,0,0.164,0,
config_KPC3_380,26,-1.03,-0.558,0.174,1.314,0,0.145,1,homopolymer_run>=4
config_KPC3_381,26,-1.02,0.219,0.278,1.671,0,0.232,1,homopolymer_run>=4
config_KPC3_382,26,-1.02,0.75,0.222,1.8,0,0.185,1,homopolymer_run>=4
config_KPC3_383,26,-2.02,0.996,0.281,2.071,0,0.234,0,
config_KPC3_384,26,-0.02,0.077,0.321,0.971,0,0.267,1,homopolymer_run>=4
config_KPC3_385,26,-1.02,0.492,0.155,1.471,0,0.129,0,
config_KPC3_386,26,-2.02,0.319,0.2,1.571,0,0.167,0,
config_KPC3_387,26,-0.02,0.258,0.182,1.329,0,0.152,1,homopolymer_run>=4
config_KPC3_388,26,-0.02,0.538,0.264,1.257,0,0.22,0,
config_KPC3_389,26,-1.03,0.277,0.424,1.029,0,0.353,0,
config_KPC3_400,45,-1.02,0.74,0.18,2.1,0,0.15,0,
config_KPC3_401,45,-2.02,0.436,0.291,1.2,0,0.243,1,motif_DG
config_KPC3_402,45,-2.02,0.369,0.289,1.586,0,0.241,2,motif_DP;homopolymer_run>=4
config_KPC3_403,45,0.98,0.956,0.299,2.086,0,0.331,1,homopolymer_run>=4
config_KPC3_404,45,-2.02,0.576,0.305,1.629,0,0.254,1,motif_DG
config_KPC3_405,45,-0.02,0.978,0.417,2.086,0,0.347,1,homopolymer_run>=4
config_KPC3_406,45,-3.02,0.633,0.328,1.5,0,0.274,0,
config_KPC3_407,45,-0.03,0.171,0.544,1.271,0,0.453,1,motif_DP
config_KPC3_408,45,0.01,0.222,0.376,1.286,0,0.314,1,homopolymer_run>=4
config_KPC3_409,45,-3.02,0.287,0.224,2.214,0,0.187,1,motif_DG
config_KPC3_420,30,-0.02,0.627,0.236,1.886,0,0.197,0,
config_KPC3_421,30,-3.02,0.233,0.255,1.1,0,0.212,0,
config_KPC3_422,30,0.98,0.963,0.28,2.086,0,0.315,1,homopolymer_run>=4
config_KPC3_423,30,0.01,0.797,0.212,2.086,0,0.177,1,homopolymer_run>=4
config_KPC3_424,30,-1.02,0.267,0.496,1.343,0,0.414,0,
config_KPC3_425,30,-0.02,0.13,0.121,2.029,0,0.101,1,homopolymer_run>=4
config_KPC3_426,30,-0.02,-0.14,0.157,0.971,0,0.131,0,
config_KPC3_427,30,-0.02,0.167,0.206,1.457,0,0.172,1,homopolymer_run>=4
config_KPC3_428,30,-1.02,0.17,0.216,1.443,0,0.18,2,motif_DS;homopolymer_run>=4
config_KPC3_429,30,1.01,-0.383,0.373,0.529,0,0.395,1,homopolymer_run>=4
config_KPC3_440,39,-1.02,0.423,0.222,1.943,0,0.185,0,
config_KPC3_441,39,-2.14,-0.915,0.13,-0.029,1,0.108,3,odd_Cys(free_thiol);motif_DS;homopolymer_run>=4
config_KPC3_442,39,-0.02,1.515,0.152,2.086,0,0.126,1,homopolymer_run>=4
config_KPC3_443,39,-2.02,0.195,0.405,1.2,0,0.337,0,
config_KPC3_444,39,-1.02,0.472,0.167,1.629,0,0.139,0,
config_KPC3_445,39,0.98,0.967,0.226,1.8,0,0.269,1,homopolymer_run>=4
config_KPC3_446,39,-2.02,0.531,0.264,1.571,0,0.22,1,homopolymer_run>=4
config_KPC3_447,39,0.97,0.864,0.577,2.371,0,0.562,0,
config_KPC3_448,39,-0.02,0.097,0.418,1.114,0,0.349,1,motif_DP
config_KPC3_449,39,-2.02,0.51,0.322,1.371,0,0.269,1,homopolymer_run>=4
config_KPC3_460,14,-0.02,0.121,0.166,0.629,0,0.138,0,
config_KPC3_461,14,-0.02,0.35,0.133,0.629,0,0.11,0,
config_KPC3_462,14,-0.02,0.221,0.21,0.914,0,0.175,0,
config_KPC3_463,14,-0.02,0.171,0.072,0.971,0,0.06,1,homopolymer_run>=4
config_KPC3_464,14,-0.02,0.386,0.068,1.4,0,0.057,0,
config_KPC3_465,14,-0.02,0.464,0.122,0.629,0,0.101,0,
config_KPC3_466,14,-0.02,0.414,0.119,0.943,0,0.099,1,homopolymer_run>=4
config_KPC3_467,14,-1.02,0.093,0.157,1.457,0,0.131,1,motif_DP
config_KPC3_468,14,-0.02,0.264,0.141,1.171,0,0.118,0,
config_KPC3_469,14,-0.02,0.507,0.097,1.343,0,0.081,0,
config_KPC3_480,12,-0.02,1.117,0.095,1.814,0,0.079,0,
config_KPC3_481,12,-0.02,0.85,0.048,1.143,0,0.04,0,
config_KPC3_482,12,-0.02,0.058,0.151,0.586,0,0.125,0,
config_KPC3_483,12,-0.02,0.367,0.088,0.8,0,0.073,0,
config_KPC3_484,12,0.98,-0.617,0.143,-0.543,0,0.201,1,motif_DS
config_KPC3_485,12,-0.02,0.233,0.078,0.543,0,0.065,0,
config_KPC3_486,12,-0.02,0.367,0.091,0.8,0,0.076,0,
config_KPC3_487,12,-1.02,-0.442,0.124,-0.0,0,0.103,0,
config_KPC3_488,12,-0.02,0.6,0.031,1.171,0,0.026,1,homopolymer_run>=4
config_KPC3_489,12,-2.02,-0.083,0.3,0.271,0,0.25,2,motif_DG;motif_DP
config_KPC3_500,28,0.98,0.45,0.388,1.871,0,0.405,0,
config_KPC3_501,28,-2.02,0.386,0.31,1.257,0,0.258,0,
config_KPC3_502,28,-0.02,0.182,0.156,0.886,0,0.13,0,
config_KPC3_503,28,-0.02,0.318,0.243,1.671,0,0.203,0,
config_KPC3_504,28,-0.03,0.232,0.17,1.043,0,0.141,0,
config_KPC3_505,28,-1.02,0.546,0.284,1.571,0,0.237,1,motif_DG
config_KPC3_506,28,-4.02,0.75,0.233,2.714,0,0.194,0,
config_KPC3_507,28,-1.02,-0.143,0.291,1.857,0,0.243,1,homopolymer_run>=4
config_KPC3_508,28,-1.02,1.311,0.155,2.471,0,0.129,0,
config_KPC3_509,28,-0.02,0.886,0.286,1.686,0,0.239,0,
config_KPC3_520,38,1.01,0.926,0.416,1.8,0,0.431,1,homopolymer_run>=4
config_KPC3_521,38,-1.02,0.132,0.193,1.314,0,0.161,1,motif_DP
config_KPC3_522,38,0.98,0.816,0.613,1.414,0,0.581,1,homopolymer_run>=4
config_KPC3_523,38,-0.02,0.916,0.255,2.157,0,0.213,1,homopolymer_run>=4
config_KPC3_524,38,2.98,0.518,0.499,2.257,0,0.664,1,motif_DG
config_KPC3_525,38,-0.02,0.345,0.171,1.257,0,0.142,0,
config_KPC3_526,38,-1.02,1.026,0.201,1.986,0,0.167,1,motif_DG
config_KPC3_527,38,-1.02,0.65,0.205,1.457,0,0.171,0,
config_KPC3_528,38,-0.02,0.421,0.168,1.314,0,0.14,1,homopolymer_run>=4
config_KPC3_529,38,-2.02,0.342,0.237,2.086,0,0.198,1,motif_DG
config_KPC3_540,13,-0.02,0.046,0.165,0.686,0,0.138,0,
config_KPC3_541,13,-1.02,-0.192,0.092,0.2,0,0.077,1,motif_DS
config_KPC3_542,13,-0.02,-0.854,0.1,-0.7,0,0.083,1,homopolymer_run>=4
config_KPC3_543,13,-0.02,0.631,0.168,0.629,0,0.14,0,
config_KPC3_544,13,-1.02,-0.746,0.242,-0.229,0,0.202,2,motif_DP;homopolymer_run>=4
config_KPC3_545,13,-1.02,-0.415,0.205,-0.1,0,0.171,1,motif_DP
config_KPC3_546,13,-0.02,-0.4,0.164,0.143,0,0.137,0,
config_KPC3_547,13,-0.02,-0.015,0.193,0.2,0,0.161,0,
config_KPC3_548,13,1.98,-0.4,0.561,-0.443,0,0.632,0,
config_KPC3_549,13,-1.02,0.1,0.198,0.571,0,0.165,0,
config_KPC3_560,14,-0.02,0.043,0.171,0.714,0,0.143,0,
config_KPC3_561,14,-0.02,-0.621,0.143,-0.343,0,0.119,1,homopolymer_run>=4
config_KPC3_562,14,-0.02,-0.179,0.067,0.343,0,0.056,1,homopolymer_run>=4
config_KPC3_563,14,-0.02,0.064,0.129,0.457,0,0.108,0,
config_KPC3_564,14,-0.02,-0.829,0.132,-0.171,0,0.11,1,homopolymer_run>=4
config_KPC3_565,14,-0.02,-0.0,0.125,0.871,0,0.104,0,
config_KPC3_566,14,-0.02,-0.214,0.116,0.2,0,0.097,1,homopolymer_run>=4
config_KPC3_567,14,-0.02,0.371,0.139,1.371,0,0.116,0,
config_KPC3_568,14,-1.02,-0.293,0.177,0.314,0,0.147,0,
config_KPC3_569,14,-1.02,0.136,0.088,0.686,0,0.073,0,
config_KPC3_580,41,-1.02,0.49,0.173,2.371,0,0.144,1,homopolymer_run>=4
config_KPC3_581,41,-0.02,0.941,0.149,2.114,0,0.125,0,
config_KPC3_582,41,0.98,1.051,0.589,2.1,0,0.572,1,homopolymer_run>=4
config_KPC3_583,41,-1.02,0.795,0.213,1.857,0,0.178,0,
config_KPC3_584,41,-0.02,0.263,0.383,1.614,0,0.32,1,motif_DP
config_KPC3_585,41,-1.02,0.359,0.231,1.329,0,0.193,0,
config_KPC3_586,41,0.01,1.049,0.367,2.143,0,0.307,1,homopolymer_run>=4
config_KPC3_587,41,-0.02,0.856,0.223,2.086,0,0.186,1,homopolymer_run>=4
config_KPC3_588,41,-1.02,0.439,0.184,1.386,0,0.153,1,motif_DP
config_KPC3_589,41,-0.02,0.524,0.232,1.743,0,0.193,0,
config_KPC3_600,35,-0.02,0.506,0.216,1.314,0,0.18,0,
config_KPC3_601,35,-0.02,0.597,0.146,1.8,0,0.121,0,
config_KPC3_602,35,-2.02,0.266,0.14,1.214,0,0.117,1,homopolymer_run>=4
config_KPC3_603,35,-0.02,0.189,0.212,0.971,0,0.177,0,
config_KPC3_604,35,-0.02,0.546,0.453,1.329,0,0.378,1,homopolymer_run>=4
config_KPC3_605,35,-1.02,0.994,0.159,2.057,0,0.132,1,homopolymer_run>=4
config_KPC3_606,35,-3.02,0.314,0.381,1.314,0,0.318,0,
config_KPC3_607,35,-1.02,0.371,0.248,1.257,0,0.206,0,
config_KPC3_608,35,-2.02,0.32,0.199,1.2,0,0.166,0,
config_KPC3_609,35,-0.03,0.157,0.186,1.2,0,0.155,0,
config_KPC3_620,13,-0.02,0.208,0.162,1.029,0,0.135,0,
config_KPC3_621,13,-1.02,-0.862,0.097,-0.343,0,0.081,1,homopolymer_run>=4
config_KPC3_622,13,-0.02,0.692,0.111,1.029,0,0.092,0,
config_KPC3_623,13,-1.02,-0.808,0.115,-0.343,0,0.096,2,motif_DP;homopolymer_run>=4
config_KPC3_624,13,-1.02,-0.238,0.195,0.714,0,0.162,2,motif_DP;homopolymer_run>=4
config_KPC3_625,13,-0.02,0.769,0.122,1.657,0,0.101,0,
config_KPC3_626,13,-1.02,-0.154,0.141,0.671,0,0.117,1,motif_DS
config_KPC3_627,13,-0.02,-0.2,0.102,0.714,0,0.085,0,
config_KPC3_628,13,-0.02,-0.215,0.167,0.071,0,0.139,0,
config_KPC3_629,13,-0.02,-0.6,0.158,-0.229,0,0.132,1,homopolymer_run>=4
config_KPC3_640,27,-1.02,-0.811,0.251,0.857,0,0.209,0,
config_KPC3_641,27,-1.02,1.03,0.192,1.829,0,0.16,1,motif_DS
config_KPC3_642,27,-1.02,0.422,0.446,1.214,0,0.372,2,motif_DG;homopolymer_run>=4
config_KPC3_643,27,-3.02,0.47,0.23,2.143,0,0.192,2,motif_DP;homopolymer_run>=4
config_KPC3_644,27,-2.03,0.478,0.251,2.371,0,0.209,0,
config_KPC3_645,27,-1.02,0.467,0.144,1.6,0,0.12,1,homopolymer_run>=4
config_KPC3_646,27,-1.02,0.767,0.296,2.086,0,0.246,2,motif_DG;homopolymer_run>=4
config_KPC3_647,27,-3.02,0.233,0.308,1.686,0,0.257,1,motif_DG
config_KPC3_648,27,-0.02,0.77,0.175,1.543,0,0.145,0,
config_KPC3_649,27,-1.02,0.3,0.298,1.914,0,0.249,2,N-term_Met(ox);homopolymer_run>=4
config_KPC3_660,22,0.98,0.759,0.352,1.686,0,0.375,0,
config_KPC3_661,22,-4.02,-0.309,0.32,0.729,0,0.267,3,motif_DP;motif_DS;homopolymer_run>=4
config_KPC3_662,22,-0.02,0.236,0.152,0.9,0,0.126,1,homopolymer_run>=4
config_KPC3_663,22,-1.02,-0.227,0.195,0.414,0,0.162,1,homopolymer_run>=4
config_KPC3_664,22,-0.03,0.695,0.064,1.8,0,0.053,1,homopolymer_run>=4
config_KPC3_665,22,-0.02,0.582,0.166,1.6,0,0.139,0,
config_KPC3_666,22,-2.02,-0.677,0.166,-0.143,0,0.139,2,motif_DP;homopolymer_run>=4
config_KPC3_667,22,0.98,0.186,0.244,1.057,0,0.285,0,
config_KPC3_668,22,-1.02,0.105,0.214,1.343,0,0.178,0,
config_KPC3_669,22,-1.99,0.527,0.395,1.543,0,0.329,0,
config_KPC3_680,29,-2.03,0.803,0.309,2.229,0,0.258,1,homopolymer_run>=4
config_KPC3_681,29,-0.02,0.455,0.264,1.614,0,0.22,1,motif_DP
config_KPC3_682,29,-2.02,0.414,0.255,1.286,0,0.212,0,
config_KPC3_683,29,-0.02,0.434,0.198,1.429,0,0.165,0,
config_KPC3_684,29,-0.02,0.39,0.18,1.314,0,0.15,0,
config_KPC3_685,29,1.01,0.831,0.394,1.429,0,0.413,0,
config_KPC3_686,29,-0.02,0.6,0.182,2.371,0,0.151,0,
config_KPC3_687,29,-1.02,0.721,0.173,2.657,0,0.144,1,homopolymer_run>=4
config_KPC3_688,29,-1.02,0.831,0.231,2.086,0,0.192,1,motif_DG
config_KPC3_689,29,-2.02,0.745,0.268,1.514,0,0.223,1,motif_DG
config_KPC3_700,20,-0.02,0.415,0.207,1.457,0,0.172,1,homopolymer_run>=4
config_KPC3_701,20,-2.02,-0.425,0.165,0.843,0,0.138,1,homopolymer_run>=4
config_KPC3_702,20,-1.02,-0.845,0.142,0.343,0,0.118,2,motif_DP;homopolymer_run>=4
config_KPC3_703,20,-2.02,0.61,0.279,1.086,0,0.233,1,homopolymer_run>=4
config_KPC3_704,20,-1.02,-0.185,0.213,0.629,0,0.177,1,motif_DS
config_KPC3_705,20,-0.02,0.585,0.184,1.114,0,0.154,0,
config_KPC3_706,20,-1.02,0.845,0.187,1.514,0,0.156,0,
config_KPC3_707,20,-0.02,0.48,0.269,2.071,0,0.225,0,
config_KPC3_708,20,-0.02,-0.39,0.231,0.114,0,0.193,1,homopolymer_run>=4
config_KPC3_709,20,-1.02,0.34,0.15,1.629,0,0.125,0,
config_KPC3_720,32,-0.02,0.556,0.156,1.243,0,0.13,0,
config_KPC3_721,32,-0.02,0.588,0.171,1.8,0,0.142,0,
config_KPC3_722,32,-0.02,1.044,0.148,2.357,0,0.123,0,
config_KPC3_723,32,-2.02,0.256,0.212,1.743,0,0.177,0,
config_KPC3_724,32,-3.02,-0.375,0.384,0.714,0,0.32,2,motif_DP;homopolymer_run>=4
config_KPC3_725,32,-1.02,0.487,0.225,2.143,0,0.187,2,motif_DP;homopolymer_run>=4
config_KPC3_726,32,-4.02,0.231,0.333,1.157,0,0.278,2,motif_DP;homopolymer_run>=4
config_KPC3_727,32,0.01,0.122,0.182,1.314,0,0.153,0,
config_KPC3_728,32,0.98,0.091,0.341,1.257,0,0.366,0,
config_KPC3_729,32,-0.02,0.037,0.242,0.9,0,0.202,1,homopolymer_run>=4
config_KPC3_740,19,-0.02,-0.179,0.107,0.8,0,0.089,1,homopolymer_run>=4
config_KPC3_741,19,-0.02,-0.111,0.105,-0.014,0,0.087,1,homopolymer_run>=4
config_KPC3_742,19,-0.02,-0.368,0.286,0.914,0,0.238,1,motif_DP
config_KPC3_743,19,-0.02,0.079,0.237,1.5,0,0.198,1,homopolymer_run>=4
config_KPC3_744,19,-1.02,0.647,0.101,1.8,0,0.084,1,motif_DG
config_KPC3_745,19,-0.02,0.595,0.234,1.329,0,0.195,1,homopolymer_run>=4
config_KPC3_746,19,-1.02,0.879,0.188,1.386,0,0.157,1,motif_DG
config_KPC3_747,19,-1.02,0.958,0.235,1.957,0,0.196,0,
config_KPC3_748,19,-1.02,0.726,0.129,1.514,0,0.108,0,
config_KPC3_749,19,-1.02,0.458,0.249,1.171,0,0.207,0,
config_KPC3_760,24,0.01,0.954,0.212,2.057,0,0.178,0,
config_KPC3_761,24,-0.02,0.3,0.306,1.014,0,0.255,0,
config_KPC3_762,24,-1.02,0.712,0.217,2.129,0,0.181,0,
config_KPC3_763,24,-1.02,0.521,0.452,1.457,0,0.376,0,
config_KPC3_764,24,-0.02,-0.117,0.309,1.114,0,0.258,1,homopolymer_run>=4
config_KPC3_765,24,-2.02,0.212,0.164,1.186,0,0.137,1,homopolymer_run>=4
config_KPC3_766,24,-0.02,0.037,0.215,0.729,0,0.179,1,homopolymer_run>=4
config_KPC3_767,24,-0.02,0.654,0.191,1.386,0,0.159,0,
config_KPC3_768,24,-0.02,0.933,0.195,2.371,0,0.163,0,
config_KPC3_769,24,-0.02,-0.313,0.163,0.943,0,0.136,1,homopolymer_run>=4
config_KPC3_780,33,-1.02,0.373,0.254,1.514,0,0.211,2,motif_DP;homopolymer_run>=4
config_KPC3_781,33,0.98,0.958,0.306,2.086,0,0.336,1,homopolymer_run>=4
config_KPC3_782,33,-1.02,0.379,0.258,1.457,0,0.215,0,
config_KPC3_783,33,-2.02,0.473,0.26,0.886,0,0.216,0,
config_KPC3_784,33,-0.02,0.555,0.214,1.971,0,0.178,0,
config_KPC3_785,33,-1.02,0.106,0.256,0.971,0,0.214,1,homopolymer_run>=4
config_KPC3_786,33,-1.03,0.506,0.262,1.629,0,0.218,0,
config_KPC3_787,33,-3.02,0.288,0.186,0.971,0,0.155,1,motif_DS
config_KPC3_788,33,-0.02,0.77,0.194,1.743,0,0.161,0,
config_KPC3_789,33,-5.02,-0.842,0.248,-0.271,0,0.207,3,motif_DP;motif_DS;homopolymer_run>=4
config_KPC3_800,16,-0.02,0.438,0.106,1.571,0,0.088,0,
config_KPC3_801,16,-0.02,0.506,0.14,1.643,0,0.117,1,homopolymer_run>=4
config_KPC3_802,16,-0.02,0.212,0.093,0.371,0,0.077,0,
config_KPC3_803,16,-0.02,0.15,0.083,0.914,0,0.069,1,homopolymer_run>=4
config_KPC3_804,16,-1.02,-0.206,0.412,1.4,0,0.344,1,motif_DP
config_KPC3_805,16,-2.02,-0.063,0.185,1.314,0,0.155,1,motif_DP
config_KPC3_806,16,-1.02,0.544,0.1,0.857,0,0.083,0,
config_KPC3_807,16,-1.02,0.056,0.178,0.214,0,0.148,0,
config_KPC3_808,16,-1.02,0.925,0.192,2.243,0,0.16,0,
config_KPC3_809,16,-0.02,-0.1,0.046,0.143,0,0.039,0,
config_KPC3_820,14,-0.02,-0.214,0.102,-0.143,0,0.085,0,
config_KPC3_821,14,-0.02,-0.014,0.1,0.6,0,0.083,0,
config_KPC3_822,14,-1.02,-0.107,0.156,0.686,0,0.13,1,motif_DP
config_KPC3_823,14,-0.02,-0.586,0.104,0.143,0,0.086,0,
config_KPC3_824,14,-0.02,0.65,0.147,1.514,0,0.123,0,
config_KPC3_825,14,-1.02,-0.193,0.337,0.386,0,0.281,1,motif_DP
config_KPC3_826,14,-0.02,-0.643,0.16,-0.171,0,0.133,1,homopolymer_run>=4
config_KPC3_827,14,-0.14,0.643,0.119,0.771,1,0.099,1,odd_Cys(free_thiol)
config_KPC3_828,14,-0.02,0.857,0.055,2.343,0,0.046,1,homopolymer_run>=4
config_KPC3_829,14,-0.02,0.157,0.104,0.971,0,0.087,0,
config_KPC3_840,49,-4.95,0.453,0.517,2.343,0,0.431,0,
config_KPC3_841,49,-0.02,0.594,0.351,2.571,0,0.292,1,homopolymer_run>=4
config_KPC3_842,49,-4.02,0.582,0.315,2.657,0,0.263,0,
config_KPC3_843,49,-0.14,1.38,0.218,2.429,1,0.181,2,odd_Cys(free_thiol);homopolymer_run>=4
config_KPC3_844,49,-1.02,0.69,0.263,1.871,0,0.22,2,motif_DP;homopolymer_run>=4
config_KPC3_845,49,1.98,0.414,0.45,2.571,0,0.54,1,homopolymer_run>=4
config_KPC3_846,49,-1.02,0.696,0.28,2.371,0,0.234,1,homopolymer_run>=4
config_KPC3_847,49,-1.02,0.435,0.374,1.486,0,0.312,1,homopolymer_run>=4
config_KPC3_848,49,-0.02,0.631,0.692,2.086,0,0.5,1,homopolymer_run>=4
config_KPC3_849,49,-1.02,0.971,0.409,1.8,0,0.341,1,homopolymer_run>=4
config_KPC3_860,31,-1.02,-0.032,0.167,1.214,0,0.139,1,homopolymer_run>=4
config_KPC3_861,31,-2.02,0.281,0.253,1.586,0,0.211,0,
config_KPC3_862,31,-0.02,0.061,0.173,0.971,0,0.144,1,homopolymer_run>=4
config_KPC3_863,31,-0.02,0.948,0.118,2.343,0,0.098,0,
config_KPC3_864,31,-0.02,0.123,0.197,1.2,0,0.164,0,
config_KPC3_865,31,-1.02,0.255,0.144,1.871,0,0.12,1,homopolymer_run>=4
config_KPC3_866,31,-0.02,0.668,0.231,2.114,0,0.192,0,
config_KPC3_867,31,-0.02,0.626,0.137,1.657,0,0.114,0,
config_KPC3_868,31,-0.02,0.226,0.257,1.971,0,0.215,1,homopolymer_run>=4
config_KPC3_869,31,-2.03,0.313,0.295,1.457,0,0.246,0,
config_KPC3_880,47,-1.02,0.249,0.231,2.429,0,0.192,2,motif_DP;homopolymer_run>=4
config_KPC3_881,47,-2.02,1.047,0.402,2.471,0,0.335,1,homopolymer_run>=4
config_KPC3_882,47,-1.02,0.762,0.332,2.229,0,0.277,2,motif_DG;homopolymer_run>=4
config_KPC3_883,47,0.97,0.981,0.266,2.186,0,0.303,1,homopolymer_run>=4
config_KPC3_884,47,-3.98,0.626,0.379,2.614,0,0.316,1,motif_DG
config_KPC3_885,47,-0.03,0.806,0.397,1.943,0,0.331,2,motif_DS;homopolymer_run>=4
config_KPC3_886,47,0.98,1.462,0.283,2.086,0,0.317,1,homopolymer_run>=4
config_KPC3_887,47,-1.02,0.489,0.217,2.371,0,0.181,0,
config_KPC3_888,47,-0.02,0.953,0.454,2.429,0,0.378,1,homopolymer_run>=4
config_KPC3_889,47,-0.02,1.16,0.335,2.086,0,0.279,1,homopolymer_run>=4
config_KPC3_900,35,-1.02,1.026,0.168,2.729,0,0.14,0,
config_KPC3_901,35,-1.03,0.534,0.475,1.943,0,0.396,1,homopolymer_run>=4
config_KPC3_902,35,-2.02,0.091,0.313,0.771,0,0.261,1,homopolymer_run>=4
config_KPC3_903,35,-0.03,0.803,0.478,1.7,0,0.399,0,
config_KPC3_904,35,-3.02,0.649,0.142,1.514,0,0.118,0,
config_KPC3_905,35,-1.02,0.346,0.274,1.571,0,0.229,1,homopolymer_run>=4
config_KPC3_906,35,-0.02,0.177,0.155,1.257,0,0.129,1,homopolymer_run>=4
config_KPC3_907,35,0.97,0.366,0.299,1.329,0,0.33,1,homopolymer_run>=4
config_KPC3_908,35,-1.02,0.391,0.212,1.114,0,0.176,0,
config_KPC3_909,35,-3.02,0.177,0.304,1.943,0,0.253,1,homopolymer_run>=4
config_KPC3_920,36,0.98,1.031,0.336,2.143,0,0.361,1,homopolymer_run>=4
config_KPC3_921,36,-1.02,0.914,0.303,1.886,0,0.252,1,motif_DS
config_KPC3_922,36,-0.02,0.519,0.421,2.343,0,0.351,2,motif_DG;motif_DP
config_KPC3_923,36,-1.02,0.931,0.262,1.914,0,0.218,0,
config_KPC3_924,36,-0.02,0.633,0.148,1.2,0,0.123,0,
config_KPC3_925,36,-1.02,0.533,0.189,1.629,0,0.158,0,
config_KPC3_926,36,-1.02,0.494,0.321,1.257,0,0.267,0,
config_KPC3_927,36,-0.02,0.528,0.222,1.443,0,0.185,0,
config_KPC3_928,36,-0.02,0.85,0.169,2.057,0,0.141,0,
config_KPC3_929,36,-1.02,0.931,0.265,1.971,0,0.221,2,motif_DP;homopolymer_run>=4
config_KPC3_940,31,-0.02,-0.084,0.183,0.829,0,0.153,0,
config_KPC3_941,31,-1.03,-0.519,0.218,0.257,0,0.182,2,motif_DP;homopolymer_run>=4
config_KPC3_942,31,-2.02,0.239,0.345,1.114,0,0.287,1,homopolymer_run>=4
config_KPC3_943,31,-0.03,0.658,0.148,1.743,0,0.124,0,
config_KPC3_944,31,-0.02,0.655,0.223,1.743,0,0.186,0,
config_KPC3_945,31,-2.02,0.506,0.422,1.329,0,0.352,1,homopolymer_run>=4
config_KPC3_946,31,-0.02,0.606,0.431,1.286,0,0.359,0,
config_KPC3_947,31,-3.02,0.765,0.262,2.114,0,0.218,0,
config_KPC3_948,31,0.98,0.181,0.533,1.4,0,0.526,0,
config_KPC3_949,31,-1.02,0.606,0.276,2.757,0,0.23,0,
config_KPC3_960,25,-0.02,1.72,0.164,2.229,0,0.136,1,homopolymer_run>=4
config_KPC3_961,25,-0.02,0.376,0.131,1.771,0,0.109,1,homopolymer_run>=4
config_KPC3_962,25,-1.02,0.344,0.254,1.243,0,0.212,0,
config_KPC3_963,25,-1.03,1.036,0.219,2.386,0,0.183,1,homopolymer_run>=4
config_KPC3_964,25,-0.02,1.388,0.151,2.371,0,0.126,0,
config_KPC3_965,25,-1.02,0.164,0.192,0.971,0,0.16,1,homopolymer_run>=4
config_KPC3_966,25,-1.02,0.464,0.151,2.114,0,0.126,1,motif_DS
config_KPC3_967,25,-0.02,0.728,0.188,2.386,0,0.157,0,
config_KPC3_968,25,-0.02,0.576,0.215,2.086,0,0.179,0,
config_KPC3_969,25,-2.02,0.276,0.177,0.843,0,0.148,0,
config_KPC3_980,48,-0.02,1.708,0.197,2.429,0,0.164,1,homopolymer_run>=4
config_KPC3_981,48,0.01,0.735,0.347,2.371,0,0.29,1,homopolymer_run>=4
config_KPC3_982,48,-3.02,0.56,0.347,1.9,0,0.289,1,motif_DG
config_KPC3_983,48,-3.03,0.908,0.251,2.371,0,0.209,2,motif_DP;homopolymer_run>=4
config_KPC3_984,48,-1.02,0.735,0.45,2.186,0,0.375,2,motif_DP;homopolymer_run>=4
config_KPC3_985,48,-1.02,1.137,0.251,2.714,0,0.209,1,homopolymer_run>=4
config_KPC3_986,48,0.98,1.252,0.299,1.971,0,0.331,1,homopolymer_run>=4
config_KPC3_987,48,0.98,1.302,0.341,2.186,0,0.365,1,homopolymer_run>=4
config_KPC3_988,48,-0.02,0.471,0.199,1.2,0,0.165,0,
config_KPC3_989,48,-1.02,1.031,0.299,2.429,0,0.249,1,homopolymer_run>=4
config_KPC3_000_2,30,0.97,-0.407,0.173,0.343,0,0.225,1,homopolymer_run>=4
config_KPC3_002_2,30,-1.02,-0.78,0.253,0.543,0,0.211,2,motif_DG;homopolymer_run>=4
config_KPC3_004_2,30,-2.02,-0.437,0.291,0.814,0,0.243,1,N-term_Q/E(pyroglutamate)
config_KPC3_006_2,30,-5.02,-0.377,0.646,1.114,0,0.5,0,
config_KPC3_008_2,30,-4.02,-0.173,0.304,1.3,0,0.254,1,motif_DP
config_KPC3_020_2,25,-2.02,1.164,0.233,2.371,0,0.195,0,
config_KPC3_022_2,25,-3.02,-0.22,0.408,0.657,0,0.34,0,
config_KPC3_024_2,25,-5.02,-0.896,0.373,0.557,0,0.31,0,
config_KPC3_026_2,25,-4.02,0.296,0.2,1.971,0,0.166,1,motif_DG
config_KPC3_028_2,25,-2.99,-0.76,0.663,0.129,0,0.5,2,motif_DP;homopolymer_run>=4
config_KPC3_040_2,17,-2.03,0.071,0.33,1.357,0,0.275,0,
config_KPC3_042_2,17,1.97,-0.782,0.317,-0.143,0,0.429,1,homopolymer_run>=4
config_KPC3_044_2,17,-1.99,-1.953,0.298,-1.214,0,0.248,2,motif_DP;homopolymer_run>=4
config_KPC3_046_2,17,-3.02,-0.024,0.341,1.5,0,0.284,1,motif_DG
config_KPC3_048_2,17,1.97,-0.753,0.536,0.257,0,0.611,1,motif_DG
config_KPC3_060_2,37,-5.98,-0.076,0.275,1.543,0,0.229,0,
config_KPC3_062_2,37,-4.02,-0.678,0.361,0.714,0,0.301,2,N-term_Q/E(pyroglutamate);homopolymer_run>=4
config_KPC3_064_2,37,-6.02,-0.57,0.317,0.971,0,0.265,3,N-term_Q/E(pyroglutamate);motif_DG;homopolymer_run>=4
config_KPC3_066_2,37,-3.02,-0.903,0.514,1.114,0,0.428,1,N-term_Q/E(pyroglutamate)
config_KPC3_068_2,37,-4.03,-0.297,0.231,0.9,0,0.192,2,motif_DP;homopolymer_run>=4
config_KPC3_080_2,38,-4.02,-0.787,0.501,0.429,0,0.418,1,motif_DP
config_KPC3_082_2,38,-3.02,-0.245,0.266,0.771,0,0.221,1,N-term_Q/E(pyroglutamate)
config_KPC3_084_2,38,3.01,-0.245,0.545,2.086,0,0.705,1,homopolymer_run>=4
config_KPC3_086_2,38,-4.02,-0.068,0.468,1.3,0,0.39,2,N-term_Q/E(pyroglutamate);motif_DP
config_KPC3_088_2,38,-2.02,0.047,0.711,2.529,0,0.5,0,
config_KPC3_100_2,33,-4.02,-1.148,0.685,0.014,0,0.5,1,homopolymer_run>=4
config_KPC3_102_2,33,-5.02,-0.024,0.336,0.943,0,0.28,2,N-term_Q/E(pyroglutamate);motif_DP
config_KPC3_104_2,33,-4.98,-0.361,0.227,0.714,0,0.189,1,motif_DP
config_KPC3_106_2,33,-0.02,-0.609,0.468,1.086,0,0.39,2,N-term_Q/E(pyroglutamate);homopolymer_run>=4
config_KPC3_108_2,33,-2.02,-0.621,0.45,0.457,0,0.375,1,motif_DP
config_KPC3_120_2,50,1.97,0.554,0.408,2.429,0,0.505,2,N-term_Met(ox);homopolymer_run>=4
config_KPC3_122_2,50,-0.03,0.124,0.531,1.8,0,0.442,1,homopolymer_run>=4
config_KPC3_124_2,50,-1.03,0.29,0.38,2.143,0,0.316,1,homopolymer_run>=4
config_KPC3_126_2,50,-2.02,-0.772,0.28,0.157,0,0.234,1,homopolymer_run>=4
config_KPC3_128_2,50,-6.02,-0.442,0.43,1.457,0,0.358,3,N-term_Q/E(pyroglutamate);motif_NG;homopolymer_run>=4
config_KPC3_140_2,37,-6.02,-0.422,0.609,1.186,0,0.5,2,motif_NG;motif_DP
config_KPC3_142_2,37,-4.02,0.019,0.254,1.543,0,0.211,2,N-term_Q/E(pyroglutamate);motif_DP
config_KPC3_144_2,37,-4.02,-0.192,0.306,1.757,0,0.255,2,N-term_Q/E(pyroglutamate);motif_DP
config_KPC3_146_2,37,-4.02,0.159,0.378,2.371,0,0.315,2,motif_NG;homopolymer_run>=4
config_KPC3_148_2,37,-6.02,-0.511,0.496,0.729,0,0.414,0,
config_KPC3_160_2,11,-0.02,0.018,0.128,0.171,0,0.107,0,
config_KPC3_162_2,11,-0.02,-0.445,0.047,-0.271,0,0.04,0,
config_KPC3_164_2,11,0.97,-0.573,0.434,0.443,0,0.443,0,
config_KPC3_166_2,11,-0.02,0.082,0.143,0.657,0,0.119,0,
config_KPC3_168_2,11,-2.02,0.045,0.244,0.6,0,0.204,0,
config_KPC3_180_2,31,-2.02,-0.974,0.463,0.214,0,0.386,2,motif_DP;homopolymer_run>=4
config_KPC3_182_2,31,-0.02,0.687,0.386,2.057,0,0.322,0,
config_KPC3_184_2,31,-4.02,-0.523,0.493,0.414,0,0.411,0,
config_KPC3_186_2,31,-4.02,-0.171,0.311,1.3,0,0.259,0,
config_KPC3_188_2,31,-1.02,-0.019,0.419,1.129,0,0.349,0,
config_KPC3_200_2,19,-3.02,-0.616,0.415,0.414,0,0.346,0,
config_KPC3_202_2,19,-4.02,-0.242,0.213,1.043,0,0.178,1,homopolymer_run>=4
config_KPC3_204_2,19,-3.02,-0.537,0.259,0.286,0,0.216,0,
config_KPC3_206_2,19,-0.03,-0.579,0.248,1.0,0,0.207,0,
config_KPC3_208_2,19,-1.02,-0.942,0.397,0.657,0,0.331,1,homopolymer_run>=4
config_KPC3_220_2,11,-1.03,-0.3,0.166,0.014,0,0.138,0,
config_KPC3_222_2,11,-1.02,-0.036,0.216,0.557,0,0.18,0,
config_KPC3_224_2,11,0.98,-0.827,0.212,-0.871,0,0.258,0,
config_KPC3_226_2,11,-0.02,-0.582,0.228,-0.557,0,0.19,0,
config_KPC3_228_2,11,-1.02,0.5,0.198,1.971,0,0.165,1,motif_DP
config_KPC3_240_2,47,-0.02,0.496,0.417,2.086,0,0.348,2,motif_DP;homopolymer_run>=4
config_KPC3_242_2,47,-1.02,-0.247,0.42,1.629,0,0.35,0,
config_KPC3_244_2,47,-3.02,-0.147,0.443,1.243,0,0.369,0,
config_KPC3_246_2,47,-5.02,-0.649,0.477,1.214,0,0.397,0,
config_KPC3_248_2,47,-4.02,-0.915,0.424,0.529,0,0.353,3,N-term_Q/E(pyroglutamate);motif_DP;homopolymer_run>=4
config_KPC3_260_2,25,1.97,-0.388,0.567,0.971,0,0.637,0,
config_KPC3_262_2,25,-2.02,-0.336,0.422,1.586,0,0.352,0,
config_KPC3_264_2,25,-4.02,0.152,0.297,1.443,0,0.247,1,motif_DG
config_KPC3_266_2,25,-1.02,-0.004,0.271,0.443,0,0.226,0,
config_KPC3_268_2,25,-1.03,-0.448,0.43,1.3,0,0.358,2,motif_DP;motif_DS
config_KPC3_280_2,44,-2.03,-0.17,0.456,1.414,0,0.38,2,N-term_Met(ox);homopolymer_run>=4
config_KPC3_282_2,44,-5.91,-0.709,0.424,1.243,0,0.353,1,motif_DG
config_KPC3_284_2,44,-6.02,-0.436,0.363,1.757,0,0.303,2,N-term_Q/E(pyroglutamate);motif_DP
config_KPC3_286_2,44,-3.03,-0.807,0.413,0.557,0,0.344,2,motif_DP;homopolymer_run>=4
config_KPC3_288_2,44,-6.02,-0.764,0.477,0.714,0,0.398,3,motif_DG;motif_DP;motif_DS
config_KPC3_300_2,29,-2.02,-0.797,0.44,0.829,0,0.367,0,
config_KPC3_302_2,29,-2.99,-1.276,0.593,0.157,0,0.494,1,homopolymer_run>=4
config_KPC3_304_2,29,-4.02,0.014,0.244,1.529,0,0.203,0,
config_KPC3_306_2,29,2.97,0.021,0.364,1.614,0,0.551,1,homopolymer_run>=4
config_KPC3_308_2,29,-4.02,-0.931,0.212,1.271,0,0.177,1,motif_DP
config_KPC3_320_2,48,-3.03,-0.685,0.47,0.9,0,0.392,2,motif_DP;homopolymer_run>=4
config_KPC3_322_2,48,-6.02,-0.2,0.35,1.571,0,0.292,0,
config_KPC3_324_2,48,-3.02,-0.804,0.496,1.929,0,0.413,1,motif_DP
config_KPC3_326_2,48,-6.02,-0.023,0.461,1.914,0,0.384,1,motif_DP
config_KPC3_328_2,48,-4.02,-0.027,0.541,1.486,0,0.45,0,
config_KPC3_340_2,20,-2.99,-0.785,0.225,-0.214,0,0.187,1,motif_DP
config_KPC3_342_2,20,-2.02,-0.355,0.249,0.6,0,0.207,1,homopolymer_run>=4
config_KPC3_344_2,20,-4.02,-0.15,0.441,1.714,0,0.368,1,motif_DP
config_KPC3_346_2,20,-0.02,-0.935,0.507,0.871,0,0.423,0,
config_KPC3_348_2,20,-4.02,-0.125,0.353,0.814,0,0.294,0,
config_KPC3_360_2,34,-4.02,-0.768,0.173,0.043,0,0.145,1,motif_DP
config_KPC3_362_2,34,-2.02,0.353,0.417,2.371,0,0.348,0,
config_KPC3_364_2,34,-0.02,-0.391,0.55,0.543,0,0.458,0,
config_KPC3_366_2,34,-5.02,-1.159,0.236,-0.1,0,0.197,1,homopolymer_run>=4
config_KPC3_368_2,34,-6.02,-0.982,0.672,0.314,0,0.5,2,motif_DP;homopolymer_run>=4
config_KPC3_380_2,26,-0.99,-1.115,0.21,-0.157,0,0.175,0,
config_KPC3_382_2,26,-5.02,-1.3,0.517,-0.314,0,0.431,0,
config_KPC3_384_2,26,-1.02,0.054,0.273,1.771,0,0.228,1,homopolymer_run>=4
config_KPC3_386_2,26,-6.03,0.015,0.344,0.657,0,0.287,0,
config_KPC3_388_2,26,-2.03,-0.704,0.271,1.3,0,0.226,1,homopolymer_run>=4
config_KPC3_400_2,45,-3.02,0.024,0.177,2.043,0,0.147,1,N-term_Q/E(pyroglutamate)
config_KPC3_402_2,45,-5.02,-0.178,0.278,0.757,0,0.232,2,N-term_Q/E(pyroglutamate);motif_DP
config_KPC3_404_2,45,-7.02,-0.08,0.461,1.471,0,0.384,2,N-term_Met(ox);motif_DG
config_KPC3_406_2,45,-6.02,-0.218,0.453,1.171,0,0.377,0,
config_KPC3_408_2,45,-5.02,-0.598,0.407,1.1,0,0.339,2,motif_DP;homopolymer_run>=4
config_KPC3_420_2,30,-1.02,-0.54,0.551,2.271,0,0.459,1,N-term_Q/E(pyroglutamate)
config_KPC3_422_2,30,-6.03,-1.11,0.635,0.886,0,0.5,0,
config_KPC3_424_2,30,-1.02,-0.683,0.254,1.957,0,0.211,1,homopolymer_run>=4
config_KPC3_426_2,30,-1.02,-0.583,0.468,0.343,0,0.39,0,
config_KPC3_428_2,30,-3.02,-0.75,0.491,0.486,0,0.409,1,homopolymer_run>=4
config_KPC3_440_2,39,-2.02,0.172,0.432,1.529,0,0.36,0,
config_KPC3_442_2,39,0.98,0.118,0.516,1.329,0,0.512,2,motif_DG;homopolymer_run>=4
config_KPC3_444_2,39,-0.02,-0.4,0.256,0.714,0,0.213,1,N-term_Q/E(pyroglutamate)
config_KPC3_446_2,39,-6.02,0.033,0.268,2.143,0,0.223,1,N-term_Q/E(pyroglutamate)
config_KPC3_448_2,39,-4.02,-0.564,0.402,0.986,0,0.335,1,motif_DP
config_KPC3_460_2,14,-0.02,-0.529,0.241,0.271,0,0.2,0,
config_KPC3_462_2,14,-1.02,0.05,0.271,0.929,0,0.226,1,motif_DP
config_KPC3_464_2,14,-3.02,-0.393,0.238,0.871,0,0.198,1,motif_DP
config_KPC3_466_2,14,-1.02,-0.421,0.188,1.329,0,0.157,0,
config_KPC3_468_2,14,-1.02,-0.014,0.166,0.4,0,0.139,2,N-term_Met(ox);motif_DP
config_KPC3_480_2,12,-1.02,0.308,0.18,0.386,0,0.15,0,
config_KPC3_482_2,12,-2.02,-0.417,0.211,0.486,0,0.176,1,motif_DP
config_KPC3_484_2,12,0.97,0.225,0.34,0.786,0,0.365,0,
config_KPC3_486_2,12,-1.02,-0.05,0.239,0.357,0,0.199,0,
config_KPC3_488_2,12,-0.02,-0.367,0.063,-0.257,0,0.052,0,
config_KPC3_500_2,28,-1.02,0.375,0.326,1.4,0,0.272,0,
config_KPC3_502_2,28,-4.02,-0.657,0.433,0.614,0,0.36,0,
config_KPC3_504_2,28,-4.02,-0.061,0.333,1.514,0,0.277,0,
config_KPC3_506_2,28,-5.02,-1.161,0.574,-0.286,0,0.478,0,
config_KPC3_508_2,28,-5.02,-0.393,0.655,1.2,0,0.5,0,
config_KPC3_520_2,38,-3.99,0.079,0.462,1.8,0,0.385,1,homopolymer_run>=4
config_KPC3_522_2,38,-1.02,0.092,0.406,1.8,0,0.338,2,motif_NG;homopolymer_run>=4
config_KPC3_524_2,38,-4.02,0.068,0.477,1.329,0,0.398,2,N-term_Met(ox);homopolymer_run>=4
config_KPC3_526_2,38,-4.02,0.005,0.342,2.029,0,0.285,2,N-term_Q/E(pyroglutamate);homopolymer_run>=4
config_KPC3_528_2,38,-2.02,-0.363,0.25,0.771,0,0.208,2,N-term_Q/E(pyroglutamate);homopolymer_run>=4
config_KPC3_540_2,13,-0.03,-0.515,0.294,0.543,0,0.245,0,
config_KPC3_542_2,13,-2.02,-1.323,0.223,-0.814,0,0.186,1,motif_DP
config_KPC3_544_2,13,-1.02,-1.008,0.197,-0.229,0,0.164,2,motif_DP;homopolymer_run>=4
config_KPC3_546_2,13,-1.02,-0.338,0.199,0.043,0,0.166,0,
config_KPC3_548_2,13,-2.02,-0.415,0.218,0.1,0,0.182,0,
config_KPC3_560_2,14,-2.02,-0.271,0.299,0.114,0,0.249,0,
config_KPC3_562_2,14,-1.02,-0.164,0.195,1.057,0,0.163,0,
config_KPC3_564_2,14,-2.02,-1.121,0.039,-0.586,0,0.033,0,
config_KPC3_566_2,14,-2.02,-1.0,0.112,0.143,0,0.093,1,motif_DP
config_KPC3_568_2,14,1.97,-0.85,0.2,0.529,0,0.331,0,
config_KPC3_580_2,41,-2.03,0.056,0.252,2.957,0,0.21,1,homopolymer_run>=4
config_KPC3_582_2,41,4.97,0.0,0.639,1.714,0,0.914,2,motif_DP;homopolymer_run>=4
config_KPC3_584_2,41,-3.02,-0.51,0.548,0.557,0,0.456,2,N-term_Q/E(pyroglutamate);motif_DP
config_KPC3_586_2,41,-1.02,-0.198,0.452,1.929,0,0.376,2,motif_DP;homopolymer_run>=4
config_KPC3_588_2,41,-6.02,-0.412,0.301,0.443,0,0.251,3,N-term_Q/E(pyroglutamate);motif_DP;homopolymer_run>=4
config_KPC3_600_2,35,-4.02,-0.046,0.471,1.743,0,0.392,1,motif_DP
config_KPC3_602_2,35,-2.02,0.034,0.184,1.243,0,0.154,1,homopolymer_run>=4
config_KPC3_604_2,35,-4.03,-1.603,0.5,0.286,0,0.416,2,N-term_Q/E(pyroglutamate);homopolymer_run>=4
config_KPC3_606_2,35,-5.02,0.311,0.303,2.586,0,0.253,0,
config_KPC3_608_2,35,-7.02,-1.026,0.409,0.314,0,0.341,1,N-term_Q/E(pyroglutamate)
config_KPC3_620_2,13,-3.02,-0.931,0.144,-0.857,0,0.12,0,
config_KPC3_622_2,13,-0.99,-0.338,0.148,1.071,0,0.123,0,
config_KPC3_624_2,13,-1.03,-1.092,0.148,-0.386,0,0.123,2,motif_DP;homopolymer_run>=4
config_KPC3_626_2,13,-1.02,-0.454,0.2,0.143,0,0.166,1,motif_NG
config_KPC3_628_2,13,-3.03,-1.085,0.229,-0.271,0,0.191,0,
config_KPC3_640_2,27,-3.02,-1.104,0.46,0.129,0,0.384,1,motif_DP
config_KPC3_642_2,27,-5.02,-0.47,0.447,1.0,0,0.372,1,motif_DG
config_KPC3_644_2,27,-1.03,0.041,0.509,1.957,0,0.424,1,motif_DP
config_KPC3_646_2,27,-4.02,-0.389,0.338,1.614,0,0.282,2,N-term_Q/E(pyroglutamate);motif_DG
config_KPC3_648_2,27,-3.02,-0.241,0.304,0.857,0,0.253,0,
config_KPC3_660_2,22,-1.02,0.045,0.214,1.243,0,0.178,0,
config_KPC3_662_2,22,-1.02,-0.664,0.547,0.5,0,0.456,2,motif_DP;homopolymer_run>=4
config_KPC3_664_2,22,-3.02,-0.818,0.443,0.643,0,0.369,0,
config_KPC3_666_2,22,-3.02,0.25,0.29,1.657,0,0.242,1,motif_DP
config_KPC3_668_2,22,-3.02,0.25,0.242,1.643,0,0.202,0,
config_KPC3_680_2,29,-4.02,-0.634,0.279,0.843,0,0.233,0,
config_KPC3_682_2,29,-2.03,-1.183,0.457,-0.0,0,0.381,1,motif_DP
config_KPC3_684_2,29,-3.02,-0.217,0.243,0.829,0,0.203,0,
config_KPC3_686_2,29,-0.03,-0.693,0.548,0.843,0,0.457,2,N-term_Q/E(pyroglutamate);homopolymer_run>=4
config_KPC3_688_2,29,-2.98,-0.462,0.341,0.914,0,0.284,1,motif_DG
config_KPC3_700_2,20,-1.02,-0.295,0.475,0.671,0,0.396,0,
config_KPC3_702_2,20,-1.03,-0.835,0.237,0.086,0,0.197,2,motif_DP;homopolymer_run>=4
config_KPC3_704_2,20,-2.02,-0.645,0.222,0.529,0,0.185,0,
config_KPC3_706_2,20,-3.02,-0.535,0.295,0.6,0,0.246,0,
config_KPC3_708_2,20,-1.02,-0.75,0.344,0.114,0,0.287,1,homopolymer_run>=4
config_KPC3_720_2,32,-3.02,-0.025,0.244,0.971,0,0.204,0,
config_KPC3_722_2,32,-5.02,0.281,0.368,1.529,0,0.307,1,N-term_Q/E(pyroglutamate)
config_KPC3_724_2,32,-2.02,-0.706,0.449,1.257,0,0.374,3,N-term_Q/E(pyroglutamate);motif_DP;homopolymer_run>=4
config_KPC3_726_2,32,-6.02,-0.297,0.223,1.057,0,0.186,1,homopolymer_run>=4
config_KPC3_728_2,32,-1.02,-0.781,0.341,1.257,0,0.284,1,homopolymer_run>=4
config_KPC3_740_2,19,-4.02,-0.695,0.282,-0.271,0,0.235,1,homopolymer_run>=4
config_KPC3_742_2,19,-3.02,-0.584,0.165,0.214,0,0.138,0,
config_KPC3_744_2,19,-0.03,-0.863,0.252,0.543,0,0.21,1,motif_DP
config_KPC3_746_2,19,-0.02,0.184,0.237,0.771,0,0.197,0,
config_KPC3_748_2,19,-2.02,-0.242,0.502,0.629,0,0.418,0,
config_KPC3_760_2,24,-1.02,0.679,0.3,1.971,0,0.25,0,
config_KPC3_762_2,24,-0.03,-0.454,0.416,0.371,0,0.346,1,motif_NG
config_KPC3_764_2,24,-3.02,-0.679,0.385,0.829,0,0.321,1,homopolymer_run>=4
config_KPC3_766_2,24,-4.02,-0.438,0.364,0.686,0,0.303,1,N-term_Q/E(pyroglutamate)
config_KPC3_768_2,24,-2.02,-0.208,0.452,1.157,0,0.377,1,homopolymer_run>=4
config_KPC3_780_2,33,-4.02,-1.112,0.459,0.957,0,0.383,2,motif_DP;homopolymer_run>=4
config_KPC3_782_2,33,-3.02,-0.339,0.247,1.229,0,0.206,2,motif_DP;homopolymer_run>=4
config_KPC3_784_2,33,-3.02,0.048,0.234,1.043,0,0.195,1,N-term_Met(ox)
config_KPC3_786_2,33,-4.02,0.121,0.293,1.271,0,0.244,2,N-term_Q/E(pyroglutamate);motif_DP
config_KPC3_788_2,33,-4.02,-0.076,0.277,1.257,0,0.231,2,N-term_Q/E(pyroglutamate);homopolymer_run>=4
config_KPC3_800_2,16,-2.02,-0.2,0.208,0.086,0,0.174,0,
config_KPC3_802_2,16,-2.02,-0.562,0.264,0.329,0,0.22,0,
config_KPC3_804_2,16,-2.02,-0.038,0.285,2.043,0,0.238,1,motif_DP
config_KPC3_806_2,16,-2.02,-0.519,0.228,0.543,0,0.19,0,
config_KPC3_808_2,16,-4.02,0.031,0.226,1.114,0,0.188,0,
config_KPC3_820_2,14,-0.02,-0.736,0.181,-0.214,0,0.151,1,motif_DP
config_KPC3_822_2,14,-2.02,-1.029,0.342,-0.143,0,0.285,1,motif_DP
config_KPC3_824_2,14,0.97,-0.293,0.381,0.4,0,0.399,1,motif_DP
config_KPC3_826_2,14,-1.02,-1.05,0.197,-0.229,0,0.164,2,motif_DP;homopolymer_run>=4
config_KPC3_828_2,14,-1.02,0.864,0.197,2.286,0,0.164,0,
config_KPC3_840_2,49,-6.03,0.188,0.553,2.629,0,0.461,0,
config_KPC3_842_2,49,-4.98,-0.157,0.591,1.714,0,0.493,0,
config_KPC3_844_2,49,-5.02,0.057,0.346,1.786,0,0.288,3,N-term_Q/E(pyroglutamate);motif_DP;motif_DS
config_KPC3_846_2,49,-7.02,-0.065,0.469,2.143,0,0.391,3,N-term_Q/E(pyroglutamate);motif_DP;homopolymer_run>=4
config_KPC3_848_2,49,-6.02,-0.635,0.641,0.914,0,0.5,0,
config_KPC3_860_2,31,-2.02,-0.577,0.303,1.257,0,0.253,0,
config_KPC3_862_2,31,-6.02,-0.587,0.288,0.714,0,0.24,2,motif_DG;homopolymer_run>=4
config_KPC3_864_2,31,-0.02,-0.323,0.273,1.3,0,0.227,2,motif_DP;homopolymer_run>=4
config_KPC3_866_2,31,-1.02,0.171,0.521,1.571,0,0.434,0,
config_KPC3_868_2,31,-3.02,-0.316,0.523,1.514,0,0.436,2,motif_DP;homopolymer_run>=4
config_KPC3_880_2,47,-8.02,-0.611,0.406,1.243,0,0.339,1,motif_DP
config_KPC3_882_2,47,-8.02,-0.096,0.397,1.6,0,0.33,2,motif_DG;homopolymer_run>=4
config_KPC3_884_2,47,-5.95,-0.719,0.709,1.429,0,0.5,1,N-term_Q/E(pyroglutamate)
config_KPC3_886_2,47,-1.02,0.84,0.322,2.114,0,0.268,1,homopolymer_run>=4
config_KPC3_888_2,47,-4.99,-0.602,0.695,0.757,0,0.5,0,
config_KPC3_900_2,35,-5.02,0.111,0.476,1.657,0,0.397,2,N-term_Q/E(pyroglutamate);motif_DP
config_KPC3_902_2,35,-3.02,-0.306,0.238,0.486,0,0.198,1,homopolymer_run>=4
config_KPC3_904_2,35,-7.02,-0.086,0.254,1.857,0,0.211,0,
config_KPC3_906_2,35,-0.02,-0.383,0.266,0.771,0,0.221,1,homopolymer_run>=4
config_KPC3_908_2,35,-1.02,-0.534,0.477,1.014,0,0.398,1,homopolymer_run>=4
config_KPC3_920_2,36,1.98,-0.539,0.544,0.643,0,0.618,1,homopolymer_run>=4
config_KPC3_922_2,36,-3.02,-0.586,0.399,1.571,0,0.332,3,N-term_Q/E(pyroglutamate);motif_NG;homopolymer_run>=4
config_KPC3_924_2,36,-5.02,-0.228,0.388,0.714,0,0.323,0,
config_KPC3_926_2,36,-4.02,-0.339,0.306,0.814,0,0.255,1,N-term_Q/E(pyroglutamate)
config_KPC3_928_2,36,-0.03,-0.292,0.54,1.771,0,0.45,1,homopolymer_run>=4
config_KPC3_940_2,31,-2.02,-0.21,0.318,0.829,0,0.265,0,
config_KPC3_942_2,31,-3.02,-0.103,0.291,0.771,0,0.242,0,
config_KPC3_944_2,31,-2.02,-0.445,0.365,0.729,0,0.304,0,
config_KPC3_946_2,31,-2.02,0.081,0.372,1.929,0,0.31,1,motif_DP
config_KPC3_948_2,31,-1.02,-1.184,0.578,-0.043,0,0.482,0,
config_KPC3_960_2,25,-4.02,0.208,0.361,1.8,0,0.301,2,motif_DP;homopolymer_run>=4
config_KPC3_962_2,25,-2.02,-0.268,0.367,0.886,0,0.306,1,homopolymer_run>=4
config_KPC3_964_2,25,-4.02,0.092,0.35,1.857,0,0.292,1,motif_DP
config_KPC3_966_2,25,-0.03,-0.432,0.345,1.643,0,0.287,0,
config_KPC3_968_2,25,-3.02,-0.604,0.459,0.757,0,0.382,1,motif_DP
config_KPC3_980_2,48,-6.02,-0.042,0.441,1.8,0,0.367,2,N-term_Met(ox);homopolymer_run>=4
config_KPC3_982_2,48,-6.98,-0.431,0.302,1.2,0,0.251,1,motif_NG
config_KPC3_984_2,48,-1.99,0.217,0.441,2.471,0,0.368,1,homopolymer_run>=4
config_KPC3_986_2,48,-0.02,0.513,0.452,2.371,0,0.377,1,homopolymer_run>=4
config_KPC3_988_2,48,-0.03,-0.567,0.365,1.157,0,0.304,1,homopolymer_run>=4
KPC3_000_0,16,-1.02,-0.644,0.433,0.786,0,0.361,1,N-term_Q/E(pyroglutamate)
KPC3_000_1,16,-2.02,0.075,0.427,0.786,0,0.356,1,N-term_Q/E(pyroglutamate)
KPC3_001_0,16,1.97,0.013,0.374,0.614,0,0.476,0,
KPC3_001_1,16,2.97,-0.156,0.321,0.557,0,0.515,0,
KPC3_002_0,16,0.98,0.438,0.369,1.014,0,0.389,0,
KPC3_002_1,16,-0.02,0.087,0.296,0.657,0,0.247,0,
KPC3_003_0,16,-0.02,0.187,0.109,0.629,0,0.091,1,homopolymer_run>=4
KPC3_003_1,16,0.01,-0.344,0.067,0.343,0,0.057,1,homopolymer_run>=4
KPC3_004_0,16,-0.02,1.156,0.525,1.971,0,0.437,0,
KPC3_004_1,16,-1.02,0.7,0.505,1.814,0,0.421,0,
KPC3_005_0,16,2.97,-0.569,0.285,0.757,0,0.485,0,
KPC3_005_1,16,0.98,0.706,0.309,1.8,0,0.339,0,
KPC3_006_0,16,-0.02,0.6,0.199,1.571,0,0.166,0,
KPC3_006_1,16,0.98,0.162,0.351,1.2,0,0.374,0,
KPC3_007_0,16,-1.02,0.056,0.572,0.7,0,0.476,1,N-term_Q/E(pyroglutamate)
KPC3_007_1,16,-1.02,0.037,0.576,0.757,0,0.48,1,N-term_Q/E(pyroglutamate)
KPC3_008_0,16,0.97,-0.806,0.412,0.914,0,0.424,1,N-term_Q/E(pyroglutamate)
KPC3_008_1,16,0.97,0.325,0.248,2.114,0,0.288,0,
KPC3_009_0,16,-1.03,-0.694,0.158,0.014,0,0.132,0,
KPC3_009_1,16,-1.03,-0.744,0.214,-0.257,0,0.178,0,
KPC3_010_0,39,-4.02,0.533,0.326,1.6,0,0.272,1,N-term_Q/E(pyroglutamate)
KPC3_010_1,39,-5.02,0.679,0.282,1.6,0,0.235,0,
KPC3_011_0,39,-1.02,-0.013,0.477,1.3,0,0.397,1,motif_DG
KPC3_011_1,39,-1.02,-0.113,0.675,1.357,0,0.5,0,
KPC3_012_0,39,-3.02,-0.144,0.421,2.186,0,0.351,2,motif_NS;homopolymer_run>=4
KPC3_012_1,39,-2.02,-1.136,0.48,1.171,0,0.4,1,motif_NS
KPC3_013_0,39,-1.03,0.451,0.463,1.414,0,0.386,3,motif_NG;motif_NS;homopolymer_run>=4
KPC3_013_1,39,-2.03,0.336,0.531,1.157,0,0.442,2,motif_NG;homopolymer_run>=4
KPC3_014_0,39,-1.02,0.374,0.205,1.514,0,0.171,0,
KPC3_014_1,39,-0.02,0.128,0.36,0.857,0,0.3,2,motif_DP;homopolymer_run>=4
KPC3_015_0,39,-3.03,-0.41,0.41,1.214,0,0.341,1,homopolymer_run>=4
KPC3_015_1,39,-5.98,0.005,0.335,0.857,0,0.279,1,motif_DG
KPC3_016_0,39,-3.99,0.205,0.647,2.257,0,0.5,2,N-term_Q/E(pyroglutamate);motif_DP
KPC3_016_1,39,-3.03,0.213,0.647,2.329,0,0.5,1,N-term_Q/E(pyroglutamate)
KPC3_017_0,39,-0.03,-1.349,0.716,0.286,0,0.5,0,
KPC3_017_1,39,-5.03,-0.551,0.638,0.829,0,0.5,0,
KPC3_018_0,39,-4.02,-0.0,0.437,1.171,0,0.365,2,N-term_Met(ox);motif_DS
KPC3_018_1,39,-3.03,0.054,0.37,1.414,0,0.308,2,motif_DS;homopolymer_run>=4
KPC3_019_0,39,-3.02,0.405,0.572,1.543,0,0.477,1,homopolymer_run>=4
KPC3_019_1,39,-4.02,0.282,0.369,1.386,0,0.308,1,homopolymer_run>=4
KPC3_020_0,27,1.97,-0.326,0.767,1.814,0,0.664,0,
KPC3_020_1,27,-0.03,0.141,0.582,1.157,0,0.485,0,
KPC3_021_0,27,-0.03,-0.752,0.463,0.757,0,0.386,0,
KPC3_021_1,27,-0.03,-0.156,0.479,1.114,0,0.399,1,homopolymer_run>=4
KPC3_022_0,27,-0.03,-0.593,0.484,0.8,0,0.403,1,motif_DP
KPC3_022_1,27,-1.03,-1.2,0.629,0.4,0,0.5,1,motif_DP
KPC3_023_0,27,-0.03,-0.278,0.311,2.029,0,0.259,2,motif_NG;motif_DP
KPC3_023_1,27,1.97,-0.504,0.481,1.129,0,0.566,2,motif_NG;motif_DP
KPC3_024_0,27,-0.03,0.089,0.432,2.171,0,0.36,0,
KPC3_024_1,27,0.97,0.215,0.432,2.171,0,0.441,0,
KPC3_025_0,27,-6.03,-1.459,0.457,-0.629,0,0.38,1,motif_DG
KPC3_025_1,27,-4.03,-1.341,0.524,-0.614,0,0.436,0,
KPC3_026_0,27,-0.03,-1.363,0.293,-0.271,0,0.244,1,motif_DG
KPC3_026_1,27,0.97,-1.33,0.333,-0.271,0,0.359,2,motif_DG;homopolymer_run>=4
KPC3_027_0,27,-0.03,-0.089,0.406,1.329,0,0.338,1,motif_NG
KPC3_027_1,27,-3.02,-0.459,0.562,1.3,0,0.468,1,motif_NG
KPC3_028_0,27,-5.02,-0.419,0.518,1.471,0,0.431,0,
KPC3_028_1,27,-5.99,-0.67,0.516,1.586,0,0.43,0,
KPC3_029_0,27,-4.02,-0.741,0.338,0.843,0,0.281,0,
KPC3_029_1,27,-3.03,-0.322,0.296,1.543,0,0.247,0,
KPC3_030_0,29,-0.02,-0.072,0.132,0.257,0,0.11,1,homopolymer_run>=4
KPC3_030_1,29,0.97,-0.355,0.185,0.229,0,0.236,1,homopolymer_run>=4
KPC3_031_0,29,-2.02,0.124,0.693,2.086,0,0.5,1,homopolymer_run>=4
KPC3_031_1,29,-3.02,-0.555,0.546,0.729,0,0.455,0,
KPC3_032_0,29,-3.02,-0.331,0.577,2.143,0,0.481,2,motif_DG;motif_DP
KPC3_032_1,29,-2.02,0.021,0.301,1.857,0,0.251,2,motif_DP;homopolymer_run>=4
KPC3_033_0,29,-6.02,-0.362,0.522,1.871,0,0.435,0,
KPC3_033_1,29,-4.02,-0.048,0.612,2.043,0,0.5,0,
KPC3_034_0,29,-1.03,0.279,0.467,1.214,0,0.389,0,
KPC3_034_1,29,-3.02,0.179,0.469,1.529,0,0.391,0,
KPC3_035_0,29,0.98,0.031,0.498,0.8,0,0.497,1,homopolymer_run>=4
KPC3_035_1,29,-0.02,-0.448,0.406,0.671,0,0.338,1,homopolymer_run>=4
KPC3_036_0,29,-1.03,-0.41,0.71,1.6,0,0.5,1,motif_NG
KPC3_036_1,29,0.97,-0.328,0.685,1.143,0,0.581,2,motif_NG;homopolymer_run>=4
KPC3_037_0,29,-5.02,0.024,0.28,2.357,0,0.233,1,motif_DP
KPC3_037_1,29,-5.02,0.141,0.251,2.071,0,0.209,2,motif_DP;homopolymer_run>=4
KPC3_038_0,29,-2.99,0.155,0.464,0.757,0,0.387,2,motif_NG;motif_DS
KPC3_038_1,29,-1.99,-0.179,0.617,0.6,0,0.5,2,motif_NG;motif_DS
KPC3_039_0,29,-0.03,-0.228,0.305,0.914,0,0.255,1,homopolymer_run>=4
KPC3_039_1,29,-2.03,-0.031,0.312,1.143,0,0.26,1,homopolymer_run>=4
KPC3_040_0,44,-2.98,-0.27,0.367,1.086,0,0.306,2,motif_DG;homopolymer_run>=4
KPC3_040_1,44,-1.98,-0.28,0.357,0.8,0,0.297,2,motif_DG;homopolymer_run>=4
KPC3_041_0,44,-2.03,-0.448,0.537,0.943,0,0.447,1,N-term_Q/E(pyroglutamate)
KPC3_041_1,44,-1.03,-0.834,0.32,0.457,0,0.266,1,N-term_Q/E(pyroglutamate)
KPC3_042_0,44,-5.03,-0.727,0.429,0.829,0,0.358,2,motif_NG;motif_DP
KPC3_042_1,44,-3.03,-0.868,0.505,0.714,0,0.421,2,motif_NG;motif_DG
KPC3_043_0,44,1.97,-0.516,0.59,1.614,0,0.656,1,motif_DG
KPC3_043_1,44,-0.02,-0.582,0.536,1.829,0,0.447,0,
KPC3_044_0,44,-0.02,1.284,0.171,2.086,0,0.143,2,motif_NG;homopolymer_run>=4
KPC3_044_1,44,-0.02,1.005,0.16,1.8,0,0.133,1,homopolymer_run>=4
KPC3_045_0,44,-3.02,-0.382,0.392,1.0,0,0.327,1,motif_DG
KPC3_045_1,44,-0.99,-0.286,0.527,1.671,0,0.439,1,motif_DG
KPC3_046_0,44,-2.02,0.689,0.228,1.514,0,0.19,1,motif_DP
KPC3_046_1,44,-2.02,-0.066,0.586,1.486,0,0.489,1,motif_DP
KPC3_047_0,44,-1.03,0.086,0.489,2.271,0,0.408,1,motif_DG
KPC3_047_1,44,-2.03,0.382,0.416,2.329,0,0.347,1,motif_DG
KPC3_048_0,44,-4.98,-0.259,0.458,1.357,0,0.382,2,N-term_Q/E(pyroglutamate);motif_DS
KPC3_048_1,44,-3.99,-0.339,0.44,2.543,0,0.366,1,motif_DS
KPC3_049_0,44,-0.03,0.816,0.382,2.429,0,0.319,3,N-term_Met(ox);motif_DP;homopolymer_run>=4
KPC3_049_1,44,-1.02,-0.125,0.592,1.357,0,0.494,3,N-term_Met(ox);motif_DP;homopolymer_run>=4
KPC3_050_0,45,-1.02,0.251,0.268,1.0,0,0.224,2,motif_DG;homopolymer_run>=4
KPC3_050_1,45,-0.02,0.047,0.186,1.2,0,0.155,1,homopolymer_run>=4
KPC3_051_0,45,0.98,-0.4,0.433,0.971,0,0.442,2,motif_DG;homopolymer_run>=4
KPC3_051_1,45,-3.02,-0.567,0.433,0.286,0,0.361,3,motif_NG;motif_DG;homopolymer_run>=4
KPC3_052_0,45,0.97,-0.304,0.509,1.743,0,0.505,2,motif_NG;motif_DG
KPC3_052_1,45,2.97,-0.336,0.628,1.171,0,0.748,1,motif_DG
KPC3_053_0,45,-2.02,-0.691,0.518,1.343,0,0.431,3,N-term_Q/E(pyroglutamate);motif_NG;homopolymer_run>=4
KPC3_053_1,45,-4.02,-0.927,0.588,0.529,0,0.49,3,N-term_Q/E(pyroglutamate);motif_NG;homopolymer_run>=4
KPC3_054_0,45,-1.03,0.109,0.458,2.071,0,0.382,3,N-term_Met(ox);motif_DP;homopolymer_run>=4
KPC3_054_1,45,-3.99,-0.671,0.487,0.971,0,0.406,1,motif_DP
KPC3_055_0,45,-5.03,0.187,0.508,2.143,0,0.424,3,motif_DP;motif_DS;homopolymer_run>=4
KPC3_055_1,45,-6.03,-0.84,0.597,0.586,0,0.498,2,motif_NG;motif_DP
KPC3_056_0,45,-1.02,0.298,0.348,1.529,0,0.29,1,homopolymer_run>=4
KPC3_056_1,45,-4.02,0.058,0.223,1.229,0,0.186,2,motif_DP;homopolymer_run>=4
KPC3_057_0,45,-6.02,0.067,0.566,1.529,0,0.471,1,motif_DG
KPC3_057_1,45,-7.02,-0.111,0.523,1.157,0,0.436,1,motif_DG
KPC3_058_0,45,-2.02,0.8,0.206,1.8,0,0.171,1,homopolymer_run>=4
KPC3_058_1,45,-1.02,0.802,0.174,1.8,0,0.145,1,homopolymer_run>=4
KPC3_059_0,45,-0.02,1.2,0.376,2.086,0,0.314,1,homopolymer_run>=4
KPC3_059_1,45,-3.03,0.978,0.396,2.0,0,0.33,1,motif_NG
KPC3_060_0,43,0.97,-0.551,0.366,0.886,0,0.386,3,motif_NG;motif_DP;homopolymer_run>=4
KPC3_060_1,43,0.97,-0.093,0.372,1.114,0,0.392,3,motif_NG;motif_DP;homopolymer_run>=4
KPC3_061_0,43,-4.03,-0.242,0.453,1.486,0,0.378,1,motif_NS
KPC3_061_1,43,-1.02,-0.621,0.685,0.7,0,0.5,1,motif_NG
KPC3_062_0,43,-5.03,-0.577,0.585,1.071,0,0.487,1,motif_DP
KPC3_062_1,43,-6.02,-0.684,0.611,0.957,0,0.5,1,motif_DP
KPC3_063_0,43,-3.03,-0.174,0.291,1.643,0,0.243,3,N-term_Met(ox);motif_DG;homopolymer_run>=4
KPC3_063_1,43,-4.02,-0.421,0.415,1.329,0,0.346,3,N-term_Met(ox);motif_DG;homopolymer_run>=4
KPC3_064_0,43,0.02,-0.507,0.912,1.929,0,0.501,1,motif_DG
KPC3_064_1,43,-1.02,-0.398,0.772,1.929,0,0.5,1,motif_DG
KPC3_065_0,43,-5.99,-0.226,0.435,1.257,0,0.363,2,N-term_Q/E(pyroglutamate);motif_DG
KPC3_065_1,43,-8.99,-0.667,0.378,0.9,0,0.315,2,N-term_Q/E(pyroglutamate);motif_DG
KPC3_066_0,43,-0.02,0.312,0.435,1.486,0,0.362,1,motif_DP
KPC3_066_1,43,-6.02,0.267,0.214,1.843,0,0.178,1,N-term_Q/E(pyroglutamate)
KPC3_067_0,43,-4.03,0.028,0.897,1.557,0,0.5,1,homopolymer_run>=4
KPC3_067_1,43,-5.03,-0.695,0.738,0.957,0,0.5,1,homopolymer_run>=4
KPC3_068_0,43,-5.02,-1.309,0.534,0.443,0,0.445,2,N-term_Q/E(pyroglutamate);motif_DG
KPC3_068_1,43,-4.03,-1.579,0.644,0.114,0,0.5,2,N-term_Q/E(pyroglutamate);motif_DG
KPC3_069_0,43,-2.02,-0.577,0.366,0.757,0,0.305,2,motif_DP;homopolymer_run>=4
KPC3_069_1,43,0.98,-0.253,0.432,1.514,0,0.441,3,motif_DG;motif_DP;homopolymer_run>=4
KPC3_070_0,19,-1.02,0.221,0.408,2.414,0,0.34,0,
KPC3_070_1,19,-2.02,0.084,0.24,2.129,0,0.2,0,
KPC3_071_0,19,-1.02,0.021,0.192,0.586,0,0.16,1,motif_DP
KPC3_071_1,19,-1.02,-0.116,0.215,0.586,0,0.179,1,motif_DP
KPC3_072_0,19,-0.02,0.484,0.15,0.7,0,0.125,1,homopolymer_run>=4
KPC3_072_1,19,-0.03,0.489,0.166,1.143,0,0.138,1,homopolymer_run>=4
KPC3_073_0,19,-0.03,0.011,0.568,1.186,0,0.474,0,
KPC3_073_1,19,-1.02,0.5,0.444,1.314,0,0.37,0,
KPC3_074_0,19,-1.02,0.568,0.17,2.086,0,0.141,2,motif_DG;homopolymer_run>=4
KPC3_074_1,19,-2.02,0.611,0.201,2.0,0,0.168,2,motif_DG;homopolymer_run>=4
KPC3_075_0,19,0.98,-1.711,0.377,0.943,0,0.395,0,
KPC3_075_1,19,2.97,-1.305,0.449,1.114,0,0.622,0,
KPC3_076_0,19,-0.02,0.242,0.534,1.114,0,0.445,0,
KPC3_076_1,19,-1.02,1.321,0.265,2.814,0,0.221,0,
KPC3_077_0,19,-0.02,0.032,0.103,0.629,0,0.085,1,homopolymer_run>=4
KPC3_077_1,19,-0.02,0.326,0.093,0.829,0,0.078,1,homopolymer_run>=4
KPC3_078_0,19,-1.02,0.247,0.333,1.429,0,0.277,1,N-term_Met(ox)
KPC3_078_1,19,-0.02,0.963,0.284,1.957,0,0.236,0,
KPC3_079_0,19,-1.02,1.095,0.158,1.514,0,0.132,1,homopolymer_run>=4
KPC3_079_1,19,-0.02,0.926,0.077,1.8,0,0.064,1,homopolymer_run>=4
KPC3_080_0,14,1.97,-0.071,0.415,1.329,0,0.51,1,N-term_Met(ox)
KPC3_080_1,14,0.97,-0.279,0.498,1.286,0,0.496,1,N-term_Met(ox)
KPC3_081_0,14,-2.03,-0.179,0.296,0.657,0,0.247,1,N-term_Q/E(pyroglutamate)
KPC3_081_1,14,-0.03,0.336,0.323,0.971,0,0.269,0,
KPC3_082_0,14,1.97,-0.886,0.543,-0.271,0,0.617,0,
KPC3_082_1,14,-0.03,-0.593,0.549,0.029,0,0.458,0,
KPC3_083_0,14,2.97,-0.329,0.317,0.371,0,0.512,0,
KPC3_083_1,14,2.97,-0.514,0.384,0.371,0,0.568,0,
KPC3_084_0,14,0.97,0.921,0.339,1.386,0,0.364,0,
KPC3_084_1,14,-0.03,-0.314,0.307,0.343,0,0.256,0,
KPC3_085_0,14,-0.02,0.736,0.2,1.886,0,0.167,0,
KPC3_085_1,14,-0.02,1.136,0.058,1.757,0,0.048,0,
KPC3_086_0,14,-0.02,-0.036,0.195,0.557,0,0.162,1,homopolymer_run>=4
KPC3_086_1,14,-0.02,-0.35,0.071,-0.143,0,0.059,1,homopolymer_run>=4
KPC3_087_0,14,-0.02,-0.114,0.086,0.571,0,0.072,0,
KPC3_087_1,14,-0.02,-0.314,0.216,-0.2,0,0.18,1,motif_NG
KPC3_088_0,14,-0.02,1.0,0.247,1.7,0,0.205,0,
KPC3_088_1,14,-2.02,0.407,0.325,0.843,0,0.271,0,
KPC3_089_0,14,-0.02,1.486,0.026,1.486,0,0.021,1,homopolymer_run>=4
KPC3_089_1,14,-0.02,1.821,0.119,1.871,0,0.099,1,homopolymer_run>=4
KPC3_090_0,13,2.97,-0.208,0.253,0.9,0,0.459,0,
KPC3_090_1,13,0.98,0.462,0.218,2.114,0,0.263,1,motif_DG
KPC3_091_0,13,-1.02,0.462,0.245,0.786,0,0.204,0,
KPC3_091_1,13,-2.02,0.054,0.247,0.029,0,0.206,0,
KPC3_092_0,13,0.97,-0.392,0.205,0.114,0,0.252,1,homopolymer_run>=4
KPC3_092_1,13,0.97,-0.485,0.205,0.114,0,0.252,0,
KPC3_093_0,13,-1.03,-0.685,0.2,-0.557,0,0.167,1,motif_DG
KPC3_093_1,13,-1.03,-0.585,0.129,-0.329,0,0.107,0,
KPC3_094_0,13,-0.02,0.015,0.067,0.229,0,0.055,1,homopolymer_run>=4
KPC3_094_1,13,-0.02,0.354,0.046,0.686,0,0.038,1,homopolymer_run>=4
KPC3_095_0,13,-0.02,0.5,0.096,0.814,0,0.08,0,
KPC3_095_1,13,-0.02,0.954,0.022,1.486,0,0.018,1,homopolymer_run>=4
KPC3_096_0,13,-1.03,-0.523,0.098,-0.171,0,0.081,0,
KPC3_096_1,13,-0.02,-0.238,0.093,0.414,0,0.078,1,motif_DP
KPC3_097_0,13,-0.02,-0.231,0.022,-0.086,0,0.019,1,homopolymer_run>=4
KPC3_097_1,13,-0.02,-0.492,0.041,-0.4,0,0.034,1,homopolymer_run>=4
KPC3_098_0,13,-2.03,-0.977,0.303,-0.814,0,0.252,1,motif_DG
KPC3_098_1,13,-1.03,-0.823,0.454,-0.929,0,0.378,1,motif_DG
KPC3_099_0,13,-0.03,0.323,0.351,1.014,0,0.292,0,
KPC3_099_1,13,-1.02,0.131,0.411,0.971,0,0.343,0,
KPC3_100_0,37,-2.02,-0.184,0.666,2.186,0,0.5,1,motif_DG
KPC3_100_1,37,-0.03,-0.338,0.484,2.186,0,0.404,1,motif_DG
KPC3_101_0,37,-2.02,0.486,0.359,1.771,0,0.299,2,motif_DP;homopolymer_run>=4
KPC3_101_1,37,-1.02,0.792,0.275,2.086,0,0.229,1,homopolymer_run>=4
KPC3_102_0,37,-3.02,0.319,0.275,1.8,0,0.229,1,homopolymer_run>=4
KPC3_102_1,37,-2.03,0.011,0.436,1.429,0,0.363,1,homopolymer_run>=4
KPC3_103_0,37,-1.02,0.451,0.406,1.457,0,0.338,1,motif_DP
KPC3_103_1,37,-0.02,0.186,0.369,1.829,0,0.307,0,
KPC3_104_0,37,-4.03,-0.797,0.736,2.343,0,0.5,1,N-term_Q/E(pyroglutamate)
KPC3_104_1,37,-3.99,-0.768,0.726,1.057,0,0.5,0,
KPC3_105_0,37,-0.03,0.043,0.221,0.914,0,0.184,2,motif_NG;homopolymer_run>=4
KPC3_105_1,37,-0.02,0.286,0.116,1.229,0,0.096,1,homopolymer_run>=4
KPC3_106_0,37,-3.02,0.638,0.441,2.086,0,0.367,1,homopolymer_run>=4
KPC3_106_1,37,-5.02,0.381,0.602,2.786,0,0.5,0,
KPC3_107_0,37,-3.02,0.181,0.47,1.657,0,0.392,1,homopolymer_run>=4
KPC3_107_1,37,0.97,0.246,0.519,1.943,0,0.514,2,motif_NG;homopolymer_run>=4
KPC3_108_0,37,-1.02,0.984,0.136,2.114,0,0.113,1,homopolymer_run>=4
KPC3_108_1,37,-0.02,0.843,0.181,2.114,0,0.15,1,homopolymer_run>=4
KPC3_109_0,37,-4.02,-0.273,0.387,1.0,0,0.322,1,motif_DG
KPC3_109_1,37,-1.03,-0.146,0.468,1.614,0,0.39,3,motif_DG;motif_DP;motif_DS
KPC3_110_0,34,-8.02,-0.882,0.306,0.143,0,0.255,2,motif_DP;homopolymer_run>=4
KPC3_110_1,34,-5.02,-0.456,0.327,1.0,0,0.273,2,motif_DP;homopolymer_run>=4
KPC3_111_0,34,-2.02,-0.265,0.493,1.357,0,0.411,0,
KPC3_111_1,34,-0.02,-0.05,0.491,1.371,0,0.41,1,motif_DG
KPC3_112_0,34,-2.03,-0.291,0.751,0.7,0,0.5,0,
KPC3_112_1,34,-6.02,-0.621,0.578,1.014,0,0.482,0,
KPC3_113_0,34,-1.99,-0.582,0.287,0.457,0,0.239,1,homopolymer_run>=4
KPC3_113_1,34,-3.03,-0.479,0.309,0.386,0,0.257,1,homopolymer_run>=4
KPC3_114_0,34,-3.02,0.056,0.329,1.314,0,0.274,2,motif_DP;homopolymer_run>=4
KPC3_114_1,34,-1.02,-0.115,0.23,0.686,0,0.191,2,motif_DP;homopolymer_run>=4
KPC3_115_0,34,-1.03,0.003,0.383,1.529,0,0.319,1,homopolymer_run>=4
KPC3_115_1,34,-5.02,-0.618,0.696,1.243,0,0.5,2,N-term_Q/E(pyroglutamate);homopolymer_run>=4
KPC3_116_0,34,0.97,-0.721,0.571,2.229,0,0.557,0,
KPC3_116_1,34,-0.03,-1.124,0.738,0.957,0,0.5,1,N-term_Q/E(pyroglutamate)
KPC3_117_0,34,1.01,-0.259,0.653,1.3,0,0.584,0,
KPC3_117_1,34,-1.99,0.153,0.43,1.157,0,0.358,0,
KPC3_118_0,34,-1.03,0.724,0.483,1.786,0,0.403,1,homopolymer_run>=4
KPC3_118_1,34,-0.03,0.188,0.505,1.143,0,0.421,2,motif_NG;homopolymer_run>=4
KPC3_119_0,34,-4.02,0.194,0.613,1.457,0,0.5,1,motif_DP
KPC3_119_1,34,-2.02,0.606,0.657,1.486,0,0.5,2,motif_DP;homopolymer_run>=4
KPC3_120_0,40,-0.02,-0.005,0.116,0.571,0,0.097,1,homopolymer_run>=4
KPC3_120_1,40,-0.02,-0.18,0.091,0.814,0,0.076,1,homopolymer_run>=4
KPC3_121_0,40,1.97,0.1,0.479,2.529,0,0.564,1,homopolymer_run>=4
KPC3_121_1,40,3.01,-0.14,0.618,1.871,0,0.751,0,
KPC3_122_0,40,-1.03,-1.282,0.558,0.557,0,0.465,0,
KPC3_122_1,40,-3.03,-1.458,0.428,0.286,0,0.357,0,
KPC3_123_0,40,-1.99,-0.723,0.431,0.771,0,0.359,2,motif_DP;homopolymer_run>=4
KPC3_123_1,40,-2.99,-0.508,0.444,1.3,0,0.37,2,motif_DP;homopolymer_run>=4
KPC3_124_0,40,3.97,0.37,0.478,2.343,0,0.729,1,homopolymer_run>=4
KPC3_124_1,40,0.97,-0.545,0.375,1.229,0,0.394,2,motif_DP;homopolymer_run>=4
KPC3_125_0,40,-1.02,-0.187,0.63,1.543,0,0.5,2,motif_DG;homopolymer_run>=4
KPC3_125_1,40,-3.02,0.202,0.413,1.857,0,0.344,2,motif_DG;homopolymer_run>=4
KPC3_126_0,40,-0.99,0.337,0.349,1.929,0,0.291,2,motif_DG;homopolymer_run>=4
KPC3_126_1,40,-0.03,0.82,0.145,1.986,0,0.121,1,homopolymer_run>=4
KPC3_127_0,40,-4.02,-0.59,0.443,1.086,0,0.369,1,homopolymer_run>=4
KPC3_127_1,40,-1.02,-0.432,0.491,1.357,0,0.409,0,
KPC3_128_0,40,-0.03,0.087,0.11,1.429,0,0.091,1,homopolymer_run>=4
KPC3_128_1,40,-0.03,0.208,0.147,1.386,0,0.123,1,homopolymer_run>=4
KPC3_129_0,40,-2.02,-0.88,0.506,0.129,0,0.421,0,
KPC3_129_1,40,1.01,-0.47,0.512,1.643,0,0.511,0,
KPC3_130_0,18,-3.02,-0.133,0.529,1.243,0,0.441,1,motif_DP
KPC3_130_1,18,-1.03,-0.639,0.519,0.6,0,0.433,0,
KPC3_131_0,18,-0.03,-0.644,0.648,0.086,0,0.5,2,N-term_Q/E(pyroglutamate);homopolymer_run>=4
KPC3_131_1,18,-2.03,-0.639,0.556,0.086,0,0.464,2,N-term_Q/E(pyroglutamate);homopolymer_run>=4
KPC3_132_0,18,0.01,1.361,0.177,2.086,0,0.148,1,homopolymer_run>=4
KPC3_132_1,18,-0.99,1.311,0.192,2.086,0,0.16,1,homopolymer_run>=4
KPC3_133_0,18,-2.03,-0.544,0.572,-0.271,0,0.477,0,
KPC3_133_1,18,-4.02,-0.378,0.504,-0.271,0,0.42,0,
KPC3_134_0,18,-4.03,-1.3,0.301,0.157,0,0.251,1,motif_NS
KPC3_134_1,18,-3.03,-0.939,0.244,0.229,0,0.203,0,
KPC3_135_0,18,-0.02,-0.05,0.143,0.4,0,0.119,1,homopolymer_run>=4
KPC3_135_1,18,-0.02,0.122,0.206,0.943,0,0.172,1,homopolymer_run>=4
KPC3_136_0,18,-1.02,0.561,0.565,1.529,0,0.471,0,
KPC3_136_1,18,-1.02,0.939,0.114,1.8,0,0.095,2,N-term_Q/E(pyroglutamate);homopolymer_run>=4
KPC3_137_0,18,-4.02,0.094,0.192,0.757,0,0.16,1,motif_DS
KPC3_137_1,18,-1.02,-0.817,0.247,-0.329,0,0.206,2,motif_NG;motif_DS
KPC3_138_0,18,-4.02,-0.183,0.346,1.186,0,0.289,0,
KPC3_138_1,18,-2.02,-0.139,0.444,1.143,0,0.37,0,
KPC3_139_0,18,6.97,-0.817,0.504,1.571,0,0.92,1,homopolymer_run>=4
KPC3_139_1,18,4.97,-0.539,0.443,2.529,0,0.783,1,homopolymer_run>=4
KPC3_140_0,34,-2.02,0.838,0.224,2.371,0,0.187,1,homopolymer_run>=4
KPC3_140_1,34,-2.02,1.0,0.268,2.343,0,0.223,2,motif_DG;homopolymer_run>=4
KPC3_141_0,34,-3.98,-0.959,0.33,0.971,0,0.275,1,motif_DG
KPC3_141_1,34,0.02,0.188,0.504,1.671,0,0.421,1,motif_DG
KPC3_142_0,34,-1.02,-0.315,0.377,1.871,0,0.314,3,motif_NG;motif_DP;homopolymer_run>=4
KPC3_142_1,34,1.01,-0.562,0.343,1.486,0,0.37,1,homopolymer_run>=4
KPC3_143_0,34,-1.03,-1.174,0.881,0.714,0,0.5,1,N-term_Q/E(pyroglutamate)
KPC3_143_1,34,1.97,-0.229,0.987,1.543,0,0.665,0,
KPC3_144_0,34,-3.02,-0.194,0.667,0.714,0,0.5,0,
KPC3_144_1,34,-2.03,-0.732,0.649,1.014,0,0.5,0,
KPC3_145_0,34,-1.03,-0.235,0.392,0.586,0,0.327,0,
KPC3_145_1,34,-1.03,-0.326,0.468,0.771,0,0.39,0,
KPC3_146_0,34,-0.98,-0.838,0.545,0.586,0,0.454,2,N-term_Q/E(pyroglutamate);motif_DG
KPC3_146_1,34,2.02,-0.509,0.434,1.029,0,0.53,0,
KPC3_147_0,34,-3.99,-0.459,0.533,1.7,0,0.444,1,motif_DP
KPC3_147_1,34,-2.99,-0.103,0.317,1.986,0,0.264,1,motif_DP
KPC3_148_0,34,-0.03,0.794,0.202,2.486,0,0.168,1,homopolymer_run>=4
KPC3_148_1,34,-3.03,0.397,0.266,2.643,0,0.222,1,homopolymer_run>=4
KPC3_149_0,34,-0.02,1.368,0.101,1.8,0,0.085,1,homopolymer_run>=4
KPC3_149_1,34,-0.02,1.362,0.082,1.8,0,0.068,1,homopolymer_run>=4
KPC3_150_0,34,-2.03,-0.329,0.426,1.4,0,0.355,2,motif_DG;homopolymer_run>=4
KPC3_150_1,34,-2.02,-0.538,0.607,1.4,0,0.5,3,motif_DG;motif_DP;homopolymer_run>=4
KPC3_151_0,34,-0.03,0.985,0.121,2.186,0,0.101,2,N-term_Met(ox);homopolymer_run>=4
KPC3_151_1,34,-3.03,0.338,0.49,2.143,0,0.408,2,N-term_Met(ox);homopolymer_run>=4
KPC3_152_0,34,-3.03,-1.332,0.712,0.4,0,0.5,0,
KPC3_152_1,34,0.97,-1.374,0.815,0.5,0,0.581,0,
KPC3_153_0,34,-4.02,0.059,0.358,1.486,0,0.298,1,homopolymer_run>=4
KPC3_153_1,34,-0.02,0.876,0.093,2.086,0,0.078,1,homopolymer_run>=4
KPC3_154_0,34,-1.02,0.021,0.251,0.929,0,0.209,2,motif_DG;homopolymer_run>=4
KPC3_154_1,34,-0.02,-0.197,0.062,0.543,0,0.052,1,homopolymer_run>=4
KPC3_155_0,34,-3.02,0.738,0.149,1.8,0,0.124,2,motif_DG;homopolymer_run>=4
KPC3_155_1,34,-1.02,0.606,0.316,2.429,0,0.263,2,motif_DG;homopolymer_run>=4
KPC3_156_0,34,-4.02,-0.935,0.539,0.743,0,0.449,1,motif_DP
KPC3_156_1,34,-6.02,-0.847,0.372,0.886,0,0.31,1,motif_DP
KPC3_157_0,34,0.97,0.682,0.303,2.714,0,0.334,1,homopolymer_run>=4
KPC3_157_1,34,0.98,0.065,0.38,1.571,0,0.398,1,homopolymer_run>=4
KPC3_158_0,34,0.09,-0.415,0.421,1.2,0,0.358,0,
KPC3_158_1,34,-0.95,0.212,0.409,1.571,0,0.34,0,
KPC3_159_0,34,1.97,-0.406,0.406,1.829,0,0.503,0,
KPC3_159_1,34,0.97,-0.874,0.366,1.5,0,0.386,0,
KPC3_160_0,31,-0.02,0.087,0.109,1.2,0,0.091,1,homopolymer_run>=4
KPC3_160_1,31,-1.02,0.139,0.179,0.743,0,0.15,1,homopolymer_run>=4
KPC3_161_0,31,-1.99,-0.69,0.524,1.414,0,0.436,0,
KPC3_161_1,31,-0.99,-0.877,0.454,0.986,0,0.379,0,
KPC3_162_0,31,-3.02,-0.342,0.524,1.2,0,0.436,0,
KPC3_162_1,31,-3.02,-0.561,0.513,1.471,0,0.427,0,
KPC3_163_0,31,-2.02,0.277,0.301,0.729,0,0.251,3,motif_DG;motif_DP;motif_NS
KPC3_163_1,31,-3.02,0.116,0.218,0.671,0,0.182,4,motif_DG;motif_DP;motif_NS;homopolymer_run>=4
KPC3_164_0,31,-0.03,1.042,0.124,2.4,0,0.104,1,homopolymer_run>=4
KPC3_164_1,31,-0.02,0.871,0.292,1.771,0,0.243,1,homopolymer_run>=4
KPC3_165_0,31,-3.02,-1.394,0.661,0.6,0,0.5,0,
KPC3_165_1,31,-2.03,-1.471,0.67,0.329,0,0.5,0,
KPC3_166_0,31,-4.03,-0.077,0.503,1.271,0,0.419,2,motif_NG;motif_DP
KPC3_166_1,31,-3.03,0.126,0.596,1.543,0,0.497,1,motif_DG
KPC3_167_0,31,-2.03,-0.287,0.305,1.157,0,0.254,1,motif_DG
KPC3_167_1,31,-2.03,-0.245,0.324,1.543,0,0.27,1,motif_DG
KPC3_168_0,31,-5.02,-0.1,0.407,1.014,0,0.339,3,N-term_Met(ox);motif_NG;motif_DG
KPC3_168_1,31,-3.02,-0.419,0.435,0.857,0,0.363,3,N-term_Met(ox);motif_NG;motif_DG
KPC3_169_0,31,-1.02,0.071,0.394,1.571,0,0.329,1,motif_DG
KPC3_169_1,31,-0.03,0.123,0.307,1.443,0,0.256,1,motif_DG
KPC3_170_0,27,-1.02,0.759,0.276,1.457,0,0.23,2,motif_DG;homopolymer_run>=4
KPC3_170_1,27,-0.02,0.681,0.15,1.514,0,0.125,1,homopolymer_run>=4
KPC3_171_0,27,0.97,0.641,0.225,1.986,0,0.268,0,
KPC3_171_1,27,-1.02,-0.026,0.375,0.886,0,0.312,1,N-term_Q/E(pyroglutamate)
KPC3_172_0,27,-3.02,-0.959,0.376,1.457,0,0.314,1,homopolymer_run>=4
KPC3_172_1,27,-1.02,-0.737,0.506,1.314,0,0.422,2,motif_DP;homopolymer_run>=4
KPC3_173_0,27,-0.02,0.333,0.025,1.486,0,0.021,1,homopolymer_run>=4
KPC3_173_1,27,-0.02,-0.126,0.133,0.771,0,0.111,1,homopolymer_run>=4
KPC3_174_0,27,-1.02,-0.704,0.516,0.214,0,0.43,0,
KPC3_174_1,27,-2.02,-0.685,0.476,0.157,0,0.396,1,motif_DG
KPC3_175_0,27,-3.02,-0.089,0.249,1.243,0,0.207,2,N-term_Q/E(pyroglutamate);homopolymer_run>=4
KPC3_175_1,27,-2.02,-0.207,0.295,0.629,0,0.246,1,homopolymer_run>=4
KPC3_176_0,27,-0.02,-0.104,0.105,0.571,0,0.087,1,homopolymer_run>=4
KPC3_176_1,27,-0.02,0.293,0.108,1.129,0,0.09,1,homopolymer_run>=4
KPC3_177_0,27,-0.02,0.904,0.035,1.8,0,0.029,1,homopolymer_run>=4
KPC3_177_1,27,-3.02,-0.759,0.564,0.257,0,0.47,1,homopolymer_run>=4
KPC3_178_0,27,-1.02,0.559,0.454,1.514,0,0.378,0,
KPC3_178_1,27,-1.03,0.444,0.385,1.771,0,0.321,1,homopolymer_run>=4
KPC3_179_0,27,-4.02,-0.263,0.27,1.957,0,0.225,1,motif_DG
KPC3_179_1,27,-4.02,-0.259,0.431,1.214,0,0.359,2,motif_DG;motif_DP
KPC3_180_0,44,-1.02,0.545,0.212,1.786,0,0.176,1,homopolymer_run>=4
KPC3_180_1,44,-1.02,0.382,0.384,1.771,0,0.32,2,motif_DP;homopolymer_run>=4
KPC3_181_0,44,-3.95,-0.359,0.496,1.214,0,0.413,0,
KPC3_181_1,44,-3.95,-0.609,0.496,0.657,0,0.413,0,
KPC3_182_0,44,-2.02,0.973,0.316,2.2,0,0.263,0,
KPC3_182_1,44,-5.02,0.457,0.287,2.1,0,0.239,1,motif_NG
KPC3_183_0,44,-2.03,-0.359,0.645,1.757,0,0.5,1,N-term_Met(ox)
KPC3_183_1,44,0.97,-0.375,0.626,1.7,0,0.581,1,N-term_Met(ox)
KPC3_184_0,44,-3.02,0.493,0.329,1.229,0,0.274,1,motif_DG
KPC3_184_1,44,-1.02,0.836,0.289,2.171,0,0.241,1,homopolymer_run>=4
KPC3_185_0,44,0.97,-0.564,0.419,0.157,0,0.43,3,motif_DP;motif_DS;homopolymer_run>=4
KPC3_185_1,44,-1.03,-0.486,0.41,0.886,0,0.342,2,motif_DP;homopolymer_run>=4
KPC3_186_0,44,-1.02,0.755,0.18,2.171,0,0.15,1,homopolymer_run>=4
KPC3_186_1,44,-0.02,0.759,0.445,2.757,0,0.371,1,homopolymer_run>=4
KPC3_187_0,44,-2.02,-0.22,0.751,1.0,0,0.5,0,
KPC3_187_1,44,-0.03,-0.084,0.737,1.0,0,0.5,0,
KPC3_188_0,44,-0.02,0.08,0.569,1.8,0,0.475,1,homopolymer_run>=4
KPC3_188_1,44,-0.02,0.284,0.572,1.8,0,0.477,0,
KPC3_189_0,44,-0.99,-0.4,0.412,1.057,0,0.343,1,motif_NS
KPC3_189_1,44,-0.99,-0.291,0.474,2.071,0,0.395,1,motif_DG
KPC3_190_0,26,-1.03,-1.212,0.365,0.157,0,0.304,1,motif_NS
KPC3_190_1,26,2.97,-1.5,0.451,0.957,0,0.623,1,motif_NS
KPC3_191_0,26,0.97,-0.204,0.33,2.314,0,0.356,1,N-term_Q/E(pyroglutamate)
KPC3_191_1,26,-0.03,0.285,0.378,2.314,0,0.315,1,N-term_Q/E(pyroglutamate)
KPC3_192_0,26,-2.02,-0.542,0.345,0.829,0,0.288,2,N-term_Q/E(pyroglutamate);homopolymer_run>=4
KPC3_192_1,26,-2.02,0.481,0.309,1.471,0,0.258,2,N-term_Q/E(pyroglutamate);homopolymer_run>=4
KPC3_193_0,26,-1.02,-0.235,0.682,1.3,0,0.5,1,N-term_Q/E(pyroglutamate)
KPC3_193_1,26,-3.03,-0.235,0.517,1.543,0,0.431,1,N-term_Q/E(pyroglutamate)
KPC3_194_0,26,-1.03,-1.0,0.318,0.829,0,0.265,2,N-term_Q/E(pyroglutamate);motif_DP
KPC3_194_1,26,-3.02,-0.662,0.442,1.971,0,0.368,2,N-term_Q/E(pyroglutamate);motif_DP
KPC3_195_0,26,-0.02,0.242,0.113,0.829,0,0.094,1,homopolymer_run>=4
KPC3_195_1,26,-0.02,0.088,0.233,0.786,0,0.194,1,homopolymer_run>=4
KPC3_196_0,26,-1.02,0.688,0.759,1.957,0,0.5,1,homopolymer_run>=4
KPC3_196_1,26,-1.03,-0.865,0.673,0.143,0,0.5,1,homopolymer_run>=4
KPC3_197_0,26,0.97,-0.158,0.462,1.957,0,0.466,0,
KPC3_197_1,26,-2.03,-0.762,0.359,0.914,0,0.299,0,
KPC3_198_0,26,-0.02,0.181,0.624,2.429,0,0.5,1,N-term_Q/E(pyroglutamate)
KPC3_198_1,26,0.98,1.065,0.723,2.143,0,0.581,0,
KPC3_199_0,26,-1.03,0.923,0.461,1.957,0,0.384,0,
KPC3_199_1,26,-0.02,0.862,0.266,2.086,0,0.222,2,motif_DG;homopolymer_run>=4
KPC3_200_0,37,-0.02,0.449,0.133,1.543,0,0.111,1,homopolymer_run>=4
KPC3_200_1,37,-1.02,0.711,0.159,1.543,0,0.132,1,homopolymer_run>=4
KPC3_201_0,37,-0.02,0.157,0.244,1.771,0,0.203,1,homopolymer_run>=4
KPC3_201_1,37,-0.03,0.408,0.199,1.743,0,0.166,1,homopolymer_run>=4
KPC3_202_0,37,0.97,-0.751,0.683,-0.157,0,0.581,1,motif_NG
KPC3_202_1,37,0.97,-0.662,0.684,0.471,0,0.581,1,motif_NG
KPC3_203_0,37,-2.98,-0.13,0.325,1.329,0,0.27,2,motif_DP;homopolymer_run>=4
KPC3_203_1,37,-2.98,-0.211,0.261,1.329,0,0.218,2,motif_DP;homopolymer_run>=4
KPC3_204_0,37,-1.02,1.073,0.146,2.086,0,0.122,1,homopolymer_run>=4
KPC3_204_1,37,-1.02,1.019,0.139,1.8,0,0.116,1,homopolymer_run>=4
KPC3_205_0,37,-3.02,-0.027,0.368,1.043,0,0.307,1,homopolymer_run>=4
KPC3_205_1,37,-1.02,-0.073,0.547,0.857,0,0.455,1,homopolymer_run>=4
KPC3_206_0,37,-0.02,0.614,0.132,2.2,0,0.11,1,homopolymer_run>=4
KPC3_206_1,37,-0.02,0.427,0.317,2.629,0,0.264,1,homopolymer_run>=4
KPC3_207_0,37,-3.03,0.022,0.612,1.614,0,0.5,0,
KPC3_207_1,37,-2.03,-0.341,0.585,1.614,0,0.488,0,
KPC3_208_0,37,0.97,1.262,0.284,2.771,0,0.318,1,homopolymer_run>=4
KPC3_208_1,37,0.97,1.235,0.336,2.514,0,0.361,1,homopolymer_run>=4
KPC3_209_0,37,-1.03,-0.105,0.314,1.543,0,0.262,0,
KPC3_209_1,37,-3.03,-0.132,0.186,1.543,0,0.155,0,
KPC3_210_0,30,-2.03,-0.2,0.451,1.157,0,0.376,1,motif_DP
KPC3_210_1,30,-0.03,0.04,0.518,1.9,0,0.432,0,
KPC3_211_0,30,-2.03,-0.423,0.424,0.8,0,0.354,3,motif_DG;motif_DP;homopolymer_run>=4
KPC3_211_1,30,-2.03,-0.267,0.354,0.929,0,0.295,1,motif_DG
KPC3_212_0,30,-1.02,-0.357,0.688,0.914,0,0.5,1,homopolymer_run>=4
KPC3_212_1,30,-3.02,0.133,0.674,2.086,0,0.5,1,homopolymer_run>=4
KPC3_213_0,30,-1.03,-0.51,0.407,1.514,0,0.339,1,N-term_Met(ox)
KPC3_213_1,30,-5.02,-0.133,0.426,1.357,0,0.355,0,
KPC3_214_0,30,-3.03,0.113,0.257,1.229,0,0.214,2,motif_DG;motif_DP
KPC3_214_1,30,-1.02,0.173,0.266,1.171,0,0.222,1,motif_DP
KPC3_215_0,30,-1.02,1.247,0.256,2.114,0,0.213,1,homopolymer_run>=4
KPC3_215_1,30,-1.02,1.183,0.216,2.114,0,0.18,1,homopolymer_run>=4
KPC3_216_0,30,-1.02,1.003,0.289,2.229,0,0.241,2,N-term_Q/E(pyroglutamate);homopolymer_run>=4
KPC3_216_1,30,-0.02,1.11,0.382,2.771,0,0.319,0,
KPC3_217_0,30,0.98,0.763,0.473,1.8,0,0.475,2,N-term_Q/E(pyroglutamate);homopolymer_run>=4
KPC3_217_1,30,4.97,0.423,0.406,2.086,0,0.753,1,homopolymer_run>=4
KPC3_218_0,30,-3.02,-0.34,0.351,0.557,0,0.293,2,motif_DP;homopolymer_run>=4
KPC3_218_1,30,-4.02,-0.39,0.359,0.471,0,0.3,2,motif_DP;homopolymer_run>=4
KPC3_219_0,30,-2.02,-0.173,0.636,1.786,0,0.5,1,N-term_Q/E(pyroglutamate)
KPC3_219_1,30,-4.02,0.04,0.493,1.214,0,0.411,0,
KPC3_220_0,45,-4.02,-0.109,0.368,0.814,0,0.307,3,motif_NG;motif_DG;motif_DP
KPC3_220_1,45,-6.02,0.02,0.394,1.2,0,0.329,2,motif_DG;motif_DP
KPC3_221_0,45,-2.03,0.124,0.456,1.8,0,0.38,1,homopolymer_run>=4
KPC3_221_1,45,-2.03,-0.262,0.456,1.343,0,0.38,1,homopolymer_run>=4
KPC3_222_0,45,-5.02,-0.142,0.405,1.1,0,0.337,1,homopolymer_run>=4
KPC3_222_1,45,-4.02,-0.164,0.487,1.1,0,0.406,1,motif_DG
KPC3_223_0,45,-1.03,-0.538,0.581,0.671,0,0.484,0,
KPC3_223_1,45,-2.03,-0.838,0.44,0.614,0,0.367,0,
KPC3_224_0,45,-0.02,1.387,0.071,1.8,0,0.059,1,homopolymer_run>=4
KPC3_224_1,45,-0.02,1.273,0.12,1.8,0,0.1,1,homopolymer_run>=4
KPC3_225_0,45,-0.02,0.736,0.14,2.143,0,0.117,1,homopolymer_run>=4
KPC3_225_1,45,-0.02,0.636,0.161,2.286,0,0.134,1,homopolymer_run>=4
KPC3_226_0,45,-5.03,-0.893,0.577,0.6,0,0.481,2,motif_DG;homopolymer_run>=4
KPC3_226_1,45,-5.03,-0.233,0.397,1.071,0,0.331,1,motif_DG
KPC3_227_0,45,-4.02,-0.68,0.302,1.471,0,0.252,2,motif_DG;motif_DS
KPC3_227_1,45,-4.02,-0.682,0.37,1.371,0,0.308,2,motif_DG;motif_DS
KPC3_228_0,45,-3.02,0.233,0.29,1.371,0,0.242,2,motif_DG;homopolymer_run>=4
KPC3_228_1,45,-3.03,-0.111,0.238,0.7,0,0.199,2,motif_DG;homopolymer_run>=4
KPC3_229_0,45,-6.02,-0.7,0.448,1.171,0,0.374,0,
KPC3_229_1,45,-5.02,-0.304,0.434,1.171,0,0.361,0,
KPC3_230_0,28,-0.03,-0.064,0.495,2.057,0,0.412,1,homopolymer_run>=4
KPC3_230_1,28,-0.03,-0.029,0.52,1.871,0,0.433,1,homopolymer_run>=4
KPC3_231_0,28,-0.02,0.164,0.765,1.5,0,0.5,0,
KPC3_231_1,28,-2.02,-1.604,0.431,0.743,0,0.359,0,
KPC3_232_0,28,-0.02,1.0,0.1,1.771,0,0.083,1,homopolymer_run>=4
KPC3_232_1,28,-1.02,0.814,0.142,1.8,0,0.118,1,homopolymer_run>=4
KPC3_233_0,28,-1.03,0.246,0.54,1.786,0,0.45,0,
KPC3_233_1,28,-1.02,0.714,0.48,2.414,0,0.4,0,
KPC3_234_0,28,-0.02,0.107,0.073,0.571,0,0.061,1,homopolymer_run>=4
KPC3_234_1,28,-0.02,0.029,0.163,0.543,0,0.136,1,homopolymer_run>=4
KPC3_235_0,28,-2.02,0.686,0.341,2.429,0,0.284,2,motif_DP;homopolymer_run>=4
KPC3_235_1,28,-3.02,0.046,0.331,1.629,0,0.276,2,motif_DP;homopolymer_run>=4
KPC3_236_0,28,-0.02,0.504,0.145,1.514,0,0.121,0,
KPC3_236_1,28,-0.02,0.214,0.145,1.514,0,0.121,0,
KPC3_237_0,28,-1.02,0.086,0.155,1.0,0,0.129,1,homopolymer_run>=4
KPC3_237_1,28,-0.02,-0.332,0.26,0.714,0,0.217,1,homopolymer_run>=4
KPC3_238_0,28,-4.02,-0.436,0.404,0.586,0,0.336,1,motif_DP
KPC3_238_1,28,-2.02,-0.368,0.345,1.214,0,0.287,1,motif_DP
KPC3_239_0,28,-3.02,-0.296,0.531,2.057,0,0.442,0,
KPC3_239_1,28,-4.02,0.018,0.354,1.229,0,0.295,1,homopolymer_run>=4
KPC3_240_0,29,-2.02,-0.39,0.611,1.543,0,0.5,1,motif_DP
KPC3_240_1,29,-5.02,-0.303,0.416,1.414,0,0.347,0,
KPC3_241_0,29,-4.02,-0.545,0.629,0.314,0,0.5,1,motif_DP
KPC3_241_1,29,-4.02,-0.621,0.629,0.314,0,0.5,2,motif_DP;homopolymer_run>=4
KPC3_242_0,29,-1.02,-1.324,0.616,0.129,0,0.5,1,N-term_Q/E(pyroglutamate)
KPC3_242_1,29,-0.02,-0.9,0.666,0.114,0,0.5,0,
KPC3_243_0,29,-2.03,-0.683,0.575,0.943,0,0.479,2,N-term_Met(ox);motif_DG
KPC3_243_1,29,-2.03,-0.89,0.581,0.357,0,0.484,3,N-term_Met(ox);motif_NG;motif_DP
KPC3_244_0,29,-0.02,0.914,0.116,2.086,0,0.096,1,homopolymer_run>=4
KPC3_244_1,29,-0.02,0.51,0.126,1.8,0,0.105,1,homopolymer_run>=4
KPC3_245_0,29,-1.02,-0.455,0.173,0.529,0,0.144,1,homopolymer_run>=4
KPC3_245_1,29,-1.02,0.107,0.094,1.314,0,0.079,1,homopolymer_run>=4
KPC3_246_0,29,-2.99,-0.131,0.31,1.8,0,0.259,1,motif_NG
KPC3_246_1,29,-2.03,0.021,0.584,1.457,0,0.487,0,
KPC3_247_0,29,-1.03,0.39,0.566,1.429,0,0.472,0,
KPC3_247_1,29,-1.03,0.834,0.739,3.1,0,0.5,0,
KPC3_248_0,29,-3.02,-0.221,0.485,1.371,0,0.404,2,N-term_Q/E(pyroglutamate);motif_DG
KPC3_248_1,29,-6.02,0.176,0.369,1.871,0,0.307,2,N-term_Q/E(pyroglutamate);motif_DG
KPC3_249_0,29,-0.99,-0.566,0.312,0.643,0,0.26,1,motif_DS
KPC3_249_1,29,-1.99,-0.066,0.256,1.143,0,0.213,0,
KPC3_250_0,39,-5.02,-0.982,0.531,0.229,0,0.442,3,motif_DG;motif_DP;motif_NS
KPC3_250_1,39,-4.03,-0.744,0.272,0.5,0,0.227,3,motif_NG;motif_DG;motif_DP
KPC3_251_0,39,-4.99,-0.459,0.367,1.429,0,0.306,3,motif_DG;motif_DP;motif_DS
KPC3_251_1,39,-4.99,-0.526,0.276,1.329,0,0.23,2,motif_DG;motif_DP
KPC3_252_0,39,-5.02,-0.705,0.357,0.771,0,0.298,2,motif_DG;motif_DP
KPC3_252_1,39,-5.02,-0.656,0.277,2.171,0,0.23,2,motif_DG;motif_DP
KPC3_253_0,39,-4.03,-1.21,0.409,0.286,0,0.341,1,motif_DP
KPC3_253_1,39,-6.03,-1.236,0.48,0.743,0,0.4,1,motif_DP
KPC3_254_0,39,0.01,-0.487,0.61,1.286,0,0.501,0,
KPC3_254_1,39,2.01,-0.438,0.574,1.386,0,0.645,0,
KPC3_255_0,39,0.01,-0.621,0.582,0.9,0,0.486,1,motif_DP
KPC3_255_1,39,-4.02,0.133,0.433,1.429,0,0.361,2,motif_DP;homopolymer_run>=4
KPC3_256_0,39,-2.02,-0.136,0.462,0.714,0,0.385,1,homopolymer_run>=4
KPC3_256_1,39,-1.02,-0.687,0.332,0.229,0,0.277,1,homopolymer_run>=4
KPC3_257_0,39,-3.02,0.359,0.501,3.029,0,0.417,1,motif_DP
KPC3_257_1,39,-2.02,0.018,0.526,2.4,0,0.438,1,motif_DP
KPC3_258_0,39,-1.02,0.867,0.155,2.429,0,0.129,2,motif_DG;homopolymer_run>=4
KPC3_258_1,39,-3.03,0.346,0.418,1.514,0,0.348,2,motif_DG;homopolymer_run>=4
KPC3_259_0,39,-1.03,-0.556,0.621,0.629,0,0.5,2,motif_NG;homopolymer_run>=4
KPC3_259_1,39,-0.99,-0.495,0.629,1.6,0,0.5,1,homopolymer_run>=4
KPC3_260_0,27,-0.02,-0.526,0.083,-0.086,0,0.069,1,homopolymer_run>=4
KPC3_260_1,27,-0.02,-0.311,0.167,0.057,0,0.139,1,homopolymer_run>=4
KPC3_261_0,27,-3.02,-1.237,0.381,0.029,0,0.318,1,motif_NG
KPC3_261_1,27,-2.02,-1.252,0.452,-0.029,0,0.376,1,motif_NG
KPC3_262_0,27,-4.02,0.126,0.496,2.371,0,0.414,1,homopolymer_run>=4
KPC3_262_1,27,-3.02,0.826,0.456,2.371,0,0.38,1,homopolymer_run>=4
KPC3_263_0,27,-0.02,-0.433,0.377,0.714,0,0.314,2,motif_DG;motif_DP
KPC3_263_1,27,-0.99,-0.352,0.452,0.629,0,0.377,3,N-term_Met(ox);motif_DG;motif_DP
KPC3_264_0,27,-2.02,-0.504,0.293,0.571,0,0.244,2,motif_DP;homopolymer_run>=4
KPC3_264_1,27,-2.02,-0.344,0.342,1.529,0,0.285,3,N-term_Q/E(pyroglutamate);motif_DP;homopolymer_run>=4
KPC3_265_0,27,-1.02,-0.181,0.523,0.671,0,0.435,1,motif_DP
KPC3_265_1,27,-2.02,-0.548,0.482,0.6,0,0.401,1,motif_DP
KPC3_266_0,27,-3.03,-0.596,0.375,0.5,0,0.312,0,
KPC3_266_1,27,-4.02,-0.481,0.467,0.5,0,0.389,0,
KPC3_267_0,27,-1.02,-0.263,0.559,1.329,0,0.466,2,motif_DP;homopolymer_run>=4
KPC3_267_1,27,-0.02,1.319,0.239,1.8,0,0.199,1,homopolymer_run>=4
KPC3_268_0,27,-1.99,0.859,0.411,2.429,0,0.342,0,
KPC3_268_1,27,-3.02,0.659,0.433,1.671,0,0.361,1,motif_NG
KPC3_269_0,27,-1.02,0.289,0.264,1.714,0,0.22,0,
KPC3_269_1,27,-2.02,0.559,0.234,2.429,0,0.195,0,
KPC3_270_0,26,-2.03,-0.054,0.264,1.643,0,0.22,1,homopolymer_run>=4
KPC3_270_1,26,-2.02,0.038,0.211,0.614,0,0.176,1,homopolymer_run>=4
KPC3_271_0,26,0.98,0.604,0.491,1.486,0,0.491,0,
KPC3_271_1,26,1.97,0.546,0.493,1.514,0,0.576,0,
KPC3_272_0,26,1.97,-0.585,0.304,0.571,0,0.418,0,
KPC3_272_1,26,0.97,-0.55,0.463,0.171,0,0.467,0,
KPC3_273_0,26,0.98,-0.404,0.323,0.271,0,0.351,1,homopolymer_run>=4
KPC3_273_1,26,-0.02,0.35,0.154,1.171,0,0.129,1,homopolymer_run>=4
KPC3_274_0,26,-1.02,0.692,0.133,1.171,0,0.111,1,homopolymer_run>=4
KPC3_274_1,26,-3.03,0.296,0.247,1.486,0,0.206,1,homopolymer_run>=4
KPC3_275_0,26,1.97,0.042,0.421,1.129,0,0.515,0,
KPC3_275_1,26,1.97,0.385,0.528,1.786,0,0.605,0,
KPC3_276_0,26,-2.02,0.519,0.34,2.2,0,0.284,1,motif_DS
KPC3_276_1,26,-2.02,0.877,0.385,2.543,0,0.321,0,
KPC3_277_0,26,-0.02,-0.031,0.438,1.771,0,0.365,1,motif_DP
KPC3_277_1,26,-3.03,-0.812,0.403,1.457,0,0.336,3,N-term_Met(ox);motif_DG;motif_DP
KPC3_278_0,26,-0.02,-0.046,0.071,0.229,0,0.059,1,homopolymer_run>=4
KPC3_278_1,26,-0.02,-0.131,0.083,0.543,0,0.069,1,homopolymer_run>=4
KPC3_279_0,26,-0.02,-0.331,0.401,0.914,0,0.334,2,motif_DG;homopolymer_run>=4
KPC3_279_1,26,-1.02,-0.496,0.26,0.343,0,0.217,3,motif_NG;motif_DG;homopolymer_run>=4
KPC3_280_0,13,0.98,-0.008,0.214,0.343,0,0.26,0,
KPC3_280_1,13,-0.02,0.254,0.155,0.486,0,0.129,0,
KPC3_281_0,13,-2.02,-0.385,0.092,0.371,0,0.077,1,motif_DP
KPC3_281_1,13,-1.02,-0.346,0.107,-0.171,0,0.09,1,homopolymer_run>=4
KPC3_282_0,13,-0.02,1.577,0.135,2.086,0,0.112,1,homopolymer_run>=4
KPC3_282_1,13,-0.02,1.577,0.056,2.086,0,0.047,1,homopolymer_run>=4
KPC3_283_0,13,-0.02,0.154,0.101,0.2,0,0.084,1,homopolymer_run>=4
KPC3_283_1,13,-0.02,0.154,0.101,0.2,0,0.084,1,homopolymer_run>=4
KPC3_284_0,13,-0.02,-0.292,0.165,0.2,0,0.138,0,
KPC3_284_1,13,0.97,-0.885,0.234,-0.457,0,0.276,0,
KPC3_285_0,13,-0.02,0.962,0.134,1.0,0,0.111,0,
KPC3_285_1,13,-0.02,0.192,0.134,0.343,0,0.111,0,
KPC3_286_0,13,-1.02,0.054,0.452,1.129,0,0.376,0,
KPC3_286_1,13,-1.02,0.369,0.22,1.657,0,0.184,0,
KPC3_287_0,13,0.97,0.5,0.375,1.0,0,0.394,0,
KPC3_287_1,13,-0.02,0.362,0.225,0.629,0,0.188,0,
KPC3_288_0,13,-0.99,0.162,0.077,0.271,0,0.064,0,
KPC3_288_1,13,-0.99,0.015,0.206,0.029,0,0.171,0,
KPC3_289_0,13,0.97,-0.292,0.354,0.457,0,0.376,0,
KPC3_289_1,13,-0.03,0.085,0.294,0.343,0,0.245,0,
KPC3_290_0,45,-0.02,-0.16,0.48,1.286,0,0.4,0,
KPC3_290_1,45,0.01,0.198,0.725,2.086,0,0.501,0,
KPC3_291_0,45,-1.02,0.9,0.474,2.429,0,0.395,1,motif_DG
KPC3_291_1,45,0.98,0.8,0.384,1.886,0,0.402,1,homopolymer_run>=4
KPC3_292_0,45,-2.02,0.704,0.247,2.186,0,0.206,1,homopolymer_run>=4
KPC3_292_1,45,-2.02,0.442,0.217,1.157,0,0.181,0,
KPC3_293_0,45,-1.02,0.522,0.337,1.486,0,0.281,1,homopolymer_run>=4
KPC3_293_1,45,-1.02,0.364,0.344,1.8,0,0.287,2,motif_DS;homopolymer_run>=4
KPC3_294_0,45,-5.03,-0.2,0.363,0.886,0,0.303,1,motif_DG
KPC3_294_1,45,-2.03,-0.569,0.394,0.257,0,0.329,2,motif_DP;homopolymer_run>=4
KPC3_295_0,45,-0.98,-0.738,0.628,0.871,0,0.5,0,
KPC3_295_1,45,-2.98,-0.642,0.609,1.014,0,0.5,0,
KPC3_296_0,45,-2.03,-0.471,0.411,0.729,0,0.342,2,motif_NS;homopolymer_run>=4
KPC3_296_1,45,-6.02,-0.091,0.427,0.943,0,0.356,2,motif_NS;homopolymer_run>=4
KPC3_297_0,45,-1.99,-0.258,0.491,1.457,0,0.409,2,motif_DG;motif_DP
KPC3_297_1,45,-2.02,-0.66,0.464,1.329,0,0.387,2,motif_DG;motif_DP
KPC3_298_0,45,-6.0,-1.047,0.538,1.143,0,0.448,1,motif_DS
KPC3_298_1,45,-8.99,-0.876,0.543,1.143,0,0.452,1,motif_DS
KPC3_299_0,45,-1.02,1.329,0.145,2.143,0,0.121,1,homopolymer_run>=4
KPC3_299_1,45,-4.02,0.956,0.316,2.114,0,0.263,1,homopolymer_run>=4
KPC3_300_0,28,-1.03,0.511,0.178,1.771,0,0.148,2,motif_NG;homopolymer_run>=4
KPC3_300_1,28,-0.99,0.375,0.177,2.4,0,0.147,1,homopolymer_run>=4
KPC3_301_0,28,-0.03,0.457,0.324,1.929,0,0.27,2,N-term_Q/E(pyroglutamate);homopolymer_run>=4
KPC3_301_1,28,-0.03,0.636,0.344,2.2,0,0.286,2,N-term_Q/E(pyroglutamate);homopolymer_run>=4
KPC3_302_0,28,-3.02,-0.196,0.255,0.271,0,0.212,1,homopolymer_run>=4
KPC3_302_1,28,-0.03,-0.336,0.257,0.257,0,0.214,1,homopolymer_run>=4
KPC3_303_0,28,-1.03,-0.379,0.354,0.757,0,0.295,1,motif_DG
KPC3_303_1,28,-0.03,-0.332,0.448,1.4,0,0.373,1,motif_DG
KPC3_304_0,28,-0.03,-0.732,0.306,0.771,0,0.255,2,motif_DP;motif_NS
KPC3_304_1,28,-1.02,-0.704,0.282,0.829,0,0.235,2,motif_DP;homopolymer_run>=4
KPC3_305_0,28,-1.02,0.646,0.137,1.8,0,0.114,1,homopolymer_run>=4
KPC3_305_1,28,-0.02,0.889,0.134,2.143,0,0.111,1,homopolymer_run>=4
KPC3_306_0,28,-2.02,-0.793,0.499,-0.114,0,0.416,2,motif_NG;motif_DP
KPC3_306_1,28,-1.02,-1.068,0.493,-0.014,0,0.411,1,motif_NG
KPC3_307_0,28,-0.02,0.386,0.3,1.457,0,0.25,1,homopolymer_run>=4
KPC3_307_1,28,-0.02,0.596,0.129,1.514,0,0.107,1,homopolymer_run>=4
KPC3_308_0,28,-0.02,1.021,0.486,2.657,0,0.405,0,
KPC3_308_1,28,-3.02,-0.232,0.614,0.5,0,0.5,1,N-term_Q/E(pyroglutamate)
KPC3_309_0,28,0.97,0.111,0.241,0.814,0,0.282,0,
KPC3_309_1,28,0.97,0.325,0.241,0.986,0,0.282,0,
KPC3_310_0,42,-2.02,-0.49,0.505,0.629,0,0.421,2,motif_NG;homopolymer_run>=4
KPC3_310_1,42,-1.98,-0.56,0.505,0.629,0,0.421,2,motif_NG;homopolymer_run>=4
KPC3_311_0,42,-0.03,-0.605,0.482,1.429,0,0.402,0,
KPC3_311_1,42,-1.03,-0.771,0.487,2.029,0,0.406,0,
KPC3_312_0,42,0.97,0.519,0.364,2.814,0,0.385,2,motif_DP;homopolymer_run>=4
KPC3_312_1,42,-1.03,0.426,0.544,2.457,0,0.453,2,motif_DP;homopolymer_run>=4
KPC3_313_0,42,0.98,1.243,0.283,2.086,0,0.317,1,homopolymer_run>=4
KPC3_313_1,42,0.98,1.055,0.507,2.143,0,0.504,1,homopolymer_run>=4
KPC3_314_0,42,-0.03,0.157,0.263,1.529,0,0.219,1,homopolymer_run>=4
KPC3_314_1,42,-1.03,0.01,0.306,1.5,0,0.255,1,homopolymer_run>=4
KPC3_315_0,42,-0.02,0.879,0.431,2.943,0,0.359,2,motif_DG;homopolymer_run>=4
KPC3_315_1,42,-5.02,0.69,0.389,2.971,0,0.324,1,motif_DG
KPC3_316_0,42,-3.02,0.514,0.217,2.086,0,0.181,1,homopolymer_run>=4
KPC3_316_1,42,-1.02,0.75,0.206,2.371,0,0.171,1,homopolymer_run>=4
KPC3_317_0,42,-4.03,-0.8,0.53,1.186,0,0.442,1,motif_DP
KPC3_317_1,42,-5.02,-0.521,0.674,2.157,0,0.5,1,motif_DP
KPC3_318_0,42,0.97,0.171,0.585,1.486,0,0.568,0,
KPC3_318_1,42,0.97,0.088,0.585,1.314,0,0.568,0,
KPC3_319_0,42,-5.02,0.61,0.265,1.957,0,0.221,1,motif_DP
KPC3_319_1,42,-6.02,-0.045,0.571,1.386,0,0.476,1,motif_DP
KPC3_320_0,45,-1.02,-0.502,0.714,1.943,0,0.5,1,motif_NG
KPC3_320_1,45,-5.02,-0.216,0.643,1.957,0,0.5,1,motif_DP
KPC3_321_0,45,-4.98,-0.042,0.716,1.886,0,0.5,1,motif_DP
KPC3_321_1,45,-2.99,0.469,0.456,2.214,0,0.38,2,motif_DG;motif_DP
KPC3_322_0,45,-8.98,-0.142,0.589,1.114,0,0.491,1,motif_DP
KPC3_322_1,45,-5.95,-0.053,0.697,1.357,0,0.5,1,motif_DP
KPC3_323_0,45,-3.03,0.153,0.441,2.486,0,0.367,1,motif_DP
KPC3_323_1,45,-5.03,-0.207,0.387,2.486,0,0.322,2,motif_DP;homopolymer_run>=4
KPC3_324_0,45,-1.02,-0.28,0.301,1.229,0,0.251,2,motif_NG;homopolymer_run>=4
KPC3_324_1,45,-0.02,0.136,0.288,1.643,0,0.24,2,motif_NG;homopolymer_run>=4
KPC3_325_0,45,1.98,-0.207,0.471,1.8,0,0.557,2,motif_NS;homopolymer_run>=4
KPC3_325_1,45,-0.02,-0.127,0.508,1.657,0,0.424,2,motif_NS;homopolymer_run>=4
KPC3_326_0,45,-0.03,0.207,0.381,2.143,0,0.317,1,homopolymer_run>=4
KPC3_326_1,45,-3.02,-0.331,0.4,1.543,0,0.333,1,homopolymer_run>=4
KPC3_327_0,45,-1.02,0.731,0.157,2.171,0,0.131,1,homopolymer_run>=4
KPC3_327_1,45,-5.02,0.324,0.243,1.843,0,0.202,1,homopolymer_run>=4
KPC3_328_0,45,-5.02,-0.784,0.358,1.243,0,0.299,1,motif_DP
KPC3_328_1,45,-5.98,-0.478,0.405,1.629,0,0.337,1,motif_DP
KPC3_329_0,45,-3.98,-0.242,0.387,1.657,0,0.322,1,motif_NS
KPC3_329_1,45,-5.94,-0.167,0.326,2.029,0,0.271,1,motif_NS
KPC3_330_0,37,-1.02,0.205,0.135,1.186,0,0.112,1,homopolymer_run>=4
KPC3_330_1,37,-0.02,0.227,0.111,0.886,0,0.093,1,homopolymer_run>=4
KPC3_331_0,37,-3.02,-0.189,0.39,1.314,0,0.325,0,
KPC3_331_1,37,-1.99,-0.435,0.448,0.4,0,0.374,0,
KPC3_332_0,37,-1.02,0.205,0.309,1.157,0,0.258,1,motif_NG
KPC3_332_1,37,-3.02,-0.005,0.309,1.157,0,0.258,2,N-term_Q/E(pyroglutamate);motif_DG
KPC3_333_0,37,-2.02,-0.076,0.222,1.571,0,0.185,1,homopolymer_run>=4
KPC3_333_1,37,-0.02,0.503,0.236,1.629,0,0.197,1,homopolymer_run>=4
KPC3_334_0,37,-0.03,-0.57,0.576,1.014,0,0.48,0,
KPC3_334_1,37,-3.02,-0.359,0.431,1.271,0,0.359,0,
KPC3_335_0,37,-3.03,-0.324,0.405,1.286,0,0.338,1,motif_DP
KPC3_335_1,37,-0.99,-0.108,0.303,1.971,0,0.252,1,motif_DP
KPC3_336_0,37,-4.03,-0.516,0.469,1.214,0,0.391,0,
KPC3_336_1,37,-6.03,-0.692,0.409,1.171,0,0.34,0,
KPC3_337_0,37,-3.03,-0.089,0.421,1.943,0,0.35,0,
KPC3_337_1,37,-4.99,-0.173,0.262,1.743,0,0.218,0,
KPC3_338_0,37,-0.03,0.305,0.46,2.0,0,0.383,1,homopolymer_run>=4
KPC3_338_1,37,0.97,0.265,0.606,2.0,0,0.581,1,homopolymer_run>=4
KPC3_339_0,37,-3.02,0.227,0.161,1.143,0,0.134,1,motif_DP
KPC3_339_1,37,-2.02,0.514,0.267,1.486,0,0.222,2,motif_DP;homopolymer_run>=4
KPC3_340_0,16,0.97,0.85,0.359,1.586,0,0.38,0,
KPC3_340_1,16,-0.02,1.131,0.18,2.114,0,0.15,0,
KPC3_341_0,16,0.97,1.075,0.355,1.743,0,0.377,0,
KPC3_341_1,16,1.98,0.644,0.433,1.743,0,0.526,0,
KPC3_342_0,16,0.97,-1.244,0.291,0.429,0,0.324,1,motif_NG
KPC3_342_1,16,0.97,-1.363,0.236,0.3,0,0.278,1,motif_NG
KPC3_343_0,16,0.98,0.406,0.458,1.357,0,0.463,0,
KPC3_343_1,16,-0.02,-0.175,0.416,0.614,0,0.347,0,
KPC3_344_0,16,-1.02,0.631,0.238,1.114,0,0.199,1,homopolymer_run>=4
KPC3_344_1,16,-0.02,0.425,0.374,1.114,0,0.312,1,homopolymer_run>=4
KPC3_345_0,16,0.97,-0.431,0.721,0.714,0,0.581,2,N-term_Met(ox);motif_DS
KPC3_345_1,16,-1.02,-0.812,0.814,0.629,0,0.5,2,N-term_Met(ox);motif_DP
KPC3_346_0,16,1.97,-0.819,0.402,-0.557,0,0.499,1,homopolymer_run>=4
KPC3_346_1,16,1.97,-1.031,0.402,-0.557,0,0.499,1,homopolymer_run>=4
KPC3_347_0,16,-2.02,-0.275,0.114,0.8,0,0.095,1,motif_DP
KPC3_347_1,16,-2.02,-0.275,0.114,0.8,0,0.095,1,motif_DP
KPC3_348_0,16,-0.02,0.231,0.233,1.014,0,0.194,1,motif_DG
KPC3_348_1,16,-2.02,0.625,0.166,1.657,0,0.138,0,
KPC3_349_0,16,-3.02,-0.781,0.266,0.843,0,0.222,3,N-term_Q/E(pyroglutamate);motif_DP;homopolymer_run>=4
KPC3_349_1,16,-1.02,-0.35,0.359,1.157,0,0.299,1,motif_DP
KPC3_350_0,36,-0.02,1.525,0.094,1.8,0,0.079,1,homopolymer_run>=4
KPC3_350_1,36,-0.02,1.45,0.099,1.8,0,0.082,1,homopolymer_run>=4
KPC3_351_0,36,-1.02,-0.453,0.522,1.143,0,0.435,1,homopolymer_run>=4
KPC3_351_1,36,-3.02,-0.272,0.365,1.457,0,0.304,2,motif_DG;homopolymer_run>=4
KPC3_352_0,36,0.98,1.472,0.336,2.586,0,0.362,1,homopolymer_run>=4
KPC3_352_1,36,-0.02,1.569,0.19,2.086,0,0.158,1,homopolymer_run>=4
KPC3_353_0,36,-2.02,-0.622,0.583,1.757,0,0.486,1,motif_DP
KPC3_353_1,36,1.97,-1.603,0.535,1.657,0,0.611,2,motif_DP;homopolymer_run>=4
KPC3_354_0,36,-7.02,-1.161,0.364,-0.086,0,0.303,1,homopolymer_run>=4
KPC3_354_1,36,-6.02,-1.475,0.456,-0.086,0,0.38,1,homopolymer_run>=4
KPC3_355_0,36,0.98,-0.308,0.316,0.886,0,0.344,1,motif_DG
KPC3_355_1,36,-2.02,-0.908,0.285,0.886,0,0.237,1,homopolymer_run>=4
KPC3_356_0,36,-5.02,-0.331,0.752,1.043,0,0.5,2,N-term_Q/E(pyroglutamate);motif_DG
KPC3_356_1,36,-3.02,-0.672,0.768,1.214,0,0.5,2,N-term_Q/E(pyroglutamate);motif_DG
KPC3_357_0,36,-0.03,-0.006,0.279,0.743,0,0.233,1,homopolymer_run>=4
KPC3_357_1,36,-1.03,0.122,0.575,1.729,0,0.479,1,homopolymer_run>=4
KPC3_358_0,36,-2.02,0.508,0.261,2.171,0,0.218,1,homopolymer_run>=4
KPC3_358_1,36,-0.03,0.35,0.549,2.129,0,0.457,1,homopolymer_run>=4
KPC3_359_0,36,-5.02,-0.872,0.448,1.643,0,0.373,1,motif_DS
KPC3_359_1,36,-4.02,-0.783,0.41,1.371,0,0.342,1,motif_DS
KPC3_360_0,30,-0.99,-0.313,0.163,0.557,0,0.136,3,motif_DP;motif_DS;homopolymer_run>=4
KPC3_360_1,30,-0.03,-0.32,0.206,0.586,0,0.171,3,motif_DP;motif_DS;homopolymer_run>=4
KPC3_361_0,30,-1.02,0.583,0.273,2.186,0,0.228,2,motif_NG;homopolymer_run>=4
KPC3_361_1,30,-1.02,1.31,0.18,2.314,0,0.15,1,homopolymer_run>=4
KPC3_362_0,30,-3.03,-0.877,0.533,0.8,0,0.444,2,N-term_Q/E(pyroglutamate);homopolymer_run>=4
KPC3_362_1,30,-0.02,-0.983,0.552,1.543,0,0.46,1,N-term_Q/E(pyroglutamate)
KPC3_363_0,30,-1.99,-0.403,0.613,1.243,0,0.5,1,motif_DG
KPC3_363_1,30,-1.99,-0.743,0.518,0.257,0,0.431,1,motif_DG
KPC3_364_0,30,-1.02,0.2,0.612,1.243,0,0.5,2,N-term_Q/E(pyroglutamate);homopolymer_run>=4
KPC3_364_1,30,-0.02,0.753,0.306,2.429,0,0.255,1,homopolymer_run>=4
KPC3_365_0,30,-0.02,0.523,0.331,1.814,0,0.276,0,
KPC3_365_1,30,-0.03,0.463,0.35,1.443,0,0.292,1,homopolymer_run>=4
KPC3_366_0,30,-2.02,-0.38,0.322,1.143,0,0.268,3,motif_NG;motif_DG;homopolymer_run>=4
KPC3_366_1,30,-0.02,-0.227,0.476,0.914,0,0.397,2,motif_NG;homopolymer_run>=4
KPC3_367_0,30,-3.03,-0.08,0.41,1.329,0,0.342,1,motif_NS
KPC3_367_1,30,-3.03,-0.057,0.394,0.729,0,0.328,0,
KPC3_368_0,30,-3.02,-0.633,0.617,1.014,0,0.5,0,
KPC3_368_1,30,-3.02,0.023,0.626,1.714,0,0.5,0,
KPC3_369_0,30,-0.02,0.03,0.23,1.314,0,0.192,1,homopolymer_run>=4
KPC3_369_1,30,-0.02,0.367,0.147,1.314,0,0.122,0,
KPC3_370_0,43,-4.02,-0.43,0.665,0.914,0,0.5,2,motif_DP;homopolymer_run>=4
KPC3_370_1,43,-2.02,0.433,0.372,1.771,0,0.31,2,motif_DP;homopolymer_run>=4
KPC3_371_0,43,-0.02,0.109,0.336,1.414,0,0.28,1,homopolymer_run>=4
KPC3_371_1,43,-0.02,0.365,0.251,1.671,0,0.209,1,homopolymer_run>=4
KPC3_372_0,43,-0.02,0.367,0.19,1.514,0,0.158,1,homopolymer_run>=4
KPC3_372_1,43,1.98,-0.121,0.341,1.514,0,0.449,1,homopolymer_run>=4
KPC3_373_0,43,1.97,-0.298,0.489,1.143,0,0.572,1,homopolymer_run>=4
KPC3_373_1,43,-3.02,-0.084,0.334,1.143,0,0.278,2,motif_DG;homopolymer_run>=4
KPC3_374_0,43,0.01,0.07,0.357,1.457,0,0.298,1,homopolymer_run>=4
KPC3_374_1,43,0.01,0.793,0.148,2.371,0,0.125,0,
KPC3_375_0,43,-2.02,-0.265,0.455,1.543,0,0.379,1,motif_DG
KPC3_375_1,43,-2.02,-0.028,0.458,1.829,0,0.382,1,motif_NG
KPC3_376_0,43,-4.02,-1.091,0.563,0.857,0,0.469,1,N-term_Q/E(pyroglutamate)
KPC3_376_1,43,-3.02,-0.309,0.618,0.943,0,0.5,1,motif_DG
KPC3_377_0,43,-5.03,-0.942,0.498,1.043,0,0.415,1,homopolymer_run>=4
KPC3_377_1,43,-5.03,-0.353,0.584,1.171,0,0.487,1,homopolymer_run>=4
KPC3_378_0,43,0.97,-0.16,0.269,1.243,0,0.306,0,
KPC3_378_1,43,0.98,-0.005,0.302,1.657,0,0.333,0,
KPC3_379_0,43,-0.03,0.477,0.421,3.014,0,0.351,0,
KPC3_379_1,43,1.97,-0.633,0.742,0.457,0,0.664,0,
KPC3_380_0,20,-0.02,0.15,0.475,2.143,0,0.396,1,N-term_Q/E(pyroglutamate)
KPC3_380_1,20,0.98,0.68,0.431,1.686,0,0.44,0,
KPC3_381_0,20,-1.02,0.385,0.212,1.471,0,0.177,2,motif_DS;homopolymer_run>=4
KPC3_381_1,20,-1.02,0.515,0.197,1.471,0,0.165,2,motif_DS;homopolymer_run>=4
KPC3_382_0,20,-1.03,0.065,0.545,0.843,0,0.454,0,
KPC3_382_1,20,-1.02,0.27,0.528,0.843,0,0.44,0,
KPC3_383_0,20,-2.02,0.34,0.333,1.957,0,0.277,0,
KPC3_383_1,20,-1.02,-0.59,0.377,0.086,0,0.314,1,motif_DS
KPC3_384_0,20,-0.02,-0.08,0.08,0.371,0,0.066,1,homopolymer_run>=4
KPC3_384_1,20,-0.02,0.2,0.092,1.029,0,0.077,1,homopolymer_run>=4
KPC3_385_0,20,-2.02,0.455,0.525,1.329,0,0.438,0,
KPC3_385_1,20,-0.02,1.21,0.377,1.871,0,0.314,0,
KPC3_386_0,20,-0.03,-0.28,0.358,0.543,0,0.298,0,
KPC3_386_1,20,-1.03,1.045,0.161,2.329,0,0.135,1,homopolymer_run>=4
KPC3_387_0,20,-2.02,0.215,0.439,1.743,0,0.366,1,motif_DG
KPC3_387_1,20,-2.03,0.17,0.504,1.743,0,0.42,0,
KPC3_388_0,20,0.97,-0.63,0.281,0.543,0,0.315,0,
KPC3_388_1,20,-0.02,-0.845,0.647,-0.043,0,0.5,0,
KPC3_389_0,20,-2.02,-0.225,0.35,1.129,0,0.292,0,
KPC3_389_1,20,-1.02,-0.185,0.325,0.914,0,0.271,0,
KPC3_390_0,29,-0.02,1.048,0.266,2.186,0,0.222,1,motif_NG
KPC3_390_1,29,-2.02,-0.431,0.474,1.057,0,0.395,0,
KPC3_391_0,29,-1.02,0.934,0.172,2.086,0,0.143,2,motif_DP;homopolymer_run>=4
KPC3_391_1,29,-2.02,0.793,0.242,1.8,0,0.202,1,homopolymer_run>=4
KPC3_392_0,29,-2.02,0.497,0.304,2.043,0,0.253,1,motif_DP
KPC3_392_1,29,-3.02,0.417,0.309,1.729,0,0.258,1,motif_DP
KPC3_393_0,29,-2.02,-0.393,0.538,1.186,0,0.449,2,N-term_Q/E(pyroglutamate);motif_DG
KPC3_393_1,29,-0.03,-0.6,0.591,0.729,0,0.493,2,N-term_Q/E(pyroglutamate);motif_DG
KPC3_394_0,29,-3.02,-0.079,0.46,1.171,0,0.384,1,motif_DG
KPC3_394_1,29,-2.02,0.272,0.402,1.429,0,0.335,1,motif_DG
KPC3_395_0,29,-2.03,-0.066,0.493,1.214,0,0.411,1,motif_DS
KPC3_395_1,29,-4.02,0.052,0.375,1.1,0,0.312,1,motif_DP
KPC3_396_0,29,-4.02,-0.314,0.42,1.486,0,0.35,3,N-term_Q/E(pyroglutamate);motif_NG;motif_DP
KPC3_396_1,29,-4.02,0.034,0.489,1.7,0,0.408,3,N-term_Q/E(pyroglutamate);motif_DG;motif_DP
KPC3_397_0,29,-1.02,-0.772,0.671,1.2,0,0.5,0,
KPC3_397_1,29,-1.99,-1.248,0.448,-0.543,0,0.373,1,homopolymer_run>=4
KPC3_398_0,29,-1.02,1.031,0.18,2.657,0,0.15,1,homopolymer_run>=4
KPC3_398_1,29,-0.03,0.524,0.279,1.6,0,0.232,0,
KPC3_399_0,29,-1.02,0.307,0.165,1.8,0,0.137,1,homopolymer_run>=4
KPC3_399_1,29,0.97,-0.455,0.299,1.8,0,0.33,1,homopolymer_run>=4
KPC3_400_0,37,-3.03,-0.341,0.647,0.957,0,0.5,1,motif_DG
KPC3_400_1,37,-5.03,-0.746,0.422,0.9,0,0.351,1,motif_DG
KPC3_401_0,37,-0.02,0.159,0.467,2.243,0,0.389,1,homopolymer_run>=4
KPC3_401_1,37,-1.02,0.454,0.402,2.114,0,0.335,1,homopolymer_run>=4
KPC3_402_0,37,-1.02,-0.503,0.516,0.457,0,0.43,2,motif_DG;motif_DS
KPC3_402_1,37,-0.02,-0.357,0.516,0.471,0,0.43,1,motif_DS
KPC3_403_0,37,-2.03,0.227,0.35,1.2,0,0.292,0,
KPC3_403_1,37,-3.03,0.292,0.424,1.214,0,0.353,1,motif_DP
KPC3_404_0,37,-2.02,0.149,0.479,1.329,0,0.399,1,motif_DG
KPC3_404_1,37,-2.03,-0.181,0.377,0.786,0,0.314,1,motif_DG
KPC3_405_0,37,-2.02,0.876,0.279,2.029,0,0.232,2,N-term_Met(ox);homopolymer_run>=4
KPC3_405_1,37,-0.03,0.692,0.395,1.386,0,0.329,1,homopolymer_run>=4
KPC3_406_0,37,1.97,-0.541,0.689,1.729,0,0.664,0,
KPC3_406_1,37,-1.99,-0.138,0.546,1.0,0,0.455,0,
KPC3_407_0,37,-3.02,0.886,0.175,1.8,0,0.146,1,homopolymer_run>=4
KPC3_407_1,37,-0.02,1.205,0.114,1.8,0,0.095,1,homopolymer_run>=4
KPC3_408_0,37,-3.03,-0.8,0.591,0.886,0,0.492,0,
KPC3_408_1,37,-2.02,-0.546,0.67,1.086,0,0.5,0,
KPC3_409_0,37,-4.03,-0.103,0.413,1.614,0,0.345,1,motif_NG
KPC3_409_1,37,-4.02,0.059,0.476,1.829,0,0.397,0,
KPC3_410_0,23,-2.02,0.3,0.177,1.686,0,0.147,1,motif_DG
KPC3_410_1,23,-2.02,0.396,0.177,1.686,0,0.147,1,motif_DG
KPC3_411_0,23,-0.02,0.826,0.119,2.171,0,0.099,1,homopolymer_run>=4
KPC3_411_1,23,-0.99,0.217,0.178,1.171,0,0.148,1,homopolymer_run>=4
KPC3_412_0,23,-0.03,-0.778,0.326,0.257,0,0.272,2,motif_NG;homopolymer_run>=4
KPC3_412_1,23,-3.03,-0.57,0.241,0.857,0,0.201,1,homopolymer_run>=4
KPC3_413_0,23,-1.02,-0.778,0.277,0.057,0,0.231,1,homopolymer_run>=4
KPC3_413_1,23,-2.02,-0.335,0.291,0.414,0,0.242,2,motif_DG;homopolymer_run>=4
KPC3_414_0,23,-1.02,-0.478,0.195,0.143,0,0.162,2,motif_DP;homopolymer_run>=4
KPC3_414_1,23,-0.02,0.196,0.053,0.686,0,0.044,1,homopolymer_run>=4
KPC3_415_0,23,1.98,0.091,0.553,0.757,0,0.626,0,
KPC3_415_1,23,-0.02,-0.296,0.505,1.143,0,0.421,1,motif_DG
KPC3_416_0,23,-1.02,0.117,0.285,1.371,0,0.237,1,motif_DP
KPC3_416_1,23,-0.02,-0.326,0.526,1.157,0,0.438,1,motif_DP
KPC3_417_0,23,2.01,-0.47,0.646,1.6,0,0.668,0,
KPC3_417_1,23,0.97,0.113,0.343,1.943,0,0.367,0,
KPC3_418_0,23,-0.02,0.765,0.095,1.8,0,0.079,1,homopolymer_run>=4
KPC3_418_1,23,-1.03,0.396,0.194,1.171,0,0.162,1,homopolymer_run>=4
KPC3_419_0,23,-0.02,0.922,0.398,1.671,0,0.331,0,
KPC3_419_1,23,0.98,0.33,0.627,1.414,0,0.581,0,
KPC3_420_0,28,-1.02,0.229,0.26,2.057,0,0.217,2,motif_DG;homopolymer_run>=4
KPC3_420_1,28,-2.02,0.171,0.189,1.3,0,0.157,1,homopolymer_run>=4
KPC3_421_0,28,-1.03,0.068,0.17,0.971,0,0.141,1,homopolymer_run>=4
KPC3_421_1,28,-1.02,0.25,0.156,0.971,0,0.13,1,homopolymer_run>=4
KPC3_422_0,28,-2.02,-0.079,0.644,1.829,0,0.5,0,
KPC3_422_1,28,-3.02,-0.643,0.693,1.829,0,0.5,0,
KPC3_423_0,28,-0.02,0.239,0.26,0.829,0,0.217,1,homopolymer_run>=4
KPC3_423_1,28,-0.02,-0.289,0.16,0.543,0,0.133,1,homopolymer_run>=4
KPC3_424_0,28,-6.02,0.039,0.249,2.343,0,0.208,0,
KPC3_424_1,28,-4.02,-0.525,0.407,2.086,0,0.339,0,
KPC3_425_0,28,-1.02,0.382,0.189,1.457,0,0.158,2,motif_NG;homopolymer_run>=4
KPC3_425_1,28,-0.02,0.393,0.291,1.143,0,0.242,2,motif_NG;homopolymer_run>=4
KPC3_426_0,28,-0.02,1.486,0.036,1.8,0,0.03,1,homopolymer_run>=4
KPC3_426_1,28,-0.02,1.564,0.036,1.8,0,0.03,1,homopolymer_run>=4
KPC3_427_0,28,-0.03,-0.736,0.615,-0.057,0,0.5,2,motif_DG;motif_DS
KPC3_427_1,28,0.97,-0.457,0.767,0.8,0,0.581,2,motif_DG;motif_DS
KPC3_428_0,28,-1.02,-0.639,0.454,-0.014,0,0.379,2,motif_DG;homopolymer_run>=4
KPC3_428_1,28,-2.02,-0.546,0.262,0.057,0,0.219,2,motif_DG;homopolymer_run>=4
KPC3_429_0,28,-2.99,-0.911,0.443,0.2,0,0.369,2,motif_NG;motif_DP
KPC3_429_1,28,-3.02,-0.761,0.461,1.657,0,0.384,2,motif_NG;motif_DP
KPC3_430_0,22,-0.03,0.464,0.218,1.171,0,0.181,1,homopolymer_run>=4
KPC3_430_1,22,-1.02,0.845,0.228,1.457,0,0.19,1,homopolymer_run>=4
KPC3_431_0,22,0.98,0.273,0.271,1.771,0,0.307,1,homopolymer_run>=4
KPC3_431_1,22,-1.02,-0.3,0.38,1.014,0,0.316,0,
KPC3_432_0,22,-1.02,0.159,0.205,0.571,0,0.17,2,motif_DP;homopolymer_run>=4
KPC3_432_1,22,-1.02,-0.027,0.217,0.886,0,0.181,3,motif_NG;motif_DP;homopolymer_run>=4
KPC3_433_0,22,0.98,-0.768,0.366,-0.557,0,0.386,1,homopolymer_run>=4
KPC3_433_1,22,-0.02,0.218,0.144,1.029,0,0.12,0,
KPC3_434_0,22,1.97,-0.905,0.492,0.057,0,0.575,1,motif_DP
KPC3_434_1,22,0.97,-0.932,0.259,0.986,0,0.297,1,motif_DP
KPC3_435_0,22,1.98,-0.518,0.362,0.1,0,0.467,1,homopolymer_run>=4
KPC3_435_1,22,0.97,-0.627,0.242,0.057,0,0.283,1,homopolymer_run>=4
KPC3_436_0,22,-4.02,-0.195,0.445,0.9,0,0.371,1,N-term_Q/E(pyroglutamate)
KPC3_436_1,22,-1.02,0.209,0.378,1.4,0,0.315,0,
KPC3_437_0,22,-1.02,0.65,0.638,2.086,0,0.5,1,homopolymer_run>=4
KPC3_437_1,22,-1.02,0.305,0.61,1.714,0,0.5,1,homopolymer_run>=4
KPC3_438_0,22,-3.02,0.468,0.456,1.257,0,0.38,1,homopolymer_run>=4
KPC3_438_1,22,-3.02,-0.136,0.533,0.786,0,0.444,1,homopolymer_run>=4
KPC3_439_0,22,-0.02,1.455,0.106,1.8,0,0.089,1,homopolymer_run>=4
KPC3_439_1,22,-0.02,1.291,0.081,1.8,0,0.067,1,homopolymer_run>=4
KPC3_440_0,42,-3.03,-0.326,0.659,2.143,0,0.5,2,motif_NG;motif_DG
KPC3_440_1,42,-2.03,0.157,0.374,2.586,0,0.312,1,motif_DG
KPC3_441_0,42,-2.03,-0.714,0.449,1.143,0,0.374,3,motif_DG;motif_DP;homopolymer_run>=4
KPC3_441_1,42,-1.03,-0.674,0.526,0.886,0,0.438,2,motif_DG;homopolymer_run>=4
KPC3_442_0,42,-4.02,-0.093,0.373,0.786,0,0.311,1,motif_DG
KPC3_442_1,42,-2.02,-0.152,0.345,0.7,0,0.288,2,motif_DP;homopolymer_run>=4
KPC3_443_0,42,-0.02,1.388,0.152,1.8,0,0.126,1,homopolymer_run>=4
KPC3_443_1,42,-0.02,1.221,0.153,1.8,0,0.128,1,homopolymer_run>=4
KPC3_444_0,42,-0.02,-0.157,0.485,0.914,0,0.404,0,
KPC3_444_1,42,-0.02,-0.074,0.598,0.5,0,0.498,0,
KPC3_445_0,42,-1.02,0.357,0.222,1.514,0,0.185,2,motif_DP;homopolymer_run>=4
KPC3_445_1,42,-1.03,0.155,0.202,1.343,0,0.168,2,motif_DP;homopolymer_run>=4
KPC3_446_0,42,-4.98,-0.514,0.679,1.086,0,0.5,0,
KPC3_446_1,42,-3.99,-0.667,0.679,0.529,0,0.5,0,
KPC3_447_0,42,-4.03,-0.329,0.632,1.786,0,0.5,0,
KPC3_447_1,42,-3.02,-0.317,0.452,1.829,0,0.377,0,
KPC3_448_0,42,-3.99,-0.576,0.481,1.943,0,0.401,0,
KPC3_448_1,42,-4.98,0.314,0.64,2.529,0,0.5,0,
KPC3_449_0,42,-2.99,0.033,0.398,1.657,0,0.332,2,N-term_Met(ox);motif_DG
KPC3_449_1,42,-5.03,0.138,0.443,2.429,0,0.369,3,N-term_Met(ox);motif_DG;homopolymer_run>=4
KPC3_450_0,29,-5.02,-0.607,0.224,1.014,0,0.187,1,homopolymer_run>=4
KPC3_450_1,29,-5.02,-0.976,0.29,0.257,0,0.242,1,homopolymer_run>=4
KPC3_451_0,29,-2.03,0.848,0.289,1.657,0,0.24,2,motif_DP;homopolymer_run>=4
KPC3_451_1,29,-3.02,0.914,0.277,2.571,0,0.231,2,motif_DP;homopolymer_run>=4
KPC3_452_0,29,-0.02,0.4,0.384,1.886,0,0.32,0,
KPC3_452_1,29,-1.02,0.324,0.569,1.886,0,0.474,1,N-term_Met(ox)
KPC3_453_0,29,-1.02,-0.121,0.417,0.686,0,0.347,1,homopolymer_run>=4
KPC3_453_1,29,-0.02,-0.303,0.461,0.257,0,0.384,1,homopolymer_run>=4
KPC3_454_0,29,-0.03,-0.131,0.608,1.229,0,0.5,2,N-term_Q/E(pyroglutamate);motif_NG
KPC3_454_1,29,0.97,0.169,0.656,1.114,0,0.581,0,
KPC3_455_0,29,-0.02,1.328,0.185,1.829,0,0.154,1,homopolymer_run>=4
KPC3_455_1,29,-0.02,1.648,0.062,2.114,0,0.052,1,homopolymer_run>=4
KPC3_456_0,29,-0.03,-0.772,0.539,0.557,0,0.449,0,
KPC3_456_1,29,-0.03,-1.441,0.422,0.114,0,0.351,0,
KPC3_457_0,29,-0.02,0.272,0.166,1.6,0,0.138,1,homopolymer_run>=4
KPC3_457_1,29,-0.02,0.462,0.099,1.8,0,0.083,1,homopolymer_run>=4
KPC3_458_0,29,-1.03,-0.7,0.55,0.229,0,0.458,3,motif_DG;motif_DP;homopolymer_run>=4
KPC3_458_1,29,-2.02,-0.741,0.415,0.514,0,0.346,2,motif_DG;homopolymer_run>=4
KPC3_459_0,29,0.98,-0.228,0.376,0.529,0,0.394,2,motif_DG;homopolymer_run>=4
KPC3_459_1,29,-0.03,-0.534,0.197,0.529,0,0.164,2,motif_DG;homopolymer_run>=4
KPC3_460_0,14,0.98,-0.557,0.637,-0.414,0,0.581,0,
KPC3_460_1,14,-1.02,-0.421,0.498,0.557,0,0.415,0,
KPC3_461_0,14,-1.03,-0.607,0.459,1.786,0,0.383,0,
KPC3_461_1,14,0.97,-0.843,0.426,1.543,0,0.436,0,
KPC3_462_0,14,-0.03,-0.05,0.302,1.143,0,0.252,0,
KPC3_462_1,14,0.97,0.307,0.231,1.157,0,0.274,0,
KPC3_463_0,14,-2.02,-0.8,0.298,-0.414,0,0.249,0,
KPC3_463_1,14,-0.02,0.529,0.07,1.371,0,0.058,0,
KPC3_464_0,14,-1.02,-0.557,0.438,1.514,0,0.365,0,
KPC3_464_1,14,-3.02,-0.779,0.386,0.929,0,0.322,0,
KPC3_465_0,14,0.98,0.907,0.446,1.757,0,0.453,1,N-term_Q/E(pyroglutamate)
KPC3_465_1,14,1.98,1.129,0.377,2.429,0,0.479,1,homopolymer_run>=4
KPC3_466_0,14,-1.03,-0.564,0.204,0.029,0,0.17,0,
KPC3_466_1,14,-1.03,-0.564,0.204,0.029,0,0.17,0,
KPC3_467_0,14,-0.02,0.371,0.059,1.143,0,0.05,1,homopolymer_run>=4
KPC3_467_1,14,-0.02,0.4,0.051,1.2,0,0.043,1,homopolymer_run>=4
KPC3_468_0,14,0.97,-0.25,0.344,0.543,0,0.368,1,motif_NG
KPC3_468_1,14,1.97,-0.4,0.408,-0.157,0,0.504,1,motif_NG
KPC3_469_0,14,0.98,0.386,0.4,0.8,0,0.414,1,homopolymer_run>=4
KPC3_469_1,14,0.98,0.686,0.4,0.8,0,0.414,1,homopolymer_run>=4
KPC3_470_0,15,-0.02,-0.027,0.279,0.857,0,0.232,1,motif_DP
KPC3_470_1,15,0.98,-0.087,0.308,0.171,0,0.338,0,
KPC3_471_0,15,1.98,-0.433,0.52,0.843,0,0.598,2,motif_DP;homopolymer_run>=4
KPC3_471_1,15,1.98,-0.24,0.466,0.586,0,0.553,0,
KPC3_472_0,15,2.97,-0.74,0.567,0.471,0,0.72,0,
KPC3_472_1,15,2.97,0.333,0.469,1.9,0,0.639,0,
KPC3_473_0,15,-2.03,-0.427,0.405,0.3,0,0.337,0,
KPC3_473_1,15,-1.03,-0.573,0.263,1.029,0,0.22,0,
KPC3_474_0,15,-0.03,0.253,0.11,0.671,0,0.092,1,homopolymer_run>=4
KPC3_474_1,15,-0.03,0.16,0.194,0.743,0,0.162,1,homopolymer_run>=4
KPC3_475_0,15,-0.02,-0.307,0.078,0.229,0,0.065,1,homopolymer_run>=4
KPC3_475_1,15,-0.02,0.14,0.098,0.829,0,0.081,1,homopolymer_run>=4
KPC3_476_0,15,-1.02,1.08,0.211,1.8,0,0.176,0,
KPC3_476_1,15,0.98,0.3,0.338,1.8,0,0.363,0,
KPC3_477_0,15,-0.02,0.5,0.229,1.186,0,0.19,0,
KPC3_477_1,15,-0.02,0.62,0.212,1.086,0,0.177,0,
KPC3_478_0,15,1.98,0.267,0.697,0.6,0,0.665,1,homopolymer_run>=4
KPC3_478_1,15,1.98,0.267,0.697,0.6,0,0.665,1,homopolymer_run>=4
KPC3_479_0,15,1.98,0.527,0.459,1.8,0,0.547,1,homopolymer_run>=4
KPC3_479_1,15,0.98,1.04,0.382,1.486,0,0.4,1,homopolymer_run>=4
KPC3_480_0,38,-2.02,-0.471,0.282,1.029,0,0.235,2,motif_DP;motif_NS
KPC3_480_1,38,-0.03,-0.353,0.277,0.943,0,0.231,3,motif_DP;motif_NS;homopolymer_run>=4
KPC3_481_0,38,-3.02,0.418,0.276,1.743,0,0.23,1,homopolymer_run>=4
KPC3_481_1,38,-3.02,0.155,0.461,1.514,0,0.384,2,motif_NG;homopolymer_run>=4
KPC3_482_0,38,-1.02,0.297,0.179,1.571,0,0.149,2,motif_DG;homopolymer_run>=4
KPC3_482_1,38,-0.02,0.232,0.118,0.971,0,0.098,1,homopolymer_run>=4
KPC3_483_0,38,-4.02,0.032,0.425,1.857,0,0.354,2,motif_DG;motif_DP
KPC3_483_1,38,-7.02,-0.276,0.72,1.957,0,0.5,2,motif_DG;motif_DP
KPC3_484_0,38,-2.02,0.318,0.436,1.8,0,0.363,3,N-term_Met(ox);motif_DG;motif_DP
KPC3_484_1,38,-2.03,0.395,0.431,1.829,0,0.359,2,motif_DG;motif_DP
KPC3_485_0,38,-0.02,0.784,0.158,1.871,0,0.132,1,homopolymer_run>=4
KPC3_485_1,38,-0.02,0.408,0.145,1.071,0,0.12,1,homopolymer_run>=4
KPC3_486_0,38,-5.98,-0.179,0.276,1.514,0,0.23,1,motif_DP
KPC3_486_1,38,-1.99,-0.289,0.521,1.514,0,0.434,2,N-term_Met(ox);motif_DP
KPC3_487_0,38,-1.03,-0.771,0.637,2.2,0,0.5,0,
KPC3_487_1,38,-1.03,-1.271,0.717,-0.129,0,0.5,1,N-term_Q/E(pyroglutamate)
KPC3_488_0,38,-4.02,0.155,0.232,1.171,0,0.193,1,homopolymer_run>=4
KPC3_488_1,38,-1.03,0.145,0.252,1.743,0,0.21,1,homopolymer_run>=4
KPC3_489_0,38,-1.99,-0.016,0.441,1.471,0,0.367,1,homopolymer_run>=4
KPC3_489_1,38,1.01,-0.571,0.286,0.771,0,0.322,2,motif_NG;homopolymer_run>=4
KPC3_490_0,15,-1.02,-0.047,0.133,0.357,0,0.111,0,
KPC3_490_1,15,-0.02,0.047,0.182,0.171,0,0.151,0,
KPC3_491_0,15,-0.02,0.32,0.062,0.829,0,0.052,1,homopolymer_run>=4
KPC3_491_1,15,-0.02,0.053,0.062,0.571,0,0.052,1,homopolymer_run>=4
KPC3_492_0,15,0.97,-0.0,0.35,0.543,0,0.373,0,
KPC3_492_1,15,0.98,0.14,0.359,1.129,0,0.38,0,
KPC3_493_0,15,-1.03,-0.913,0.188,0.414,0,0.156,1,motif_NG
KPC3_493_1,15,-1.03,-0.94,0.174,0.357,0,0.145,1,motif_NG
KPC3_494_0,15,-0.02,-0.927,0.472,-0.329,0,0.394,2,motif_NG;homopolymer_run>=4
KPC3_494_1,15,-0.02,-0.833,0.456,0.043,0,0.38,1,motif_NG
KPC3_495_0,15,-0.02,1.753,0.067,2.086,0,0.056,1,homopolymer_run>=4
KPC3_495_1,15,0.98,1.38,0.296,1.8,0,0.328,1,homopolymer_run>=4
KPC3_496_0,15,-0.02,-0.427,0.31,0.1,0,0.258,0,
KPC3_496_1,15,-0.02,-0.327,0.367,0.1,0,0.306,1,homopolymer_run>=4
KPC3_497_0,15,0.97,0.707,0.253,2.086,0,0.292,0,
KPC3_497_1,15,-1.02,1.273,0.165,2.714,0,0.137,1,motif_DG
KPC3_498_0,15,-0.02,1.433,0.396,2.714,0,0.33,0,
KPC3_498_1,15,0.97,1.287,0.413,2.714,0,0.425,1,N-term_Met(ox)
KPC3_499_0,15,-2.02,-0.507,0.247,0.771,0,0.206,0,
KPC3_499_1,15,-3.02,-0.813,0.214,0.129,0,0.179,0,
KPC3_500_0,36,-4.02,-0.081,0.572,1.829,0,0.477,1,homopolymer_run>=4
KPC3_500_1,36,-5.02,0.169,0.568,1.829,0,0.473,1,homopolymer_run>=4
KPC3_501_0,36,0.01,-0.286,0.207,0.286,0,0.174,1,homopolymer_run>=4
KPC3_501_1,36,-1.02,0.206,0.21,0.943,0,0.175,1,homopolymer_run>=4
KPC3_502_0,36,-0.02,-0.45,0.798,0.7,0,0.5,0,
KPC3_502_1,36,-4.02,-0.767,0.786,0.7,0,0.5,0,
KPC3_503_0,36,-3.98,0.358,0.447,1.486,0,0.372,1,homopolymer_run>=4
KPC3_503_1,36,-0.95,-0.217,0.425,2.243,0,0.354,1,homopolymer_run>=4
KPC3_504_0,36,-2.03,-0.886,0.402,0.2,0,0.335,1,motif_DP
KPC3_504_1,36,-3.02,-1.383,0.595,-0.271,0,0.496,1,motif_DP
KPC3_505_0,36,-0.99,-0.869,0.55,0.943,0,0.458,1,motif_NG
KPC3_505_1,36,-0.99,-0.703,0.622,1.471,0,0.5,0,
KPC3_506_0,36,-2.02,-0.617,0.592,0.614,0,0.493,2,N-term_Q/E(pyroglutamate);homopolymer_run>=4
KPC3_506_1,36,1.97,-1.022,0.631,0.586,0,0.664,2,N-term_Q/E(pyroglutamate);homopolymer_run>=4
KPC3_507_0,36,-1.02,0.467,0.33,1.614,0,0.275,1,homopolymer_run>=4
KPC3_507_1,36,-0.03,0.161,0.428,1.357,0,0.356,1,homopolymer_run>=4
KPC3_508_0,36,0.01,-0.45,0.466,1.5,0,0.389,1,motif_DG
KPC3_508_1,36,0.01,-0.581,0.646,1.671,0,0.501,1,motif_DG
KPC3_509_0,36,-4.03,-0.464,0.547,0.557,0,0.456,0,
KPC3_509_1,36,-1.03,-0.8,0.711,0.929,0,0.5,1,N-term_Q/E(pyroglutamate)
KPC3_510_0,24,-2.02,0.333,0.415,1.529,0,0.346,0,
KPC3_510_1,24,-1.02,0.483,0.439,1.614,0,0.366,0,
KPC3_511_0,24,-0.02,0.271,0.284,1.243,0,0.237,3,N-term_Q/E(pyroglutamate);motif_NG;homopolymer_run>=4
KPC3_511_1,24,-1.02,-0.229,0.294,1.071,0,0.245,3,N-term_Q/E(pyroglutamate);motif_NG;homopolymer_run>=4
KPC3_512_0,24,-1.02,-0.25,0.387,1.571,0,0.322,0,
KPC3_512_1,24,0.97,-0.263,0.363,1.114,0,0.384,0,
KPC3_513_0,24,0.98,-0.171,0.243,1.786,0,0.284,2,motif_NS;homopolymer_run>=4
KPC3_513_1,24,-0.02,0.017,0.346,1.357,0,0.289,1,homopolymer_run>=4
KPC3_514_0,24,1.98,0.629,0.288,2.343,0,0.404,1,homopolymer_run>=4
KPC3_514_1,24,1.98,0.267,0.283,1.9,0,0.4,1,homopolymer_run>=4
KPC3_515_0,24,-1.02,0.096,0.329,0.8,0,0.274,2,motif_DG;homopolymer_run>=4
KPC3_515_1,24,-0.02,0.175,0.256,1.157,0,0.213,0,
KPC3_516_0,24,-3.03,-0.767,0.339,0.914,0,0.283,2,N-term_Q/E(pyroglutamate);motif_DP
KPC3_516_1,24,-5.03,-0.7,0.274,0.886,0,0.228,1,N-term_Q/E(pyroglutamate)
KPC3_517_0,24,-1.02,-0.288,0.174,0.514,0,0.145,2,motif_DP;homopolymer_run>=4
KPC3_517_1,24,-0.02,-0.142,0.112,0.514,0,0.093,1,homopolymer_run>=4
KPC3_518_0,24,-0.99,-1.079,0.682,-0.2,0,0.5,1,motif_DG
KPC3_518_1,24,-0.99,-1.033,0.682,-0.329,0,0.5,1,motif_DG
KPC3_519_0,24,-0.03,0.154,0.334,0.914,0,0.279,0,
KPC3_519_1,24,-0.03,0.933,0.408,2.429,0,0.34,0,
KPC3_520_0,30,-3.03,-0.373,0.299,0.943,0,0.249,2,motif_DG;homopolymer_run>=4
KPC3_520_1,30,-1.99,-0.137,0.296,1.314,0,0.247,2,motif_DS;homopolymer_run>=4
KPC3_521_0,30,-3.03,0.013,0.238,1.543,0,0.198,1,motif_DG
KPC3_521_1,30,-3.02,0.423,0.152,1.486,0,0.127,0,
KPC3_522_0,30,-3.02,0.073,0.417,1.814,0,0.348,1,motif_NG
KPC3_522_1,30,-3.03,0.21,0.493,1.914,0,0.411,2,N-term_Q/E(pyroglutamate);motif_NG
KPC3_523_0,30,-3.02,0.05,0.481,2.114,0,0.401,0,
KPC3_523_1,30,-4.03,-0.153,0.356,1.386,0,0.297,0,
KPC3_524_0,30,-0.03,-0.48,0.507,0.843,0,0.423,0,
KPC3_524_1,30,-0.03,-0.48,0.348,0.9,0,0.29,0,
KPC3_525_0,30,-1.03,-0.253,0.367,1.171,0,0.306,0,
KPC3_525_1,30,0.97,-0.213,0.424,0.843,0,0.434,0,
KPC3_526_0,30,-2.02,-0.777,0.565,0.814,0,0.471,0,
KPC3_526_1,30,-0.02,-0.81,0.762,0.771,0,0.5,0,
KPC3_527_0,30,0.98,0.047,0.548,2.686,0,0.538,1,motif_DG
KPC3_527_1,30,2.01,0.377,0.372,2.057,0,0.478,0,
KPC3_528_0,30,-2.03,0.153,0.372,1.014,0,0.31,0,
KPC3_528_1,30,-1.03,0.21,0.39,1.014,0,0.325,0,
KPC3_529_0,30,-3.03,-0.72,0.565,2.2,0,0.471,0,
KPC3_529_1,30,-2.03,-0.837,0.511,2.514,0,0.426,0,
KPC3_530_0,39,-1.03,-1.313,0.535,1.071,0,0.446,0,
KPC3_530_1,39,-0.03,-1.013,0.578,1.071,0,0.481,1,motif_DP
KPC3_531_0,39,1.97,-0.136,0.462,2.343,0,0.549,2,motif_DG;motif_DP
KPC3_531_1,39,1.97,-0.795,0.635,0.386,0,0.664,2,motif_DG;motif_DP
KPC3_532_0,39,-0.02,1.531,0.124,1.8,0,0.104,2,N-term_Q/E(pyroglutamate);homopolymer_run>=4
KPC3_532_1,39,-0.02,1.828,0.062,1.957,0,0.052,2,N-term_Met(ox);homopolymer_run>=4
KPC3_533_0,39,0.97,-1.021,0.534,1.486,0,0.526,0,
KPC3_533_1,39,-3.03,-0.764,0.749,1.429,0,0.5,1,N-term_Q/E(pyroglutamate)
KPC3_534_0,39,-3.99,-0.19,0.536,1.071,0,0.447,0,
KPC3_534_1,39,-1.99,-0.341,0.534,1.8,0,0.445,0,
KPC3_535_0,39,-3.02,0.226,0.225,1.229,0,0.187,1,homopolymer_run>=4
KPC3_535_1,39,-1.02,0.174,0.202,1.271,0,0.168,1,homopolymer_run>=4
KPC3_536_0,39,-2.02,0.749,0.537,1.914,0,0.448,2,N-term_Met(ox);homopolymer_run>=4
KPC3_536_1,39,-1.02,1.087,0.251,2.814,0,0.209,2,N-term_Met(ox);homopolymer_run>=4
KPC3_537_0,39,-2.03,0.038,0.555,2.486,0,0.463,1,motif_DP
KPC3_537_1,39,-0.03,0.003,0.606,2.771,0,0.5,0,
KPC3_538_0,39,-0.03,1.113,0.338,2.143,0,0.281,1,homopolymer_run>=4
KPC3_538_1,39,-4.02,0.526,0.495,1.8,0,0.412,1,homopolymer_run>=4
KPC3_539_0,39,-4.02,1.072,0.352,1.943,0,0.293,1,homopolymer_run>=4
KPC3_539_1,39,-1.02,1.308,0.197,2.143,0,0.164,1,homopolymer_run>=4
KPC3_540_0,22,-0.02,1.027,0.269,2.586,0,0.224,1,homopolymer_run>=4
KPC3_540_1,22,0.98,0.659,0.452,2.2,0,0.458,1,homopolymer_run>=4
KPC3_541_0,22,-1.02,0.032,0.582,0.786,0,0.485,0,
KPC3_541_1,22,-1.02,1.186,0.152,2.443,0,0.126,1,homopolymer_run>=4
KPC3_542_0,22,-1.02,-0.164,0.425,0.857,0,0.354,0,
KPC3_542_1,22,-5.02,0.109,0.392,0.857,0,0.327,0,
KPC3_543_0,22,0.97,0.15,0.294,1.529,0,0.326,1,homopolymer_run>=4
KPC3_543_1,22,-0.03,-0.114,0.327,1.529,0,0.272,1,motif_NG
KPC3_544_0,22,-1.02,0.082,0.184,0.543,0,0.153,1,homopolymer_run>=4
KPC3_544_1,22,-2.02,-0.391,0.49,0.314,0,0.408,1,homopolymer_run>=4
KPC3_545_0,22,-2.98,-0.95,0.575,0.243,0,0.479,0,
KPC3_545_1,22,-0.98,-0.745,0.473,0.771,0,0.394,1,motif_NG
KPC3_546_0,22,-0.02,-0.964,0.261,0.571,0,0.218,1,homopolymer_run>=4
KPC3_546_1,22,0.98,0.423,0.277,1.8,0,0.312,1,homopolymer_run>=4
KPC3_547_0,22,0.97,0.923,0.403,2.429,0,0.417,0,
KPC3_547_1,22,1.97,0.3,0.623,1.5,0,0.665,1,homopolymer_run>=4
KPC3_548_0,22,-4.02,-1.323,0.724,-0.129,0,0.5,0,
KPC3_548_1,22,-4.02,-1.141,0.644,-0.129,0,0.5,0,
KPC3_549_0,22,2.01,-1.455,0.322,1.643,0,0.436,1,homopolymer_run>=4
KPC3_549_1,22,0.97,-1.118,0.435,1.6,0,0.443,1,motif_DS
KPC3_550_0,17,-0.02,-0.753,0.222,-0.029,0,0.185,2,motif_DS;homopolymer_run>=4
KPC3_550_1,17,0.98,-0.571,0.226,0.286,0,0.27,1,homopolymer_run>=4
KPC3_551_0,17,-2.02,-0.794,0.416,0.586,0,0.347,0,
KPC3_551_1,17,-2.02,-0.753,0.443,0.686,0,0.369,0,
KPC3_552_0,17,-0.03,-0.753,0.105,-0.257,0,0.088,0,
KPC3_552_1,17,-1.03,-1.282,0.265,-1.071,0,0.221,1,motif_DP
KPC3_553_0,17,-1.02,-0.118,0.668,0.829,0,0.5,0,
KPC3_553_1,17,0.98,-0.176,0.668,0.829,0,0.581,0,
KPC3_554_0,17,-2.02,1.059,0.208,2.371,0,0.173,1,homopolymer_run>=4
KPC3_554_1,17,-2.02,0.571,0.222,2.429,0,0.185,1,motif_NS
KPC3_555_0,17,-0.02,-0.612,0.574,0.771,0,0.478,1,motif_NG
KPC3_555_1,17,0.98,-0.3,0.564,0.771,0,0.552,1,motif_NG
KPC3_556_0,17,0.98,-0.865,0.757,-0.186,0,0.581,0,
KPC3_556_1,17,-0.02,-0.006,0.498,1.171,0,0.415,0,
KPC3_557_0,17,-0.02,-0.006,0.314,0.557,0,0.262,1,homopolymer_run>=4
KPC3_557_1,17,-0.02,0.165,0.235,1.0,0,0.195,1,homopolymer_run>=4
KPC3_558_0,17,0.98,-0.994,0.43,-0.414,0,0.439,0,
KPC3_558_1,17,1.97,-0.618,0.265,-0.043,0,0.385,0,
KPC3_559_0,17,-0.02,1.576,0.249,2.486,0,0.208,1,homopolymer_run>=4
KPC3_559_1,17,-0.02,1.265,0.281,2.329,0,0.234,0,
KPC3_560_0,24,-3.02,-0.604,0.577,1.1,0,0.481,2,N-term_Q/E(pyroglutamate);motif_NG
KPC3_560_1,24,-1.02,0.321,0.688,1.2,0,0.5,0,
KPC3_561_0,24,-1.03,0.546,0.194,1.457,0,0.161,1,homopolymer_run>=4
KPC3_561_1,24,-0.03,0.417,0.156,1.457,0,0.13,0,
KPC3_562_0,24,-0.02,0.287,0.143,1.529,0,0.119,0,
KPC3_562_1,24,-0.02,0.471,0.137,1.529,0,0.114,0,
KPC3_563_0,24,-3.02,-0.317,0.333,1.186,0,0.277,0,
KPC3_563_1,24,-1.02,0.221,0.52,1.943,0,0.433,1,homopolymer_run>=4
KPC3_564_0,24,-2.03,0.179,0.272,1.629,0,0.227,0,
KPC3_564_1,24,-2.03,0.112,0.372,1.014,0,0.31,0,
KPC3_565_0,24,-3.02,-1.213,0.338,-0.2,0,0.281,1,motif_NS
KPC3_565_1,24,-0.02,-0.817,0.348,0.557,0,0.29,0,
KPC3_566_0,24,0.98,0.262,0.328,1.171,0,0.354,1,homopolymer_run>=4
KPC3_566_1,24,1.97,-0.317,0.246,1.171,0,0.369,1,homopolymer_run>=4
KPC3_567_0,24,-0.02,-0.05,0.488,0.886,0,0.407,1,motif_DP
KPC3_567_1,24,-0.02,0.112,0.519,1.371,0,0.433,1,motif_DP
KPC3_568_0,24,-0.02,0.212,0.058,0.829,0,0.049,1,homopolymer_run>=4
KPC3_568_1,24,-0.02,0.008,0.049,0.543,0,0.041,1,homopolymer_run>=4
KPC3_569_0,24,0.98,-0.638,0.367,1.743,0,0.387,1,motif_DP
KPC3_569_1,24,-0.02,-0.375,0.468,1.743,0,0.39,1,motif_DP
KPC3_570_0,22,-0.03,-1.332,0.408,-0.343,0,0.34,1,motif_DG
KPC3_570_1,22,1.97,-1.05,0.521,0.243,0,0.599,0,
KPC3_571_0,22,1.97,-0.645,0.406,1.9,0,0.502,1,homopolymer_run>=4
KPC3_571_1,22,-0.02,0.245,0.384,2.657,0,0.32,0,
KPC3_572_0,22,0.97,0.036,0.27,0.857,0,0.306,1,homopolymer_run>=4
KPC3_572_1,22,-1.02,0.195,0.12,1.171,0,0.1,1,homopolymer_run>=4
KPC3_573_0,22,0.97,-0.386,0.211,0.214,0,0.257,0,
KPC3_573_1,22,-0.02,-0.018,0.207,0.586,0,0.172,0,
KPC3_574_0,22,-0.02,0.991,0.072,2.114,0,0.06,1,homopolymer_run>=4
KPC3_574_1,22,-0.02,1.014,0.277,2.086,0,0.231,0,
KPC3_575_0,22,-0.03,-1.6,0.47,0.229,0,0.392,0,
KPC3_575_1,22,-0.03,-1.227,0.295,0.729,0,0.245,0,
KPC3_576_0,22,-1.03,0.282,0.151,1.614,0,0.126,1,homopolymer_run>=4
KPC3_576_1,22,-1.02,0.65,0.102,1.329,0,0.085,1,homopolymer_run>=4
KPC3_577_0,22,-2.02,-0.064,0.539,1.571,0,0.449,0,
KPC3_577_1,22,-3.02,0.355,0.538,1.586,0,0.448,1,motif_DP
KPC3_578_0,22,-0.02,-0.468,0.403,1.971,0,0.336,2,motif_DG;motif_DP
KPC3_578_1,22,-1.99,-0.045,0.221,2.3,0,0.184,2,motif_DG;motif_DS
KPC3_579_0,22,-3.03,-1.027,0.29,-0.514,0,0.242,0,
KPC3_579_1,22,-2.03,-0.345,0.236,0.729,0,0.196,0,
KPC3_580_0,27,-0.02,0.667,0.111,1.886,0,0.093,1,homopolymer_run>=4
KPC3_580_1,27,-0.02,0.541,0.108,2.229,0,0.09,1,homopolymer_run>=4
KPC3_581_0,27,-3.03,-0.541,0.451,1.429,0,0.376,0,
KPC3_581_1,27,-3.03,-0.659,0.451,1.429,0,0.376,0,
KPC3_582_0,27,-0.03,-0.4,0.445,1.043,0,0.371,0,
KPC3_582_1,27,-0.03,-0.496,0.459,1.371,0,0.382,0,
KPC3_583_0,27,-2.02,-0.526,0.609,0.314,0,0.5,1,motif_DG
KPC3_583_1,27,-2.02,-0.559,0.444,0.671,0,0.37,1,motif_DG
KPC3_584_0,27,-1.02,1.133,0.165,2.371,0,0.138,1,homopolymer_run>=4
KPC3_584_1,27,-1.02,0.985,0.181,2.143,0,0.151,1,homopolymer_run>=4
KPC3_585_0,27,-1.02,-0.2,0.181,0.929,0,0.151,0,
KPC3_585_1,27,0.98,0.348,0.322,1.786,0,0.35,1,homopolymer_run>=4
KPC3_586_0,27,-0.02,1.374,0.245,3.286,0,0.204,0,
KPC3_586_1,27,-1.02,0.893,0.159,2.371,0,0.132,2,motif_DP;homopolymer_run>=4
KPC3_587_0,27,-0.03,0.396,0.491,1.043,0,0.409,1,motif_NS
KPC3_587_1,27,-1.02,0.781,0.427,1.857,0,0.356,0,
KPC3_588_0,27,-0.03,-0.063,0.072,0.571,0,0.06,1,homopolymer_run>=4
KPC3_588_1,27,-0.02,0.393,0.102,1.371,0,0.085,1,homopolymer_run>=4
KPC3_589_0,27,0.01,1.093,0.135,1.9,0,0.113,1,homopolymer_run>=4
KPC3_589_1,27,-2.98,0.137,0.587,1.243,0,0.49,1,N-term_Q/E(pyroglutamate)
KPC3_590_0,30,-1.02,0.873,0.111,1.514,0,0.092,0,
KPC3_590_1,30,0.97,0.177,0.391,1.186,0,0.407,1,homopolymer_run>=4
KPC3_591_0,30,-2.02,0.107,0.479,1.357,0,0.399,1,homopolymer_run>=4
KPC3_591_1,30,-4.02,0.1,0.434,1.357,0,0.362,1,homopolymer_run>=4
KPC3_592_0,30,-0.02,0.293,0.326,1.8,0,0.271,1,homopolymer_run>=4
KPC3_592_1,30,-0.02,0.56,0.22,1.8,0,0.183,2,motif_DP;homopolymer_run>=4
KPC3_593_0,30,-0.03,-0.31,0.57,1.186,0,0.475,1,motif_DG
KPC3_593_1,30,-3.02,-0.223,0.514,1.186,0,0.428,1,motif_DG
KPC3_594_0,30,-1.03,-1.13,0.542,0.771,0,0.451,1,motif_NS
KPC3_594_1,30,-3.99,-0.467,0.456,1.671,0,0.38,1,motif_NS
KPC3_595_0,30,-3.02,0.36,0.601,1.771,0,0.5,0,
KPC3_595_1,30,-3.02,0.243,0.588,1.371,0,0.49,0,
KPC3_596_0,30,-1.03,-0.01,0.248,1.1,0,0.206,0,
KPC3_596_1,30,-0.03,-0.173,0.336,1.657,0,0.28,0,
KPC3_597_0,30,-2.02,0.73,0.3,2.143,0,0.25,1,homopolymer_run>=4
KPC3_597_1,30,-1.02,-0.9,0.71,1.743,0,0.5,0,
KPC3_598_0,30,-2.03,0.04,0.406,1.057,0,0.339,0,
KPC3_598_1,30,-3.02,0.62,0.236,1.429,0,0.197,0,
KPC3_599_0,30,-2.03,-1.07,0.571,0.914,0,0.476,1,homopolymer_run>=4
KPC3_599_1,30,0.97,-0.767,0.589,0.443,0,0.572,1,homopolymer_run>=4
KPC3_600_0,20,-0.99,-1.045,0.513,-0.071,0,0.427,0,
KPC3_600_1,20,-0.03,-0.705,0.475,0.5,0,0.395,0,
KPC3_601_0,20,-0.02,-0.29,0.175,0.286,0,0.146,0,
KPC3_601_1,20,-0.03,-0.315,0.116,0.343,0,0.097,1,homopolymer_run>=4
KPC3_602_0,20,-0.02,-0.3,0.252,0.343,0,0.21,1,homopolymer_run>=4
KPC3_602_1,20,-2.02,-0.14,0.098,0.371,0,0.081,1,motif_DG
KPC3_603_0,20,-1.02,0.92,0.22,1.771,0,0.183,0,
KPC3_603_1,20,-1.02,0.89,0.139,1.457,0,0.116,0,
KPC3_604_0,20,-0.99,0.79,0.44,1.229,0,0.367,0,
KPC3_604_1,20,1.01,-0.63,0.519,0.586,0,0.517,0,
KPC3_605_0,20,-0.02,-0.29,0.071,0.171,0,0.059,1,homopolymer_run>=4
KPC3_605_1,20,-0.02,0.025,0.095,0.514,0,0.079,1,homopolymer_run>=4
KPC3_606_0,20,-1.02,0.815,0.516,2.429,0,0.43,1,homopolymer_run>=4
KPC3_606_1,20,-0.02,0.69,0.463,1.8,0,0.386,1,homopolymer_run>=4
KPC3_607_0,20,-0.02,-0.11,0.382,0.2,0,0.319,2,motif_DG;homopolymer_run>=4
KPC3_607_1,20,1.98,-0.27,0.488,0.514,0,0.572,0,
KPC3_608_0,20,0.97,0.39,0.328,1.257,0,0.354,0,
KPC3_608_1,20,1.98,0.52,0.4,2.043,0,0.498,0,
KPC3_609_0,20,-0.02,-0.125,0.282,1.371,0,0.235,2,N-term_Q/E(pyroglutamate);motif_NG
KPC3_609_1,20,-1.02,0.36,0.306,1.771,0,0.255,2,N-term_Q/E(pyroglutamate);motif_NG
KPC3_610_0,26,1.97,-1.723,0.424,-0.943,0,0.518,1,motif_NG
KPC3_610_1,26,2.97,-1.015,0.514,0.471,0,0.676,1,motif_NG
KPC3_611_0,26,-0.03,0.131,0.333,1.557,0,0.278,0,
KPC3_611_1,26,0.97,-0.5,0.485,1.143,0,0.486,2,N-term_Met(ox);motif_NS
KPC3_612_0,26,-3.03,-0.738,0.449,1.2,0,0.374,2,motif_NS;homopolymer_run>=4
KPC3_612_1,26,-4.02,-0.269,0.166,1.057,0,0.139,2,motif_NS;homopolymer_run>=4
KPC3_613_0,26,-2.02,0.531,0.456,1.057,0,0.38,1,homopolymer_run>=4
KPC3_613_1,26,-1.03,-0.958,0.354,1.2,0,0.295,0,
KPC3_614_0,26,-3.03,-0.462,0.473,0.814,0,0.394,1,motif_DP
KPC3_614_1,26,-6.02,-0.573,0.566,0.814,0,0.471,3,motif_DG;motif_DP;motif_NS
KPC3_615_0,26,-0.02,-0.062,0.119,0.5,0,0.099,1,homopolymer_run>=4
KPC3_615_1,26,-0.02,-0.127,0.198,0.229,0,0.165,1,homopolymer_run>=4
KPC3_616_0,26,0.98,0.765,0.747,2.657,0,0.581,1,N-term_Met(ox)
KPC3_616_1,26,-1.03,0.623,0.557,1.9,0,0.464,1,N-term_Met(ox)
KPC3_617_0,26,-3.02,-0.808,0.309,0.4,0,0.258,0,
KPC3_617_1,26,-0.03,-1.004,0.424,0.229,0,0.353,1,motif_DP
KPC3_618_0,26,-3.02,-0.823,0.476,0.129,0,0.396,1,homopolymer_run>=4
KPC3_618_1,26,-4.02,-0.285,0.216,0.8,0,0.18,1,homopolymer_run>=4
KPC3_619_0,26,-2.03,0.131,0.31,0.929,0,0.258,1,motif_DP
KPC3_619_1,26,-3.02,-0.181,0.31,0.929,0,0.259,2,N-term_Q/E(pyroglutamate);motif_DP
KPC3_620_0,25,-0.02,0.448,0.422,1.443,0,0.352,1,homopolymer_run>=4
KPC3_620_1,25,-2.02,0.184,0.286,1.414,0,0.238,0,
KPC3_621_0,25,-2.02,-0.484,0.295,0.371,0,0.246,2,motif_DG;homopolymer_run>=4
KPC3_621_1,25,-1.02,-0.1,0.162,1.0,0,0.135,2,motif_DG;homopolymer_run>=4
KPC3_622_0,25,-1.02,0.356,0.117,1.829,0,0.098,1,homopolymer_run>=4
KPC3_622_1,25,-0.02,0.96,0.107,1.971,0,0.09,1,homopolymer_run>=4
KPC3_623_0,25,-3.02,-0.976,0.471,-0.014,0,0.392,0,
KPC3_623_1,25,-4.02,-0.12,0.507,1.143,0,0.423,0,
KPC3_624_0,25,-5.02,-0.652,0.389,0.243,0,0.324,1,motif_DP
KPC3_624_1,25,-2.02,-0.228,0.402,0.557,0,0.335,1,motif_DP
KPC3_625_0,25,-0.02,0.22,0.423,1.029,0,0.352,1,homopolymer_run>=4
KPC3_625_1,25,-0.03,0.756,0.136,1.943,0,0.113,1,homopolymer_run>=4
KPC3_626_0,25,-2.99,-0.484,0.384,0.386,0,0.32,1,motif_DP
KPC3_626_1,25,-0.99,-0.576,0.477,0.386,0,0.398,1,motif_DP
KPC3_627_0,25,-2.02,0.744,0.131,1.8,0,0.109,2,motif_DG;homopolymer_run>=4
KPC3_627_1,25,-1.02,0.616,0.415,1.729,0,0.346,1,motif_DG
KPC3_628_0,25,-2.02,1.12,0.226,2.143,0,0.188,1,homopolymer_run>=4
KPC3_628_1,25,-1.02,0.992,0.229,1.943,0,0.191,2,motif_DP;homopolymer_run>=4
KPC3_629_0,25,1.97,0.004,0.606,1.6,0,0.664,0,
KPC3_629_1,25,0.97,-0.152,0.606,1.6,0,0.581,0,
KPC3_630_0,41,-6.02,-0.129,0.437,1.986,0,0.364,1,motif_DP
KPC3_630_1,41,-0.02,-0.041,0.553,2.443,0,0.461,1,motif_DP
KPC3_631_0,41,-2.02,0.707,0.281,1.8,0,0.234,1,homopolymer_run>=4
KPC3_631_1,41,-1.02,0.666,0.17,1.514,0,0.142,1,homopolymer_run>=4
KPC3_632_0,41,-3.02,0.271,0.263,1.571,0,0.219,1,homopolymer_run>=4
KPC3_632_1,41,-1.02,0.088,0.393,1.571,0,0.327,1,homopolymer_run>=4
KPC3_633_0,41,-1.03,-0.485,0.63,1.329,0,0.5,0,
KPC3_633_1,41,-4.03,-0.141,0.508,1.329,0,0.424,1,motif_DP
KPC3_634_0,41,0.98,1.283,0.411,2.086,0,0.424,1,homopolymer_run>=4
KPC3_634_1,41,-0.02,0.729,0.174,2.086,0,0.145,1,homopolymer_run>=4
KPC3_635_0,41,-0.03,0.137,0.353,1.329,0,0.294,2,motif_NG;homopolymer_run>=4
KPC3_635_1,41,-0.03,-0.493,0.615,0.871,0,0.5,2,motif_NG;homopolymer_run>=4
KPC3_636_0,41,-1.02,-0.268,0.301,0.757,0,0.251,3,motif_DG;motif_DS;homopolymer_run>=4
KPC3_636_1,41,-1.02,0.134,0.184,1.071,0,0.153,1,homopolymer_run>=4
KPC3_637_0,41,-0.99,-0.856,0.548,0.829,0,0.457,2,motif_NG;motif_DG
KPC3_637_1,41,-0.98,-0.356,0.58,0.886,0,0.483,2,motif_NG;motif_DG
KPC3_638_0,41,-2.02,0.134,0.289,1.886,0,0.241,1,homopolymer_run>=4
KPC3_638_1,41,0.97,0.539,0.233,1.886,0,0.276,1,homopolymer_run>=4
KPC3_639_0,41,1.97,-0.029,0.766,0.971,0,0.664,2,motif_NG;motif_DP
KPC3_639_1,41,0.97,0.224,0.749,1.843,0,0.581,2,motif_NG;motif_DP
KPC3_640_0,18,-0.03,0.383,0.463,1.357,0,0.386,1,homopolymer_run>=4
KPC3_640_1,18,-0.02,0.45,0.419,1.357,0,0.349,1,homopolymer_run>=4
KPC3_641_0,18,-2.03,-0.128,0.386,1.029,0,0.321,0,
KPC3_641_1,18,-2.03,0.739,0.365,2.443,0,0.304,1,homopolymer_run>=4
KPC3_642_0,18,-1.02,0.161,0.396,0.557,0,0.33,1,motif_DP
KPC3_642_1,18,-1.02,0.861,0.159,1.757,0,0.132,1,motif_DP
KPC3_643_0,18,0.98,0.744,0.375,1.571,0,0.394,0,
KPC3_643_1,18,0.98,0.867,0.501,1.6,0,0.499,0,
KPC3_644_0,18,-1.98,-0.678,0.424,0.214,0,0.353,0,
KPC3_644_1,18,-0.99,-0.039,0.468,0.971,0,0.39,0,
KPC3_645_0,18,-0.02,0.372,0.164,0.643,0,0.137,0,
KPC3_645_1,18,-0.02,0.844,0.206,0.986,0,0.172,0,
KPC3_646_0,18,-1.03,0.406,0.262,1.471,0,0.218,0,
KPC3_646_1,18,-1.03,1.006,0.249,1.971,0,0.207,0,
KPC3_647_0,18,-2.02,-0.328,0.256,0.743,0,0.214,0,
KPC3_647_1,18,-2.02,-1.183,0.224,-0.057,0,0.187,0,
KPC3_648_0,18,0.97,0.028,0.203,0.9,0,0.251,1,motif_NG
KPC3_648_1,18,0.97,0.117,0.203,0.9,0,0.251,1,motif_NG
KPC3_649_0,18,0.97,-1.067,0.37,-0.671,0,0.389,1,motif_DP
KPC3_649_1,18,-0.03,-1.189,0.424,-0.671,0,0.353,1,motif_DP
KPC3_650_0,36,-1.02,1.364,0.127,1.943,0,0.106,1,homopolymer_run>=4
KPC3_650_1,36,-1.02,1.386,0.138,1.8,0,0.115,1,homopolymer_run>=4
KPC3_651_0,36,-1.02,-0.289,0.37,1.286,0,0.309,0,
KPC3_651_1,36,-4.02,0.192,0.239,1.429,0,0.199,0,
KPC3_652_0,36,-4.02,-0.125,0.551,1.229,0,0.459,1,homopolymer_run>=4
KPC3_652_1,36,-6.02,-0.442,0.434,1.157,0,0.361,0,
KPC3_653_0,36,-0.02,0.844,0.165,1.6,0,0.137,1,homopolymer_run>=4
KPC3_653_1,36,0.98,0.886,0.38,1.943,0,0.398,1,homopolymer_run>=4
KPC3_654_0,36,-0.02,0.711,0.102,1.543,0,0.085,1,homopolymer_run>=4
KPC3_654_1,36,-0.02,0.347,0.168,1.543,0,0.14,1,homopolymer_run>=4
KPC3_655_0,36,-0.02,0.956,0.265,2.371,0,0.221,3,motif_NG;motif_DG;homopolymer_run>=4
KPC3_655_1,36,0.01,0.903,0.261,2.429,0,0.218,2,motif_DG;homopolymer_run>=4
KPC3_656_0,36,-2.02,-0.028,0.161,1.029,0,0.134,1,homopolymer_run>=4
KPC3_656_1,36,-1.02,-0.097,0.161,0.257,0,0.134,1,homopolymer_run>=4
KPC3_657_0,36,-1.02,-0.206,0.608,0.957,0,0.5,2,motif_DP;homopolymer_run>=4
KPC3_657_1,36,-0.02,0.053,0.538,1.6,0,0.448,1,homopolymer_run>=4
KPC3_658_0,36,-0.99,0.014,0.262,1.457,0,0.219,2,motif_DP;homopolymer_run>=4
KPC3_658_1,36,-3.03,-0.181,0.265,1.071,0,0.221,0,
KPC3_659_0,36,-6.02,-0.083,0.345,1.1,0,0.287,1,motif_DG
KPC3_659_1,36,-5.02,-0.186,0.446,1.514,0,0.372,2,motif_DG;homopolymer_run>=4
KPC3_660_0,22,0.97,0.968,0.343,1.771,0,0.367,1,homopolymer_run>=4
KPC3_660_1,22,-1.03,-0.414,0.566,1.357,0,0.472,0,
KPC3_661_0,22,0.97,0.732,0.199,1.8,0,0.247,1,homopolymer_run>=4
KPC3_661_1,22,0.98,0.295,0.359,1.2,0,0.38,1,homopolymer_run>=4
KPC3_662_0,22,2.97,0.414,0.415,2.371,0,0.594,0,
KPC3_662_1,22,1.97,0.077,0.583,1.486,0,0.651,0,
KPC3_663_0,22,-1.02,-0.282,0.42,1.129,0,0.35,0,
KPC3_663_1,22,-1.02,-0.295,0.399,1.129,0,0.332,0,
KPC3_664_0,22,-1.02,0.05,0.17,0.686,0,0.142,0,
KPC3_664_1,22,-0.02,0.177,0.147,0.686,0,0.123,0,
KPC3_665_0,22,-2.02,-0.373,0.171,1.657,0,0.143,1,motif_DP
KPC3_665_1,22,-2.02,-0.936,0.177,0.643,0,0.147,1,motif_DP
KPC3_666_0,22,-3.02,-0.327,0.452,1.257,0,0.376,1,motif_DP
KPC3_666_1,22,-2.03,-0.141,0.479,1.543,0,0.399,0,
KPC3_667_0,22,-1.02,-0.845,0.324,0.086,0,0.27,0,
KPC3_667_1,22,-1.02,-0.177,0.436,1.271,0,0.363,0,
KPC3_668_0,22,0.98,-0.782,0.563,0.886,0,0.55,2,N-term_Met(ox);motif_DP
KPC3_668_1,22,1.97,-1.173,0.656,1.043,0,0.664,2,motif_DP;homopolymer_run>=4
KPC3_669_0,22,-0.03,-0.159,0.317,2.1,0,0.264,1,motif_DG
KPC3_669_1,22,-1.03,0.136,0.223,2.1,0,0.186,2,motif_DG;homopolymer_run>=4
KPC3_670_0,25,-1.03,0.388,0.189,2.014,0,0.157,1,homopolymer_run>=4
KPC3_670_1,25,-1.02,0.756,0.12,1.829,0,0.1,1,homopolymer_run>=4
KPC3_671_0,25,0.98,0.628,0.336,1.186,0,0.361,1,homopolymer_run>=4
KPC3_671_1,25,-0.02,0.84,0.134,2.657,0,0.111,1,homopolymer_run>=4
KPC3_672_0,25,-0.02,0.524,0.431,1.3,0,0.359,2,N-term_Q/E(pyroglutamate);homopolymer_run>=4
KPC3_672_1,25,2.98,0.312,0.611,1.443,0,0.748,0,
KPC3_673_0,25,-2.02,-0.656,0.613,0.557,0,0.5,0,
KPC3_673_1,25,0.98,-1.004,0.862,-0.414,0,0.581,0,
KPC3_674_0,25,-0.02,1.088,0.535,2.714,0,0.446,0,
KPC3_674_1,25,-1.99,0.168,0.54,1.4,0,0.45,1,N-term_Q/E(pyroglutamate)
KPC3_675_0,25,-0.02,0.392,0.212,1.886,0,0.177,0,
KPC3_675_1,25,-0.02,0.16,0.363,1.157,0,0.303,1,homopolymer_run>=4
KPC3_676_0,25,-0.02,0.384,0.361,1.543,0,0.301,1,homopolymer_run>=4
KPC3_676_1,25,-0.02,0.896,0.188,1.971,0,0.157,0,
KPC3_677_0,25,-1.03,0.864,0.31,1.686,0,0.258,0,
KPC3_677_1,25,-1.03,0.788,0.31,1.686,0,0.258,0,
KPC3_678_0,25,-3.03,-0.512,0.43,0.257,0,0.359,0,
KPC3_678_1,25,-4.03,-0.252,0.498,0.771,0,0.415,0,
KPC3_679_0,25,-1.02,-0.196,0.385,1.457,0,0.321,1,N-term_Q/E(pyroglutamate)
KPC3_679_1,25,-0.02,-0.464,0.297,1.3,0,0.248,1,N-term_Q/E(pyroglutamate)
KPC3_680_0,17,-2.02,0.265,0.466,1.829,0,0.388,0,
KPC3_680_1,17,-0.02,0.424,0.38,2.1,0,0.317,1,motif_DP
KPC3_681_0,17,-0.02,0.276,0.357,0.414,0,0.297,0,
KPC3_681_1,17,-1.02,0.318,0.137,0.514,0,0.114,0,
KPC3_682_0,17,-2.02,-0.329,0.652,0.943,0,0.5,1,motif_DG
KPC3_682_1,17,-2.02,-0.329,0.642,0.943,0,0.5,1,motif_DG
KPC3_683_0,17,-2.02,-0.594,0.257,0.5,0,0.214,1,motif_DP
KPC3_683_1,17,-2.02,-0.147,0.144,1.143,0,0.12,1,motif_DP
KPC3_684_0,17,-2.02,0.282,0.276,1.671,0,0.23,0,
KPC3_684_1,17,-1.02,0.606,0.147,1.357,0,0.122,0,
KPC3_685_0,17,-4.98,-0.229,0.261,0.729,0,0.218,1,motif_DP
KPC3_685_1,17,-5.02,-0.1,0.436,1.414,0,0.364,1,motif_DP
KPC3_686_0,17,-0.02,1.141,0.149,1.457,0,0.124,1,homopolymer_run>=4
KPC3_686_1,17,0.98,0.006,0.406,0.343,0,0.42,0,
KPC3_687_0,17,0.97,1.747,0.176,2.629,0,0.228,0,
KPC3_687_1,17,0.98,1.712,0.291,2.629,0,0.324,0,
KPC3_688_0,17,-0.03,0.076,0.329,0.586,0,0.274,0,
KPC3_688_1,17,-0.03,0.059,0.297,0.586,0,0.247,0,
KPC3_689_0,17,-1.02,-0.065,0.104,0.571,0,0.087,1,homopolymer_run>=4
KPC3_689_1,17,-1.02,-0.206,0.116,0.229,0,0.097,1,homopolymer_run>=4
KPC3_690_0,13,-0.02,-0.231,0.021,-0.086,0,0.018,1,homopolymer_run>=4
KPC3_690_1,13,-0.02,-0.523,0.041,-0.4,0,0.034,1,homopolymer_run>=4
KPC3_691_0,13,0.97,0.7,0.369,1.114,0,0.389,0,
KPC3_691_1,13,1.97,0.115,0.504,0.8,0,0.584,0,
KPC3_692_0,13,-1.02,-0.192,0.158,0.486,0,0.132,0,
KPC3_692_1,13,-1.02,-0.223,0.157,0.429,0,0.131,0,
KPC3_693_0,13,-1.03,-0.908,0.237,-0.157,0,0.197,0,
KPC3_693_1,13,-1.03,-0.446,0.245,0.7,0,0.204,0,
KPC3_694_0,13,-2.02,0.085,0.104,0.786,0,0.087,0,
KPC3_694_1,13,-2.02,-0.362,0.152,0.443,0,0.127,0,
KPC3_695_0,13,-0.03,0.485,0.143,1.114,0,0.119,0,
KPC3_695_1,13,-0.03,0.485,0.143,1.114,0,0.119,0,
KPC3_696_0,13,-2.03,-0.0,0.386,1.071,0,0.322,2,N-term_Q/E(pyroglutamate);motif_NG
KPC3_696_1,13,-3.02,0.385,0.576,1.857,0,0.48,1,N-term_Q/E(pyroglutamate)
KPC3_697_0,13,-0.02,0.438,0.273,1.157,0,0.228,2,motif_NG;homopolymer_run>=4
KPC3_697_1,13,-0.02,0.6,0.106,1.457,0,0.088,1,homopolymer_run>=4
KPC3_698_0,13,-0.02,0.662,0.205,1.8,0,0.171,1,homopolymer_run>=4
KPC3_698_1,13,-0.02,0.954,0.157,1.343,0,0.131,0,
KPC3_699_0,13,-0.02,0.415,0.212,0.686,0,0.177,0,
KPC3_699_1,13,-0.02,0.931,0.094,1.243,0,0.079,0,
KPC3_700_0,18,-1.02,-0.233,0.375,0.814,0,0.312,1,motif_DP
KPC3_700_1,18,-1.02,-0.328,0.426,0.671,0,0.355,1,motif_NS
KPC3_701_0,18,-3.02,0.028,0.235,1.086,0,0.196,0,
KPC3_701_1,18,-1.02,0.178,0.245,0.8,0,0.204,0,
KPC3_702_0,18,0.98,-0.183,0.634,0.5,0,0.581,0,
KPC3_702_1,18,-0.02,-0.161,0.642,0.5,0,0.5,0,
KPC3_703_0,18,-2.03,-0.167,0.178,0.629,0,0.148,0,
KPC3_703_1,18,-2.02,0.1,0.35,1.4,0,0.291,0,
KPC3_704_0,18,-1.03,1.4,0.328,1.743,0,0.274,1,homopolymer_run>=4
KPC3_704_1,18,-0.03,1.189,0.287,2.486,0,0.239,1,homopolymer_run>=4
KPC3_705_0,18,-2.02,-1.0,0.592,0.014,0,0.493,1,motif_DP
KPC3_705_1,18,-3.02,-0.594,0.384,0.014,0,0.32,1,motif_DP
KPC3_706_0,18,-0.02,-0.278,0.404,1.0,0,0.336,0,
KPC3_706_1,18,-0.02,0.611,0.193,1.686,0,0.16,0,
KPC3_707_0,18,0.97,-0.911,0.399,-0.314,0,0.413,1,motif_NG
KPC3_707_1,18,-0.02,0.006,0.439,0.871,0,0.366,2,motif_NG;homopolymer_run>=4
KPC3_708_0,18,-0.02,0.772,0.292,1.771,0,0.244,1,homopolymer_run>=4
KPC3_708_1,18,-0.02,1.078,0.089,2.186,0,0.075,1,homopolymer_run>=4
KPC3_709_0,18,-3.02,0.183,0.27,0.943,0,0.225,1,N-term_Met(ox)
KPC3_709_1,18,-0.03,-0.439,0.398,0.071,0,0.332,1,N-term_Met(ox)
KPC3_710_0,39,-0.03,-0.138,0.371,1.386,0,0.31,2,motif_DP;homopolymer_run>=4
KPC3_710_1,39,-1.02,0.151,0.403,1.571,0,0.336,3,motif_NG;motif_DP;homopolymer_run>=4
KPC3_711_0,39,-5.02,0.597,0.442,1.8,0,0.369,1,homopolymer_run>=4
KPC3_711_1,39,-5.02,0.618,0.391,2.086,0,0.326,1,homopolymer_run>=4
KPC3_712_0,39,-1.03,-0.897,0.327,0.629,0,0.272,1,motif_NS
KPC3_712_1,39,-2.03,-1.038,0.356,0.286,0,0.297,0,
KPC3_713_0,39,-5.02,0.087,0.473,1.857,0,0.394,2,N-term_Q/E(pyroglutamate);homopolymer_run>=4
KPC3_713_1,39,-2.99,0.315,0.183,1.8,0,0.152,1,homopolymer_run>=4
KPC3_714_0,39,-0.02,-0.036,0.146,0.543,0,0.122,1,homopolymer_run>=4
KPC3_714_1,39,-2.02,-0.487,0.511,0.2,0,0.426,1,homopolymer_run>=4
KPC3_715_0,39,-4.02,0.156,0.649,2.371,0,0.5,0,
KPC3_715_1,39,-4.02,0.218,0.425,2.429,0,0.354,1,homopolymer_run>=4
KPC3_716_0,39,-3.03,-0.3,0.44,0.614,0,0.366,1,homopolymer_run>=4
KPC3_716_1,39,-0.03,-0.169,0.519,0.686,0,0.432,1,homopolymer_run>=4
KPC3_717_0,39,-3.02,0.179,0.282,1.929,0,0.235,1,motif_NS
KPC3_717_1,39,-4.03,0.064,0.279,1.929,0,0.233,0,
KPC3_718_0,39,-3.02,0.656,0.564,2.586,0,0.47,1,N-term_Q/E(pyroglutamate)
KPC3_718_1,39,-2.03,-0.367,0.508,2.286,0,0.423,1,N-term_Q/E(pyroglutamate)
KPC3_719_0,39,-0.02,1.315,0.602,2.686,0,0.5,1,homopolymer_run>=4
KPC3_719_1,39,-0.03,1.456,0.429,2.743,0,0.358,1,homopolymer_run>=4
KPC3_720_0,42,-0.02,1.16,0.216,1.8,0,0.18,1,homopolymer_run>=4
KPC3_720_1,42,-0.02,1.219,0.249,1.8,0,0.207,1,homopolymer_run>=4
KPC3_721_0,42,-6.02,-0.743,0.574,2.157,0,0.479,1,motif_NG
KPC3_721_1,42,-3.03,-0.521,0.58,1.7,0,0.483,1,motif_DP
KPC3_722_0,42,-6.02,-0.519,0.578,1.0,0,0.482,0,
KPC3_722_1,42,-4.02,-0.286,0.62,1.443,0,0.5,0,
KPC3_723_0,42,-0.03,-0.829,0.465,1.057,0,0.388,2,N-term_Met(ox);motif_DP
KPC3_723_1,42,-0.03,-0.45,0.487,1.243,0,0.406,2,N-term_Met(ox);motif_DP
KPC3_724_0,42,-1.98,0.05,0.655,1.686,0,0.5,1,motif_DP
KPC3_724_1,42,-0.98,-0.131,0.737,1.871,0,0.5,1,motif_DP
KPC3_725_0,42,-5.03,-0.143,0.442,1.7,0,0.369,3,N-term_Q/E(pyroglutamate);motif_NG;motif_DG
KPC3_725_1,42,-2.02,-0.36,0.442,1.243,0,0.369,2,motif_NG;motif_DG
KPC3_726_0,42,-3.02,-0.036,0.386,1.429,0,0.321,2,motif_DG;homopolymer_run>=4
KPC3_726_1,42,-4.02,0.212,0.374,2.157,0,0.311,2,motif_DG;homopolymer_run>=4
KPC3_727_0,42,-0.02,0.169,0.37,1.857,0,0.308,1,motif_DP
KPC3_727_1,42,-2.02,0.502,0.311,1.543,0,0.26,2,motif_DG;motif_DP
KPC3_728_0,42,-3.02,-0.393,0.269,1.2,0,0.224,3,motif_DG;motif_DP;homopolymer_run>=4
KPC3_728_1,42,-4.02,-0.474,0.229,0.886,0,0.191,4,motif_DG;motif_DP;motif_DS;homopolymer_run>=4
KPC3_729_0,42,-1.02,-0.121,0.324,1.171,0,0.27,1,motif_DG
KPC3_729_1,42,-1.02,-0.226,0.409,1.714,0,0.341,0,
KPC3_730_0,31,-3.02,-0.348,0.441,1.829,0,0.367,0,
KPC3_730_1,31,-4.02,-0.394,0.486,1.829,0,0.405,0,
KPC3_731_0,31,2.01,0.206,0.576,1.186,0,0.647,1,homopolymer_run>=4
KPC3_731_1,31,1.01,0.052,0.575,1.186,0,0.563,1,homopolymer_run>=4
KPC3_732_0,31,-3.02,-0.477,0.351,1.0,0,0.293,0,
KPC3_732_1,31,-3.02,-0.023,0.32,1.271,0,0.267,0,
KPC3_733_0,31,-1.03,0.706,0.431,2.114,0,0.359,1,motif_DG
KPC3_733_1,31,-0.03,0.523,0.231,2.114,0,0.192,1,motif_DG
KPC3_734_0,31,-1.02,1.097,0.167,2.171,0,0.139,1,homopolymer_run>=4
KPC3_734_1,31,-3.02,0.742,0.423,2.429,0,0.353,1,homopolymer_run>=4
KPC3_735_0,31,-2.03,-1.074,0.402,0.071,0,0.335,3,motif_DG;motif_DS;motif_NS
KPC3_735_1,31,-1.03,-0.758,0.32,0.643,0,0.266,1,motif_DG
KPC3_736_0,31,-0.03,-0.839,0.691,0.957,0,0.5,0,
KPC3_736_1,31,-1.02,-0.903,0.664,0.243,0,0.5,1,N-term_Q/E(pyroglutamate)
KPC3_737_0,31,-1.02,-0.548,0.485,1.586,0,0.404,0,
KPC3_737_1,31,-2.02,-0.729,0.532,0.457,0,0.444,0,
KPC3_738_0,31,-2.02,-0.803,0.655,1.114,0,0.5,2,N-term_Q/E(pyroglutamate);homopolymer_run>=4
KPC3_738_1,31,-0.02,-0.535,0.89,1.429,0,0.5,2,N-term_Q/E(pyroglutamate);homopolymer_run>=4
KPC3_739_0,31,0.01,-0.958,0.431,0.771,0,0.361,1,motif_DG
KPC3_739_1,31,-0.98,-1.026,0.404,0.486,0,0.337,1,motif_DG
KPC3_740_0,33,-5.02,-0.497,0.32,0.957,0,0.267,2,motif_DG;homopolymer_run>=4
KPC3_740_1,33,-1.02,-0.0,0.694,1.514,0,0.5,1,homopolymer_run>=4
KPC3_741_0,33,-1.02,0.185,0.414,2.429,0,0.345,2,motif_DG;homopolymer_run>=4
KPC3_741_1,33,-2.02,-0.394,0.467,1.171,0,0.389,1,homopolymer_run>=4
KPC3_742_0,33,-2.02,-0.594,0.325,0.786,0,0.271,1,homopolymer_run>=4
KPC3_742_1,33,-4.02,-0.182,0.191,1.857,0,0.16,1,homopolymer_run>=4
KPC3_743_0,33,1.97,0.036,0.414,2.143,0,0.51,1,homopolymer_run>=4
KPC3_743_1,33,0.97,0.715,0.317,1.986,0,0.345,0,
KPC3_744_0,33,-1.03,-0.164,0.522,0.829,0,0.435,1,motif_NG
KPC3_744_1,33,-0.03,0.509,0.303,1.6,0,0.253,1,motif_NG
KPC3_745_0,33,-3.02,0.094,0.443,1.271,0,0.369,2,N-term_Q/E(pyroglutamate);motif_NG
KPC3_745_1,33,-1.03,-0.542,0.668,1.043,0,0.5,2,motif_NG;homopolymer_run>=4
KPC3_746_0,33,-2.02,-1.13,0.483,0.4,0,0.402,1,N-term_Q/E(pyroglutamate)
KPC3_746_1,33,-2.02,-0.339,0.667,1.729,0,0.5,1,motif_DP
KPC3_747_0,33,-0.02,1.073,0.152,1.629,0,0.126,0,
KPC3_747_1,33,-0.02,1.064,0.134,2.257,0,0.111,0,
KPC3_748_0,33,-0.99,-0.8,0.712,1.014,0,0.5,2,motif_DG;motif_DP
KPC3_748_1,33,-0.99,-0.188,0.661,1.471,0,0.5,1,motif_DP
KPC3_749_0,33,-7.02,-0.539,0.602,0.943,0,0.5,2,motif_DP;homopolymer_run>=4
KPC3_749_1,33,-5.02,-0.845,0.741,0.743,0,0.5,2,motif_DP;homopolymer_run>=4
KPC3_750_0,13,-0.02,0.015,0.098,0.229,0,0.081,0,
KPC3_750_1,13,-0.02,-0.446,0.045,-0.143,0,0.037,1,homopolymer_run>=4
KPC3_751_0,13,-0.02,-0.769,0.439,0.614,0,0.366,0,
KPC3_751_1,13,-1.02,-0.546,0.326,0.886,0,0.272,2,motif_DP;motif_NS
KPC3_752_0,13,0.97,-0.331,0.316,0.3,0,0.344,0,
KPC3_752_1,13,0.97,-0.492,0.414,0.3,0,0.426,0,
KPC3_753_0,13,-0.02,-0.231,0.021,-0.086,0,0.018,1,homopolymer_run>=4
KPC3_753_1,13,-0.02,-0.4,0.01,-0.4,0,0.008,1,homopolymer_run>=4
KPC3_754_0,13,0.97,0.4,0.073,0.629,0,0.142,0,
KPC3_754_1,13,-0.03,0.277,0.173,0.429,0,0.144,0,
KPC3_755_0,13,0.98,0.269,0.349,1.014,0,0.372,0,
KPC3_755_1,13,-0.02,-0.223,0.331,0.1,0,0.276,0,
KPC3_756_0,13,-0.03,-0.285,0.121,0.386,0,0.101,0,
KPC3_756_1,13,-0.03,-0.277,0.115,0.4,0,0.096,0,
KPC3_757_0,13,-0.02,0.131,0.352,0.757,0,0.293,0,
KPC3_757_1,13,0.98,0.131,0.352,0.757,0,0.375,0,
KPC3_758_0,13,-0.02,-0.4,0.01,-0.4,0,0.008,1,homopolymer_run>=4
KPC3_758_1,13,-0.02,-0.4,0.01,-0.4,0,0.008,1,homopolymer_run>=4
KPC3_759_0,13,0.97,0.085,0.214,0.729,0,0.259,0,
KPC3_759_1,13,-0.02,-0.385,0.066,0.071,0,0.055,0,
KPC3_760_0,13,0.98,0.308,0.541,0.986,0,0.532,1,motif_NS
KPC3_760_1,13,0.98,0.808,0.617,1.171,0,0.581,1,motif_NS
KPC3_761_0,13,1.97,1.308,0.479,2.286,0,0.564,0,
KPC3_761_1,13,0.97,1.977,0.18,2.286,0,0.232,0,
KPC3_762_0,13,2.01,0.1,0.247,1.214,0,0.373,0,
KPC3_762_1,13,0.01,0.131,0.305,1.214,0,0.255,0,
KPC3_763_0,13,-0.02,0.108,0.073,0.886,0,0.061,1,homopolymer_run>=4
KPC3_763_1,13,-0.02,0.446,0.034,1.171,0,0.028,1,homopolymer_run>=4
KPC3_764_0,13,-0.02,1.462,0.234,2.8,0,0.195,0,
KPC3_764_1,13,1.97,1.192,0.391,2.443,0,0.491,0,
KPC3_765_0,13,2.97,0.092,0.69,0.714,0,0.748,0,
KPC3_765_1,13,1.97,0.762,0.598,1.271,0,0.663,0,
KPC3_766_0,13,1.01,-0.823,0.365,0.014,0,0.389,1,motif_DG
KPC3_766_1,13,1.01,-0.077,0.383,0.329,0,0.404,1,motif_NG
KPC3_767_0,13,-0.02,0.523,0.326,1.157,0,0.272,0,
KPC3_767_1,13,-0.02,1.369,0.081,2.343,0,0.068,0,
KPC3_768_0,13,1.98,0.385,0.406,0.686,0,0.503,0,
KPC3_768_1,13,0.98,0.377,0.313,1.429,0,0.342,0,
KPC3_769_0,13,-0.03,-0.331,0.13,0.029,0,0.108,0,
KPC3_769_1,13,-0.02,-0.031,0.155,0.343,0,0.129,1,homopolymer_run>=4
KPC3_770_0,29,-3.02,-0.11,0.36,1.457,0,0.3,2,motif_DP;homopolymer_run>=4
KPC3_770_1,29,-5.02,-0.39,0.36,0.829,0,0.3,2,motif_DP;homopolymer_run>=4
KPC3_771_0,29,-0.99,-0.579,0.337,0.286,0,0.281,0,
KPC3_771_1,29,2.01,-1.2,0.42,0.143,0,0.518,0,
KPC3_772_0,29,-0.02,0.579,0.3,1.271,0,0.25,1,homopolymer_run>=4
KPC3_772_1,29,-0.02,0.81,0.175,1.486,0,0.146,1,homopolymer_run>=4
KPC3_773_0,29,2.01,-0.231,0.404,2.3,0,0.504,1,motif_NG
KPC3_773_1,29,0.01,0.459,0.374,2.3,0,0.313,1,motif_DG
KPC3_774_0,29,1.97,0.152,0.53,1.271,0,0.606,1,homopolymer_run>=4
KPC3_774_1,29,0.97,0.855,0.35,2.714,0,0.372,1,homopolymer_run>=4
KPC3_775_0,29,-0.02,1.317,0.126,2.143,0,0.105,1,homopolymer_run>=4
KPC3_775_1,29,0.98,1.21,0.327,2.771,0,0.354,0,
KPC3_776_0,29,-0.03,-0.152,0.522,2.014,0,0.435,0,
KPC3_776_1,29,1.97,-0.1,0.522,1.2,0,0.6,0,
KPC3_777_0,29,-4.02,0.421,0.168,1.457,0,0.14,0,
KPC3_777_1,29,-3.02,0.214,0.428,1.457,0,0.357,0,
KPC3_778_0,29,-2.02,-0.469,0.417,0.914,0,0.348,2,motif_NS;oxidation_prone(M/W)
KPC3_778_1,29,-0.02,-0.879,0.442,0.914,0,0.369,2,motif_NS;oxidation_prone(M/W)
KPC3_779_0,29,-2.02,-0.469,0.786,0.8,0,0.5,0,
KPC3_779_1,29,-4.02,0.1,0.53,1.771,0,0.442,1,homopolymer_run>=4
KPC3_780_0,12,-0.02,0.208,0.41,0.271,0,0.342,0,
KPC3_780_1,12,-0.02,0.208,0.41,0.271,0,0.342,0,
KPC3_781_0,12,-0.02,-0.217,0.021,-0.086,0,0.018,1,homopolymer_run>=4
KPC3_781_1,12,-0.03,-0.967,0.184,-0.743,0,0.153,0,
KPC3_782_0,12,-0.02,-0.083,0.115,0.2,0,0.096,1,homopolymer_run>=4
KPC3_782_1,12,-0.02,-0.075,0.103,0.2,0,0.086,1,homopolymer_run>=4
KPC3_783_0,12,0.97,-0.058,0.27,0.343,0,0.306,1,homopolymer_run>=4
KPC3_783_1,12,0.98,0.492,0.279,0.657,0,0.314,1,homopolymer_run>=4
KPC3_784_0,12,1.97,-0.967,0.119,-0.029,0,0.263,0,
KPC3_784_1,12,0.97,-0.45,0.402,-0.043,0,0.416,0,
KPC3_785_0,12,-5.02,-1.358,0.123,-0.986,0,0.102,0,
KPC3_785_1,12,1.97,0.208,0.208,1.314,0,0.338,1,N-term_Met(ox)
KPC3_786_0,12,1.97,0.9,0.191,1.571,0,0.324,1,motif_NG
KPC3_786_1,12,-1.02,1.575,0.061,1.729,0,0.051,1,motif_DG
KPC3_787_0,12,-0.02,-0.067,0.096,0.171,0,0.08,1,homopolymer_run>=4
KPC3_787_1,12,-0.02,0.5,0.04,1.143,0,0.034,1,homopolymer_run>=4
KPC3_788_0,12,0.97,-0.358,0.615,-0.3,0,0.581,0,
KPC3_788_1,12,1.97,-0.183,0.595,-0.0,0,0.661,0,
KPC3_789_0,12,-1.03,0.592,0.121,1.129,0,0.1,1,N-term_Q/E(pyroglutamate)
KPC3_789_1,12,0.97,-0.675,0.282,0.586,0,0.316,1,N-term_Q/E(pyroglutamate)
KPC3_790_0,22,-2.02,0.35,0.387,1.943,0,0.323,1,N-term_Q/E(pyroglutamate)
KPC3_790_1,22,-0.02,-0.2,0.428,1.886,0,0.357,1,N-term_Q/E(pyroglutamate)
KPC3_791_0,22,-0.02,1.059,0.33,1.8,0,0.275,1,homopolymer_run>=4
KPC3_791_1,22,1.98,-0.532,0.363,0.229,0,0.467,0,
KPC3_792_0,22,-1.02,-0.341,0.131,0.514,0,0.109,0,
KPC3_792_1,22,-1.02,-0.205,0.111,0.571,0,0.092,0,
KPC3_793_0,22,0.01,-0.136,0.412,1.357,0,0.344,1,N-term_Q/E(pyroglutamate)
KPC3_793_1,22,-0.99,0.15,0.44,1.429,0,0.366,0,
KPC3_794_0,22,-0.02,0.841,0.228,2.114,0,0.19,1,homopolymer_run>=4
KPC3_794_1,22,-2.03,0.332,0.18,1.457,0,0.15,2,N-term_Q/E(pyroglutamate);homopolymer_run>=4
KPC3_795_0,22,-0.03,0.505,0.444,1.429,0,0.37,1,homopolymer_run>=4
KPC3_795_1,22,0.97,1.186,0.268,2.186,0,0.305,1,homopolymer_run>=4
KPC3_796_0,22,-0.02,0.586,0.73,1.643,0,0.5,0,
KPC3_796_1,22,-1.02,1.195,0.313,2.329,0,0.261,1,homopolymer_run>=4
KPC3_797_0,22,-2.02,0.423,0.403,1.029,0,0.336,0,
KPC3_797_1,22,-0.03,0.255,0.319,1.4,0,0.266,0,
KPC3_798_0,22,0.97,-0.455,0.226,1.357,0,0.269,0,
KPC3_798_1,22,-0.02,0.173,0.248,1.614,0,0.207,0,
KPC3_799_0,22,-0.02,0.855,0.088,2.343,0,0.074,1,homopolymer_run>=4
KPC3_799_1,22,-0.02,1.045,0.076,2.943,0,0.063,1,homopolymer_run>=4
KPC3_800_0,36,0.01,-0.083,0.42,0.929,0,0.351,1,motif_NG
KPC3_800_1,36,-5.02,-0.3,0.273,1.529,0,0.227,2,motif_NG;motif_DG
KPC3_801_0,36,-1.03,-0.497,0.45,0.971,0,0.375,3,motif_DG;motif_DS;motif_NS
KPC3_801_1,36,0.97,-0.425,0.45,1.5,0,0.455,3,motif_DG;motif_DS;motif_NS
KPC3_802_0,36,-2.02,-0.517,0.327,0.143,0,0.273,3,motif_DG;motif_DP;homopolymer_run>=4
KPC3_802_1,36,-2.03,-0.367,0.312,1.1,0,0.26,3,motif_DG;motif_DP;homopolymer_run>=4
KPC3_803_0,36,-4.03,0.058,0.219,1.871,0,0.182,0,
KPC3_803_1,36,-6.02,0.183,0.367,1.9,0,0.306,1,N-term_Q/E(pyroglutamate)
KPC3_804_0,36,1.97,-0.553,0.748,0.529,0,0.664,2,motif_DG;motif_DP
KPC3_804_1,36,-1.03,-0.433,0.572,0.614,0,0.476,2,motif_NG;motif_DG
KPC3_805_0,36,-4.02,-0.075,0.585,1.043,0,0.488,2,N-term_Q/E(pyroglutamate);motif_DP
KPC3_805_1,36,-0.02,0.217,0.352,2.086,0,0.293,2,motif_DP;homopolymer_run>=4
KPC3_806_0,36,-0.03,-0.206,0.557,1.743,0,0.464,1,motif_NS
KPC3_806_1,36,-0.02,0.481,0.512,2.0,0,0.426,1,motif_NS
KPC3_807_0,36,2.97,0.272,0.341,1.614,0,0.532,1,homopolymer_run>=4
KPC3_807_1,36,1.98,0.5,0.36,1.8,0,0.465,1,homopolymer_run>=4
KPC3_808_0,36,-1.02,-0.164,0.169,0.414,0,0.141,1,homopolymer_run>=4
KPC3_808_1,36,-1.02,-0.05,0.167,0.4,0,0.139,1,homopolymer_run>=4
KPC3_809_0,36,-2.02,-0.258,0.396,1.386,0,0.33,1,motif_DP
KPC3_809_1,36,-1.02,0.083,0.535,1.829,0,0.446,1,motif_DP
KPC3_810_0,17,-0.03,-0.506,0.198,0.014,0,0.165,1,homopolymer_run>=4
KPC3_810_1,17,-1.02,-0.182,0.134,0.857,0,0.111,2,motif_DP;homopolymer_run>=4
KPC3_811_0,17,-0.02,0.365,0.107,0.886,0,0.09,1,homopolymer_run>=4
KPC3_811_1,17,-0.02,0.594,0.148,0.857,0,0.124,0,
KPC3_812_0,17,-0.02,1.524,0.258,2.471,0,0.215,0,
KPC3_812_1,17,-0.02,1.441,0.174,2.443,0,0.145,1,homopolymer_run>=4
KPC3_813_0,17,-0.03,-0.435,0.387,0.5,0,0.323,1,motif_DG
KPC3_813_1,17,-1.03,-0.4,0.47,0.5,0,0.392,2,motif_DG;motif_DP
KPC3_814_0,17,-2.02,-0.588,0.202,-0.243,0,0.168,2,motif_DG;homopolymer_run>=4
KPC3_814_1,17,-2.02,-0.906,0.131,-0.4,0,0.109,2,motif_DG;homopolymer_run>=4
KPC3_815_0,17,0.97,-0.7,0.448,-0.014,0,0.454,0,
KPC3_815_1,17,-0.03,-0.529,0.485,0.343,0,0.404,0,
KPC3_816_0,17,1.97,-1.341,0.34,-0.086,0,0.448,1,motif_DP
KPC3_816_1,17,-0.03,-0.994,0.401,-0.086,0,0.334,1,motif_DP
KPC3_817_0,17,-1.03,0.235,0.278,1.314,0,0.231,1,motif_NG
KPC3_817_1,17,-1.03,-0.012,0.256,1.1,0,0.214,1,motif_NG
KPC3_818_0,17,-0.03,0.306,0.564,1.986,0,0.47,0,
KPC3_818_1,17,1.97,0.806,0.52,1.7,0,0.598,0,
KPC3_819_0,17,-0.03,0.6,0.399,1.3,0,0.332,0,
KPC3_819_1,17,-2.02,-0.059,0.358,1.614,0,0.298,0,
KPC3_820_0,25,-0.02,1.728,0.131,2.814,0,0.109,1,homopolymer_run>=4
KPC3_820_1,25,0.97,1.388,0.232,2.4,0,0.274,1,homopolymer_run>=4
KPC3_821_0,25,-0.03,-0.744,0.559,1.171,0,0.466,0,
KPC3_821_1,25,-1.02,0.512,0.578,1.157,0,0.482,0,
KPC3_822_0,25,-0.03,-1.088,0.392,-0.371,0,0.327,1,motif_DP
KPC3_822_1,25,-1.03,-0.612,0.315,0.657,0,0.262,1,motif_DP
KPC3_823_0,25,-0.02,1.06,0.217,2.029,0,0.181,1,homopolymer_run>=4
KPC3_823_1,25,-0.02,1.2,0.329,2.071,0,0.274,1,homopolymer_run>=4
KPC3_824_0,25,-3.03,0.084,0.221,1.343,0,0.184,1,motif_DG
KPC3_824_1,25,-2.03,-0.528,0.416,0.729,0,0.347,1,motif_DG
KPC3_825_0,25,-2.02,0.268,0.271,1.214,0,0.225,2,motif_DG;homopolymer_run>=4
KPC3_825_1,25,-2.02,0.064,0.287,0.729,0,0.239,2,motif_DG;homopolymer_run>=4
KPC3_826_0,25,-2.02,0.132,0.392,2.071,0,0.327,1,motif_DG
KPC3_826_1,25,-1.02,0.16,0.518,2.071,0,0.432,1,motif_DG
KPC3_827_0,25,-3.02,-0.656,0.494,0.543,0,0.411,1,motif_DP
KPC3_827_1,25,-2.02,-0.428,0.494,0.686,0,0.411,1,motif_DP
KPC3_828_0,25,-1.03,-0.396,0.453,0.386,0,0.378,2,motif_DG;motif_DP
KPC3_828_1,25,-2.03,0.02,0.257,1.314,0,0.214,2,motif_DG;motif_DP
KPC3_829_0,25,-2.99,-0.436,0.244,1.143,0,0.203,2,N-term_Q/E(pyroglutamate);motif_DG
KPC3_829_1,25,-0.99,-0.032,0.246,1.143,0,0.205,2,N-term_Q/E(pyroglutamate);motif_DG
KPC3_830_0,42,-3.99,-0.076,0.614,1.9,0,0.5,1,motif_DP
KPC3_830_1,42,-5.02,0.417,0.558,2.771,0,0.465,1,motif_DP
KPC3_831_0,42,-9.02,-0.931,0.227,1.057,0,0.189,2,N-term_Met(ox);oxidation_prone(M/W)
KPC3_831_1,42,-6.02,-1.188,0.415,1.057,0,0.346,2,N-term_Met(ox);oxidation_prone(M/W)
KPC3_832_0,42,1.97,-0.117,0.415,0.757,0,0.51,1,homopolymer_run>=4
KPC3_832_1,42,0.98,-0.126,0.381,0.757,0,0.399,1,homopolymer_run>=4
KPC3_833_0,42,-5.03,-1.155,0.538,-0.029,0,0.448,3,N-term_Met(ox);motif_NG;homopolymer_run>=4
KPC3_833_1,42,-5.03,-1.486,0.499,-0.143,0,0.416,2,N-term_Met(ox);homopolymer_run>=4
KPC3_834_0,42,-2.02,-0.033,0.397,1.029,0,0.33,2,motif_DG;homopolymer_run>=4
KPC3_834_1,42,-4.02,-0.357,0.311,0.371,0,0.259,2,motif_DG;homopolymer_run>=4
KPC3_835_0,42,-0.02,1.476,0.13,2.086,0,0.109,1,homopolymer_run>=4
KPC3_835_1,42,-1.02,1.5,0.134,2.086,0,0.111,1,homopolymer_run>=4
KPC3_836_0,42,-1.02,0.662,0.28,1.486,0,0.233,2,motif_DG;homopolymer_run>=4
KPC3_836_1,42,-1.02,0.567,0.289,1.5,0,0.24,1,homopolymer_run>=4
KPC3_837_0,42,-2.99,-0.771,0.581,1.643,0,0.484,2,N-term_Q/E(pyroglutamate);homopolymer_run>=4
KPC3_837_1,42,1.97,-1.11,0.601,1.429,0,0.664,1,homopolymer_run>=4
KPC3_838_0,42,-1.02,0.164,0.468,2.086,0,0.39,2,N-term_Q/E(pyroglutamate);motif_DS
KPC3_838_1,42,-2.02,0.595,0.434,2.043,0,0.361,2,N-term_Q/E(pyroglutamate);motif_DS
KPC3_839_0,42,-0.02,1.686,0.086,1.8,0,0.071,1,homopolymer_run>=4
KPC3_839_1,42,-0.02,1.45,0.14,1.8,0,0.117,1,homopolymer_run>=4
KPC3_840_0,20,1.01,-0.645,0.593,-0.329,0,0.578,1,motif_DP
KPC3_840_1,20,2.01,-0.585,0.61,0.043,0,0.668,0,
KPC3_841_0,20,-1.03,0.075,0.329,0.586,0,0.274,0,
KPC3_841_1,20,-1.03,-0.315,0.313,0.571,0,0.261,0,
KPC3_842_0,20,-3.02,-0.86,0.418,0.829,0,0.349,0,
KPC3_842_1,20,-3.02,-0.675,0.409,1.157,0,0.341,1,N-term_Met(ox)
KPC3_843_0,20,-2.03,0.515,0.327,1.243,0,0.273,2,motif_DG;motif_DP
KPC3_843_1,20,-4.03,0.19,0.2,1.214,0,0.167,2,motif_DG;motif_DP
KPC3_844_0,20,0.97,0.365,0.545,1.586,0,0.535,1,homopolymer_run>=4
KPC3_844_1,20,2.97,-0.56,0.421,1.771,0,0.598,0,
KPC3_845_0,20,0.98,0.575,0.43,2.086,0,0.44,0,
KPC3_845_1,20,-1.02,-0.13,0.43,0.957,0,0.358,0,
KPC3_846_0,20,-0.02,-1.09,0.494,-0.586,0,0.411,0,
KPC3_846_1,20,0.98,-0.1,0.533,1.571,0,0.525,0,
KPC3_847_0,20,-0.02,-0.195,0.297,2.086,0,0.247,3,motif_DG;motif_DP;homopolymer_run>=4
KPC3_847_1,20,-0.03,-1.05,0.419,0.5,0,0.349,3,motif_DG;motif_DP;motif_NS
KPC3_848_0,20,-0.02,0.045,0.202,0.757,0,0.168,1,homopolymer_run>=4
KPC3_848_1,20,-1.02,-0.28,0.404,0.586,0,0.337,1,homopolymer_run>=4
KPC3_849_0,20,0.98,0.54,0.491,2.586,0,0.49,0,
KPC3_849_1,20,-0.02,0.84,0.378,2.629,0,0.315,0,
KPC3_850_0,19,-2.98,-0.8,0.268,-0.4,0,0.223,0,
KPC3_850_1,19,-1.99,-0.932,0.239,-0.457,0,0.199,0,
KPC3_851_0,19,-1.03,-0.684,0.378,0.186,0,0.315,0,
KPC3_851_1,19,-3.02,-0.274,0.196,0.886,0,0.163,0,
KPC3_852_0,19,0.97,-1.326,0.27,-0.157,0,0.306,0,
KPC3_852_1,19,-2.02,-0.747,0.337,-0.029,0,0.281,1,N-term_Q/E(pyroglutamate)
KPC3_853_0,19,-3.02,-0.068,0.531,0.757,0,0.443,0,
KPC3_853_1,19,-1.02,-0.379,0.37,0.614,0,0.308,0,
KPC3_854_0,19,-1.02,-0.363,0.48,0.6,0,0.4,0,
KPC3_855_0,19,-2.03,-0.047,0.246,0.514,0,0.205,0,
KPC3_856_0,19,-2.03,-0.447,0.28,0.157,0,0.234,1,motif_DP
KPC3_857_0,19,1.98,-0.4,0.343,0.643,0,0.45,0,
KPC3_858_0,19,2.98,0.216,0.666,0.729,0,0.748,0,
KPC3_859_0,19,-1.03,0.021,0.136,0.929,0,0.113,1,homopolymer_run>=4
KPC3_860_0,16,-0.02,-1.1,0.314,0.357,0,0.261,0,
KPC3_861_0,16,-0.02,0.362,0.547,1.057,0,0.455,0,
KPC3_862_0,16,1.97,-0.669,0.457,-0.343,0,0.545,0,
KPC3_863_0,16,-3.02,0.169,0.253,1.571,0,0.211,0,
KPC3_864_0,16,0.98,-0.3,0.336,0.971,0,0.361,0,
KPC3_865_0,16,-2.02,0.713,0.35,1.029,0,0.292,0,
KPC3_866_0,16,-1.02,0.037,0.118,0.957,0,0.098,0,
KPC3_867_0,16,0.98,-0.263,0.329,0.571,0,0.355,1,homopolymer_run>=4
KPC3_868_0,16,-2.03,-0.331,0.12,0.2,0,0.1,0,
KPC3_869_0,16,-3.02,-0.375,0.463,0.357,0,0.385,2,N-term_Q/E(pyroglutamate);motif_DS
KPC3_870_0,27,-1.02,-0.478,0.646,0.343,0,0.5,1,motif_NG
KPC3_871_0,27,-0.03,0.607,0.269,1.843,0,0.224,1,homopolymer_run>=4
KPC3_872_0,27,-4.02,-0.763,0.337,1.914,0,0.281,1,N-term_Q/E(pyroglutamate)
KPC3_873_0,27,-1.03,0.1,0.405,1.771,0,0.337,0,
KPC3_874_0,27,-1.02,0.915,0.457,2.714,0,0.381,1,N-term_Q/E(pyroglutamate)
KPC3_875_0,27,-0.02,0.793,0.537,2.529,0,0.448,1,homopolymer_run>=4
KPC3_876_0,27,-1.02,-0.011,0.38,2.057,0,0.317,1,N-term_Q/E(pyroglutamate)
KPC3_877_0,27,-1.02,1.026,0.308,2.086,0,0.256,1,homopolymer_run>=4
KPC3_878_0,27,-0.03,0.807,0.251,2.714,0,0.209,0,
KPC3_879_0,27,-2.02,-1.63,0.441,-0.329,0,0.368,0,
KPC3_880_0,42,-0.98,-0.438,0.425,1.9,0,0.355,2,motif_DP;homopolymer_run>=4
KPC3_881_0,42,-1.02,-0.45,0.248,0.829,0,0.207,3,motif_DG;motif_DP;homopolymer_run>=4
KPC3_882_0,42,-0.03,0.307,0.435,2.543,0,0.363,2,motif_DG;motif_DP
KPC3_883_0,42,-5.02,0.264,0.308,1.771,0,0.257,1,homopolymer_run>=4
KPC3_884_0,42,-5.02,0.148,0.337,1.143,0,0.281,2,motif_DG;homopolymer_run>=4
KPC3_885_0,42,-1.02,-0.021,0.598,1.886,0,0.498,0,
KPC3_886_0,42,-2.03,0.017,0.41,1.143,0,0.342,0,
KPC3_887_0,42,-2.02,-0.007,0.551,1.457,0,0.459,0,
KPC3_888_0,42,-0.02,0.09,0.663,1.571,0,0.5,1,homopolymer_run>=4
KPC3_889_0,42,-1.02,0.017,0.468,2.486,0,0.39,2,motif_NG;motif_DP
KPC3_890_0,16,-0.02,-0.719,0.304,0.243,0,0.253,2,motif_DP;homopolymer_run>=4
KPC3_891_0,16,0.97,0.019,0.112,0.557,0,0.174,0,
KPC3_892_0,16,-0.03,-0.538,0.524,0.7,0,0.437,0,
KPC3_893_0,16,-1.03,0.963,0.218,1.529,0,0.181,0,
KPC3_894_0,16,-1.02,0.812,0.168,1.629,0,0.14,0,
KPC3_895_0,16,-2.02,0.319,0.338,1.071,0,0.282,1,N-term_Q/E(pyroglutamate)
KPC3_896_0,16,-0.03,0.562,0.433,2.371,0,0.361,1,motif_DP
KPC3_897_0,16,-2.02,0.894,0.139,2.471,0,0.116,1,motif_NG
KPC3_898_0,16,-0.02,0.163,0.061,0.886,0,0.05,1,homopolymer_run>=4
KPC3_899_0,16,-0.03,-0.456,0.423,0.186,0,0.352,1,motif_DS
KPC3_900_0,34,-1.99,0.118,0.306,1.257,0,0.255,0,
KPC3_901_0,34,-2.02,0.665,0.419,2.086,0,0.35,2,motif_DP;homopolymer_run>=4
KPC3_902_0,34,-2.03,-0.638,0.347,1.086,0,0.289,0,
KPC3_903_0,34,0.97,0.565,0.338,1.757,0,0.363,1,homopolymer_run>=4
KPC3_904_0,34,-2.02,-0.344,0.388,0.486,0,0.323,2,motif_DP;homopolymer_run>=4
KPC3_905_0,34,-1.02,-0.297,0.332,0.629,0,0.277,3,N-term_Met(ox);motif_DP;homopolymer_run>=4
KPC3_906_0,34,-2.03,0.185,0.648,1.786,0,0.5,2,N-term_Q/E(pyroglutamate);motif_NG
KPC3_907_0,34,0.97,0.094,0.264,1.443,0,0.301,1,motif_DG
KPC3_908_0,34,-2.03,-0.735,0.476,0.214,0,0.396,0,
KPC3_909_0,34,-2.02,-0.159,0.191,0.8,0,0.159,1,motif_DG
KPC3_910_0,17,-0.02,-0.176,0.079,0.543,0,0.066,1,homopolymer_run>=4
KPC3_911_0,17,5.97,-1.735,0.43,-0.229,0,0.856,1,homopolymer_run>=4
KPC3_912_0,17,0.98,-1.4,0.41,0.271,0,0.423,0,
KPC3_913_0,17,-0.03,-0.718,0.33,-0.014,0,0.275,1,motif_DS
KPC3_914_0,17,-1.03,0.135,0.184,0.943,0,0.153,0,
KPC3_915_0,17,-0.02,0.524,0.168,1.257,0,0.14,0,
KPC3_916_0,17,0.98,0.565,0.435,1.186,0,0.444,0,
KPC3_917_0,17,-0.02,-1.559,0.291,-0.043,0,0.243,1,motif_NG
KPC3_918_0,17,1.98,0.435,0.371,1.443,0,0.474,0,
KPC3_919_0,17,-0.02,-0.306,0.345,0.529,0,0.288,2,N-term_Q/E(pyroglutamate);homopolymer_run>=4
KPC3_920_0,27,1.97,-1.215,0.584,0.129,0,0.65,0,
KPC3_921_0,27,-4.02,0.578,0.369,1.857,0,0.308,1,motif_DG
KPC3_922_0,27,0.97,-0.33,0.49,0.886,0,0.49,1,homopolymer_run>=4
KPC3_923_0,27,-3.03,0.015,0.354,1.271,0,0.295,0,
KPC3_924_0,27,0.01,-0.111,0.402,1.714,0,0.336,1,motif_NG
KPC3_925_0,27,-2.02,-0.852,0.554,0.914,0,0.462,1,N-term_Q/E(pyroglutamate)
KPC3_926_0,27,-0.02,0.652,0.081,1.171,0,0.068,1,homopolymer_run>=4
KPC3_927_0,27,0.97,-0.052,0.27,0.814,0,0.306,1,homopolymer_run>=4
KPC3_928_0,27,-0.02,-0.467,0.268,0.229,0,0.224,2,motif_DG;homopolymer_run>=4
KPC3_929_0,27,-1.02,-1.481,0.565,-0.186,0,0.471,2,motif_DG;homopolymer_run>=4
KPC3_930_0,21,-2.02,-1.143,0.34,0.071,0,0.283,0,
KPC3_931_0,21,-3.02,-0.686,0.424,0.486,0,0.353,1,motif_DS
KPC3_932_0,21,-1.02,0.052,0.287,2.114,0,0.239,1,motif_DP
KPC3_933_0,21,0.97,-0.414,0.198,0.229,0,0.246,1,homopolymer_run>=4
KPC3_934_0,21,-2.02,-0.567,0.279,0.386,0,0.232,0,
KPC3_935_0,21,2.01,-0.043,0.342,1.386,0,0.453,0,
KPC3_936_0,21,-0.03,0.671,0.222,1.514,0,0.185,1,motif_NG
KPC3_937_0,21,-0.03,-0.429,0.325,0.529,0,0.271,0,
KPC3_938_0,21,1.01,0.49,0.493,1.471,0,0.495,0,
KPC3_939_0,21,-3.02,-0.038,0.25,1.486,0,0.208,2,motif_DG;homopolymer_run>=4
KPC3_940_0,22,-4.02,-0.773,0.528,0.271,0,0.44,0,
KPC3_941_0,22,2.97,-0.491,0.399,0.614,0,0.58,1,homopolymer_run>=4
KPC3_942_0,22,-1.03,0.532,0.366,1.643,0,0.305,0,
KPC3_943_0,22,-0.02,0.373,0.639,1.529,0,0.5,1,motif_DP
KPC3_944_0,22,-1.03,0.718,0.178,1.614,0,0.148,2,N-term_Q/E(pyroglutamate);motif_NG
KPC3_945_0,22,-3.03,0.273,0.273,0.5,0,0.228,2,motif_DP;homopolymer_run>=4
KPC3_946_0,22,-1.02,0.741,0.438,1.8,0,0.365,1,homopolymer_run>=4
KPC3_947_0,22,-1.02,-0.405,0.486,1.471,0,0.405,0,
KPC3_948_0,22,-0.02,0.686,0.426,1.771,0,0.355,2,motif_DP;homopolymer_run>=4
KPC3_949_0,22,0.97,-0.068,0.466,1.371,0,0.47,0,
KPC3_950_0,43,-4.03,-0.951,0.349,0.614,0,0.291,0,
KPC3_951_0,43,-7.02,-0.179,0.322,0.971,0,0.269,1,motif_DG
KPC3_952_0,43,0.98,-0.277,0.749,1.6,0,0.581,0,
KPC3_953_0,43,-4.02,0.137,0.616,2.786,0,0.5,1,motif_DG
KPC3_954_0,43,-1.03,-0.735,0.365,0.429,0,0.304,0,
KPC3_955_0,43,-3.02,-0.2,0.276,0.986,0,0.23,1,homopolymer_run>=4
KPC3_956_0,43,-0.95,-0.288,0.46,1.229,0,0.383,4,N-term_Met(ox);motif_NG;motif_DP;homopolymer_run>=4
KPC3_957_0,43,-3.03,0.098,0.468,2.114,0,0.39,1,homopolymer_run>=4
KPC3_958_0,43,-3.02,0.442,0.315,2.143,0,0.262,2,motif_NG;homopolymer_run>=4
KPC3_959_0,43,-3.02,0.444,0.591,2.186,0,0.492,1,homopolymer_run>=4
KPC3_960_0,33,-5.02,0.136,0.305,1.514,0,0.254,1,motif_DP
KPC3_961_0,33,-0.99,-0.515,0.421,1.629,0,0.35,1,homopolymer_run>=4
KPC3_962_0,33,0.97,-0.527,0.511,1.457,0,0.506,0,
KPC3_963_0,33,-0.99,0.067,0.477,1.214,0,0.397,0,
KPC3_964_0,33,-1.02,-0.024,0.212,1.2,0,0.176,1,homopolymer_run>=4
KPC3_965_0,33,-2.02,0.003,0.48,0.486,0,0.4,1,motif_DP
KPC3_966_0,33,-1.03,0.288,0.54,2.243,0,0.45,0,
KPC3_967_0,33,2.05,0.112,0.608,2.343,0,0.671,2,motif_DG;homopolymer_run>=4
KPC3_968_0,33,-7.02,-0.148,0.438,1.486,0,0.365,0,
KPC3_969_0,33,-0.03,-0.236,0.248,0.457,0,0.207,1,homopolymer_run>=4
KPC3_970_0,40,-3.02,-0.435,0.62,1.143,0,0.5,2,motif_DG;homopolymer_run>=4
KPC3_971_0,40,-5.02,-0.412,0.389,1.543,0,0.324,0,
KPC3_972_0,40,-0.02,0.022,0.281,0.514,0,0.234,1,homopolymer_run>=4
KPC3_973_0,40,-4.02,0.357,0.582,2.014,0,0.485,0,
KPC3_974_0,40,0.97,0.47,0.408,1.771,0,0.421,1,motif_DG
KPC3_975_0,40,-2.02,0.838,0.158,2.486,0,0.131,1,homopolymer_run>=4
KPC3_976_0,40,-0.02,1.64,0.086,1.943,0,0.071,1,homopolymer_run>=4
KPC3_977_0,40,1.01,-0.035,0.58,1.914,0,0.568,1,motif_DG
KPC3_978_0,40,-2.02,-0.05,0.556,2.086,0,0.463,2,motif_DP;homopolymer_run>=4
KPC3_979_0,40,-3.03,-0.365,0.458,0.629,0,0.381,1,motif_NG
KPC3_980_0,31,0.98,0.829,0.34,1.771,0,0.365,1,homopolymer_run>=4
KPC3_981_0,31,-1.03,1.277,0.198,2.729,0,0.165,1,motif_DP
KPC3_982_0,31,-1.02,-0.187,0.364,1.2,0,0.303,2,motif_NG;homopolymer_run>=4
KPC3_983_0,31,-2.02,0.232,0.72,1.143,0,0.5,0,
KPC3_984_0,31,-0.02,0.41,0.191,1.814,0,0.159,1,homopolymer_run>=4
KPC3_985_0,31,1.97,0.497,0.498,1.829,0,0.579,1,homopolymer_run>=4
KPC3_986_0,31,-3.99,-0.31,0.409,1.843,0,0.341,0,
KPC3_987_0,31,-1.98,-0.329,0.597,1.0,0,0.497,3,motif_DG;motif_DS;homopolymer_run>=4
KPC3_988_0,31,-6.02,-0.626,0.527,0.743,0,0.439,1,N-term_Q/E(pyroglutamate)
KPC3_989_0,31,0.98,0.229,0.519,1.3,0,0.513,2,motif_DP;homopolymer_run>=4
KPC3_990_0,22,-4.02,-0.873,0.455,-0.143,0,0.379,0,
KPC3_991_0,22,-0.02,0.245,0.086,0.543,0,0.072,1,homopolymer_run>=4
KPC3_992_0,22,-0.02,-0.786,0.441,-0.157,0,0.368,1,motif_NG
KPC3_993_0,22,-4.02,-0.495,0.34,1.814,0,0.283,1,N-term_Q/E(pyroglutamate)
KPC3_994_0,22,-0.02,0.291,0.236,0.829,0,0.197,0,
KPC3_995_0,22,2.97,-1.618,0.479,-0.614,0,0.647,0,
KPC3_996_0,22,-0.02,-0.032,0.119,0.543,0,0.099,1,homopolymer_run>=4
KPC3_997_0,22,-1.02,0.586,0.443,1.457,0,0.369,0,
KPC3_998_0,22,-2.02,0.418,0.42,1.186,0,0.35,2,motif_NG;homopolymer_run>=4
KPC3_999_0,22,-1.02,0.564,0.255,2.257,0,0.212,1,motif_DP
